case_id,Vorlage zur Beschlussfassung (Gesetzentwurf).count,event_count,start_time,start_time_rel,duration,Vorlage zur Beschlussfassung (Gesetzentwurf).start,opposition_agreement_score,all_agreement_score,case:DokTypLFirstDoc,case:VSysL,case:VorgangsDeskriptoren,case:embedding,case:top_topics,case:top_topic,case:top_topic_similarity_score,case:government_agreement_score,Ausschussberatung.count,Ausschussberatung.start,I. Lesung.count,I. Lesung.start,Beschlussempfehlung.count,Beschlussempfehlung.start,Ausschussberatung:2.start,II. Lesung.count,II. Lesung.start,Gesetz- und Verordnungsblatt.count,Gesetz- und Verordnungsblatt.start,Gesetz- und Verordnungsblatt:2.start,Ausschussberatung:3.start,Änderungsantrag.count,Änderungsantrag.start,Antrag (Gesetzentwurf).count,Antrag (Gesetzentwurf).start,Ausschussberatung:4.start,Ausschussberatung:5.start,Änderungsantrag:2.start,Änderungsantrag:3.start,Behandlung im Plenum.count,Behandlung im Plenum.start,Ausschussberatung:6.start,Gesetz- und Verordnungsblatt:3.start,Ausschussberatung:7.start,Ausschussberatung:8.start,Vorlage zur Beschlussfassung (Gesetzentwurf):2.start,Ausschussberatung:9.start,Ausschussberatung:10.start,Ausschussberatung:11.start,Ausschussberatung:12.start,Ausschussberatung:13.start,Ausschussberatung:14.start,Ausschussberatung:15.start,Ausschussberatung:16.start,Ausschussberatung:17.start,Ausschussberatung:18.start,Ausschussberatung:19.start,Ausschussberatung:20.start,Ausschussbesprechung.count,Ausschussbesprechung.start,Ausschussberatung:21.start,Ausschussberatung:22.start,Ausschussberatung:23.start,Ausschussberatung:24.start,Ausschussberatung:25.start,Ausschussberatung:26.start,Ausschussberatung:27.start,Ausschussberatung:28.start,Ausschussberatung:29.start,Ausschussberatung:30.start,Ausschussberatung:31.start,Ausschussberatung:32.start,Ausschussberatung:33.start,Ausschussberatung:34.start,Ausschussberatung:35.start,Ausschussberatung:36.start,Ausschussberatung:37.start,Ausschussberatung:38.start,Ausschussberatung:39.start,Ausschussberatung:40.start,Ausschussberatung:41.start,Ausschussberatung:42.start,Ausschussberatung:43.start,Ausschussberatung:44.start,Ausschussberatung:45.start,Ausschussberatung:46.start,Ausschussberatung:47.start,Ausschussberatung:48.start,Ausschussberatung:49.start,Ausschussberatung:50.start,Ausschussberatung:51.start,II. Lesung:2.start,II. Lesung:3.start,II. Lesung:4.start,II. Lesung:5.start,II. Lesung:6.start,II. Lesung:7.start,II. Lesung:8.start,II. Lesung:9.start,II. Lesung:10.start,II. Lesung:11.start,II. Lesung:12.start,II. Lesung:13.start,II. Lesung:14.start,I. Lesung:2.start,Ausschussberatung:52.start,Ausschussberatung:53.start,Ausschussberatung:54.start,Ausschussberatung:55.start,Änderungsantrag:4.start,Änderungsantrag:5.start,Änderungsantrag:6.start,Beschlussempfehlung:2.start,Änderungsantrag:7.start,Änderungsantrag:8.start,Änderungsantrag:9.start,Änderungsantrag:10.start,Vorlage zur Beschlussfassung (Gesetzentwurf/Ergänzung).count,Vorlage zur Beschlussfassung (Gesetzentwurf/Ergänzung).start,Änderungsantrag:11.start,Änderungsantrag:12.start,Änderungsantrag:13.start,Änderungsantrag:14.start,Änderungsantrag:15.start,Änderungsantrag:16.start,Änderungsantrag:17.start,Änderungsantrag:18.start,Änderungsantrag:19.start,Änderungsantrag:20.start,Änderungsantrag:21.start,Änderungsantrag:22.start,III. Lesung.count,III. Lesung.start,III. Lesung:2.start,II. Lesung:15.start,III. Lesung:Vorlage zur Beschlussfassung (Gesetzentwurf/Ergänzung).delay,III. Lesung:Ausschussbesprechung.delay,III. Lesung:Behandlung im Plenum.delay,III. Lesung:Änderungsantrag.delay,III. Lesung:Antrag (Gesetzentwurf).delay,III. Lesung:Gesetz- und Verordnungsblatt.delay,III. Lesung:II. Lesung.delay,III. Lesung:Beschlussempfehlung.delay,III. Lesung:I. Lesung.delay,III. Lesung:Ausschussberatung.delay,III. Lesung:Vorlage zur Beschlussfassung (Gesetzentwurf).delay,Vorlage zur Beschlussfassung (Gesetzentwurf/Ergänzung):Ausschussbesprechung.delay,Vorlage zur Beschlussfassung (Gesetzentwurf/Ergänzung):Behandlung im Plenum.delay,Vorlage zur Beschlussfassung (Gesetzentwurf/Ergänzung):Änderungsantrag.delay,Vorlage zur Beschlussfassung (Gesetzentwurf/Ergänzung):Antrag (Gesetzentwurf).delay,Vorlage zur Beschlussfassung (Gesetzentwurf/Ergänzung):Gesetz- und Verordnungsblatt.delay,Vorlage zur Beschlussfassung (Gesetzentwurf/Ergänzung):II. Lesung.delay,Vorlage zur Beschlussfassung (Gesetzentwurf/Ergänzung):Beschlussempfehlung.delay,Vorlage zur Beschlussfassung (Gesetzentwurf/Ergänzung):I. Lesung.delay,Vorlage zur Beschlussfassung (Gesetzentwurf/Ergänzung):Ausschussberatung.delay,Vorlage zur Beschlussfassung (Gesetzentwurf/Ergänzung):Vorlage zur Beschlussfassung (Gesetzentwurf).delay,Ausschussbesprechung:Behandlung im Plenum.delay,Ausschussbesprechung:Änderungsantrag.delay,Ausschussbesprechung:Antrag (Gesetzentwurf).delay,Ausschussbesprechung:Gesetz- und Verordnungsblatt.delay,Ausschussbesprechung:II. Lesung.delay,Ausschussbesprechung:Beschlussempfehlung.delay,Ausschussbesprechung:I. Lesung.delay,Ausschussbesprechung:Ausschussberatung.delay,Ausschussbesprechung:Vorlage zur Beschlussfassung (Gesetzentwurf).delay,Behandlung im Plenum:Änderungsantrag.delay,Behandlung im Plenum:Antrag (Gesetzentwurf).delay,Behandlung im Plenum:Gesetz- und Verordnungsblatt.delay,Behandlung im Plenum:II. Lesung.delay,Behandlung im Plenum:Beschlussempfehlung.delay,Behandlung im Plenum:I. Lesung.delay,Behandlung im Plenum:Ausschussberatung.delay,Behandlung im Plenum:Vorlage zur Beschlussfassung (Gesetzentwurf).delay,Änderungsantrag:Antrag (Gesetzentwurf).delay,Änderungsantrag:Gesetz- und Verordnungsblatt.delay,Änderungsantrag:II. Lesung.delay,Änderungsantrag:Beschlussempfehlung.delay,Änderungsantrag:I. Lesung.delay,Änderungsantrag:Ausschussberatung.delay,Änderungsantrag:Vorlage zur Beschlussfassung (Gesetzentwurf).delay,Antrag (Gesetzentwurf):Gesetz- und Verordnungsblatt.delay,Antrag (Gesetzentwurf):II. Lesung.delay,Antrag (Gesetzentwurf):Beschlussempfehlung.delay,Antrag (Gesetzentwurf):I. Lesung.delay,Antrag (Gesetzentwurf):Ausschussberatung.delay,Antrag (Gesetzentwurf):Vorlage zur Beschlussfassung (Gesetzentwurf).delay,Gesetz- und Verordnungsblatt:II. Lesung.delay,Gesetz- und Verordnungsblatt:Beschlussempfehlung.delay,Gesetz- und Verordnungsblatt:I. Lesung.delay,Gesetz- und Verordnungsblatt:Ausschussberatung.delay,Gesetz- und Verordnungsblatt:Vorlage zur Beschlussfassung (Gesetzentwurf).delay,II. Lesung:Beschlussempfehlung.delay,II. Lesung:I. Lesung.delay,II. Lesung:Ausschussberatung.delay,II. Lesung:Vorlage zur Beschlussfassung (Gesetzentwurf).delay,Beschlussempfehlung:I. Lesung.delay,Beschlussempfehlung:Ausschussberatung.delay,Beschlussempfehlung:Vorlage zur Beschlussfassung (Gesetzentwurf).delay,I. Lesung:Ausschussberatung.delay,I. Lesung:Vorlage zur Beschlussfassung (Gesetzentwurf).delay,Ausschussberatung:Vorlage zur Beschlussfassung (Gesetzentwurf).delay
47525,1.0,7,2006-11-07 01:00:00+00:00,0,43,0.0,1.0,0.4,Vorlage zur Beschlussfassung (Gesetzentwurf),"['Öffentlicher Haushalt', 'Abgaben']","['Finanzpolitik', 'Haushaltsgesetz 2006/2007']",[ 0.03242892  0.00095379 -0.02014885 ... -0.00087555 -0.00539489   0.02324868],"[(np.int64(18), np.float64(0.49446805951792644)), (np.int64(28), np.float64(0.34637453496467563)), (np.int64(38), np.float64(0.32345978285905175))]",18,0.49446805951792644,1.0,2,15,1,16,1,36,36.0,1,37,1,43,,,0.0,,0.0,,,,,,0.0,,,,,,,,,,,,,,,,,,,0.0,,,,,,,,,,,,,,,,,,,,,,,,,,,,,,,,,,,,,,,,,,,,,,,,,,,,,,,,,,,0.0,,,,,,,,,,,,,,0.0,,,,,,,,,,,,,,,,,,,,,,,,,,,,,,,,,,,,,,,,,,,,,,,,,,,,,,,-6,-7,-27,-28,-43.0,-1,-21,-22,-37.0,-20,-21,-36.0,-1,-16.0,-15.0
47604,1.0,6,2006-11-21 01:00:00+00:00,14,170,0.0,0.3333333333333333,0.6,Vorlage zur Beschlussfassung (Gesetzentwurf),Mitbestimmung,"['Apotheker', 'Praktikum', 'Sozialversicherung', 'Vorbereitungsdienst']",[ 0.00784931  0.0137061   0.01859683 ...  0.01026448 -0.00784931   0.0195629 ],"[(np.int64(34), np.float64(0.4622331268659474)), (np.int64(28), np.float64(0.45933613388750505)), (np.int64(20), np.float64(0.43234078909137197))]",34,0.4622331268659474,1.0,1,125,1,23,1,125,,1,156,1,170,,,0.0,,0.0,,,,,,0.0,,,,,,,,,,,,,,,,,,,0.0,,,,,,,,,,,,,,,,,,,,,,,,,,,,,,,,,,,,,,,,,,,,,,,,,,,,,,,,,,,0.0,,,,,,,,,,,,,,0.0,,,,,,,,,,,,,,,,,,,,,,,,,,,,,,,,,,,,,,,,,,,,,,,,,,,,,,,-14,-45,-147,-45,-170.0,-31,-133,-31,-156.0,-102,0,-125.0,102,-23.0,-125.0
47644,1.0,7,2006-12-05 01:00:00+00:00,28,204,0.0,0.3333333333333333,0.6,Vorlage zur Beschlussfassung (Gesetzentwurf),"['Handel', 'Statistik']","['Datenverarbeitung', 'Länder der Bundesrepublik Deutschland', 'Register', 'Staatsvertrag', 'Statistik']",[ 0.02136764 -0.01581913 -0.01221851 ...  0.0064339  -0.01829825   0.03517986],"[(np.int64(34), np.float64(0.3961125369979032)), (np.int64(28), np.float64(0.3698948696368553)), (np.int64(13), np.float64(0.3657562513059278))]",34,0.3961125369979032,1.0,1,36,1,9,1,36,,1,44,2,51,204.0,,0.0,,0.0,,,,,,0.0,,,,,,,,,,,,,,,,,,,0.0,,,,,,,,,,,,,,,,,,,,,,,,,,,,,,,,,,,,,,,,,,,,,,,,,,,,,,,,,,,0.0,,,,,,,,,,,,,,0.0,,,,,,,,,,,,,,,,,,,,,,,,,,,,,,,,,,,,,,,,,,,,,,,,,,,,,,,-7,-15,-42,-15,-51.0,-8,-35,-8,-44.0,-27,0,-36.0,27,-9.0,-36.0
47889,1.0,9,2007-01-16 01:00:00+00:00,70,142,0.0,0.3333333333333333,0.4,Vorlage zur Beschlussfassung (Gesetzentwurf),Umwelt,[],[-0.00652243 -0.01089066  0.00532565 ...  0.00276754  0.01735325  -0.00363521],"[(np.int64(14), np.float64(0.4374257862485952)), (np.int64(38), np.float64(0.42605534957946045)), (np.int64(9), np.float64(0.4253431666394431))]",14,0.4374257862485952,1.0,3,57,1,16,1,118,97.0,1,128,1,142,,118.0,1.0,127.0,0.0,,,,,,0.0,,,,,,,,,,,,,,,,,,,0.0,,,,,,,,,,,,,,,,,,,,,,,,,,,,,,,,,,,,,,,,,,,,,,,,,,,,,,,,,,,0.0,,,,,,,,,,,,,,0.0,,,,,,,,,,,,,,,,,,,,,,,,,,,,,,,,,,,,,,,,,,,15.0,1.0,-9.0,-111.0,-70.0,-127.0,,,,,,,-14,-24,-126,-85,-142.0,-10,-112,-71,-128.0,-102,-61,-118.0,41,-16.0,-57.0
47956,0.0,6,2007-01-23 01:00:00+00:00,77,170,,0.3333333333333333,0.4,Antrag (Gesetzentwurf),Hochschulen,[],[ 0.00741022 -0.00852025  0.01584047 ...  0.00183005 -0.00522016   0.00014719],"[(np.int64(2), np.float64(0.47497469393919367)), (np.int64(28), np.float64(0.4628482011319783)), (np.int64(13), np.float64(0.44385349422270737))]",2,0.47497469393919367,1.0,1,141,1,9,1,141,,1,163,1,170,,,0.0,,1.0,0.0,,,,,0.0,,,,,,,,,,,,,,,,,,,0.0,,,,,,,,,,,,,,,,,,,,,,,,,,,,,,,,,,,,,,,,,,,,,,,,,,,,,,,,,,,0.0,,,,,,,,,,,,,,0.0,,,,,,,,,,,,,,,,,,,,,,,,,,,,,,,,,,,,,,,,,,,,,,,,,170.0,163.0,141.0,9.0,141.0,,-7,-29,-161,-29,,-22,-154,-22,,-132,0,,132,,
47972,0.0,7,2007-01-24 01:00:00+00:00,78,41,,0.3333333333333333,0.6,Antrag (Gesetzentwurf),Abgeordnete,[],[ 8.84534605e-03  8.38465057e-05  1.07913222e-02 ...  1.29731745e-02  -8.19668733e-03  6.36864919e-03],"[(np.int64(30), np.float64(0.3632589938701558)), (np.int64(16), np.float64(0.328799953178168)), (np.int64(18), np.float64(0.3281997483412195))]",30,0.3632589938701558,1.0,2,21,1,8,1,28,28.0,1,29,1,41,,,0.0,,1.0,0.0,,,,,0.0,,,,,,,,,,,,,,,,,,,0.0,,,,,,,,,,,,,,,,,,,,,,,,,,,,,,,,,,,,,,,,,,,,,,,,,,,,,,,,,,,0.0,,,,,,,,,,,,,,0.0,,,,,,,,,,,,,,,,,,,,,,,,,,,,,,,,,,,,,,,,,,,,,,,,,41.0,29.0,28.0,8.0,21.0,,-12,-13,-33,-20,,-1,-21,-8,,-20,-7,,13,,
48095,1.0,6,2007-02-03 01:00:00+00:00,88,54,0.0,0.3333333333333333,0.4,Vorlage zur Beschlussfassung (Gesetzentwurf),Rundfunk Fernsehen,"['Brandenburg', 'Fernsehen', 'Gebühr', 'Rundfunk Berlin-Brandenburg']",[0.00836411 0.01166264 0.00315127 ... 0.01024899 0.02202943 0.00942435],"[(np.int64(11), np.float64(0.5179550646429647)), (np.int64(28), np.float64(0.46274602090907463)), (np.int64(9), np.float64(0.4486413962557438))]",11,0.5179550646429647,1.0,1,46,1,19,1,46,,1,47,1,54,,,0.0,,0.0,,,,,,0.0,,,,,,,,,,,,,,,,,,,0.0,,,,,,,,,,,,,,,,,,,,,,,,,,,,,,,,,,,,,,,,,,,,,,,,,,,,,,,,,,,0.0,,,,,,,,,,,,,,0.0,,,,,,,,,,,,,,,,,,,,,,,,,,,,,,,,,,,,,,,,,,,,,,,,,,,,,,,-7,-8,-35,-8,-54.0,-1,-28,-1,-47.0,-27,0,-46.0,27,-19.0,-46.0
48210,1.0,7,2007-02-13 01:00:00+00:00,98,44,0.0,0.3333333333333333,0.6,Vorlage zur Beschlussfassung (Gesetzentwurf),Öffentlicher Dienst,"['Feuerwehr', 'Justizvollzugsbeamter', 'Polizeibeamter', 'Renteneintrittsalter', 'Teilzeitarbeit', 'Vorruhestand']",[-0.0093292   0.02721511 -0.00496171 ... -0.00561534 -0.01307276   0.03066156],"[(np.int64(30), np.float64(0.33896440586342164)), (np.int64(28), np.float64(0.3238930576256558)), (np.int64(34), np.float64(0.3014306192701567))]",30,0.33896440586342164,1.0,2,34,1,23,1,36,36.0,1,37,1,44,,,0.0,,0.0,,,,,,0.0,,,,,,,,,,,,,,,,,,,0.0,,,,,,,,,,,,,,,,,,,,,,,,,,,,,,,,,,,,,,,,,,,,,,,,,,,,,,,,,,,0.0,,,,,,,,,,,,,,0.0,,,,,,,,,,,,,,,,,,,,,,,,,,,,,,,,,,,,,,,,,,,,,,,,,,,,,,,-7,-8,-21,-10,-44.0,-1,-14,-3,-37.0,-13,-2,-36.0,11,-23.0,-34.0
48148,0.0,6,2007-02-14 01:00:00+00:00,99,85,,1.0,0.4,Antrag (Gesetzentwurf),Öffentliche Verwaltung,[],[ 0.01229967 -0.0023801   0.00535154 ...  0.00827863 -0.00254272   0.02424455],"[(np.int64(18), np.float64(0.3497949183578364)), (np.int64(37), np.float64(0.34948289766084095)), (np.int64(12), np.float64(0.34746162145928905))]",18,0.3497949183578364,1.0,1,43,1,8,1,43,,1,71,1,85,,,0.0,,1.0,0.0,,,,,0.0,,,,,,,,,,,,,,,,,,,0.0,,,,,,,,,,,,,,,,,,,,,,,,,,,,,,,,,,,,,,,,,,,,,,,,,,,,,,,,,,,0.0,,,,,,,,,,,,,,0.0,,,,,,,,,,,,,,,,,,,,,,,,,,,,,,,,,,,,,,,,,,,,,,,,,85.0,71.0,43.0,8.0,43.0,,-14,-42,-77,-42,,-28,-63,-28,,-35,0,,35,,
48149,0.0,6,2007-02-21 01:00:00+00:00,106,21,,0.3333333333333333,0.4,Antrag (Gesetzentwurf),Gerichte und Staatsanwaltschaften,"['Richter', 'Parlamentsabstimmung']",[0.00853478 0.02868633 0.00432666 ... 0.01872909 0.00164472 0.00334871],"[(np.int64(37), np.float64(0.3695751801078361)), (np.int64(30), np.float64(0.35894208255701)), (np.int64(19), np.float64(0.35470690960563733))]",37,0.3695751801078361,0.5,1,7,1,1,1,7,,1,15,1,21,,,0.0,,1.0,0.0,,,,,0.0,,,,,,,,,,,,,,,,,,,0.0,,,,,,,,,,,,,,,,,,,,,,,,,,,,,,,,,,,,,,,,,,,,,,,,,,,,,,,,,,,0.0,,,,,,,,,,,,,,0.0,,,,,,,,,,,,,,,,,,,,,,,,,,,,,,,,,,,,,,,,,,,,,,,,,21.0,15.0,7.0,1.0,7.0,,-6,-14,-20,-14,,-8,-14,-8,,-6,0,,6,,
48162,0.0,6,2007-02-21 01:00:00+00:00,106,21,,1.0,1.0,Antrag (Gesetzentwurf),Religionsgemeinschaften,"['Information', 'Religionsgemeinschaft', 'Staatsvertrag']",[-0.02331673  0.00859657  0.0070068  ...  0.00476933  0.02308121   0.02649629],"[(np.int64(12), np.float64(0.4254754325131153)), (np.int64(34), np.float64(0.4227383003528975)), (np.int64(28), np.float64(0.42042699529638916))]",12,0.4254754325131153,1.0,1,7,1,1,1,7,,1,15,1,21,,,0.0,,1.0,0.0,,,,,0.0,,,,,,,,,,,,,,,,,,,0.0,,,,,,,,,,,,,,,,,,,,,,,,,,,,,,,,,,,,,,,,,,,,,,,,,,,,,,,,,,,0.0,,,,,,,,,,,,,,0.0,,,,,,,,,,,,,,,,,,,,,,,,,,,,,,,,,,,,,,,,,,,,,,,,,21.0,15.0,7.0,1.0,7.0,,-6,-14,-20,-14,,-8,-14,-8,,-6,0,,6,,
48178,0.0,8,2007-02-21 01:00:00+00:00,106,78,,0.3333333333333333,0.5,Antrag (Gesetzentwurf),Sport,"['Gesundheitsvorsorge', 'Hort', 'Kindertagesstätte', 'Schwimmbad', 'Sportförderung']",[-0.01430952  0.03277735  0.00129183 ...  0.00525905 -0.02433841   0.01247496],"[(np.int64(19), np.float64(0.46664357268698675)), (np.int64(9), np.float64(0.4252594893100473)), (np.int64(34), np.float64(0.38617262062336677))]",19,0.46664357268698675,0.5,3,22,1,15,1,63,30.0,1,64,1,78,,63.0,0.0,,1.0,0.0,,,,,0.0,,,,,,,,,,,,,,,,,,,0.0,,,,,,,,,,,,,,,,,,,,,,,,,,,,,,,,,,,,,,,,,,,,,,,,,,,,,,,,,,,0.0,,,,,,,,,,,,,,0.0,,,,,,,,,,,,,,,,,,,,,,,,,,,,,,,,,,,,,,,,,,,,,,,,,78.0,64.0,63.0,15.0,22.0,,-14,-15,-63,-56,,-1,-49,-42,,-48,-41,,7,,
48211,1.0,10,2007-02-27 01:00:00+00:00,112,331,0.0,1.0,1.0,Vorlage zur Beschlussfassung (Gesetzentwurf),Hochschulen,"['Hochschulrahmengesetz', 'Staatsvertrag', 'Hochschulzulassung']",[ 0.02778652 -0.0006865  -0.00403736 ... -0.01151834 -0.00271631   0.02861774],"[(np.int64(12), np.float64(0.37657906567625204)), (np.int64(2), np.float64(0.3722916289995649)), (np.int64(16), np.float64(0.36683741867977493))]",12,0.37657906567625204,1.0,4,15,1,9,1,71,50.0,1,72,2,80,331.0,64.0,0.0,,0.0,,71.0,,,,0.0,,,,,,,,,,,,,,,,,,,0.0,,,,,,,,,,,,,,,,,,,,,,,,,,,,,,,,,,,,,,,,,,,,,,,,,,,,,,,,,,,0.0,,,,,,,,,,,,,,0.0,,,,,,,,,,,,,,,,,,,,,,,,,,,,,,,,,,,,,,,,,,,,,,,,,,,,,,,-8,-9,-71,-65,-80.0,-1,-63,-57,-72.0,-62,-56,-71.0,6,-9.0,-15.0
48749,0.0,6,2007-04-17 02:00:00+00:00,161,31,,0.3333333333333333,0.4,Antrag (Gesetzentwurf),Nation,[],[ 0.01264065  0.00035009 -0.02827672 ...  0.02084809 -0.00350464   0.02731818],"[(np.int64(28), np.float64(0.4156988468403132)), (np.int64(34), np.float64(0.4094073131341728)), (np.int64(38), np.float64(0.4008660295508296))]",28,0.4156988468403132,0.5,1,20,1,9,1,20,,1,23,1,31,,,0.0,,1.0,0.0,,,,,0.0,,,,,,,,,,,,,,,,,,,0.0,,,,,,,,,,,,,,,,,,,,,,,,,,,,,,,,,,,,,,,,,,,,,,,,,,,,,,,,,,,0.0,,,,,,,,,,,,,,0.0,,,,,,,,,,,,,,,,,,,,,,,,,,,,,,,,,,,,,,,,,,,,,,,,,31.0,23.0,20.0,9.0,20.0,,-8,-11,-22,-11,,-3,-14,-3,,-11,0,,11,,
49202,1.0,7,2007-06-05 02:00:00+00:00,210,37,0.0,0.3333333333333333,0.6,Vorlage zur Beschlussfassung (Gesetzentwurf),"['Arbeitsbedingungen', 'Öffentlicher Dienst']","['Beamtenrecht', 'Besoldungszulage', 'Europäische Union', 'Feuerwehr']",[0.00906043 0.0139483  0.03552644 ... 0.00126667 0.00718278 0.02801582],"[(np.int64(34), np.float64(0.45157451573716273)), (np.int64(28), np.float64(0.43661555612798464)), (np.int64(9), np.float64(0.3993952290048932))]",34,0.45157451573716273,1.0,2,13,1,16,1,15,15.0,1,30,1,37,,,0.0,,0.0,,,,,,0.0,,,,,,,,,,,,,,,,,,,0.0,,,,,,,,,,,,,,,,,,,,,,,,,,,,,,,,,,,,,,,,,,,,,,,,,,,,,,,,,,,0.0,,,,,,,,,,,,,,0.0,,,,,,,,,,,,,,,,,,,,,,,,,,,,,,,,,,,,,,,,,,,,,,,,,,,,,,,-7,-22,-21,-24,-37.0,-15,-14,-17,-30.0,1,-2,-15.0,-3,-16.0,-13.0
49374,1.0,8,2007-06-19 02:00:00+00:00,224,215,0.0,0.3333333333333333,0.4,Vorlage zur Beschlussfassung (Gesetzentwurf),Juristische Berufe,"['Länder der Bundesrepublik Deutschland', 'Prüfung', 'Rechtsanwalt', 'Staatsvertrag']",[ 1.85883942e-03  5.71950572e-04  1.48707153e-02 ... -8.93672841e-05   6.89351000e-03  2.28780247e-02],"[(np.int64(2), np.float64(0.34758744256018925)), (np.int64(35), np.float64(0.3382866252324679)), (np.int64(19), np.float64(0.3358598871183745))]",2,0.34758744256018925,1.0,2,92,1,16,1,99,99.0,1,100,2,111,215.0,,0.0,,0.0,,,,,,0.0,,,,,,,,,,,,,,,,,,,0.0,,,,,,,,,,,,,,,,,,,,,,,,,,,,,,,,,,,,,,,,,,,,,,,,,,,,,,,,,,,0.0,,,,,,,,,,,,,,0.0,,,,,,,,,,,,,,,,,,,,,,,,,,,,,,,,,,,,,,,,,,,,,,,,,,,,,,,-11,-12,-95,-19,-111.0,-1,-84,-8,-100.0,-83,-7,-99.0,76,-16.0,-92.0
49429,1.0,11,2007-06-26 02:00:00+00:00,231,171,0.0,0.3333333333333333,0.4,Vorlage zur Beschlussfassung (Gesetzentwurf),Strafrecht,"['Grundrecht', 'Verfassung']",[0.02279669 0.04155647 0.04345619 ... 0.00206298 0.00507583 0.0206595 ],"[(np.int64(28), np.float64(0.5115961072004225)), (np.int64(12), np.float64(0.47344455096200844)), (np.int64(34), np.float64(0.45842550576482033))]",28,0.5115961072004225,0.5,5,122,1,9,1,161,127.0,1,162,1,171,,140.0,1.0,147.0,0.0,,147.0,161.0,,,0.0,,,,,,,,,,,,,,,,,,,0.0,,,,,,,,,,,,,,,,,,,,,,,,,,,,,,,,,,,,,,,,,,,,,,,,,,,,,,,,,,,0.0,,,,,,,,,,,,,,0.0,,,,,,,,,,,,,,,,,,,,,,,,,,,,,,,,,,,,,,,,,,,24.0,15.0,14.0,-138.0,-25.0,-147.0,,,,,,,-9,-10,-162,-49,-171.0,-1,-153,-40,-162.0,-152,-39,-161.0,113,-9.0,-122.0
49522,1.0,10,2007-07-03 02:00:00+00:00,238,135,0.0,0.3333333333333333,0.5,Vorlage zur Beschlussfassung (Gesetzentwurf),Rauschmittel,[],[-0.01216971  0.03326794  0.01296471 ...  0.00391388 -0.00034017   0.03424641],"[(np.int64(19), np.float64(0.4125162238145262)), (np.int64(4), np.float64(0.3827884591964494)), (np.int64(34), np.float64(0.3781104920704468))]",19,0.4125162238145262,0.5,2,78,1,72,1,111,111.0,1,127,1,135,,,3.0,118.0,0.0,,,,126.0,127.0,0.0,,,,,,,,,,,,,,,,,,,0.0,,,,,,,,,,,,,,,,,,,,,,,,,,,,,,,,,,,,,,,,,,,,,,,,,,,,,,,,,,,0.0,,,,,,,,,,,,,,0.0,,,,,,,,,,,,,,,,,,,,,,,,,,,,,,,,,,,,,,,,,,,17.0,9.0,-7.0,-46.0,-40.0,-118.0,,,,,,,-8,-24,-63,-57,-135.0,-16,-55,-49,-127.0,-39,-33,-111.0,6,-72.0,-78.0
49598,1.0,8,2007-07-03 02:00:00+00:00,238,111,0.0,0.3333333333333333,0.4,Vorlage zur Beschlussfassung (Gesetzentwurf),Öffentlicher Haushalt,"['Kreditaufnahme', 'Landeshaushaltsordnung']",[0.0295893  0.01370324 0.01212676 ... 0.01612859 0.00365319 0.02291958],"[(np.int64(28), np.float64(0.544999474713971)), (np.int64(9), np.float64(0.43080828835380464)), (np.int64(12), np.float64(0.4267600644062502))]",28,0.544999474713971,0.5,2,64,1,72,1,85,85.0,1,100,1,111,,,1.0,100.0,0.0,,,,,,0.0,,,,,,,,,,,,,,,,,,,0.0,,,,,,,,,,,,,,,,,,,,,,,,,,,,,,,,,,,,,,,,,,,,,,,,,,,,,,,,,,,0.0,,,,,,,,,,,,,,0.0,,,,,,,,,,,,,,,,,,,,,,,,,,,,,,,,,,,,,,,,,,,11.0,0.0,-15.0,-28.0,-36.0,-100.0,,,,,,,-11,-26,-39,-47,-111.0,-15,-28,-36,-100.0,-13,-21,-85.0,-8,-72.0,-64.0
49848,1.0,6,2007-08-21 02:00:00+00:00,287,331,0.0,0.3333333333333333,0.4,Vorlage zur Beschlussfassung (Gesetzentwurf),"['Natur', 'Umwelt']","['Europäische Union', 'Landschaftsschutz', 'Städtebau', 'Umweltschutz', 'Umweltverträglichkeitsprüfung']",[-0.00697948  0.00500638  0.01166192 ...  0.01978992  0.00924707   0.00026688],"[(np.int64(28), np.float64(0.41940439580370603)), (np.int64(38), np.float64(0.3979477778066556)), (np.int64(12), np.float64(0.3917724809901575))]",28,0.41940439580370603,0.5,1,307,1,37,1,307,,1,324,1,331,,,0.0,,0.0,,,,,,0.0,,,,,,,,,,,,,,,,,,,0.0,,,,,,,,,,,,,,,,,,,,,,,,,,,,,,,,,,,,,,,,,,,,,,,,,,,,,,,,,,,0.0,,,,,,,,,,,,,,0.0,,,,,,,,,,,,,,,,,,,,,,,,,,,,,,,,,,,,,,,,,,,,,,,,,,,,,,,-7,-24,-294,-24,-331.0,-17,-287,-17,-324.0,-270,0,-307.0,270,-37.0,-307.0
49844,1.0,6,2007-08-23 02:00:00+00:00,289,60,0.0,1.0,0.7,Vorlage zur Beschlussfassung (Gesetzentwurf),Landesregierung,"['Bezirksverwaltung', 'Senatsverwaltung', 'Verwaltungsreform']",[0.01092001 0.00879503 0.00640444 ... 0.01534704 0.00309892 0.03069407],"[(np.int64(31), np.float64(0.502219954948795)), (np.int64(28), np.float64(0.4785445350104127)), (np.int64(38), np.float64(0.45636315598261024))]",31,0.502219954948795,1.0,1,32,1,25,1,32,,1,49,1,60,,,0.0,,0.0,,,,,,0.0,,,,,,,,,,,,,,,,,,,0.0,,,,,,,,,,,,,,,,,,,,,,,,,,,,,,,,,,,,,,,,,,,,,,,,,,,,,,,,,,,0.0,,,,,,,,,,,,,,0.0,,,,,,,,,,,,,,,,,,,,,,,,,,,,,,,,,,,,,,,,,,,,,,,,,,,,,,,-11,-28,-35,-28,-60.0,-17,-24,-17,-49.0,-7,0,-32.0,7,-25.0,-32.0
49864,1.0,9,2007-08-28 02:00:00+00:00,294,79,0.0,0.3333333333333333,0.6,Vorlage zur Beschlussfassung (Gesetzentwurf),Handel,"['Arbeitsschutz', 'Feiertag', 'Handel', 'Markt']",[-0.01697992  0.0059964   0.00605577 ...  0.00569955 -0.00162526   0.01947347],"[(np.int64(34), np.float64(0.6341548484363632)), (np.int64(23), np.float64(0.4019637337299914)), (np.int64(28), np.float64(0.396870233921081))]",34,0.6341548484363632,1.0,3,27,1,16,1,55,41.0,1,71,1,79,,55.0,1.0,69.0,0.0,,,,,,0.0,,,,,,,,,,,,,,,,,,,0.0,,,,,,,,,,,,,,,,,,,,,,,,,,,,,,,,,,,,,,,,,,,,,,,,,,,,,,,,,,,0.0,,,,,,,,,,,,,,0.0,,,,,,,,,,,,,,,,,,,,,,,,,,,,,,,,,,,,,,,,,,,10.0,2.0,-14.0,-53.0,-42.0,-69.0,,,,,,,-8,-24,-63,-52,-79.0,-16,-55,-44,-71.0,-39,-28,-55.0,11,-16.0,-27.0
49867,1.0,10,2007-08-28 02:00:00+00:00,294,93,0.0,0.3333333333333333,0.4,Vorlage zur Beschlussfassung (Gesetzentwurf),"['Innere Sicherheit', 'Film Video']","['Datenschutz', 'Öffentliches Verkehrsmittel', 'Personenbezogene Daten', 'Polizeiausrüstung', 'Veranstaltung']",[-0.01471006  0.01012824  0.00155993 ... -0.00327058 -0.0126603  -0.0012811 ],"[(np.int64(26), np.float64(0.49606888759849876)), (np.int64(33), np.float64(0.4888117196207601)), (np.int64(9), np.float64(0.3695609254186752))]",26,0.49606888759849876,0.0,4,27,1,16,1,70,42.0,1,85,1,93,,68.0,1.0,85.0,0.0,,70.0,,,,0.0,,,,,,,,,,,,,,,,,,,0.0,,,,,,,,,,,,,,,,,,,,,,,,,,,,,,,,,,,,,,,,,,,,,,,,,,,,,,,,,,,0.0,,,,,,,,,,,,,,0.0,,,,,,,,,,,,,,,,,,,,,,,,,,,,,,,,,,,,,,,,,,,8.0,0.0,-15.0,-69.0,-58.0,-85.0,,,,,,,-8,-23,-77,-66,-93.0,-15,-69,-58,-85.0,-54,-43,-70.0,11,-16.0,-27.0
49865,1.0,11,2007-08-28 02:00:00+00:00,294,175,0.0,0.3333333333333333,0.4,Vorlage zur Beschlussfassung (Gesetzentwurf),Wahlen,"['Bürgerinitiative', 'Verfassung', 'Verfassungsgericht', 'Volksabstimmung', 'Volksbegehren', 'Wahlrecht']",[ 0.01931205  0.01451366 -0.02037836 ...  0.0156392   0.00947831  -0.00770112],"[(np.int64(8), np.float64(0.42613665862421457)), (np.int64(30), np.float64(0.3887656824452876)), (np.int64(19), np.float64(0.3387344462075425))]",8,0.42613665862421457,1.0,4,91,1,16,1,168,161.0,1,169,1,175,,166.0,1.0,167.0,0.0,,168.0,,,,1.0,30.0,,,,,,,,,,,,,,,,,,0.0,,,,,,,,,,,,,,,,,,,,,,,,,,,,,,,,,,,,,,,,,,,,,,,,,,,,,,,,,,,0.0,,,,,,,,,,,,,,0.0,,,,,,,,,,,,,,,,,,,,,,,,,,,,,,,,,,137.0,,145.0,139.0,138.0,-14.0,61.0,-30.0,,8.0,2.0,1.0,-151.0,-76.0,-167.0,,,,,,,-6,-7,-159,-84,-175.0,-1,-153,-78,-169.0,-152,-77,-168.0,75,-16.0,-91.0
49887,1.0,12,2007-09-04 02:00:00+00:00,301,196,0.0,0.3333333333333333,0.4,Vorlage zur Beschlussfassung (Gesetzentwurf),Allgemeinbildende Schulen,"['Deutschunterricht', 'Grundschule', 'Kindertagesstätte', 'Schulgesetz']",[-0.01059154  0.00769218  0.0140826  ... -0.00923061 -0.00269226   0.01834289],"[(np.int64(27), np.float64(0.4110467459906434)), (np.int64(32), np.float64(0.40712574719398487)), (np.int64(24), np.float64(0.4033424616207382))]",27,0.4110467459906434,0.0,6,16,1,9,1,189,35.0,1,190,1,196,,57.0,0.0,,0.0,,61.0,134.0,,,1.0,23.0,189.0,,,,,,,,,,,,,,,,,0.0,,,,,,,,,,,,,,,,,,,,,,,,,,,,,,,,,,,,,,,,,,,,,,,,,,,,,,,,,,,0.0,,,,,,,,,,,,,,0.0,,,,,,,,,,,,,,,,,,,,,,,,,,,,,,,,,,,,173.0,167.0,166.0,-14.0,-7.0,-23.0,,,,,,,,,,,,,,-6,-7,-187,-180,-196.0,-1,-181,-174,-190.0,-180,-173,-189.0,7,-9.0,-16.0
49944,1.0,6,2007-09-10 02:00:00+00:00,307,66,0.0,1.0,0.7,Vorlage zur Beschlussfassung (Gesetzentwurf),Gerichte und Staatsanwaltschaften,"['Gerichtliche Zuständigkeit', 'Verfassung']",[0.0238525  0.01328419 0.01411076 ... 0.01151296 0.00944653 0.01617719],"[(np.int64(31), np.float64(0.4060260695268961)), (np.int64(15), np.float64(0.3376059865775242)), (np.int64(8), np.float64(0.3322217542886096))]",31,0.4060260695268961,1.0,1,50,1,17,1,50,,1,58,1,66,,,0.0,,0.0,,,,,,0.0,,,,,,,,,,,,,,,,,,,0.0,,,,,,,,,,,,,,,,,,,,,,,,,,,,,,,,,,,,,,,,,,,,,,,,,,,,,,,,,,,0.0,,,,,,,,,,,,,,0.0,,,,,,,,,,,,,,,,,,,,,,,,,,,,,,,,,,,,,,,,,,,,,,,,,,,,,,,-8,-16,-49,-16,-66.0,-8,-41,-8,-58.0,-33,0,-50.0,33,-17.0,-50.0
49939,1.0,8,2007-09-11 02:00:00+00:00,308,269,0.0,0.3333333333333333,0.4,Vorlage zur Beschlussfassung (Gesetzentwurf),"['Wasser', 'Abgaben']","['Berliner Wasserbetriebe', 'Entwässerung', 'Gebühr']",[ 0.00013377 -0.00433972  0.01505617 ...  0.01629609  0.00451685   0.00596342],"[(np.int64(28), np.float64(0.44638387086212905)), (np.int64(9), np.float64(0.441184440319391)), (np.int64(38), np.float64(0.4127473841469306))]",28,0.44638387086212905,0.5,3,202,1,16,1,260,251.0,1,261,1,269,,260.0,0.0,,0.0,,,,,,0.0,,,,,,,,,,,,,,,,,,,0.0,,,,,,,,,,,,,,,,,,,,,,,,,,,,,,,,,,,,,,,,,,,,,,,,,,,,,,,,,,,0.0,,,,,,,,,,,,,,0.0,,,,,,,,,,,,,,,,,,,,,,,,,,,,,,,,,,,,,,,,,,,,,,,,,,,,,,,-8,-9,-253,-67,-269.0,-1,-245,-59,-261.0,-244,-58,-260.0,186,-16.0,-202.0
49946,1.0,9,2007-09-14 02:00:00+00:00,311,111,0.0,0.3333333333333333,0.6,Vorlage zur Beschlussfassung (Gesetzentwurf),Glücksspiel,"['Gerichtsentscheidung', 'Lotterie', 'Staatsvertrag']",[ 0.01100667  0.00702047 -0.00541409 ...  0.00153945 -0.01213709   0.0018518 ],"[(np.int64(34), np.float64(0.378806274734219)), (np.int64(28), np.float64(0.37772444811143874)), (np.int64(19), np.float64(0.3610602958824199))]",34,0.378806274734219,1.0,3,55,1,13,1,81,74.0,1,82,2,91,111.0,81.0,0.0,,0.0,,,,,,0.0,,,,,,,,,,,,,,,,,,,0.0,,,,,,,,,,,,,,,,,,,,,,,,,,,,,,,,,,,,,,,,,,,,,,,,,,,,,,,,,,,0.0,,,,,,,,,,,,,,0.0,,,,,,,,,,,,,,,,,,,,,,,,,,,,,,,,,,,,,,,,,,,,,,,,,,,,,,,-9,-10,-78,-36,-91.0,-1,-69,-27,-82.0,-68,-26,-81.0,42,-13.0,-55.0
50129,1.0,6,2007-10-09 02:00:00+00:00,336,241,0.0,0.3333333333333333,0.4,Vorlage zur Beschlussfassung (Gesetzentwurf),"['Wasser', 'Europäische Union']",[],[-0.01431867  0.01478814  0.00252337 ...  0.02147801  0.00020264   0.00862641],"[(np.int64(28), np.float64(0.4448007875917331)), (np.int64(38), np.float64(0.4392065775740187)), (np.int64(35), np.float64(0.4261763079849864))]",28,0.4448007875917331,0.5,1,223,1,29,1,223,,1,233,1,241,,,0.0,,0.0,,,,,,0.0,,,,,,,,,,,,,,,,,,,0.0,,,,,,,,,,,,,,,,,,,,,,,,,,,,,,,,,,,,,,,,,,,,,,,,,,,,,,,,,,,0.0,,,,,,,,,,,,,,0.0,,,,,,,,,,,,,,,,,,,,,,,,,,,,,,,,,,,,,,,,,,,,,,,,,,,,,,,-8,-18,-212,-18,-241.0,-10,-204,-10,-233.0,-194,0,-223.0,194,-29.0,-223.0
50128,1.0,7,2007-10-09 02:00:00+00:00,336,66,0.0,0.3333333333333333,0.4,Vorlage zur Beschlussfassung (Gesetzentwurf),Stiftung,"['Jüdische Gemeinde', 'Rechtseinheit', 'Verfassung']",[-0.0032722   0.0356207  -0.00259983 ...  0.01278998  0.00237571   0.01189349],"[(np.int64(28), np.float64(0.40225743838926525)), (np.int64(38), np.float64(0.3746478749908754)), (np.int64(34), np.float64(0.35937479850672555))]",28,0.40225743838926525,0.5,2,47,1,29,1,56,56.0,1,57,1,66,,,0.0,,0.0,,,,,,0.0,,,,,,,,,,,,,,,,,,,0.0,,,,,,,,,,,,,,,,,,,,,,,,,,,,,,,,,,,,,,,,,,,,,,,,,,,,,,,,,,,0.0,,,,,,,,,,,,,,0.0,,,,,,,,,,,,,,,,,,,,,,,,,,,,,,,,,,,,,,,,,,,,,,,,,,,,,,,-9,-10,-37,-19,-66.0,-1,-28,-10,-57.0,-27,-9,-56.0,18,-29.0,-47.0
50232,1.0,8,2007-10-10 02:00:00+00:00,337,126,0.0,0.3333333333333333,0.4,Vorlage zur Beschlussfassung (Gesetzentwurf),Raumordnung,"['Brandenburg', 'Gemeinsame Landesplanung Berlin/Brandenburg', 'Staatsvertrag']",[ 0.01027102  0.00033616  0.00296279 ... -0.00211194 -0.00132946   0.01823258],"[(np.int64(28), np.float64(0.4028932464477022)), (np.int64(38), np.float64(0.38910017741408354)), (np.int64(34), np.float64(0.38849941375629865))]",28,0.4028932464477022,0.5,1,53,1,28,1,53,,1,56,3,65,105.0,,0.0,,0.0,,,,,,0.0,,,126.0,,,,,,,,,,,,,,,,0.0,,,,,,,,,,,,,,,,,,,,,,,,,,,,,,,,,,,,,,,,,,,,,,,,,,,,,,,,,,,0.0,,,,,,,,,,,,,,0.0,,,,,,,,,,,,,,,,,,,,,,,,,,,,,,,,,,,,,,,,,,,,,,,,,,,,,,,-9,-12,-37,-12,-65.0,-3,-28,-3,-56.0,-25,0,-53.0,25,-28.0,-53.0
50244,1.0,6,2007-10-23 02:00:00+00:00,350,52,0.0,1.0,1.0,Vorlage zur Beschlussfassung (Gesetzentwurf),"['Europäische Union', 'Medizinische Berufe']","['Arzt', 'Berufliche Weiterbildung', 'Europapolitik', 'Gesundheitswesen', 'Hebamme', 'Lebensmittelkontrolle']",[ 0.00437884  0.01349643  0.01241672 ...  0.00524861 -0.00572849   0.00253433],"[(np.int64(20), np.float64(0.407461673403117)), (np.int64(3), np.float64(0.3409040528700449)), (np.int64(28), np.float64(0.34030191471496246))]",20,0.407461673403117,1.0,1,33,1,15,1,33,,1,43,1,52,,,0.0,,0.0,,,,,,0.0,,,,,,,,,,,,,,,,,,,0.0,,,,,,,,,,,,,,,,,,,,,,,,,,,,,,,,,,,,,,,,,,,,,,,,,,,,,,,,,,,0.0,,,,,,,,,,,,,,0.0,,,,,,,,,,,,,,,,,,,,,,,,,,,,,,,,,,,,,,,,,,,,,,,,,,,,,,,-9,-19,-37,-19,-52.0,-10,-28,-10,-43.0,-18,0,-33.0,18,-15.0,-33.0
50264,1.0,9,2007-10-30 01:00:00+00:00,357,46,0.0,0.3333333333333333,0.4,Vorlage zur Beschlussfassung (Gesetzentwurf),Öffentlicher Dienst,"['Berliner Verkehrsbetriebe', 'Berliner Wasserbetriebe', 'Verkehrstarif', 'Wasserpreis']",[-0.00107206  0.00301654  0.00677243 ...  0.00218847  0.00993685   0.02188472],"[(np.int64(9), np.float64(0.5245256501699394)), (np.int64(38), np.float64(0.4989933570269056)), (np.int64(28), np.float64(0.484751718718059))]",9,0.5245256501699394,0.0,3,27,1,9,1,36,34.0,1,37,1,46,,36.0,1.0,37.0,0.0,,,,,,0.0,,,,,,,,,,,,,,,,,,,0.0,,,,,,,,,,,,,,,,,,,,,,,,,,,,,,,,,,,,,,,,,,,,,,,,,,,,,,,,,,,0.0,,,,,,,,,,,,,,0.0,,,,,,,,,,,,,,,,,,,,,,,,,,,,,,,,,,,,,,,,,,,9.0,0.0,-1.0,-28.0,-10.0,-37.0,,,,,,,-9,-10,-37,-19,-46.0,-1,-28,-10,-37.0,-27,-9,-36.0,18,-9.0,-27.0
50294,1.0,8,2007-11-02 01:00:00+00:00,360,244,0.0,0.3333333333333333,0.5,Vorlage zur Beschlussfassung (Gesetzentwurf),Öffentlicher Dienst,"['Besoldungsrecht', 'Lehrer', 'Schulpersonal']",[ 0.01226623  0.02075824  0.0323168  ...  0.00415755 -0.00583825   0.01008426],"[(np.int64(7), np.float64(0.4839828547531769)), (np.int64(28), np.float64(0.4199005010356804)), (np.int64(29), np.float64(0.417138228324494))]",7,0.4839828547531769,0.5,3,202,1,20,1,222,206.0,1,237,1,244,,222.0,0.0,,0.0,,,,,,0.0,,,,,,,,,,,,,,,,,,,0.0,,,,,,,,,,,,,,,,,,,,,,,,,,,,,,,,,,,,,,,,,,,,,,,,,,,,,,,,,,,0.0,,,,,,,,,,,,,,0.0,,,,,,,,,,,,,,,,,,,,,,,,,,,,,,,,,,,,,,,,,,,,,,,,,,,,,,,-7,-22,-224,-42,-244.0,-15,-217,-35,-237.0,-202,-20,-222.0,182,-20.0,-202.0
50393,0.0,7,2007-11-14 01:00:00+00:00,372,31,,0.3333333333333333,0.4,Antrag (Gesetzentwurf),"['Parlament', 'Abgeordnete']",[],[-0.00370262  0.00090004 -0.02552318 ...  0.02060587  0.00796136   0.0080199 ],"[(np.int64(28), np.float64(0.3391969069534099)), (np.int64(8), np.float64(0.3345871557915387)), (np.int64(16), np.float64(0.3278386963853426))]",28,0.3391969069534099,0.5,2,14,1,8,1,21,21.0,1,22,1,31,,,0.0,,1.0,0.0,,,,,0.0,,,,,,,,,,,,,,,,,,,0.0,,,,,,,,,,,,,,,,,,,,,,,,,,,,,,,,,,,,,,,,,,,,,,,,,,,,,,,,,,,0.0,,,,,,,,,,,,,,0.0,,,,,,,,,,,,,,,,,,,,,,,,,,,,,,,,,,,,,,,,,,,,,,,,,31.0,22.0,21.0,8.0,14.0,,-9,-10,-23,-17,,-1,-14,-8,,-13,-7,,6,,
50723,1.0,6,2008-01-08 01:00:00+00:00,427,267,0.0,0.3333333333333333,0.4,Vorlage zur Beschlussfassung (Gesetzentwurf),"['Hochschulen', 'Wissenschaft Forschung']","['Anstalt des öffentlichen Rechts', 'Besoldungsrecht', 'Haushaltsrechnung', 'Informatik', 'Personalkosten']",[ 0.0164531  -0.00840802 -0.01082759 ...  0.00189029  0.00931536   0.00704701],"[(np.int64(2), np.float64(0.3552709743235024)), (np.int64(28), np.float64(0.34597363418508065)), (np.int64(16), np.float64(0.33590090510120046))]",2,0.3552709743235024,1.0,1,239,1,16,1,239,,1,261,1,267,,,0.0,,0.0,,,,,,0.0,,,,,,,,,,,,,,,,,,,0.0,,,,,,,,,,,,,,,,,,,,,,,,,,,,,,,,,,,,,,,,,,,,,,,,,,,,,,,,,,,0.0,,,,,,,,,,,,,,0.0,,,,,,,,,,,,,,,,,,,,,,,,,,,,,,,,,,,,,,,,,,,,,,,,,,,,,,,-6,-28,-251,-28,-267.0,-22,-245,-22,-261.0,-223,0,-239.0,223,-16.0,-239.0
50784,1.0,7,2008-01-18 01:00:00+00:00,437,235,0.0,0.3333333333333333,0.4,Vorlage zur Beschlussfassung (Gesetzentwurf),Rundfunk Fernsehen,"['Gebühr', 'Länder der Bundesrepublik Deutschland', 'Staatsvertrag']",[ 0.01076806  0.01164115 -0.01850943 ...  0.01955713  0.00832342   0.01781096],"[(np.int64(11), np.float64(0.4119135856266082)), (np.int64(37), np.float64(0.33008755598226597)), (np.int64(34), np.float64(0.31471479868767493))]",11,0.4119135856266082,1.0,1,82,1,27,1,82,,1,97,2,108,235.0,,0.0,,0.0,,,,,,0.0,,,,,,,,,,,,,,,,,,,0.0,,,,,,,,,,,,,,,,,,,,,,,,,,,,,,,,,,,,,,,,,,,,,,,,,,,,,,,,,,,0.0,,,,,,,,,,,,,,0.0,,,,,,,,,,,,,,,,,,,,,,,,,,,,,,,,,,,,,,,,,,,,,,,,,,,,,,,-11,-26,-81,-26,-108.0,-15,-70,-15,-97.0,-55,0,-82.0,55,-27.0,-82.0
50796,0.0,7,2008-01-24 01:00:00+00:00,443,84,,0.3333333333333333,0.6,Antrag (Gesetzentwurf),Allgemeinbildende Schulen,[],[-0.00842609  0.02864869  0.00490519 ...  0.01733366  0.00346071   0.00619919],"[(np.int64(10), np.float64(0.4448828082262022)), (np.int64(19), np.float64(0.4355935911758303)), (np.int64(29), np.float64(0.40853377453733564))]",10,0.4448828082262022,1.0,2,14,1,21,1,70,70.0,1,77,1,84,,,0.0,,1.0,0.0,,,,,0.0,,,,,,,,,,,,,,,,,,,0.0,,,,,,,,,,,,,,,,,,,,,,,,,,,,,,,,,,,,,,,,,,,,,,,,,,,,,,,,,,,0.0,,,,,,,,,,,,,,0.0,,,,,,,,,,,,,,,,,,,,,,,,,,,,,,,,,,,,,,,,,,,,,,,,,84.0,77.0,70.0,21.0,14.0,,-7,-14,-63,-70,,-7,-56,-63,,-49,-56,,-7,,
50879,1.0,10,2008-02-05 01:00:00+00:00,455,91,0.0,0.3333333333333333,0.4,Vorlage zur Beschlussfassung (Gesetzentwurf),Arbeitsentgelt,"['Europäische Union', 'Geringfügige Beschäftigung', 'Lohn- und Gehaltstarif']",[ 0.01581745  0.00371828  0.0246705  ... -0.00089637  0.00569546   0.02183753],"[(np.int64(35), np.float64(0.465837145874076)), (np.int64(28), np.float64(0.4507576498001035)), (np.int64(9), np.float64(0.4500982398264032))]",35,0.465837145874076,0.0,2,20,1,9,1,34,34.0,1,37,2,43,91.0,,2.0,7.0,0.0,,,,37.0,,0.0,,,,,,,,,,,,,,,,,,,0.0,,,,,,,,,,,,,,,,,,,,,,,,,,,,,,,,,,,,,,,,,,,,,,,,,,,,,,,,,,,0.0,,,,,,,,,,,,,,0.0,,,,,,,,,,,,,,,,,,,,,,,,,,,,,,,,,,,,,,,,,,,36.0,30.0,27.0,2.0,13.0,-7.0,,,,,,,-6,-9,-34,-23,-43.0,-3,-28,-17,-37.0,-25,-14,-34.0,11,-9.0,-20.0
50996,0.0,7,2008-02-19 01:00:00+00:00,469,1307,,0.3333333333333333,0.4,Antrag (Gesetzentwurf),"['Öffentlicher Haushalt', 'Gerichte und Staatsanwaltschaften']","['Richter', 'Verwaltungskosten']",[ 0.0062496  -0.00947806  0.00713817 ...  0.01149215 -0.00423551   0.02310278],"[(np.int64(28), np.float64(0.35094026159997693)), (np.int64(26), np.float64(0.2892030725646756)), (np.int64(37), np.float64(0.27804307854590793))]",28,0.35094026159997693,0.5,2,1282,1,9,1,1289,1289.0,1,1290,1,1307,,,0.0,,1.0,0.0,,,,,0.0,,,,,,,,,,,,,,,,,,,0.0,,,,,,,,,,,,,,,,,,,,,,,,,,,,,,,,,,,,,,,,,,,,,,,,,,,,,,,,,,,0.0,,,,,,,,,,,,,,0.0,,,,,,,,,,,,,,,,,,,,,,,,,,,,,,,,,,,,,,,,,,,,,,,,,1307.0,1290.0,1289.0,9.0,1282.0,,-17,-18,-1298,-25,,-1,-1281,-8,,-1280,-7,,1273,,
51007,0.0,9,2008-02-20 01:00:00+00:00,470,288,,0.3333333333333333,0.4,Antrag (Gesetzentwurf),"['Wahlen', 'Dienstleistungen']","['Volksabstimmung', 'Wahl (staatlich)', 'Werbung']",[0.01219542 0.01118901 0.01160341 ... 0.00882096 0.01006418 0.01053779],"[(np.int64(28), np.float64(0.4851593970758836)), (np.int64(14), np.float64(0.481573316413662)), (np.int64(12), np.float64(0.47097957129786716))]",28,0.4851593970758836,0.5,3,231,1,8,1,264,259.0,1,281,1,288,,264.0,1.0,281.0,1.0,0.0,,,,,0.0,,,,,,,,,,,,,,,,,,,0.0,,,,,,,,,,,,,,,,,,,,,,,,,,,,,,,,,,,,,,,,,,,,,,,,,,,,,,,,,,,0.0,,,,,,,,,,,,,,0.0,,,,,,,,,,,,,,,,,,,,,,,,,,,,,,,,,,,,,,,,,,-281.0,7.0,0.0,-17.0,-273.0,-50.0,,288.0,281.0,264.0,8.0,231.0,,-7,-24,-280,-57,,-17,-273,-50,,-256,-33,,223,,
51072,1.0,9,2008-02-26 01:00:00+00:00,476,239,0.0,0.3333333333333333,0.4,Vorlage zur Beschlussfassung (Gesetzentwurf),Landesregierung,"['Behördenaufbau', 'Zuständigkeit (Verwaltung)']",[ 0.01244903  0.00796502 -0.01392403 ...  0.00454301  0.00118738   0.00660801],"[(np.int64(8), np.float64(0.4113123594833994)), (np.int64(31), np.float64(0.408786777018201)), (np.int64(28), np.float64(0.3410233595972202))]",8,0.4113123594833994,1.0,4,104,1,16,1,211,125.0,1,233,1,239,,205.0,0.0,,0.0,,211.0,,,,0.0,,,,,,,,,,,,,,,,,,,0.0,,,,,,,,,,,,,,,,,,,,,,,,,,,,,,,,,,,,,,,,,,,,,,,,,,,,,,,,,,,0.0,,,,,,,,,,,,,,0.0,,,,,,,,,,,,,,,,,,,,,,,,,,,,,,,,,,,,,,,,,,,,,,,,,,,,,,,-6,-28,-223,-135,-239.0,-22,-217,-129,-233.0,-195,-107,-211.0,88,-16.0,-104.0
51333,0.0,8,2008-03-28 01:00:00+00:00,507,97,,0.3333333333333333,0.4,Antrag (Gesetzentwurf),Öffentlicher Dienst,"['Bundesrecht', 'Lebenspartnerschaftsgesetz', 'Beamtenversorgung']",[ 0.01055295  0.02602262  0.02434374 ... -0.0013416  -0.00058836   0.03549629],"[(np.int64(35), np.float64(0.46559305187727007)), (np.int64(28), np.float64(0.44411037675351345)), (np.int64(38), np.float64(0.42865024042098265))]",35,0.46559305187727007,0.0,3,82,1,13,1,89,87.0,1,90,1,97,,89.0,0.0,,1.0,0.0,,,,,0.0,,,,,,,,,,,,,,,,,,,0.0,,,,,,,,,,,,,,,,,,,,,,,,,,,,,,,,,,,,,,,,,,,,,,,,,,,,,,,,,,,0.0,,,,,,,,,,,,,,0.0,,,,,,,,,,,,,,,,,,,,,,,,,,,,,,,,,,,,,,,,,,,,,,,,,97.0,90.0,89.0,13.0,82.0,,-7,-8,-84,-15,,-1,-77,-8,,-76,-7,,69,,
51519,1.0,7,2008-04-15 02:00:00+00:00,525,190,0.0,0.3333333333333333,0.4,Vorlage zur Beschlussfassung (Gesetzentwurf),Recht,[],[ 0.03359117  0.00533051 -0.00174954 ...  0.01060147  0.01739117   0.02525294],"[(np.int64(37), np.float64(0.36543178647307006)), (np.int64(28), np.float64(0.3624476393970074)), (np.int64(38), np.float64(0.36219357772489613))]",37,0.36543178647307006,0.5,2,142,1,23,1,155,155.0,1,184,1,190,,,0.0,,0.0,,,,,,0.0,,,,,,,,,,,,,,,,,,,0.0,,,,,,,,,,,,,,,,,,,,,,,,,,,,,,,,,,,,,,,,,,,,,,,,,,,,,,,,,,,0.0,,,,,,,,,,,,,,0.0,,,,,,,,,,,,,,,,,,,,,,,,,,,,,,,,,,,,,,,,,,,,,,,,,,,,,,,-6,-35,-167,-48,-190.0,-29,-161,-42,-184.0,-132,-13,-155.0,119,-23.0,-142.0
51520,1.0,6,2008-04-22 02:00:00+00:00,532,45,0.0,0.3333333333333333,0.5,Vorlage zur Beschlussfassung (Gesetzentwurf),"['Kunst Kultur', 'Stiftung']",[],[-0.00842062  0.00970202  0.00373741 ...  0.00089622 -0.02428556  -0.01165463],"[(np.int64(19), np.float64(0.3704782029397823)), (np.int64(38), np.float64(0.35463958725841854)), (np.int64(28), np.float64(0.3462581104653899))]",19,0.3704782029397823,0.5,1,27,1,16,1,27,,1,37,1,45,,,0.0,,0.0,,,,,,0.0,,,,,,,,,,,,,,,,,,,0.0,,,,,,,,,,,,,,,,,,,,,,,,,,,,,,,,,,,,,,,,,,,,,,,,,,,,,,,,,,,0.0,,,,,,,,,,,,,,0.0,,,,,,,,,,,,,,,,,,,,,,,,,,,,,,,,,,,,,,,,,,,,,,,,,,,,,,,-8,-18,-29,-18,-45.0,-10,-21,-10,-37.0,-11,0,-27.0,11,-16.0,-27.0
51602,0.0,8,2008-04-25 02:00:00+00:00,535,222,,0.3333333333333333,0.4,Antrag (Gesetzentwurf),Haushaltskontrolle,"['Behördenaufbau', 'Rechnungsprüfung']",[ 0.01295006 -0.00528148  0.00295405 ...  0.01193554  0.00205888   0.02029042],"[(np.int64(28), np.float64(0.44922159070740525)), (np.int64(31), np.float64(0.39549506119390854)), (np.int64(11), np.float64(0.3912373574632871))]",28,0.44922159070740525,0.5,3,193,1,13,1,214,207.0,1,215,1,222,,214.0,0.0,,1.0,0.0,,,,,0.0,,,,,,,,,,,,,,,,,,,0.0,,,,,,,,,,,,,,,,,,,,,,,,,,,,,,,,,,,,,,,,,,,,,,,,,,,,,,,,,,,0.0,,,,,,,,,,,,,,0.0,,,,,,,,,,,,,,,,,,,,,,,,,,,,,,,,,,,,,,,,,,,,,,,,,222.0,215.0,214.0,13.0,193.0,,-7,-8,-209,-29,,-1,-202,-22,,-201,-21,,180,,
51633,1.0,8,2008-04-29 02:00:00+00:00,539,155,0.0,1.0,0.4,Vorlage zur Beschlussfassung (Gesetzentwurf),Justizverwaltung,"['Gebührenordnung', 'Justizverwaltung']",[-0.00373011 -0.00921382  0.01260213 ...  0.01052159  0.01319657   0.01492045],"[(np.int64(18), np.float64(0.3436745632102869)), (np.int64(28), np.float64(0.3323622797306064)), (np.int64(37), np.float64(0.31588415779928325))]",18,0.3436745632102869,1.0,2,50,1,30,1,71,71.0,1,72,2,79,155.0,,0.0,,0.0,,,,,,0.0,,,,,,,,,,,,,,,,,,,0.0,,,,,,,,,,,,,,,,,,,,,,,,,,,,,,,,,,,,,,,,,,,,,,,,,,,,,,,,,,,0.0,,,,,,,,,,,,,,0.0,,,,,,,,,,,,,,,,,,,,,,,,,,,,,,,,,,,,,,,,,,,,,,,,,,,,,,,-7,-8,-49,-29,-79.0,-1,-42,-22,-72.0,-41,-21,-71.0,20,-30.0,-50.0
51634,1.0,10,2008-05-06 02:00:00+00:00,546,72,0.0,1.0,0.6,Vorlage zur Beschlussfassung (Gesetzentwurf),Hochschulen,"['Fachhochschule für Verwaltung und Rechtspflege', 'Fachhochschule für Wirtschaft']",[ 0.02196081  0.00244509 -0.00178507 ... -0.00912033  0.00087378   0.00906033],"[(np.int64(13), np.float64(0.4832228118462988)), (np.int64(2), np.float64(0.45679031075472376)), (np.int64(12), np.float64(0.4530529270160123))]",13,0.4832228118462988,0.0,4,34,1,23,1,64,43.0,1,65,1,72,,57.0,1.0,65.0,0.0,,64.0,,,,0.0,,,,,,,,,,,,,,,,,,,0.0,,,,,,,,,,,,,,,,,,,,,,,,,,,,,,,,,,,,,,,,,,,,,,,,,,,,,,,,,,,0.0,,,,,,,,,,,,,,0.0,,,,,,,,,,,,,,,,,,,,,,,,,,,,,,,,,,,,,,,,,,,7.0,0.0,-1.0,-42.0,-31.0,-65.0,,,,,,,-7,-8,-49,-38,-72.0,-1,-42,-31,-65.0,-41,-30,-64.0,11,-23.0,-34.0
52075,1.0,7,2008-06-24 02:00:00+00:00,595,85,0.0,0.3333333333333333,0.4,Vorlage zur Beschlussfassung (Gesetzentwurf),Nation,"['Bundesrepublik Deutschland', 'Finanzhilfe', 'Stiftung']",[-0.00629135  0.02385967  0.00967444 ...  0.01816184 -0.00201798   0.00842804],"[(np.int64(28), np.float64(0.44864882629346375)), (np.int64(12), np.float64(0.4190544541577418)), (np.int64(38), np.float64(0.4052090847104247))]",28,0.44864882629346375,0.5,2,69,1,16,1,78,78.0,1,79,1,85,,,0.0,,0.0,,,,,,0.0,,,,,,,,,,,,,,,,,,,0.0,,,,,,,,,,,,,,,,,,,,,,,,,,,,,,,,,,,,,,,,,,,,,,,,,,,,,,,,,,,0.0,,,,,,,,,,,,,,0.0,,,,,,,,,,,,,,,,,,,,,,,,,,,,,,,,,,,,,,,,,,,,,,,,,,,,,,,-6,-7,-69,-16,-85.0,-1,-63,-10,-79.0,-62,-9,-78.0,53,-16.0,-69.0
52176,1.0,6,2008-07-01 02:00:00+00:00,602,168,0.0,0.3333333333333333,0.4,Vorlage zur Beschlussfassung (Gesetzentwurf),Kunst Kultur,"['Betriebliches Rechnungswesen', 'Bibliothek', 'Öffentliches Rechnungswesen', 'Rechtsvorschrift', 'Stiftung']",[ 0.02114641 -0.00150086 -0.00415163 ...  0.01427681 -0.00057869   0.02222165],"[(np.int64(28), np.float64(0.4428688495164832)), (np.int64(34), np.float64(0.41521104220535776)), (np.int64(19), np.float64(0.37660303555189173))]",28,0.4428688495164832,0.5,1,138,1,72,1,138,,1,162,1,168,,,0.0,,0.0,,,,,,0.0,,,,,,,,,,,,,,,,,,,0.0,,,,,,,,,,,,,,,,,,,,,,,,,,,,,,,,,,,,,,,,,,,,,,,,,,,,,,,,,,,0.0,,,,,,,,,,,,,,0.0,,,,,,,,,,,,,,,,,,,,,,,,,,,,,,,,,,,,,,,,,,,,,,,,,,,,,,,-6,-30,-96,-30,-168.0,-24,-90,-24,-162.0,-66,0,-138.0,66,-72.0,-138.0
52467,1.0,7,2008-08-12 02:00:00+00:00,644,71,0.0,0.3333333333333333,0.6,Vorlage zur Beschlussfassung (Gesetzentwurf),Juristische Berufe,"['Prüfungsgebühren', 'Staatsprüfung']",[ 0.00566926  0.01164169  0.0329848  ...  0.00436563 -0.00327423   0.01612859],"[(np.int64(10), np.float64(0.4725993970519998)), (np.int64(28), np.float64(0.47110503937572534)), (np.int64(34), np.float64(0.4306569727877108))]",10,0.4725993970519998,1.0,2,57,1,30,1,64,64.0,1,65,1,71,,,0.0,,0.0,,,,,,0.0,,,,,,,,,,,,,,,,,,,0.0,,,,,,,,,,,,,,,,,,,,,,,,,,,,,,,,,,,,,,,,,,,,,,,,,,,,,,,,,,,0.0,,,,,,,,,,,,,,0.0,,,,,,,,,,,,,,,,,,,,,,,,,,,,,,,,,,,,,,,,,,,,,,,,,,,,,,,-6,-7,-41,-14,-71.0,-1,-35,-8,-65.0,-34,-7,-64.0,27,-30.0,-57.0
52468,1.0,6,2008-08-12 02:00:00+00:00,644,103,0.0,0.3333333333333333,0.4,Vorlage zur Beschlussfassung (Gesetzentwurf),Justizverwaltung,"['Grundrecht', 'Informationelle Selbstbestimmung', 'Justizverwaltung', 'Rechtsvorschrift']",[ 0.01172646 -0.00037389  0.01476225 ...  0.01976237  0.00982166   0.03261981],"[(np.int64(28), np.float64(0.4308263702344448)), (np.int64(38), np.float64(0.38439889966974755)), (np.int64(34), np.float64(0.377824057674533))]",28,0.4308263702344448,0.5,1,57,1,30,1,57,,1,92,1,103,,,0.0,,0.0,,,,,,0.0,,,,,,,,,,,,,,,,,,,0.0,,,,,,,,,,,,,,,,,,,,,,,,,,,,,,,,,,,,,,,,,,,,,,,,,,,,,,,,,,,0.0,,,,,,,,,,,,,,0.0,,,,,,,,,,,,,,,,,,,,,,,,,,,,,,,,,,,,,,,,,,,,,,,,,,,,,,,-11,-46,-73,-46,-103.0,-35,-62,-35,-92.0,-27,0,-57.0,27,-30.0,-57.0
52470,1.0,7,2008-08-13 02:00:00+00:00,645,49,0.0,0.3333333333333333,0.5,Vorlage zur Beschlussfassung (Gesetzentwurf),Öffentlicher Dienst,"['Beamtenversorgung', 'Gerichtsentscheidung', 'Kindergeld', 'Versorgungsrücklage']",[ 0.00305432  0.03077815  0.03477226 ...  0.0098678  -0.00276064   0.02760636],"[(np.int64(7), np.float64(0.34245984778799293)), (np.int64(35), np.float64(0.3182966378744554)), (np.int64(28), np.float64(0.31264404696163767))]",7,0.34245984778799293,0.5,2,40,1,29,1,42,42.0,1,43,1,49,,,0.0,,0.0,,,,,,0.0,,,,,,,,,,,,,,,,,,,0.0,,,,,,,,,,,,,,,,,,,,,,,,,,,,,,,,,,,,,,,,,,,,,,,,,,,,,,,,,,,0.0,,,,,,,,,,,,,,0.0,,,,,,,,,,,,,,,,,,,,,,,,,,,,,,,,,,,,,,,,,,,,,,,,,,,,,,,-6,-7,-20,-9,-49.0,-1,-14,-3,-43.0,-13,-2,-42.0,11,-29.0,-40.0
52571,1.0,7,2008-08-26 02:00:00+00:00,658,57,0.0,0.3333333333333333,0.4,Vorlage zur Beschlussfassung (Gesetzentwurf),Gerichte und Staatsanwaltschaften,"['Amtsgericht', 'Justizgebäude', 'Neubau']",[0.0119816  0.01669079 0.02169803 ... 0.00643788 0.00292089 0.01007408],"[(np.int64(28), np.float64(0.4756855676288708)), (np.int64(31), np.float64(0.4736426458632577)), (np.int64(12), np.float64(0.45271123689593273))]",28,0.4756855676288708,0.5,2,43,1,16,1,50,50.0,1,51,1,57,,,0.0,,0.0,,,,,,0.0,,,,,,,,,,,,,,,,,,,0.0,,,,,,,,,,,,,,,,,,,,,,,,,,,,,,,,,,,,,,,,,,,,,,,,,,,,,,,,,,,0.0,,,,,,,,,,,,,,0.0,,,,,,,,,,,,,,,,,,,,,,,,,,,,,,,,,,,,,,,,,,,,,,,,,,,,,,,-6,-7,-41,-14,-57.0,-1,-35,-8,-51.0,-34,-7,-50.0,27,-16.0,-43.0
52572,1.0,8,2008-08-26 02:00:00+00:00,658,626,0.0,1.0,0.6,Vorlage zur Beschlussfassung (Gesetzentwurf),"['Hochschulen', 'Stiftung']","['Hochschule', 'Länder der Bundesrepublik Deutschland', 'Staatsvertrag', 'Stiftung']",[ 0.02069441 -0.00161108 -0.0034642  ...  0.00204221 -0.00526437   0.00943955],"[(np.int64(13), np.float64(0.4553568830206553)), (np.int64(2), np.float64(0.4474000266289164)), (np.int64(12), np.float64(0.411849847302042))]",13,0.4553568830206553,0.0,2,43,1,16,1,50,50.0,1,51,2,63,626.0,,0.0,,0.0,,,,,,0.0,,,,,,,,,,,,,,,,,,,0.0,,,,,,,,,,,,,,,,,,,,,,,,,,,,,,,,,,,,,,,,,,,,,,,,,,,,,,,,,,,0.0,,,,,,,,,,,,,,0.0,,,,,,,,,,,,,,,,,,,,,,,,,,,,,,,,,,,,,,,,,,,,,,,,,,,,,,,-12,-13,-47,-20,-63.0,-1,-35,-8,-51.0,-34,-7,-50.0,27,-16.0,-43.0
52591,1.0,7,2008-09-02 02:00:00+00:00,665,141,0.0,0.3333333333333333,0.4,Vorlage zur Beschlussfassung (Gesetzentwurf),Rundfunk Fernsehen,"['Fernsehen', 'Gebühr', 'Jugendschutz', 'Staatsvertrag']",[ 0.00722655  0.01557395 -0.00890783 ...  0.01274232  0.00896682   0.01510201],"[(np.int64(11), np.float64(0.36065868103144605)), (np.int64(37), np.float64(0.3220252071211296)), (np.int64(28), np.float64(0.2986151071055244))]",11,0.36065868103144605,1.0,1,84,1,9,1,84,,1,85,2,92,141.0,,0.0,,0.0,,,,,,0.0,,,,,,,,,,,,,,,,,,,0.0,,,,,,,,,,,,,,,,,,,,,,,,,,,,,,,,,,,,,,,,,,,,,,,,,,,,,,,,,,,0.0,,,,,,,,,,,,,,0.0,,,,,,,,,,,,,,,,,,,,,,,,,,,,,,,,,,,,,,,,,,,,,,,,,,,,,,,-7,-8,-83,-8,-92.0,-1,-76,-1,-85.0,-75,0,-84.0,75,-9.0,-84.0
52602,1.0,7,2008-09-03 02:00:00+00:00,666,28,0.0,0.3333333333333333,0.4,Vorlage zur Beschlussfassung (Gesetzentwurf),Öffentlicher Dienst,"['Beamtenrecht', 'Landeshaushaltsordnung']",[ 0.0131116   0.00114275  0.01960725 ... -0.00198478 -0.00592428   0.02068986],"[(np.int64(16), np.float64(0.4026206719399852)), (np.int64(28), np.float64(0.3752735182007742)), (np.int64(34), np.float64(0.36612281406023495))]",16,0.4026206719399852,1.0,2,19,1,8,1,21,21.0,1,22,1,28,,,0.0,,0.0,,,,,,0.0,,,,,,,,,,,,,,,,,,,0.0,,,,,,,,,,,,,,,,,,,,,,,,,,,,,,,,,,,,,,,,,,,,,,,,,,,,,,,,,,,0.0,,,,,,,,,,,,,,0.0,,,,,,,,,,,,,,,,,,,,,,,,,,,,,,,,,,,,,,,,,,,,,,,,,,,,,,,-6,-7,-20,-9,-28.0,-1,-14,-3,-22.0,-13,-2,-21.0,11,-8.0,-19.0
52624,1.0,8,2008-09-09 02:00:00+00:00,672,49,0.0,0.3333333333333333,0.4,Vorlage zur Beschlussfassung (Gesetzentwurf),"['Kunst Kultur', 'Natur']","['Forschungseinrichtung', 'Humboldt-Universität', 'Museum', 'Stiftung']",[-7.83712603e-03 -1.95928151e-03 -2.03765277e-02 ...  3.85827757e-03  -1.46493977e-02 -4.63916440e-05],"[(np.int64(2), np.float64(0.4471497978035888)), (np.int64(28), np.float64(0.39735966275456946)), (np.int64(13), np.float64(0.3788776061141119))]",2,0.4471497978035888,1.0,3,8,1,16,1,36,29.0,1,37,1,49,,36.0,0.0,,0.0,,,,,,0.0,,,,,,,,,,,,,,,,,,,0.0,,,,,,,,,,,,,,,,,,,,,,,,,,,,,,,,,,,,,,,,,,,,,,,,,,,,,,,,,,,0.0,,,,,,,,,,,,,,0.0,,,,,,,,,,,,,,,,,,,,,,,,,,,,,,,,,,,,,,,,,,,,,,,,,,,,,,,-12,-13,-33,-41,-49.0,-1,-21,-29,-37.0,-20,-28,-36.0,-8,-16.0,-8.0
52694,1.0,7,2008-09-16 02:00:00+00:00,679,184,0.0,0.3333333333333333,0.5,Vorlage zur Beschlussfassung (Gesetzentwurf),Glücksspiel,"['Anstalt des öffentlichen Rechts', 'Länder der Bundesrepublik Deutschland', 'Staatsvertrag']",[-0.00301406  0.00378235  0.00401875 ... -0.00484614 -0.02269413   0.01004688],"[(np.int64(19), np.float64(0.3627443866634259)), (np.int64(3), np.float64(0.35706114044064385)), (np.int64(35), np.float64(0.34555369416039783))]",19,0.3627443866634259,0.5,1,56,1,30,1,56,,1,57,2,68,184.0,,0.0,,0.0,,,,,,0.0,,,,,,,,,,,,,,,,,,,0.0,,,,,,,,,,,,,,,,,,,,,,,,,,,,,,,,,,,,,,,,,,,,,,,,,,,,,,,,,,,0.0,,,,,,,,,,,,,,0.0,,,,,,,,,,,,,,,,,,,,,,,,,,,,,,,,,,,,,,,,,,,,,,,,,,,,,,,-11,-12,-38,-12,-68.0,-1,-27,-1,-57.0,-26,0,-56.0,26,-30.0,-56.0
52715,1.0,6,2008-09-23 02:00:00+00:00,686,71,0.0,0.3333333333333333,0.4,Vorlage zur Beschlussfassung (Gesetzentwurf),"['Öffentlicher Dienst', 'Organe der EU']","['Beamtenrecht', 'Qualifikationsnachweis', 'Europäisches Parlament']",[ 0.02586693  0.00708683  0.01364215 ...  0.01051213 -0.00844514   0.01948878],"[(np.int64(8), np.float64(0.3576105278441707)), (np.int64(20), np.float64(0.35427517910349354)), (np.int64(35), np.float64(0.35397752887927336))]",8,0.3576105278441707,1.0,1,47,1,23,1,47,,1,64,1,71,,,0.0,,0.0,,,,,,0.0,,,,,,,,,,,,,,,,,,,0.0,,,,,,,,,,,,,,,,,,,,,,,,,,,,,,,,,,,,,,,,,,,,,,,,,,,,,,,,,,,0.0,,,,,,,,,,,,,,0.0,,,,,,,,,,,,,,,,,,,,,,,,,,,,,,,,,,,,,,,,,,,,,,,,,,,,,,,-7,-24,-48,-24,-71.0,-17,-41,-17,-64.0,-24,0,-47.0,24,-23.0,-47.0
52731,0.0,10,2008-09-25 02:00:00+00:00,688,181,,0.3333333333333333,0.4,Antrag (Gesetzentwurf),Abfall,"['Abfallbeseitigung', 'Abfallvermeidung', 'Berliner Stadtreinigungsbetriebe', 'Recycling']",[0.01959505 0.02332172 0.03366021 ... 0.01178107 0.00817462 0.02392279],"[(np.int64(23), np.float64(0.5096076122160463)), (np.int64(28), np.float64(0.4800362593466592)), (np.int64(38), np.float64(0.46498504360818954))]",23,0.5096076122160463,1.0,5,66,1,21,1,159,143.0,1,174,1,181,,150.0,0.0,,1.0,0.0,159.0,173.0,,,0.0,,,,,,,,,,,,,,,,,,,0.0,,,,,,,,,,,,,,,,,,,,,,,,,,,,,,,,,,,,,,,,,,,,,,,,,,,,,,,,,,,0.0,,,,,,,,,,,,,,0.0,,,,,,,,,,,,,,,,,,,,,,,,,,,,,,,,,,,,,,,,,,,,,,,,,181.0,174.0,159.0,21.0,66.0,,-7,-22,-160,-115,,-15,-153,-108,,-138,-93,,45,,
52795,1.0,8,2008-10-07 02:00:00+00:00,700,71,0.0,0.3333333333333333,0.4,Vorlage zur Beschlussfassung (Gesetzentwurf),Verbraucher,"['Arzneimittel', 'Gesundheitsvorsorge', 'Landeslabor Berlin-Brandenburg - Institut für Lebensmittel, Arzneimittel, Tierseuchen und Umwelt (LLBB)', 'Lebensmittelkontrolle', 'Staatsvertrag', 'Umweltschutz']",[0.00283935 0.00537502 0.00977828 ... 0.01591248 0.01372603 0.02575149],"[(np.int64(2), np.float64(0.3948997898982157)), (np.int64(23), np.float64(0.3878729710387123)), (np.int64(3), np.float64(0.3857543638981216))]",2,0.3948997898982157,1.0,2,40,1,9,1,49,49.0,1,50,2,57,71.0,,0.0,,0.0,,,,,,0.0,,,,,,,,,,,,,,,,,,,0.0,,,,,,,,,,,,,,,,,,,,,,,,,,,,,,,,,,,,,,,,,,,,,,,,,,,,,,,,,,,0.0,,,,,,,,,,,,,,0.0,,,,,,,,,,,,,,,,,,,,,,,,,,,,,,,,,,,,,,,,,,,,,,,,,,,,,,,-7,-8,-48,-17,-57.0,-1,-41,-10,-50.0,-40,-9,-49.0,31,-9.0,-40.0
53142,1.0,7,2008-11-18 01:00:00+00:00,742,78,0.0,0.3333333333333333,0.4,Vorlage zur Beschlussfassung (Gesetzentwurf),Abgaben,[],[ 0.00408622  0.01989811  0.01119269 ... -0.0025909   0.02060876   0.02724147],"[(np.int64(28), np.float64(0.4758247531643572)), (np.int64(12), np.float64(0.4454185267426264)), (np.int64(38), np.float64(0.4447477286939481))]",28,0.4758247531643572,0.5,2,64,1,23,1,71,71.0,1,72,1,78,,,0.0,,0.0,,,,,,0.0,,,,,,,,,,,,,,,,,,,0.0,,,,,,,,,,,,,,,,,,,,,,,,,,,,,,,,,,,,,,,,,,,,,,,,,,,,,,,,,,,0.0,,,,,,,,,,,,,,0.0,,,,,,,,,,,,,,,,,,,,,,,,,,,,,,,,,,,,,,,,,,,,,,,,,,,,,,,-6,-7,-55,-14,-78.0,-1,-49,-8,-72.0,-48,-7,-71.0,41,-23.0,-64.0
53109,0.0,13,2008-11-19 01:00:00+00:00,743,103,,0.3333333333333333,0.6,Antrag (Gesetzentwurf),Allgemeinbildende Schulen,"['Personenbezogene Daten', 'Schüler', 'Schulgesetz']",[ 0.01997718  0.010225    0.01495333 ...  0.00534892 -0.00886561   0.02399625],"[(np.int64(10), np.float64(0.407027522593764)), (np.int64(24), np.float64(0.361706633761291)), (np.int64(37), np.float64(0.3564212732948903))]",10,0.407027522593764,1.0,5,20,1,8,1,64,50.0,1,92,1,103,,50.0,3.0,68.0,1.0,0.0,54.0,64.0,83.0,92.0,0.0,,,,,,,,,,,,,,,,,,,0.0,,,,,,,,,,,,,,,,,,,,,,,,,,,,,,,,,,,,,,,,,,,,,,,,,,,,,,,,,,,0.0,,,,,,,,,,,,,,0.0,,,,,,,,,,,,,,,,,,,,,,,,,,,,,,,,,,,,,,,,,,-68.0,35.0,24.0,-4.0,-60.0,-48.0,,103.0,92.0,64.0,8.0,20.0,,-11,-39,-95,-83,,-28,-84,-72,,-56,-44,,12,,
53249,0.0,7,2008-11-28 01:00:00+00:00,752,68,,0.3333333333333333,0.4,Antrag (Gesetzentwurf),Parlament,[],[ 0.01662893 -0.00512335  0.01329143 ...  0.03068155 -0.00784604   0.00124424],"[(np.int64(28), np.float64(0.395940811216936)), (np.int64(19), np.float64(0.3176607793865317)), (np.int64(16), np.float64(0.31219171291911463))]",28,0.395940811216936,0.5,2,54,1,13,1,61,61.0,1,62,1,68,,,0.0,,1.0,0.0,,,,,0.0,,,,,,,,,,,,,,,,,,,0.0,,,,,,,,,,,,,,,,,,,,,,,,,,,,,,,,,,,,,,,,,,,,,,,,,,,,,,,,,,,0.0,,,,,,,,,,,,,,0.0,,,,,,,,,,,,,,,,,,,,,,,,,,,,,,,,,,,,,,,,,,,,,,,,,68.0,62.0,61.0,13.0,54.0,,-6,-7,-55,-14,,-1,-49,-8,,-48,-7,,41,,
53251,0.0,7,2008-11-28 01:00:00+00:00,752,68,,0.3333333333333333,0.6,Antrag (Gesetzentwurf),Abgeordnete,[],[ 0.01249147  0.00533244  0.00380047 ...  0.00860261 -0.00245999   0.00436023],"[(np.int64(30), np.float64(0.37736933991527455)), (np.int64(16), np.float64(0.3377234629647379)), (np.int64(18), np.float64(0.3324055931590497))]",30,0.37736933991527455,1.0,2,54,1,13,1,61,61.0,1,62,1,68,,,0.0,,1.0,0.0,,,,,0.0,,,,,,,,,,,,,,,,,,,0.0,,,,,,,,,,,,,,,,,,,,,,,,,,,,,,,,,,,,,,,,,,,,,,,,,,,,,,,,,,,0.0,,,,,,,,,,,,,,0.0,,,,,,,,,,,,,,,,,,,,,,,,,,,,,,,,,,,,,,,,,,,,,,,,,68.0,62.0,61.0,13.0,54.0,,-6,-7,-55,-14,,-1,-49,-8,,-48,-7,,41,,
53462,1.0,8,2009-01-06 01:00:00+00:00,791,72,0.0,0.3333333333333333,0.4,Vorlage zur Beschlussfassung (Gesetzentwurf),Öffentlicher Dienst,"['Bundesrecht', 'Föderalismus', 'Rechtsbereinigung']",[ 0.01389734  0.00467187 -0.00446489 ... -0.00220288 -0.00685996   0.03761153],"[(np.int64(35), np.float64(0.3814913995903404)), (np.int64(31), np.float64(0.3417395336929676)), (np.int64(8), np.float64(0.3150938049676672))]",35,0.3814913995903404,0.0,3,41,1,9,1,57,55.0,1,58,1,72,,57.0,0.0,,0.0,,,,,,0.0,,,,,,,,,,,,,,,,,,,0.0,,,,,,,,,,,,,,,,,,,,,,,,,,,,,,,,,,,,,,,,,,,,,,,,,,,,,,,,,,,0.0,,,,,,,,,,,,,,0.0,,,,,,,,,,,,,,,,,,,,,,,,,,,,,,,,,,,,,,,,,,,,,,,,,,,,,,,-14,-15,-63,-31,-72.0,-1,-49,-17,-58.0,-48,-16,-57.0,32,-9.0,-41.0
53683,1.0,7,2009-01-27 01:00:00+00:00,812,58,0.0,0.3333333333333333,0.4,Vorlage zur Beschlussfassung (Gesetzentwurf),Öffentlicher Haushalt,"['Konjunkturpolitik', 'Kreditaufnahme', 'Öffentliche Schulden', 'Steueraufkommen', 'Wirtschaftsförderung']",[0.00170806 0.0193831  0.01101586 ... 0.00695263 0.00346127 0.01167802],"[(np.int64(28), np.float64(0.5027925064172035)), (np.int64(35), np.float64(0.4283398850797999)), (np.int64(9), np.float64(0.41536176343865044))]",28,0.5027925064172035,0.5,2,22,1,23,1,50,50.0,1,51,1,58,,,0.0,,0.0,,,,,,0.0,,,,,,,,,,,,,,,,,,,0.0,,,,,,,,,,,,,,,,,,,,,,,,,,,,,,,,,,,,,,,,,,,,,,,,,,,,,,,,,,,0.0,,,,,,,,,,,,,,0.0,,,,,,,,,,,,,,,,,,,,,,,,,,,,,,,,,,,,,,,,,,,,,,,,,,,,,,,-7,-8,-35,-36,-58.0,-1,-28,-29,-51.0,-27,-28,-50.0,-1,-23.0,-22.0
53682,1.0,8,2009-01-29 01:00:00+00:00,814,138,0.0,0.3333333333333333,0.4,Vorlage zur Beschlussfassung (Gesetzentwurf),Rundfunk Fernsehen,"['Brandenburg', 'Fernsehen', 'Gebühr', 'Medienanstalt Berlin-Brandenburg', 'Rundfunk Berlin-Brandenburg']",[-0.02410538 -0.00176507 -0.00118164 ...  0.02032414  0.03686705   0.00732615],"[(np.int64(11), np.float64(0.49412251573973753)), (np.int64(31), np.float64(0.46015191636106206)), (np.int64(28), np.float64(0.41951983985200797))]",11,0.49412251573973753,1.0,2,34,1,21,1,62,62.0,1,91,2,105,138.0,,0.0,,0.0,,,,,,0.0,,,,,,,,,,,,,,,,,,,0.0,,,,,,,,,,,,,,,,,,,,,,,,,,,,,,,,,,,,,,,,,,,,,,,,,,,,,,,,,,,0.0,,,,,,,,,,,,,,0.0,,,,,,,,,,,,,,,,,,,,,,,,,,,,,,,,,,,,,,,,,,,,,,,,,,,,,,,-14,-43,-84,-71,-105.0,-29,-70,-57,-91.0,-41,-28,-62.0,13,-21.0,-34.0
53686,1.0,7,2009-02-03 01:00:00+00:00,819,150,0.0,0.3333333333333333,0.5,Vorlage zur Beschlussfassung (Gesetzentwurf),Behinderte,"['Baurecht', 'Gaststätten- und Beherbergungsgewerbe']",[-0.00507848  0.00843444  0.01378021 ...  0.00623673 -0.00213831   0.01603732],"[(np.int64(19), np.float64(0.48189459995092326)), (np.int64(34), np.float64(0.41777441417910144)), (np.int64(4), np.float64(0.4077688615230085))]",19,0.48189459995092326,0.5,2,106,1,16,1,135,135.0,1,142,1,150,,,0.0,,0.0,,,,,,0.0,,,,,,,,,,,,,,,,,,,0.0,,,,,,,,,,,,,,,,,,,,,,,,,,,,,,,,,,,,,,,,,,,,,,,,,,,,,,,,,,,0.0,,,,,,,,,,,,,,0.0,,,,,,,,,,,,,,,,,,,,,,,,,,,,,,,,,,,,,,,,,,,,,,,,,,,,,,,-8,-15,-134,-44,-150.0,-7,-126,-36,-142.0,-119,-29,-135.0,90,-16.0,-106.0
53685,1.0,7,2009-02-03 01:00:00+00:00,819,133,0.0,0.3333333333333333,0.4,Vorlage zur Beschlussfassung (Gesetzentwurf),Rundfunk Fernsehen,"['Fernsehen', 'Gebühr', 'Medien', 'Staatsvertrag']",[-0.00947328  0.00905882 -0.02249904 ...  0.00882199  0.01296655   0.01148635],"[(np.int64(11), np.float64(0.42907089689893174)), (np.int64(37), np.float64(0.33324339622410004)), (np.int64(34), np.float64(0.3269313946394002))]",11,0.42907089689893174,1.0,1,29,1,16,1,29,,1,44,2,58,133.0,,0.0,,0.0,,,,,,0.0,,,,,,,,,,,,,,,,,,,0.0,,,,,,,,,,,,,,,,,,,,,,,,,,,,,,,,,,,,,,,,,,,,,,,,,,,,,,,,,,,0.0,,,,,,,,,,,,,,0.0,,,,,,,,,,,,,,,,,,,,,,,,,,,,,,,,,,,,,,,,,,,,,,,,,,,,,,,-14,-29,-42,-29,-58.0,-15,-28,-15,-44.0,-13,0,-29.0,13,-16.0,-29.0
53820,1.0,14,2009-02-17 01:00:00+00:00,833,303,0.0,0.3333333333333333,0.4,Vorlage zur Beschlussfassung (Gesetzentwurf),Kinder Jugendliche,"['Gesundheitsvorsorge', 'Hebamme', 'Kindesmisshandlung', 'Vorsorgeuntersuchung']",[-0.0040476   0.0264159   0.01156457 ...  0.00937339 -0.00151405   0.0230074 ],"[(np.int64(28), np.float64(0.4295747789771107)), (np.int64(22), np.float64(0.42885458599806947)), (np.int64(24), np.float64(0.426540709475312))]",28,0.4295747789771107,0.5,8,27,1,16,1,295,76.0,1,296,1,303,,260.0,0.0,,0.0,,261.0,266.0,,,1.0,44.0,279.0,,286.0,295.0,,,,,,,,,,,,,,0.0,,,,,,,,,,,,,,,,,,,,,,,,,,,,,,,,,,,,,,,,,,,,,,,,,,,,,,,,,,,0.0,,,,,,,,,,,,,,0.0,,,,,,,,,,,,,,,,,,,,,,,,,,,,,,,,,,,,259.0,252.0,251.0,-28.0,-17.0,-44.0,,,,,,,,,,,,,,-7,-8,-287,-276,-303.0,-1,-280,-269,-296.0,-279,-268,-295.0,11,-16.0,-27.0
53821,0.0,7,2009-02-24 01:00:00+00:00,840,79,,0.3333333333333333,0.5,Antrag (Gesetzentwurf),"['Gesundheitsschutz', 'Rauschmittel']","['Gaststätte', 'Gerichtsentscheidung', 'Gesundheitsrisiko']",[-0.01439843  0.04526913  0.02820433 ...  0.01256159 -0.00811763   0.02571571],"[(np.int64(19), np.float64(0.39120573408285525)), (np.int64(4), np.float64(0.3499597715800744)), (np.int64(34), np.float64(0.33991087168858186))]",19,0.39120573408285525,0.5,2,34,1,9,1,55,55.0,1,65,1,79,,,0.0,,1.0,0.0,,,,,0.0,,,,,,,,,,,,,,,,,,,0.0,,,,,,,,,,,,,,,,,,,,,,,,,,,,,,,,,,,,,,,,,,,,,,,,,,,,,,,,,,,0.0,,,,,,,,,,,,,,0.0,,,,,,,,,,,,,,,,,,,,,,,,,,,,,,,,,,,,,,,,,,,,,,,,,79.0,65.0,55.0,9.0,34.0,,-14,-24,-70,-45,,-10,-56,-31,,-46,-21,,25,,
53973,1.0,6,2009-03-10 01:00:00+00:00,854,203,0.0,1.0,1.0,Vorlage zur Beschlussfassung (Gesetzentwurf),"['Medizinische Berufe', 'Universitäten']","['Ausbildungsordnung', 'Bachelor', 'Studienzeit']",[-0.01615452  0.00501144  0.01851285 ...  0.01709785 -0.0080183  -0.00093596],"[(np.int64(20), np.float64(0.3749786809012242)), (np.int64(37), np.float64(0.32557244326457657)), (np.int64(34), np.float64(0.32011563422581774))]",20,0.3749786809012242,1.0,1,188,1,23,1,188,,1,198,1,203,,,0.0,,0.0,,,,,,0.0,,,,,,,,,,,,,,,,,,,0.0,,,,,,,,,,,,,,,,,,,,,,,,,,,,,,,,,,,,,,,,,,,,,,,,,,,,,,,,,,,0.0,,,,,,,,,,,,,,0.0,,,,,,,,,,,,,,,,,,,,,,,,,,,,,,,,,,,,,,,,,,,,,,,,,,,,,,,-5,-15,-180,-15,-203.0,-10,-175,-10,-198.0,-165,0,-188.0,165,-23.0,-188.0
54064,1.0,8,2009-03-17 01:00:00+00:00,861,108,0.0,0.3333333333333333,0.5,Vorlage zur Beschlussfassung (Gesetzentwurf),Informations- und Kommunikationstechnologien,"['Justizvollzugsanstalt', 'Mobiltelefon', 'Überwachung des Fernmeldeverkehrs']",[-0.01098605  0.02455704  0.00108685 ...  0.01727218  0.00734361   0.01198478],"[(np.int64(19), np.float64(0.3072587998244559)), (np.int64(28), np.float64(0.3061383098119614)), (np.int64(4), np.float64(0.30422502757499525))]",19,0.3072587998244559,0.5,3,36,1,16,1,99,99.0,1,100,1,108,,99.0,0.0,,0.0,,,,,,0.0,,,,,,,,,,,,,,,,,,,0.0,,,,,,,,,,,,,,,,,,,,,,,,,,,,,,,,,,,,,,,,,,,,,,,,,,,,,,,,,,,0.0,,,,,,,,,,,,,,0.0,,,,,,,,,,,,,,,,,,,,,,,,,,,,,,,,,,,,,,,,,,,,,,,,,,,,,,,-8,-9,-92,-72,-108.0,-1,-84,-64,-100.0,-83,-63,-99.0,20,-16.0,-36.0
54406,1.0,7,2009-04-28 02:00:00+00:00,903,66,0.0,1.0,1.0,Vorlage zur Beschlussfassung (Gesetzentwurf),Mitbestimmung,"['Architekt', 'Bau', 'Dienstleistung', 'Europäische Union', 'Niederlassungsfreiheit', 'Rechtseinheit']",[ 0.00519048  0.01874504  0.02527021 ... -0.00409306  0.00806749   0.00984708],"[(np.int64(20), np.float64(0.4317280441504523)), (np.int64(35), np.float64(0.38734302053899283)), (np.int64(28), np.float64(0.38653696403798976))]",20,0.4317280441504523,1.0,2,22,1,16,1,50,50.0,1,58,1,66,,,0.0,,0.0,,,,,,0.0,,,,,,,,,,,,,,,,,,,0.0,,,,,,,,,,,,,,,,,,,,,,,,,,,,,,,,,,,,,,,,,,,,,,,,,,,,,,,,,,,0.0,,,,,,,,,,,,,,0.0,,,,,,,,,,,,,,,,,,,,,,,,,,,,,,,,,,,,,,,,,,,,,,,,,,,,,,,-8,-16,-50,-44,-66.0,-8,-42,-36,-58.0,-34,-28,-50.0,6,-16.0,-22.0
54661,0.0,7,2009-05-26 02:00:00+00:00,931,408,,0.3333333333333333,0.4,Antrag (Gesetzentwurf),Alternative Energien,"['Energieeinsparung', 'Energiepreis', 'Erschließungsbeitrag gem. Bundesbaugesetz']",[-0.00704172  0.00511045  0.0097455  ...  0.01152822 -0.00837875  -0.00017549],"[(np.int64(37), np.float64(0.43292814352946696)), (np.int64(18), np.float64(0.43157541992141785)), (np.int64(9), np.float64(0.40049530826994467))]",37,0.43292814352946696,0.5,2,393,1,16,1,400,400.0,1,401,1,408,,,0.0,,1.0,0.0,,,,,0.0,,,,,,,,,,,,,,,,,,,0.0,,,,,,,,,,,,,,,,,,,,,,,,,,,,,,,,,,,,,,,,,,,,,,,,,,,,,,,,,,,0.0,,,,,,,,,,,,,,0.0,,,,,,,,,,,,,,,,,,,,,,,,,,,,,,,,,,,,,,,,,,,,,,,,,408.0,401.0,400.0,16.0,393.0,,-7,-8,-392,-15,,-1,-385,-8,,-384,-7,,377,,
54621,1.0,8,2009-05-26 02:00:00+00:00,931,38,0.0,0.3333333333333333,0.4,Vorlage zur Beschlussfassung (Gesetzentwurf),Öffentlicher Haushalt,"['Kreditaufnahme', 'Öffentliche Schulden', 'Steueraufkommen', 'Wirtschaftsförderung']",[ 0.0214758   0.02517441 -0.00235637 ... -0.00263973  0.00918687   0.03042406],"[(np.int64(28), np.float64(0.522914071626174)), (np.int64(38), np.float64(0.42882769385574915)), (np.int64(12), np.float64(0.4208151867783867))]",28,0.522914071626174,0.5,2,15,1,16,1,29,29.0,1,30,1,38,,,1.0,30.0,0.0,,,,,,0.0,,,,,,,,,,,,,,,,,,,0.0,,,,,,,,,,,,,,,,,,,,,,,,,,,,,,,,,,,,,,,,,,,,,,,,,,,,,,,,,,,0.0,,,,,,,,,,,,,,0.0,,,,,,,,,,,,,,,,,,,,,,,,,,,,,,,,,,,,,,,,,,,8.0,0.0,-1.0,-14.0,-15.0,-30.0,,,,,,,-8,-9,-22,-23,-38.0,-1,-14,-15,-30.0,-13,-14,-29.0,-1,-16.0,-15.0
54773,1.0,8,2009-06-16 02:00:00+00:00,952,169,0.0,0.3333333333333333,0.4,Vorlage zur Beschlussfassung (Gesetzentwurf),Justizvollzug,"['Strafgefangener', 'Gesetzgebung', 'Strafverfahren']",[0.00965204 0.0153959  0.00840853 ... 0.00303477 0.00330124 0.01622491],"[(np.int64(28), np.float64(0.44946482973898794)), (np.int64(38), np.float64(0.44661964322361847)), (np.int64(12), np.float64(0.43866290263869395))]",28,0.44946482973898794,0.5,2,92,1,9,1,140,140.0,1,162,1,169,,,1.0,160.0,0.0,,,,,,0.0,,,,,,,,,,,,,,,,,,,0.0,,,,,,,,,,,,,,,,,,,,,,,,,,,,,,,,,,,,,,,,,,,,,,,,,,,,,,,,,,,0.0,,,,,,,,,,,,,,0.0,,,,,,,,,,,,,,,,,,,,,,,,,,,,,,,,,,,,,,,,,,,9.0,2.0,-20.0,-151.0,-68.0,-160.0,,,,,,,-7,-29,-160,-77,-169.0,-22,-153,-70,-162.0,-131,-48,-140.0,83,-9.0,-92.0
54871,1.0,7,2009-06-23 02:00:00+00:00,959,266,0.0,0.3333333333333333,0.4,Vorlage zur Beschlussfassung (Gesetzentwurf),"['Lebensgemeinschaften', 'Mitbestimmung']","['Beamter', 'Eherecht', 'Rente']",[ 0.00705968  0.02667658  0.01766422 ...  0.00627861 -0.01099508   0.0317235 ],"[(np.int64(28), np.float64(0.45222042511052307)), (np.int64(38), np.float64(0.45114212139808463)), (np.int64(35), np.float64(0.4157727173065394))]",28,0.45222042511052307,0.5,1,250,1,79,1,250,,1,260,1,266,,,1.0,259.0,0.0,,,,,,0.0,,,,,,,,,,,,,,,,,,,0.0,,,,,,,,,,,,,,,,,,,,,,,,,,,,,,,,,,,,,,,,,,,,,,,,,,,,,,,,,,,0.0,,,,,,,,,,,,,,0.0,,,,,,,,,,,,,,,,,,,,,,,,,,,,,,,,,,,,,,,,,,,7.0,1.0,-9.0,-180.0,-9.0,-259.0,,,,,,,-6,-16,-187,-16,-266.0,-10,-181,-10,-260.0,-171,0,-250.0,171,-79.0,-250.0
54960,1.0,7,2009-06-30 02:00:00+00:00,966,155,0.0,0.3333333333333333,0.4,Vorlage zur Beschlussfassung (Gesetzentwurf),"['Europäische Union', 'Informations- und Kommunikationstechnologien']","['Digitalisierung', 'Europäische Union', 'Information', 'Rechtsvorschrift', 'Verwaltungsverfahren']",[ 0.01329178 -0.00199377 -0.01689533 ...  0.01258289  0.01795867   0.0209124 ],"[(np.int64(35), np.float64(0.33841322066525303)), (np.int64(28), np.float64(0.3352796920335382)), (np.int64(12), np.float64(0.33449320747369016))]",35,0.33841322066525303,0.0,1,126,1,72,1,126,,1,148,1,155,,,0.0,,0.0,,,,,,1.0,107.0,,,,,,,,,,,,,,,,,,0.0,,,,,,,,,,,,,,,,,,,,,,,,,,,,,,,,,,,,,,,,,,,,,,,,,,,,,,,,,,,0.0,,,,,,,,,,,,,,0.0,,,,,,,,,,,,,,,,,,,,,,,,,,,,,,,,,,,,48.0,41.0,19.0,-35.0,19.0,-107.0,,,,,,,,,,,,,,-7,-29,-83,-29,-155.0,-22,-76,-22,-148.0,-54,0,-126.0,54,-72.0,-126.0
55021,2.0,73,2009-07-07 02:00:00+00:00,973,162,0.0,0.3333333333333333,0.4,Vorlage zur Beschlussfassung (Gesetzentwurf),Öffentlicher Haushalt,"['Finanzausgleich', 'Finanzpolitik', 'Kreditaufnahme', 'Landesbürgschaft', 'Steueraufkommen', 'Wirtschaftspolitik']",[0.0233568  0.01519384 0.00399211 ... 0.00598816 0.00196626 0.0237143 ],"[(np.int64(28), np.float64(0.5175717716705099)), (np.int64(38), np.float64(0.42613875049519884)), (np.int64(9), np.float64(0.4218923487165521))]",28,0.5175717716705099,0.5,51,55,1,65,1,147,55.0,14,155,1,162,,57.0,2.0,147.0,0.0,,57.0,57.0,155.0,,0.0,,58.0,,58.0,59.0,0.0,62.0,62.0,62.0,63.0,64.0,66.0,69.0,70.0,71.0,72.0,73.0,78.0,1.0,78.0,85.0,86.0,86.0,87.0,90.0,90.0,91.0,92.0,92.0,92.0,92.0,93.0,93.0,94.0,97.0,97.0,97.0,97.0,98.0,99.0,101.0,119.0,119.0,121.0,126.0,133.0,135.0,138.0,140.0,142.0,147.0,155.0,155.0,155.0,155.0,155.0,155.0,155.0,155.0,155.0,155.0,155.0,155.0,155.0,,,,,,,,,,,,,,0.0,,,,,,,,,,,,,,0.0,,,,,,,,,,,,,,,,,,,,,,,,,,69.0,,84.0,77.0,69.0,-13.0,-23.0,-78.0,,,,,,,,,,15.0,8.0,0.0,-82.0,-92.0,-147.0,,,,,,,-7,-15,-97,-107,-162.0,-8,-90,-100,-155.0,-82,-92,-147.0,-10,-65.0,-55.0
55060,1.0,7,2009-07-28 02:00:00+00:00,994,141,0.0,1.0,1.0,Vorlage zur Beschlussfassung (Gesetzentwurf),Dienstleistungen,"['Gericht', 'Gesetzgebung']",[ 0.00964793  0.0086417  -0.001132   ...  0.00754669 -0.00686601   0.0069252 ],"[(np.int64(20), np.float64(0.41135866399214116)), (np.int64(35), np.float64(0.39642370243528247)), (np.int64(8), np.float64(0.376671536183238))]",20,0.41135866399214116,1.0,2,98,1,44,1,112,112.0,1,134,1,141,,,0.0,,0.0,,,,,,0.0,,,,,,,,,,,,,,,,,,,0.0,,,,,,,,,,,,,,,,,,,,,,,,,,,,,,,,,,,,,,,,,,,,,,,,,,,,,,,,,,,0.0,,,,,,,,,,,,,,0.0,,,,,,,,,,,,,,,,,,,,,,,,,,,,,,,,,,,,,,,,,,,,,,,,,,,,,,,-7,-29,-97,-43,-141.0,-22,-90,-36,-134.0,-68,-14,-112.0,54,-44.0,-98.0
55168,1.0,6,2009-08-19 02:00:00+00:00,1016,167,0.0,1.0,0.7,Vorlage zur Beschlussfassung (Gesetzentwurf),Öffentliche Verwaltung,"['Forschung', 'Investitionsbank Berlin (IBB)', 'Naturschutz', 'Öffentliche Sicherheit und Ordnung', 'Städtebau']",[-0.01138893 -0.00551651 -0.00021503 ...  0.00551651 -0.00765193  -0.00351455],"[(np.int64(31), np.float64(0.455434858308308)), (np.int64(38), np.float64(0.40103841148135505)), (np.int64(28), np.float64(0.395314207065677))]",31,0.455434858308308,1.0,1,144,1,22,1,144,,1,161,1,167,,,0.0,,0.0,,,,,,0.0,,,,,,,,,,,,,,,,,,,0.0,,,,,,,,,,,,,,,,,,,,,,,,,,,,,,,,,,,,,,,,,,,,,,,,,,,,,,,,,,,0.0,,,,,,,,,,,,,,0.0,,,,,,,,,,,,,,,,,,,,,,,,,,,,,,,,,,,,,,,,,,,,,,,,,,,,,,,-6,-23,-145,-23,-167.0,-17,-139,-17,-161.0,-122,0,-144.0,122,-22.0,-144.0
55210,1.0,6,2009-08-21 02:00:00+00:00,1018,103,0.0,0.3333333333333333,0.5,Vorlage zur Beschlussfassung (Gesetzentwurf),Menschenrechte,"['Länder der Bundesrepublik Deutschland', 'Staatsvertrag', 'Vereinte Nationen']",[ 0.00918727  0.02548728 -0.00533455 ...  0.00551236  0.00829818   0.02110109],"[(np.int64(19), np.float64(0.3521038319301577)), (np.int64(12), np.float64(0.33532787449981805)), (np.int64(38), np.float64(0.30497211991380946))]",19,0.3521038319301577,0.5,1,74,1,20,1,74,,1,96,1,103,,,0.0,,0.0,,,,,,0.0,,,,,,,,,,,,,,,,,,,0.0,,,,,,,,,,,,,,,,,,,,,,,,,,,,,,,,,,,,,,,,,,,,,,,,,,,,,,,,,,,0.0,,,,,,,,,,,,,,0.0,,,,,,,,,,,,,,,,,,,,,,,,,,,,,,,,,,,,,,,,,,,,,,,,,,,,,,,-7,-29,-83,-29,-103.0,-22,-76,-22,-96.0,-54,0,-74.0,54,-20.0,-74.0
55211,1.0,9,2009-08-25 02:00:00+00:00,1022,84,0.0,0.3333333333333333,0.4,Vorlage zur Beschlussfassung (Gesetzentwurf),"['Dienstleistungen', 'Europäische Union']","['Europäische Union', 'Rechtseinheit']",[ 0.01755677  0.00795357  0.0130792  ... -0.00278375  0.00830706   0.03110729],"[(np.int64(35), np.float64(0.44662253441090494)), (np.int64(34), np.float64(0.4374051899600774)), (np.int64(28), np.float64(0.4330373639631994))]",35,0.44662253441090494,0.0,4,27,1,16,1,77,71.0,1,78,1,84,,75.0,0.0,,0.0,,77.0,,,,0.0,,,,,,,,,,,,,,,,,,,0.0,,,,,,,,,,,,,,,,,,,,,,,,,,,,,,,,,,,,,,,,,,,,,,,,,,,,,,,,,,,0.0,,,,,,,,,,,,,,0.0,,,,,,,,,,,,,,,,,,,,,,,,,,,,,,,,,,,,,,,,,,,,,,,,,,,,,,,-6,-7,-68,-57,-84.0,-1,-62,-51,-78.0,-61,-50,-77.0,11,-16.0,-27.0
55215,1.0,6,2009-09-01 02:00:00+00:00,1029,49,0.0,0.3333333333333333,0.4,Vorlage zur Beschlussfassung (Gesetzentwurf),"['Abgaben', 'Glücksspiel']","['Bundesrecht', 'Steuer']",[0.03043822 0.00740309 0.01698877 ... 0.00637079 0.01403933 0.01280057],"[(np.int64(28), np.float64(0.4579890342507901)), (np.int64(34), np.float64(0.4177667530522964)), (np.int64(9), np.float64(0.40209785378190077))]",28,0.4579890342507901,0.5,1,36,1,23,1,36,,1,44,1,49,,,0.0,,0.0,,,,,,0.0,,,,,,,,,,,,,,,,,,,0.0,,,,,,,,,,,,,,,,,,,,,,,,,,,,,,,,,,,,,,,,,,,,,,,,,,,,,,,,,,,0.0,,,,,,,,,,,,,,0.0,,,,,,,,,,,,,,,,,,,,,,,,,,,,,,,,,,,,,,,,,,,,,,,,,,,,,,,-5,-13,-26,-13,-49.0,-8,-21,-8,-44.0,-13,0,-36.0,13,-23.0,-36.0
55208,1.0,6,2009-09-01 02:00:00+00:00,1029,49,0.0,1.0,0.7,Vorlage zur Beschlussfassung (Gesetzentwurf),Wald Forsten,"['Brandenburg', 'Bundesrecht', 'Öffentliche Sicherheit und Ordnung', 'Pflanzenschutz', 'Senatsverwaltung für Stadtentwicklung', 'Zuständigkeit (Verwaltung)']",[ 0.00546835  0.01152788  0.010582   ...  0.00130797 -0.00285241   0.00066138],"[(np.int64(31), np.float64(0.4098123609254207)), (np.int64(38), np.float64(0.3647419877084266)), (np.int64(28), np.float64(0.3481724591054157))]",31,0.4098123609254207,1.0,1,20,1,9,1,20,,1,44,1,49,,,0.0,,0.0,,,,,,0.0,,,,,,,,,,,,,,,,,,,0.0,,,,,,,,,,,,,,,,,,,,,,,,,,,,,,,,,,,,,,,,,,,,,,,,,,,,,,,,,,,0.0,,,,,,,,,,,,,,0.0,,,,,,,,,,,,,,,,,,,,,,,,,,,,,,,,,,,,,,,,,,,,,,,,,,,,,,,-5,-29,-40,-29,-49.0,-24,-35,-24,-44.0,-11,0,-20.0,11,-9.0,-20.0
55191,0.0,6,2009-09-01 02:00:00+00:00,1029,106,,0.3333333333333333,0.4,Antrag (Gesetzentwurf),Energie,"['Energieeinsparung', 'Bausanierung']",[-0.02071427 -0.0019457   0.01951692 ...  0.02167216 -0.01167423   0.01448802],"[(np.int64(28), np.float64(0.5106286360633586)), (np.int64(38), np.float64(0.49598525388143794)), (np.int64(1), np.float64(0.44327180559772694))]",28,0.5106286360633586,0.5,1,77,1,9,1,77,,1,99,1,106,,,0.0,,1.0,0.0,,,,,0.0,,,,,,,,,,,,,,,,,,,0.0,,,,,,,,,,,,,,,,,,,,,,,,,,,,,,,,,,,,,,,,,,,,,,,,,,,,,,,,,,,0.0,,,,,,,,,,,,,,0.0,,,,,,,,,,,,,,,,,,,,,,,,,,,,,,,,,,,,,,,,,,,,,,,,,106.0,99.0,77.0,9.0,77.0,,-7,-29,-97,-29,,-22,-90,-22,,-68,0,,68,,
55254,1.0,13,2009-09-08 02:00:00+00:00,1036,138,0.0,0.3333333333333333,0.5,Vorlage zur Beschlussfassung (Gesetzentwurf),Allgemeinbildende Schulen,"['Ausländerintegration', 'Ausländischer Schüler', 'Gymnasium', 'Oberschule']",[ 0.02633895  0.03051027  0.00455866 ...  0.00381378 -0.00834265   0.0105475 ],"[(np.int64(19), np.float64(0.4126893019221991)), (np.int64(12), np.float64(0.38247501451809934)), (np.int64(10), np.float64(0.3791223173145035))]",19,0.4126893019221991,0.5,5,27,1,16,1,126,72.0,1,127,1,138,,85.0,3.0,126.0,0.0,,120.0,126.0,127.0,127.0,0.0,,,,,,,,,,,,,,,,,,,0.0,,,,,,,,,,,,,,,,,,,,,,,,,,,,,,,,,,,,,,,,,,,,,,,,,,,,,,,,,,,0.0,,,,,,,,,,,,,,0.0,,,,,,,,,,,,,,,,,,,,,,,,,,,,,,,,,,,,,,,,,,,12.0,1.0,0.0,-110.0,-99.0,-126.0,,,,,,,-11,-12,-122,-111,-138.0,-1,-111,-100,-127.0,-110,-99,-126.0,11,-16.0,-27.0
55261,0.0,10,2009-09-16 02:00:00+00:00,1044,139,,0.3333333333333333,0.4,Antrag (Gesetzentwurf),"['Kinder Jugendliche', 'Immissionen und Emissionen']","['Immissionsschutz', 'Lärmschutz']",[0.01453207 0.01665872 0.02977303 ... 0.01370505 0.00053905 0.01996683],"[(np.int64(28), np.float64(0.40748324240924705)), (np.int64(12), np.float64(0.3991156054693945)), (np.int64(38), np.float64(0.3899389791014226))]",28,0.40748324240924705,0.5,5,1,1,8,1,123,48.0,1,133,1,139,,62.0,0.0,,1.0,0.0,76.0,123.0,,,0.0,,,,,,,,,,,,,,,,,,,0.0,,,,,,,,,,,,,,,,,,,,,,,,,,,,,,,,,,,,,,,,,,,,,,,,,,,,,,,,,,,0.0,,,,,,,,,,,,,,0.0,,,,,,,,,,,,,,,,,,,,,,,,,,,,,,,,,,,,,,,,,,,,,,,,,139.0,133.0,123.0,8.0,1.0,,-6,-16,-131,-138,,-10,-125,-132,,-115,-122,,-7,,
55431,1.0,10,2009-10-13 02:00:00+00:00,1071,233,0.0,0.3333333333333333,0.4,Vorlage zur Beschlussfassung (Gesetzentwurf),"['Behinderte', 'Alte Menschen']","['Häusliche Pflege', 'Altenpflege', 'Barrierefreiheit', 'Behinderter', 'Wohngemeinschaft']",[-0.00133912  0.03570987  0.01595041 ...  0.01642654  0.01243894   0.02725853],"[(np.int64(38), np.float64(0.4036232586990084)), (np.int64(19), np.float64(0.3944564208743071)), (np.int64(4), np.float64(0.3828610677610154))]",38,0.4036232586990084,0.5,4,99,1,29,1,204,195.0,1,219,1,233,,198.0,0.0,,0.0,,204.0,,,,1.0,191.0,,,,,,,,,,,,,,,,,,0.0,,,,,,,,,,,,,,,,,,,,,,,,,,,,,,,,,,,,,,,,,,,,,,,,,,,,,,,,,,,0.0,,,,,,,,,,,,,,0.0,,,,,,,,,,,,,,,,,,,,,,,,,,,,,,,,,,,,42.0,28.0,13.0,-162.0,-92.0,-191.0,,,,,,,,,,,,,,-14,-29,-204,-134,-233.0,-15,-190,-120,-219.0,-175,-105,-204.0,70,-29.0,-99.0
55516,1.0,7,2009-11-03 01:00:00+00:00,1092,166,0.0,0.3333333333333333,0.4,Vorlage zur Beschlussfassung (Gesetzentwurf),Finanzmarkt,"['Finanzpolitik', 'Länder der Bundesrepublik Deutschland', 'Landesbank Berlin Holding AG', 'Staatsvertrag']",[ 0.02768936  0.0015441  -0.0012681  ...  0.00381922  0.00320755   0.0171865 ],"[(np.int64(28), np.float64(0.48054180563599025)), (np.int64(38), np.float64(0.4643138851555204)), (np.int64(34), np.float64(0.3914660200751564))]",28,0.48054180563599025,0.5,1,8,1,9,1,8,,1,23,2,30,166.0,,0.0,,0.0,,,,,,0.0,,,,,,,,,,,,,,,,,,,0.0,,,,,,,,,,,,,,,,,,,,,,,,,,,,,,,,,,,,,,,,,,,,,,,,,,,,,,,,,,,0.0,,,,,,,,,,,,,,0.0,,,,,,,,,,,,,,,,,,,,,,,,,,,,,,,,,,,,,,,,,,,,,,,,,,,,,,,-7,-22,-21,-22,-30.0,-15,-14,-15,-23.0,1,0,-8.0,-1,-9.0,-8.0
55545,1.0,6,2009-11-03 01:00:00+00:00,1092,44,0.0,0.3333333333333333,0.4,Vorlage zur Beschlussfassung (Gesetzentwurf),"['Landesregierung', 'Justizverwaltung']","['Bundesrecht', 'Justizverwaltung', 'Notar', 'Rechtsanwalt', 'Zuständigkeit (Verwaltung)']",[ 0.00161113 -0.00409835  0.00843429 ...  0.02031356 -0.01419573   0.00433594],"[(np.int64(8), np.float64(0.3361853583142006)), (np.int64(31), np.float64(0.3261953440328444)), (np.int64(19), np.float64(0.2982848690420066))]",8,0.3361853583142006,1.0,1,29,1,23,1,29,,1,37,1,44,,,0.0,,0.0,,,,,,0.0,,,,,,,,,,,,,,,,,,,0.0,,,,,,,,,,,,,,,,,,,,,,,,,,,,,,,,,,,,,,,,,,,,,,,,,,,,,,,,,,,0.0,,,,,,,,,,,,,,0.0,,,,,,,,,,,,,,,,,,,,,,,,,,,,,,,,,,,,,,,,,,,,,,,,,,,,,,,-7,-15,-21,-15,-44.0,-8,-14,-8,-37.0,-6,0,-29.0,6,-23.0,-29.0
55515,1.0,12,2009-11-03 01:00:00+00:00,1092,83,0.0,0.3333333333333333,0.6,Vorlage zur Beschlussfassung (Gesetzentwurf),Allgemeinbildende Schulen,"['Besoldungsrecht', 'Ganztagsschule', 'Gemeinschaftsschule', 'Kinder- und Jugendhilfe', 'Hort', 'Kindertagesstätte', 'Schulverpflegung']",[ 0.01227908  0.01779577  0.01672802 ...  0.0022393  -0.01791441   0.01376206],"[(np.int64(10), np.float64(0.39029052037369766)), (np.int64(27), np.float64(0.3884618534552915)), (np.int64(7), np.float64(0.37894186541517794))]",10,0.39029052037369766,1.0,5,16,1,9,1,71,17.0,1,72,1,83,,30.0,2.0,71.0,0.0,,65.0,71.0,72.0,,0.0,,,,,,,,,,,,,,,,,,,0.0,,,,,,,,,,,,,,,,,,,,,,,,,,,,,,,,,,,,,,,,,,,,,,,,,,,,,,,,,,,0.0,,,,,,,,,,,,,,0.0,,,,,,,,,,,,,,,,,,,,,,,,,,,,,,,,,,,,,,,,,,,12.0,1.0,0.0,-62.0,-55.0,-71.0,,,,,,,-11,-12,-74,-67,-83.0,-1,-63,-56,-72.0,-62,-55,-71.0,7,-9.0,-16.0
55564,1.0,10,2009-11-10 01:00:00+00:00,1099,37,0.0,0.3333333333333333,0.4,Vorlage zur Beschlussfassung (Gesetzentwurf),Vorschulische Erziehung,"['Bildungspolitik', 'Gebühr', 'Kinderbetreuung', 'Kindertagesstätte', 'Sprachförderung']",[ 0.00682327  0.02371757  0.01966533 ... -0.00622735 -0.01644736   0.02598207],"[(np.int64(27), np.float64(0.4314215259034747)), (np.int64(9), np.float64(0.41335864380535187)), (np.int64(7), np.float64(0.3949715837999306))]",27,0.4314215259034747,0.0,4,9,1,2,1,29,10.0,1,30,1,37,,23.0,1.0,30.0,0.0,,29.0,,,,0.0,,,,,,,,,,,,,,,,,,,0.0,,,,,,,,,,,,,,,,,,,,,,,,,,,,,,,,,,,,,,,,,,,,,,,,,,,,,,,,,,,0.0,,,,,,,,,,,,,,0.0,,,,,,,,,,,,,,,,,,,,,,,,,,,,,,,,,,,,,,,,,,,7.0,0.0,-1.0,-28.0,-21.0,-30.0,,,,,,,-7,-8,-35,-28,-37.0,-1,-28,-21,-30.0,-27,-20,-29.0,7,-2.0,-9.0
55657,1.0,7,2009-11-17 01:00:00+00:00,1106,106,0.0,1.0,0.4,Vorlage zur Beschlussfassung (Gesetzentwurf),"['Glücksspiel', 'Abgaben']","['Abgabe', 'Glücksspiel', 'Steuerpolitik']",[ 0.01710476  0.00018838  0.00754272 ...  0.00813664 -0.00291018   0.01615449],"[(np.int64(18), np.float64(0.38135257454120025)), (np.int64(28), np.float64(0.34728349605634773)), (np.int64(19), np.float64(0.33413485114643515))]",18,0.38135257454120025,1.0,2,57,1,23,1,99,99.0,1,100,1,106,,,0.0,,0.0,,,,,,0.0,,,,,,,,,,,,,,,,,,,0.0,,,,,,,,,,,,,,,,,,,,,,,,,,,,,,,,,,,,,,,,,,,,,,,,,,,,,,,,,,,0.0,,,,,,,,,,,,,,0.0,,,,,,,,,,,,,,,,,,,,,,,,,,,,,,,,,,,,,,,,,,,,,,,,,,,,,,,-6,-7,-83,-49,-106.0,-1,-77,-43,-100.0,-76,-42,-99.0,34,-23.0,-57.0
55633,0.0,7,2009-11-18 01:00:00+00:00,1107,119,,0.3333333333333333,0.6,Antrag (Gesetzentwurf),"['Staatsaufbau', 'Kinder Jugendliche']","['Kind', 'Kindererziehung', 'Kinderschutz']",[-0.00354293  0.0411627   0.01258402 ...  0.00852656  0.00128633   0.03175408],"[(np.int64(24), np.float64(0.4464455886614026)), (np.int64(22), np.float64(0.4453457956546507)), (np.int64(27), np.float64(0.43521315710537956))]",24,0.4464455886614026,1.0,2,63,1,8,1,91,91.0,1,113,1,119,,,0.0,,1.0,0.0,,,,,0.0,,,,,,,,,,,,,,,,,,,0.0,,,,,,,,,,,,,,,,,,,,,,,,,,,,,,,,,,,,,,,,,,,,,,,,,,,,,,,,,,,0.0,,,,,,,,,,,,,,0.0,,,,,,,,,,,,,,,,,,,,,,,,,,,,,,,,,,,,,,,,,,,,,,,,,119.0,113.0,91.0,8.0,63.0,,-6,-28,-111,-56,,-22,-105,-50,,-83,-28,,55,,
55634,0.0,6,2009-11-18 01:00:00+00:00,1107,29,,1.0,1.0,Antrag (Gesetzentwurf),"['Staatsaufbau', 'Wahlen']","['Regierender Bürgermeister', 'Parlamentsabstimmung']",[0.00701629 0.02392051 0.00663143 ... 0.01835485 0.01705224 0.02119689],"[(np.int64(12), np.float64(0.43608289996199334)), (np.int64(31), np.float64(0.43443123729920186)), (np.int64(28), np.float64(0.43129619697404353))]",12,0.43608289996199334,1.0,1,14,1,8,1,14,,1,22,1,29,,,0.0,,1.0,0.0,,,,,0.0,,,,,,,,,,,,,,,,,,,0.0,,,,,,,,,,,,,,,,,,,,,,,,,,,,,,,,,,,,,,,,,,,,,,,,,,,,,,,,,,,0.0,,,,,,,,,,,,,,0.0,,,,,,,,,,,,,,,,,,,,,,,,,,,,,,,,,,,,,,,,,,,,,,,,,29.0,22.0,14.0,8.0,14.0,,-7,-15,-21,-15,,-8,-14,-8,,-6,0,,6,,
55631,0.0,7,2009-11-18 01:00:00+00:00,1107,29,,1.0,0.7,Antrag (Gesetzentwurf),"['Staatsaufbau', 'Landesregierung']","['Bezirksamt', 'Bezirksverordnetenversammlung']",[ 0.00710751  0.01469284 -0.00201579 ... -0.00603243  0.01266212   0.01104949],"[(np.int64(31), np.float64(0.5147665178606637)), (np.int64(8), np.float64(0.4551447442722267)), (np.int64(28), np.float64(0.45331037142757524))]",31,0.5147665178606637,1.0,2,14,1,8,1,19,19.0,1,22,1,29,,,0.0,,1.0,0.0,,,,,0.0,,,,,,,,,,,,,,,,,,,0.0,,,,,,,,,,,,,,,,,,,,,,,,,,,,,,,,,,,,,,,,,,,,,,,,,,,,,,,,,,,0.0,,,,,,,,,,,,,,0.0,,,,,,,,,,,,,,,,,,,,,,,,,,,,,,,,,,,,,,,,,,,,,,,,,29.0,22.0,19.0,8.0,14.0,,-7,-10,-21,-15,,-3,-14,-8,,-11,-5,,6,,
55632,0.0,7,2009-11-18 01:00:00+00:00,1107,29,,0.3333333333333333,0.4,Antrag (Gesetzentwurf),Landesregierung,[],[ 0.01017254  0.0042287  -0.01230168 ...  0.00680141  0.00502713   0.00733369],"[(np.int64(8), np.float64(0.4586915843174715)), (np.int64(31), np.float64(0.4513175729969561)), (np.int64(38), np.float64(0.3616720550677841))]",8,0.4586915843174715,1.0,2,14,1,8,1,19,19.0,1,22,1,29,,,0.0,,1.0,0.0,,,,,0.0,,,,,,,,,,,,,,,,,,,0.0,,,,,,,,,,,,,,,,,,,,,,,,,,,,,,,,,,,,,,,,,,,,,,,,,,,,,,,,,,,0.0,,,,,,,,,,,,,,0.0,,,,,,,,,,,,,,,,,,,,,,,,,,,,,,,,,,,,,,,,,,,,,,,,,29.0,22.0,19.0,8.0,14.0,,-7,-10,-21,-15,,-3,-14,-8,,-11,-5,,6,,
55639,0.0,7,2009-11-18 01:00:00+00:00,1107,29,,0.3333333333333333,0.4,Antrag (Gesetzentwurf),"['Abgeordnete', 'Parlament']","['Abgeordnetenhaus von Berlin', 'Fraktion']",[-0.0013338  -0.01231204  0.01700234 ...  0.01295696  0.00973238   0.00477825],"[(np.int64(16), np.float64(0.3517911239450048)), (np.int64(31), np.float64(0.3502279466419005)), (np.int64(28), np.float64(0.34725293424962445))]",16,0.3517911239450048,1.0,2,14,1,8,1,21,21.0,1,22,1,29,,,0.0,,1.0,0.0,,,,,0.0,,,,,,,,,,,,,,,,,,,0.0,,,,,,,,,,,,,,,,,,,,,,,,,,,,,,,,,,,,,,,,,,,,,,,,,,,,,,,,,,,0.0,,,,,,,,,,,,,,0.0,,,,,,,,,,,,,,,,,,,,,,,,,,,,,,,,,,,,,,,,,,,,,,,,,29.0,22.0,21.0,8.0,14.0,,-7,-8,-21,-15,,-1,-14,-8,,-13,-7,,6,,
55902,1.0,6,2010-01-12 01:00:00+00:00,1162,50,0.0,0.3333333333333333,0.4,Vorlage zur Beschlussfassung (Gesetzentwurf),Gesellschaft Bevölkerung,"['Arzneimittelprüfung', 'Rechtsbereinigung']",[-0.01300615 -0.01211936  0.01998217 ...  0.03263361  0.00113804   0.0131835 ],"[(np.int64(28), np.float64(0.3458320183782462)), (np.int64(34), np.float64(0.3416791444709135)), (np.int64(38), np.float64(0.3315606949614249))]",28,0.3458320183782462,0.5,1,27,1,2,1,27,,1,44,1,50,,,0.0,,0.0,,,,,,0.0,,,,,,,,,,,,,,,,,,,0.0,,,,,,,,,,,,,,,,,,,,,,,,,,,,,,,,,,,,,,,,,,,,,,,,,,,,,,,,,,,0.0,,,,,,,,,,,,,,0.0,,,,,,,,,,,,,,,,,,,,,,,,,,,,,,,,,,,,,,,,,,,,,,,,,,,,,,,-6,-23,-48,-23,-50.0,-17,-42,-17,-44.0,-25,0,-27.0,25,-2.0,-27.0
55926,1.0,6,2010-01-12 01:00:00+00:00,1162,50,0.0,0.3333333333333333,0.4,Vorlage zur Beschlussfassung (Gesetzentwurf),Informations- und Kommunikationstechnologien,"['Bundesregierung', 'Föderalismus', 'Länder der Bundesrepublik Deutschland', 'Staatsvertrag']",[-0.00514946  0.00541278 -0.02855608 ...  0.01199589  0.01509727   0.02188519],"[(np.int64(37), np.float64(0.3586842857747339)), (np.int64(35), np.float64(0.3208363030447313)), (np.int64(12), np.float64(0.30787274440279133))]",37,0.3586842857747339,0.5,1,37,1,16,1,37,,1,44,1,50,,,0.0,,0.0,,,,,,0.0,,,,,,,,,,,,,,,,,,,0.0,,,,,,,,,,,,,,,,,,,,,,,,,,,,,,,,,,,,,,,,,,,,,,,,,,,,,,,,,,,0.0,,,,,,,,,,,,,,0.0,,,,,,,,,,,,,,,,,,,,,,,,,,,,,,,,,,,,,,,,,,,,,,,,,,,,,,,-6,-13,-34,-13,-50.0,-7,-28,-7,-44.0,-21,0,-37.0,21,-16.0,-37.0
55989,0.0,8,2010-01-26 01:00:00+00:00,1176,163,,0.3333333333333333,0.4,Antrag (Gesetzentwurf),Informationsgesellschaft Medien,"['Auskunfterteilung', 'Daseinsvorsorge', 'Dienstleistung', 'Landesbeteiligung']",[-0.00720286 -0.00278963 -0.00383759 ... -0.00436895  0.00377855   0.0425087 ],"[(np.int64(38), np.float64(0.43054731364234294)), (np.int64(35), np.float64(0.4287906372719433)), (np.int64(13), np.float64(0.41913080268849545))]",38,0.43054731364234294,0.5,3,27,1,2,1,153,140.0,1,156,1,163,,153.0,0.0,,1.0,0.0,,,,,0.0,,,,,,,,,,,,,,,,,,,0.0,,,,,,,,,,,,,,,,,,,,,,,,,,,,,,,,,,,,,,,,,,,,,,,,,,,,,,,,,,,0.0,,,,,,,,,,,,,,0.0,,,,,,,,,,,,,,,,,,,,,,,,,,,,,,,,,,,,,,,,,,,,,,,,,163.0,156.0,153.0,2.0,27.0,,-7,-10,-161,-136,,-3,-154,-129,,-151,-126,,25,,
56128,1.0,11,2010-02-16 01:00:00+00:00,1197,142,0.0,0.3333333333333333,0.4,Vorlage zur Beschlussfassung (Gesetzentwurf),"['Wirtschaft', 'Arbeitsentgelt']","['Ausschreibung', 'Berliner Wirtschaft', 'Europäische Union', 'Gerichtsentscheidung', 'Lohn- und Gehaltstarif', 'Vergütung', 'Wettbewerb']",[ 0.01564197  0.01421997  0.02156696 ... -0.00405862 -0.00165159   0.04337092],"[(np.int64(35), np.float64(0.4610170879043415)), (np.int64(38), np.float64(0.45223183927237454)), (np.int64(20), np.float64(0.45143885849904775))]",35,0.4610170879043415,0.0,4,34,1,9,1,134,125.0,1,135,1,142,,132.0,1.0,134.0,0.0,,134.0,,,,1.0,65.0,,,,,,,,,,,,,,,,,,0.0,,,,,,,,,,,,,,,,,,,,,,,,,,,,,,,,,,,,,,,,,,,,,,,,,,,,,,,,,,,0.0,,,,,,,,,,,,,,0.0,,,,,,,,,,,,,,,,,,,,,,,,,,,,,,,,,,69.0,,77.0,70.0,69.0,-56.0,-31.0,-65.0,,8.0,1.0,0.0,-125.0,-100.0,-134.0,,,,,,,-7,-8,-133,-108,-142.0,-1,-126,-101,-135.0,-125,-100,-134.0,25,-9.0,-34.0
56162,0.0,8,2010-02-23 01:00:00+00:00,1204,135,,0.3333333333333333,0.6,Antrag (Gesetzentwurf),"['Politische Kräfte', 'Wahlen']","['Spende', 'Volksbegehren', 'Wahlrecht']",[ 0.00967356  0.01219455 -0.00515923 ...  0.01922986  0.01770554   0.00768022],"[(np.int64(30), np.float64(0.35826640269392196)), (np.int64(8), np.float64(0.3560222252795191)), (np.int64(16), np.float64(0.33708965625715126))]",30,0.35826640269392196,1.0,3,92,1,2,1,127,125.0,1,128,1,135,,127.0,0.0,,1.0,0.0,,,,,0.0,,,,,,,,,,,,,,,,,,,0.0,,,,,,,,,,,,,,,,,,,,,,,,,,,,,,,,,,,,,,,,,,,,,,,,,,,,,,,,,,,0.0,,,,,,,,,,,,,,0.0,,,,,,,,,,,,,,,,,,,,,,,,,,,,,,,,,,,,,,,,,,,,,,,,,135.0,128.0,127.0,2.0,92.0,,-7,-8,-133,-43,,-1,-126,-36,,-125,-35,,90,,
56323,1.0,8,2010-03-09 01:00:00+00:00,1218,231,0.0,0.3333333333333333,0.4,Vorlage zur Beschlussfassung (Gesetzentwurf),Öffentlicher Dienst,"['Beamtenrecht', 'Besoldungsrecht', 'Bundesrecht', 'Länder der Bundesrepublik Deutschland', 'Staatsvertrag']",[0.02054037 0.00346766 0.01664478 ... 0.00083003 0.00885361 0.04273341],"[(np.int64(35), np.float64(0.378293322796425)), (np.int64(28), np.float64(0.3577551105500398)), (np.int64(31), np.float64(0.33800235356791075))]",35,0.378293322796425,0.0,2,55,1,16,1,57,57.0,1,72,2,86,231.0,,0.0,,0.0,,,,,,0.0,,,,,,,,,,,,,,,,,,,0.0,,,,,,,,,,,,,,,,,,,,,,,,,,,,,,,,,,,,,,,,,,,,,,,,,,,,,,,,,,,0.0,,,,,,,,,,,,,,0.0,,,,,,,,,,,,,,,,,,,,,,,,,,,,,,,,,,,,,,,,,,,,,,,,,,,,,,,-14,-29,-70,-31,-86.0,-15,-56,-17,-72.0,-41,-2,-57.0,39,-16.0,-55.0
56450,1.0,6,2010-03-23 01:00:00+00:00,1232,107,0.0,0.3333333333333333,0.4,Vorlage zur Beschlussfassung (Gesetzentwurf),"['Straßenverkehr', 'Abgaben']","['Abgabe', 'Straßenbau']",[-0.00318217  0.01003954  0.01452147 ...  0.00457158 -0.00690218   0.00427278],"[(np.int64(37), np.float64(0.44961311849352115)), (np.int64(21), np.float64(0.3989828899656612)), (np.int64(18), np.float64(0.3879562726314664))]",37,0.44961311849352115,0.5,1,92,1,30,1,92,,1,100,1,107,,,0.0,,0.0,,,,,,0.0,,,,,,,,,,,,,,,,,,,0.0,,,,,,,,,,,,,,,,,,,,,,,,,,,,,,,,,,,,,,,,,,,,,,,,,,,,,,,,,,,0.0,,,,,,,,,,,,,,0.0,,,,,,,,,,,,,,,,,,,,,,,,,,,,,,,,,,,,,,,,,,,,,,,,,,,,,,,-7,-15,-77,-15,-107.0,-8,-70,-8,-100.0,-62,0,-92.0,62,-30.0,-92.0
56887,1.0,7,2010-04-08 02:00:00+00:00,1248,300,0.0,0.3333333333333333,0.4,Vorlage zur Beschlussfassung (Gesetzentwurf),"['Wasser', 'Schifffahrt']","['Abfall', 'Europäische Union', 'Finanzplanung', 'Staatsvertrag']",[0.01430814 0.00540328 0.02692587 ... 0.03042744 0.01376479 0.02245835],"[(np.int64(28), np.float64(0.280791315141229)), (np.int64(19), np.float64(0.2733742501384435)), (np.int64(12), np.float64(0.2606768066467458))]",28,0.280791315141229,0.5,1,69,1,56,1,69,,1,70,2,81,300.0,,0.0,,0.0,,,,,,0.0,,,,,,,,,,,,,,,,,,,0.0,,,,,,,,,,,,,,,,,,,,,,,,,,,,,,,,,,,,,,,,,,,,,,,,,,,,,,,,,,,0.0,,,,,,,,,,,,,,0.0,,,,,,,,,,,,,,,,,,,,,,,,,,,,,,,,,,,,,,,,,,,,,,,,,,,,,,,-11,-12,-25,-12,-81.0,-1,-14,-1,-70.0,-13,0,-69.0,13,-56.0,-69.0
56571,1.0,8,2010-04-13 02:00:00+00:00,1253,183,0.0,0.3333333333333333,0.4,Vorlage zur Beschlussfassung (Gesetzentwurf),Immissionen und Emissionen,"['Bundesrecht', 'Gebührenordnung', 'Handwerk', 'Rechtsvorschrift', 'Wettbewerb']",[-0.00541878  0.0109573   0.01197519 ...  0.01161594  0.01161594   0.00045843],"[(np.int64(28), np.float64(0.43959310909229576)), (np.int64(34), np.float64(0.406185969712257)), (np.int64(9), np.float64(0.3932228413632852))]",28,0.43959310909229576,0.5,3,34,1,9,1,169,155.0,1,177,1,183,,169.0,0.0,,0.0,,,,,,0.0,,,,,,,,,,,,,,,,,,,0.0,,,,,,,,,,,,,,,,,,,,,,,,,,,,,,,,,,,,,,,,,,,,,,,,,,,,,,,,,,,0.0,,,,,,,,,,,,,,0.0,,,,,,,,,,,,,,,,,,,,,,,,,,,,,,,,,,,,,,,,,,,,,,,,,,,,,,,-6,-14,-174,-149,-183.0,-8,-168,-143,-177.0,-160,-135,-169.0,25,-9.0,-34.0
56570,1.0,8,2010-04-13 02:00:00+00:00,1253,86,0.0,0.3333333333333333,0.4,Vorlage zur Beschlussfassung (Gesetzentwurf),"['Dienstleistungen', 'Bauwesen', 'Denkmalschutz Denkmalpflege']","['Abfallbeseitigung', 'Bauordnung', 'Denkmalschutz', 'Europäische Union']",[-0.00070347  0.01332891  0.01753492 ...  0.00690141  0.01326967   0.0154023 ],"[(np.int64(28), np.float64(0.43484650593706026)), (np.int64(38), np.float64(0.4180266580305308)), (np.int64(34), np.float64(0.40810644532995777))]",28,0.43484650593706026,0.5,3,15,1,9,1,76,71.0,1,79,1,86,,76.0,0.0,,0.0,,,,,,0.0,,,,,,,,,,,,,,,,,,,0.0,,,,,,,,,,,,,,,,,,,,,,,,,,,,,,,,,,,,,,,,,,,,,,,,,,,,,,,,,,,0.0,,,,,,,,,,,,,,0.0,,,,,,,,,,,,,,,,,,,,,,,,,,,,,,,,,,,,,,,,,,,,,,,,,,,,,,,-7,-10,-77,-71,-86.0,-3,-70,-64,-79.0,-67,-61,-76.0,6,-9.0,-15.0
56702,0.0,6,2010-04-22 02:00:00+00:00,1262,174,,0.3333333333333333,0.4,Antrag (Gesetzentwurf),"['Öffentlicher Dienst', 'Recht']","['Bundesrecht', 'Genetischer Fingerabdruck', 'Gentechnik']",[0.01048747 0.01303527 0.01552382 ... 0.01107998 0.00551036 0.02832208],"[(np.int64(35), np.float64(0.38187021007651045)), (np.int64(16), np.float64(0.34695769313962255)), (np.int64(19), np.float64(0.3420173701532314))]",35,0.38187021007651045,0.0,1,151,1,14,1,151,,1,168,1,174,,,0.0,,1.0,0.0,,,,,0.0,,,,,,,,,,,,,,,,,,,0.0,,,,,,,,,,,,,,,,,,,,,,,,,,,,,,,,,,,,,,,,,,,,,,,,,,,,,,,,,,,0.0,,,,,,,,,,,,,,0.0,,,,,,,,,,,,,,,,,,,,,,,,,,,,,,,,,,,,,,,,,,,,,,,,,174.0,168.0,151.0,14.0,151.0,,-6,-23,-160,-23,,-17,-154,-17,,-137,0,,137,,
56846,0.0,6,2010-05-11 02:00:00+00:00,1281,48,,0.3333333333333333,0.6,Antrag (Gesetzentwurf),Allgemeinbildende Schulen,"['Gemeinschaftsschule', 'Grundschule']",[0.00562132 0.01284029 0.02769242 ... 0.01502965 0.01355035 0.02982261],"[(np.int64(10), np.float64(0.5081996226315832)), (np.int64(28), np.float64(0.49345847153601674)), (np.int64(27), np.float64(0.4842535875648878))]",10,0.5081996226315832,1.0,1,16,1,9,1,16,,1,37,1,48,,,0.0,,1.0,0.0,,,,,0.0,,,,,,,,,,,,,,,,,,,0.0,,,,,,,,,,,,,,,,,,,,,,,,,,,,,,,,,,,,,,,,,,,,,,,,,,,,,,,,,,,0.0,,,,,,,,,,,,,,0.0,,,,,,,,,,,,,,,,,,,,,,,,,,,,,,,,,,,,,,,,,,,,,,,,,48.0,37.0,16.0,9.0,16.0,,-11,-32,-39,-32,,-21,-28,-21,,-7,0,,7,,
56972,1.0,7,2010-06-01 02:00:00+00:00,1302,245,0.0,0.3333333333333333,0.4,Vorlage zur Beschlussfassung (Gesetzentwurf),Abfall,"['Abfallvermeidung', 'Bundesrecht', 'Europäische Union']",[0.0257165  0.00823639 0.02239824 ... 0.01155465 0.00788086 0.01060657],"[(np.int64(28), np.float64(0.43332668870101254)), (np.int64(23), np.float64(0.4162375518013058)), (np.int64(38), np.float64(0.40054796840763585))]",28,0.43332668870101254,0.5,2,111,1,16,1,229,229.0,1,239,1,245,,,0.0,,0.0,,,,,,0.0,,,,,,,,,,,,,,,,,,,0.0,,,,,,,,,,,,,,,,,,,,,,,,,,,,,,,,,,,,,,,,,,,,,,,,,,,,,,,,,,,0.0,,,,,,,,,,,,,,0.0,,,,,,,,,,,,,,,,,,,,,,,,,,,,,,,,,,,,,,,,,,,,,,,,,,,,,,,-6,-16,-229,-134,-245.0,-10,-223,-128,-239.0,-213,-118,-229.0,95,-16.0,-111.0
57007,1.0,7,2010-06-01 02:00:00+00:00,1302,37,0.0,0.3333333333333333,0.4,Vorlage zur Beschlussfassung (Gesetzentwurf),"['Europäische Union', 'Informations- und Kommunikationstechnologien']","['Datenschutz', 'Europäischer Binnenmarkt', 'Informations- und Kommunikationstechnik', 'Verwaltungsverfahren']",[ 0.02657817 -0.0064369  -0.01578079 ...  0.00943288  0.00240271   0.02159476],"[(np.int64(28), np.float64(0.3734615823145005)), (np.int64(34), np.float64(0.36479711505899415)), (np.int64(12), np.float64(0.3526247134525404))]",28,0.3734615823145005,0.5,2,23,1,16,1,29,29.0,1,30,1,37,,,0.0,,0.0,,,,,,0.0,,,,,,,,,,,,,,,,,,,0.0,,,,,,,,,,,,,,,,,,,,,,,,,,,,,,,,,,,,,,,,,,,,,,,,,,,,,,,,,,,0.0,,,,,,,,,,,,,,0.0,,,,,,,,,,,,,,,,,,,,,,,,,,,,,,,,,,,,,,,,,,,,,,,,,,,,,,,-7,-8,-21,-14,-37.0,-1,-14,-7,-30.0,-13,-6,-29.0,7,-16.0,-23.0
57006,1.0,9,2010-06-01 02:00:00+00:00,1302,169,0.0,0.3333333333333333,0.4,Vorlage zur Beschlussfassung (Gesetzentwurf),Frauen,"['Landesbeteiligung', 'Ausschreibung', 'Frauenförderung', 'Personalführung', 'Stellenbesetzung']",[-0.00698842 -0.01273313  0.00615928 ...  0.01575354 -0.00262066   0.03434984],"[(np.int64(15), np.float64(0.5977036460547124)), (np.int64(35), np.float64(0.45463592142558445)), (np.int64(19), np.float64(0.44254362897647276))]",15,0.5977036460547124,1.0,3,97,1,16,1,159,154.0,1,162,1,169,,159.0,1.0,162.0,0.0,,,,,,0.0,,,,,,,,,,,,,,,,,,,0.0,,,,,,,,,,,,,,,,,,,,,,,,,,,,,,,,,,,,,,,,,,,,,,,,,,,,,,,,,,,0.0,,,,,,,,,,,,,,0.0,,,,,,,,,,,,,,,,,,,,,,,,,,,,,,,,,,,,,,,,,,,7.0,0.0,-3.0,-146.0,-65.0,-162.0,,,,,,,-7,-10,-153,-72,-169.0,-3,-146,-65,-162.0,-143,-62,-159.0,81,-16.0,-97.0
57165,0.0,6,2010-06-18 02:00:00+00:00,1319,117,,0.3333333333333333,0.4,Antrag (Gesetzentwurf),"['Wahlen', 'Landesregierung']","['Bezirksverordnetenversammlung', 'Wahlrecht']",[ 0.03346247  0.02639293 -0.02427207 ...  0.00701062 -0.01072213   0.01673123],"[(np.int64(8), np.float64(0.5152379196367681)), (np.int64(30), np.float64(0.4732334348353984)), (np.int64(31), np.float64(0.38479212536422636))]",8,0.5152379196367681,1.0,1,94,1,13,1,94,,1,111,1,117,,,0.0,,1.0,0.0,,,,,0.0,,,,,,,,,,,,,,,,,,,0.0,,,,,,,,,,,,,,,,,,,,,,,,,,,,,,,,,,,,,,,,,,,,,,,,,,,,,,,,,,,0.0,,,,,,,,,,,,,,0.0,,,,,,,,,,,,,,,,,,,,,,,,,,,,,,,,,,,,,,,,,,,,,,,,,117.0,111.0,94.0,13.0,94.0,,-6,-23,-104,-23,,-17,-98,-17,,-81,0,,81,,
57144,0.0,7,2010-06-21 02:00:00+00:00,1322,247,,0.3333333333333333,0.4,Antrag (Gesetzentwurf),Landesregierung,"['Bevölkerung', 'Bürgerinitiative', 'Mitbestimmung', 'Spende']",[ 0.00595743  0.03807968 -0.01892009 ...  0.005688    0.00814283   0.01083714],"[(np.int64(8), np.float64(0.4864402050047858)), (np.int64(31), np.float64(0.41476874917508866)), (np.int64(30), np.float64(0.39702375616984786))]",8,0.4864402050047858,1.0,2,72,1,10,1,216,216.0,1,240,1,247,,,0.0,,1.0,0.0,,,,,0.0,,,,,,,,,,,,,,,,,,,0.0,,,,,,,,,,,,,,,,,,,,,,,,,,,,,,,,,,,,,,,,,,,,,,,,,,,,,,,,,,,0.0,,,,,,,,,,,,,,0.0,,,,,,,,,,,,,,,,,,,,,,,,,,,,,,,,,,,,,,,,,,,,,,,,,247.0,240.0,216.0,10.0,72.0,,-7,-31,-237,-175,,-24,-230,-168,,-206,-144,,62,,
57286,1.0,10,2010-07-06 02:00:00+00:00,1337,99,0.0,0.3333333333333333,0.6,Vorlage zur Beschlussfassung (Gesetzentwurf),Handel,"['Feiertag', 'Gerichtsentscheidung', 'Handel']",[ 0.00028093  0.01408391  0.01060788 ...  0.00503425 -0.01570206   0.00479452],"[(np.int64(34), np.float64(0.6513589344808759)), (np.int64(28), np.float64(0.4190198975482444)), (np.int64(23), np.float64(0.40808987075869907))]",34,0.6513589344808759,1.0,2,76,1,65,1,83,83.0,1,93,1,99,,,3.0,64.0,0.0,,,,92.0,92.0,0.0,,,,,,,,,,,,,,,,,,,0.0,,,,,,,,,,,,,,,,,,,,,,,,,,,,,,,,,,,,,,,,,,,,,,,,,,,,,,,,,,,0.0,,,,,,,,,,,,,,0.0,,,,,,,,,,,,,,,,,,,,,,,,,,,,,,,,,,,,,,,,,,,35.0,29.0,19.0,1.0,12.0,-64.0,,,,,,,-6,-16,-34,-23,-99.0,-10,-28,-17,-93.0,-18,-7,-83.0,11,-65.0,-76.0
57446,1.0,8,2010-08-17 02:00:00+00:00,1379,105,0.0,0.3333333333333333,0.4,Vorlage zur Beschlussfassung (Gesetzentwurf),"['Öffentliche Verwaltung', 'Innere Sicherheit']","['Öffentlicher Auftrag', 'Öffentlicher Dienst', 'Wettbewerb']",[ 0.01425902  0.00411204  0.00309143 ...  0.0097624  -0.00633077   0.03455297],"[(np.int64(28), np.float64(0.375975481903655)), (np.int64(34), np.float64(0.36748679615896523)), (np.int64(38), np.float64(0.36172365746641966))]",28,0.375975481903655,0.5,2,77,1,23,1,91,91.0,1,99,1,105,,,1.0,97.0,0.0,,,,,,0.0,,,,,,,,,,,,,,,,,,,0.0,,,,,,,,,,,,,,,,,,,,,,,,,,,,,,,,,,,,,,,,,,,,,,,,,,,,,,,,,,,0.0,,,,,,,,,,,,,,0.0,,,,,,,,,,,,,,,,,,,,,,,,,,,,,,,,,,,,,,,,,,,8.0,2.0,-6.0,-74.0,-20.0,-97.0,,,,,,,-6,-14,-82,-28,-105.0,-8,-76,-22,-99.0,-68,-14,-91.0,54,-23.0,-77.0
57463,1.0,7,2010-08-17 02:00:00+00:00,1379,160,0.0,0.3333333333333333,0.6,Vorlage zur Beschlussfassung (Gesetzentwurf),"['Rundfunk Fernsehen', 'Kinder Jugendliche']","['Fernsehen', 'Website', 'Jugendschutz', 'Staatsvertrag']",[-0.0057026   0.01211067 -0.00195476 ...  0.00546744  0.00345389   0.02292798],"[(np.int64(30), np.float64(0.3739635043271379)), (np.int64(37), np.float64(0.32613565544091605)), (np.int64(12), np.float64(0.30546936941912173))]",30,0.3739635043271379,1.0,1,112,1,23,1,112,,1,113,2,119,160.0,,0.0,,0.0,,,,,,0.0,,,,,,,,,,,,,,,,,,,0.0,,,,,,,,,,,,,,,,,,,,,,,,,,,,,,,,,,,,,,,,,,,,,,,,,,,,,,,,,,,0.0,,,,,,,,,,,,,,0.0,,,,,,,,,,,,,,,,,,,,,,,,,,,,,,,,,,,,,,,,,,,,,,,,,,,,,,,-6,-7,-96,-7,-119.0,-1,-90,-1,-113.0,-89,0,-112.0,89,-23.0,-112.0
57447,1.0,6,2010-08-17 02:00:00+00:00,1379,57,0.0,1.0,1.0,Vorlage zur Beschlussfassung (Gesetzentwurf),Gerichte und Staatsanwaltschaften,"['Brandenburg', 'Ehrenamtliche Tätigkeit', 'Gerichtliche Zuständigkeit', 'Richter']",[0.01066495 0.03523029 0.00683036 ... 0.01372064 0.00063286 0.01384047],"[(np.int64(12), np.float64(0.42617052347316)), (np.int64(38), np.float64(0.41538001282638676)), (np.int64(28), np.float64(0.4119969991574909))]",12,0.42617052347316,1.0,1,29,1,23,1,29,,1,51,1,57,,,0.0,,0.0,,,,,,0.0,,,,,,,,,,,,,,,,,,,0.0,,,,,,,,,,,,,,,,,,,,,,,,,,,,,,,,,,,,,,,,,,,,,,,,,,,,,,,,,,,0.0,,,,,,,,,,,,,,0.0,,,,,,,,,,,,,,,,,,,,,,,,,,,,,,,,,,,,,,,,,,,,,,,,,,,,,,,-6,-28,-34,-28,-57.0,-22,-28,-22,-51.0,-6,0,-29.0,6,-23.0,-29.0
57495,1.0,9,2010-08-25 02:00:00+00:00,1387,97,0.0,0.3333333333333333,0.4,Vorlage zur Beschlussfassung (Gesetzentwurf),"['Statistik', 'Gesellschaft Bevölkerung']","['Amt für Statistik Berlin-Brandenburg', 'Bundesrecht', 'Statistik', 'Statistisches Landesamt']",[ 0.02441966  0.02359388 -0.02147043 ...  0.00725512  0.01392039   0.01421531],"[(np.int64(38), np.float64(0.4325481364093535)), (np.int64(12), np.float64(0.4037713317723223)), (np.int64(28), np.float64(0.4005758476253718))]",38,0.4325481364093535,0.5,4,27,1,15,1,90,75.0,1,91,1,97,,88.0,0.0,,0.0,,90.0,,,,0.0,,,,,,,,,,,,,,,,,,,0.0,,,,,,,,,,,,,,,,,,,,,,,,,,,,,,,,,,,,,,,,,,,,,,,,,,,,,,,,,,,0.0,,,,,,,,,,,,,,0.0,,,,,,,,,,,,,,,,,,,,,,,,,,,,,,,,,,,,,,,,,,,,,,,,,,,,,,,-6,-7,-82,-70,-97.0,-1,-76,-64,-91.0,-75,-63,-90.0,12,-15.0,-27.0
57511,0.0,6,2010-08-31 02:00:00+00:00,1393,91,,0.3333333333333333,0.4,Antrag (Gesetzentwurf),"['Parlament', 'Innere Sicherheit']",[],[ 0.00333676  0.02269588 -0.00208732 ...  0.0196384   0.00555637   0.00517419],"[(np.int64(28), np.float64(0.44630135332277493)), (np.int64(26), np.float64(0.4350366978154418)), (np.int64(38), np.float64(0.42920654638375155))]",28,0.44630135332277493,0.5,1,63,1,9,1,63,,1,85,1,91,,,0.0,,1.0,0.0,,,,,0.0,,,,,,,,,,,,,,,,,,,0.0,,,,,,,,,,,,,,,,,,,,,,,,,,,,,,,,,,,,,,,,,,,,,,,,,,,,,,,,,,,0.0,,,,,,,,,,,,,,0.0,,,,,,,,,,,,,,,,,,,,,,,,,,,,,,,,,,,,,,,,,,,,,,,,,91.0,85.0,63.0,9.0,63.0,,-6,-28,-82,-28,,-22,-76,-22,,-54,0,,54,,
57510,0.0,7,2010-08-31 02:00:00+00:00,1393,43,,0.3333333333333333,0.4,Antrag (Gesetzentwurf),Gerichte und Staatsanwaltschaften,"['Richter', 'Beamtenversorgung']",[0.00397179 0.01861407 0.01250818 ... 0.00800286 0.00592805 0.01321954],"[(np.int64(16), np.float64(0.36523654479789036)), (np.int64(7), np.float64(0.3612789950880054)), (np.int64(38), np.float64(0.3460598722269811))]",16,0.36523654479789036,1.0,2,15,1,9,1,29,29.0,1,37,1,43,,,0.0,,1.0,0.0,,,,,0.0,,,,,,,,,,,,,,,,,,,0.0,,,,,,,,,,,,,,,,,,,,,,,,,,,,,,,,,,,,,,,,,,,,,,,,,,,,,,,,,,,0.0,,,,,,,,,,,,,,0.0,,,,,,,,,,,,,,,,,,,,,,,,,,,,,,,,,,,,,,,,,,,,,,,,,43.0,37.0,29.0,9.0,15.0,,-6,-14,-34,-28,,-8,-28,-22,,-20,-14,,6,,
57578,1.0,11,2010-09-14 02:00:00+00:00,1407,64,0.0,0.3333333333333333,0.6,Vorlage zur Beschlussfassung (Gesetzentwurf),Straßenverkehr,"['Berliner Stadtreinigungsbetriebe', 'Fußgänger', 'Radverkehr', 'Radweg', 'Haltestelle']",[-0.01957844 -0.00064891  0.01091646 ...  0.01649335  0.00063778   0.02242621],"[(np.int64(5), np.float64(0.4505274393081625)), (np.int64(14), np.float64(0.4340917384545734)), (np.int64(28), np.float64(0.41678628809871465))]",5,0.4505274393081625,1.0,4,13,1,9,1,56,49.0,1,57,1,64,,55.0,2.0,57.0,0.0,,56.0,,57.0,,0.0,,,,,,,,,,,,,,,,,,,0.0,,,,,,,,,,,,,,,,,,,,,,,,,,,,,,,,,,,,,,,,,,,,,,,,,,,,,,,,,,,0.0,,,,,,,,,,,,,,0.0,,,,,,,,,,,,,,,,,,,,,,,,,,,,,,,,,,,,,,,,,,,7.0,0.0,-1.0,-48.0,-44.0,-57.0,,,,,,,-7,-8,-55,-51,-64.0,-1,-48,-44,-57.0,-47,-43,-56.0,4,-9.0,-13.0
57713,0.0,7,2010-09-22 02:00:00+00:00,1415,84,,0.3333333333333333,0.6,Antrag (Gesetzentwurf),Abgeordnete,[],[ 0.01955745  0.00312623 -0.00124456 ... -0.00408928  0.00610429   0.00619319],"[(np.int64(30), np.float64(0.37375449102104985)), (np.int64(38), np.float64(0.3362553401219962)), (np.int64(37), np.float64(0.3349665145897749))]",30,0.37375449102104985,1.0,1,55,1,15,1,55,,1,77,2,83,84.0,,0.0,,1.0,0.0,,,,,0.0,,,,,,,,,,,,,,,,,,,0.0,,,,,,,,,,,,,,,,,,,,,,,,,,,,,,,,,,,,,,,,,,,,,,,,,,,,,,,,,,,0.0,,,,,,,,,,,,,,0.0,,,,,,,,,,,,,,,,,,,,,,,,,,,,,,,,,,,,,,,,,,,,,,,,,83.0,77.0,55.0,15.0,55.0,,-6,-28,-68,-28,,-22,-62,-22,,-40,0,,40,,
57715,1.0,9,2010-09-28 02:00:00+00:00,1421,77,0.0,0.3333333333333333,0.4,Vorlage zur Beschlussfassung (Gesetzentwurf),Gesellschaft Bevölkerung,"['Arbeitsförderung', 'Ausländerintegration', 'Bildungspolitik', 'Kulturpolitik', 'Sozialstruktur']",[ 0.0265503   0.04233697 -0.00342343 ...  0.01650424 -0.00771394   0.02487596],"[(np.int64(35), np.float64(0.4564894493008936)), (np.int64(12), np.float64(0.4149254900047621)), (np.int64(20), np.float64(0.3956008637425572))]",35,0.4564894493008936,0.0,4,30,1,9,1,56,40.0,1,71,1,77,,50.0,0.0,,0.0,,56.0,,,,0.0,,,,,,,,,,,,,,,,,,,0.0,,,,,,,,,,,,,,,,,,,,,,,,,,,,,,,,,,,,,,,,,,,,,,,,,,,,,,,,,,,0.0,,,,,,,,,,,,,,0.0,,,,,,,,,,,,,,,,,,,,,,,,,,,,,,,,,,,,,,,,,,,,,,,,,,,,,,,-6,-21,-68,-47,-77.0,-15,-62,-41,-71.0,-47,-26,-56.0,21,-9.0,-30.0
57686,1.0,8,2010-09-28 02:00:00+00:00,1421,126,0.0,0.3333333333333333,0.4,Vorlage zur Beschlussfassung (Gesetzentwurf),"['Datenschutz', 'Öffentliches Recht']","['Bundesrecht', 'Rechtsbereinigung']",[0.00552532 0.00181207 0.00573326 ... 0.01604125 0.00998122 0.02863659],"[(np.int64(28), np.float64(0.491733533242839)), (np.int64(12), np.float64(0.46767660892618534)), (np.int64(38), np.float64(0.450990503871247))]",28,0.491733533242839,0.5,3,41,1,9,1,103,69.0,1,120,1,126,,103.0,0.0,,0.0,,,,,,0.0,,,,,,,,,,,,,,,,,,,0.0,,,,,,,,,,,,,,,,,,,,,,,,,,,,,,,,,,,,,,,,,,,,,,,,,,,,,,,,,,,0.0,,,,,,,,,,,,,,0.0,,,,,,,,,,,,,,,,,,,,,,,,,,,,,,,,,,,,,,,,,,,,,,,,,,,,,,,-6,-23,-117,-85,-126.0,-17,-111,-79,-120.0,-94,-62,-103.0,32,-9.0,-41.0
57716,1.0,6,2010-09-28 02:00:00+00:00,1421,234,0.0,0.3333333333333333,0.4,Vorlage zur Beschlussfassung (Gesetzentwurf),"['Umwelt', 'Boden', 'Wasser', 'Projekte der EU']","['Bodenbelastung', 'Europäische Union', 'Naturschutz', 'Wasserverunreinigung', 'Zuständigkeit (Verwaltung)']",[ 0.01034315  0.00460686 -0.00986761 ...  0.01444475  0.01176979   0.00737098],"[(np.int64(28), np.float64(0.47013441651153)), (np.int64(38), np.float64(0.4413277104330424)), (np.int64(1), np.float64(0.41910967960003653))]",28,0.47013441651153,0.5,1,216,1,9,1,216,,1,226,1,234,,,0.0,,0.0,,,,,,0.0,,,,,,,,,,,,,,,,,,,0.0,,,,,,,,,,,,,,,,,,,,,,,,,,,,,,,,,,,,,,,,,,,,,,,,,,,,,,,,,,,0.0,,,,,,,,,,,,,,0.0,,,,,,,,,,,,,,,,,,,,,,,,,,,,,,,,,,,,,,,,,,,,,,,,,,,,,,,-8,-18,-225,-18,-234.0,-10,-217,-10,-226.0,-207,0,-216.0,207,-9.0,-216.0
57883,1.0,7,2010-11-02 01:00:00+00:00,1456,43,0.0,0.3333333333333333,0.4,Vorlage zur Beschlussfassung (Gesetzentwurf),"['Arbeitsmarkt', 'Sozialleistungen']","['Agentur für Arbeit', 'Bundessozialhilfegesetz', 'Gerichtsentscheidung', 'Sozialrecht']",[ 0.02134589  0.01755106  0.00294988 ... -0.00859765 -0.00619624   0.01849977],"[(np.int64(16), np.float64(0.3824852634904071)), (np.int64(12), np.float64(0.3520095769746264)), (np.int64(4), np.float64(0.3516114766010159))]",16,0.3824852634904071,1.0,2,16,1,9,1,22,22.0,1,37,1,43,,,0.0,,0.0,,,,,,0.0,,,,,,,,,,,,,,,,,,,0.0,,,,,,,,,,,,,,,,,,,,,,,,,,,,,,,,,,,,,,,,,,,,,,,,,,,,,,,,,,,0.0,,,,,,,,,,,,,,0.0,,,,,,,,,,,,,,,,,,,,,,,,,,,,,,,,,,,,,,,,,,,,,,,,,,,,,,,-6,-21,-34,-27,-43.0,-15,-28,-21,-37.0,-13,-6,-22.0,7,-9.0,-16.0
57879,1.0,6,2010-11-02 01:00:00+00:00,1456,199,0.0,1.0,1.0,Vorlage zur Beschlussfassung (Gesetzentwurf),"['Öffentliche Verwaltung', 'Ausländer Vertriebene Aus- und Übersiedler']","['Aufenthaltsrecht', 'Ausländerbehörde', 'Bundesrecht', 'Flüchtling', 'Sozialpolitik']",[ 0.01437826  0.03102363 -0.00769625 ... -0.00130508 -0.00942641   0.01211115],"[(np.int64(12), np.float64(0.5271725407634915)), (np.int64(35), np.float64(0.43224914377973145)), (np.int64(20), np.float64(0.4163337672448206))]",12,0.5271725407634915,1.0,1,156,1,9,1,156,,1,191,1,199,,,0.0,,0.0,,,,,,0.0,,,,,,,,,,,,,,,,,,,0.0,,,,,,,,,,,,,,,,,,,,,,,,,,,,,,,,,,,,,,,,,,,,,,,,,,,,,,,,,,,0.0,,,,,,,,,,,,,,0.0,,,,,,,,,,,,,,,,,,,,,,,,,,,,,,,,,,,,,,,,,,,,,,,,,,,,,,,-8,-43,-190,-43,-199.0,-35,-182,-35,-191.0,-147,0,-156.0,147,-9.0,-156.0
57926,1.0,8,2010-11-09 01:00:00+00:00,1463,36,0.0,1.0,0.4,Vorlage zur Beschlussfassung (Gesetzentwurf),"['Abgaben', 'Glücksspiel']","['Glücksspiel', 'Spielhalle', 'Steueraufkommen']",[ 0.0169099   0.00490742  0.00139684 ... -0.00114556  0.0083367   0.01407187],"[(np.int64(18), np.float64(0.3686505897824264)), (np.int64(19), np.float64(0.33597413927537145)), (np.int64(34), np.float64(0.31629392978412935))]",18,0.3686505897824264,1.0,2,15,1,16,1,29,29.0,1,30,1,36,,,0.0,,0.0,,,,,,1.0,2.0,,,,,,,,,,,,,,,,,,0.0,,,,,,,,,,,,,,,,,,,,,,,,,,,,,,,,,,,,,,,,,,,,,,,,,,,,,,,,,,,0.0,,,,,,,,,,,,,,0.0,,,,,,,,,,,,,,,,,,,,,,,,,,,,,,,,,,,,34.0,28.0,27.0,14.0,13.0,-2.0,,,,,,,,,,,,,,-6,-7,-20,-21,-36.0,-1,-14,-15,-30.0,-13,-14,-29.0,-1,-16.0,-15.0
57998,1.0,7,2010-11-16 01:00:00+00:00,1470,139,0.0,1.0,0.7,Vorlage zur Beschlussfassung (Gesetzentwurf),"['Innere Sicherheit', 'Gerichte und Staatsanwaltschaften']","['Kammergericht', 'Richter', 'Staatsschutz', 'Staatsvertrag', 'Terrorismus']",[-0.00908182  0.03608984  0.00730107 ...  0.00296791  0.00679652   0.01780749],"[(np.int64(31), np.float64(0.3880481572958374)), (np.int64(12), np.float64(0.3802627963358424)), (np.int64(2), np.float64(0.3787133577713757))]",31,0.3880481572958374,1.0,1,64,1,23,1,64,,1,93,2,100,139.0,,0.0,,0.0,,,,,,0.0,,,,,,,,,,,,,,,,,,,0.0,,,,,,,,,,,,,,,,,,,,,,,,,,,,,,,,,,,,,,,,,,,,,,,,,,,,,,,,,,,0.0,,,,,,,,,,,,,,0.0,,,,,,,,,,,,,,,,,,,,,,,,,,,,,,,,,,,,,,,,,,,,,,,,,,,,,,,-7,-36,-77,-36,-100.0,-29,-70,-29,-93.0,-41,0,-64.0,41,-23.0,-64.0
58185,1.0,9,2010-12-08 01:00:00+00:00,1492,195,0.0,0.3333333333333333,0.4,Vorlage zur Beschlussfassung (Gesetzentwurf),"['Datenschutz', 'Justizvollzug']","['Informationelle Selbstbestimmung', 'Justizvollzugsdienst', 'Personenbezogene Daten', 'Sozialdienst']",[0.00616559 0.02891044 0.00710961 ... 0.01604825 0.00022678 0.02832043],"[(np.int64(26), np.float64(0.3883917641033426)), (np.int64(12), np.float64(0.3567585514269105)), (np.int64(35), np.float64(0.35472908132429515))]",26,0.3883917641033426,0.0,4,111,1,36,1,182,153.0,1,183,1,195,,166.0,0.0,,0.0,,182.0,,,,0.0,,,,,,,,,,,,,,,,,,,0.0,,,,,,,,,,,,,,,,,,,,,,,,,,,,,,,,,,,,,,,,,,,,,,,,,,,,,,,,,,,0.0,,,,,,,,,,,,,,0.0,,,,,,,,,,,,,,,,,,,,,,,,,,,,,,,,,,,,,,,,,,,,,,,,,,,,,,,-12,-13,-159,-84,-195.0,-1,-147,-72,-183.0,-146,-71,-182.0,75,-36.0,-111.0
58420,0.0,7,2011-01-12 01:00:00+00:00,1527,97,,0.3333333333333333,0.4,Antrag (Gesetzentwurf),Öffentlicher Haushalt,"['Aufsichtsrat', 'Beirat', 'Landesbeteiligung', 'Landeshaushaltsordnung', 'Vergütung']",[-0.00840991 -0.00324928  0.01323238 ...  0.01293833  0.00738073   0.00408733],"[(np.int64(38), np.float64(0.47548397222781585)), (np.int64(9), np.float64(0.45037600809281675)), (np.int64(35), np.float64(0.44295481389156915))]",38,0.47548397222781585,0.5,2,14,1,1,1,77,77.0,1,92,1,97,,,0.0,,1.0,0.0,,,,,0.0,,,,,,,,,,,,,,,,,,,0.0,,,,,,,,,,,,,,,,,,,,,,,,,,,,,,,,,,,,,,,,,,,,,,,,,,,,,,,,,,,0.0,,,,,,,,,,,,,,0.0,,,,,,,,,,,,,,,,,,,,,,,,,,,,,,,,,,,,,,,,,,,,,,,,,97.0,92.0,77.0,1.0,14.0,,-5,-20,-96,-83,,-15,-91,-78,,-76,-63,,13,,
58602,1.0,7,2011-01-25 01:00:00+00:00,1540,76,0.0,0.3333333333333333,0.5,Vorlage zur Beschlussfassung (Gesetzentwurf),Öffentlicher Dienst,"['Besoldungsrecht', 'Kindergeld', 'Lebenspartnerschaftsgesetz']",[ 0.01158515  0.02305087  0.01528763 ... -0.01307809 -0.01887066   0.03057525],"[(np.int64(7), np.float64(0.4050797214555643)), (np.int64(30), np.float64(0.35283207073395917)), (np.int64(16), np.float64(0.35274956138213903))]",7,0.4050797214555643,0.5,2,48,1,23,1,64,64.0,1,65,1,76,,,0.0,,0.0,,,,,,0.0,,,,,,,,,,,,,,,,,,,0.0,,,,,,,,,,,,,,,,,,,,,,,,,,,,,,,,,,,,,,,,,,,,,,,,,,,,,,,,,,,0.0,,,,,,,,,,,,,,0.0,,,,,,,,,,,,,,,,,,,,,,,,,,,,,,,,,,,,,,,,,,,,,,,,,,,,,,,-11,-12,-53,-28,-76.0,-1,-42,-17,-65.0,-41,-16,-64.0,25,-23.0,-48.0
58629,1.0,8,2011-02-01 01:00:00+00:00,1547,140,0.0,1.0,0.7,Vorlage zur Beschlussfassung (Gesetzentwurf),Öffentlicher Dienst,"['Besoldungsrecht', 'Bibliothek', 'Bundesrecht', 'Laufbahn', 'Beamtenversorgung', 'Vorbereitungsdienst', 'Zentral- und Landesbibliothek Berlin']",[ 0.0131742   0.00293909 -0.00457848 ... -0.01027942 -0.0028357   0.02705733],"[(np.int64(31), np.float64(0.4133558059386794)), (np.int64(35), np.float64(0.39434949732155267)), (np.int64(28), np.float64(0.36103460874392146))]",31,0.4133558059386794,1.0,3,27,1,16,1,111,107.0,1,128,1,140,,111.0,0.0,,0.0,,,,,,0.0,,,,,,,,,,,,,,,,,,,0.0,,,,,,,,,,,,,,,,,,,,,,,,,,,,,,,,,,,,,,,,,,,,,,,,,,,,,,,,,,,0.0,,,,,,,,,,,,,,0.0,,,,,,,,,,,,,,,,,,,,,,,,,,,,,,,,,,,,,,,,,,,,,,,,,,,,,,,-12,-29,-124,-113,-140.0,-17,-112,-101,-128.0,-95,-84,-111.0,11,-16.0,-27.0
58648,1.0,10,2011-02-08 01:00:00+00:00,1554,205,0.0,1.0,0.7,Vorlage zur Beschlussfassung (Gesetzentwurf),Juristische Berufe,"['Gemeinsame Landesplanung Berlin/Brandenburg', 'Gericht', 'Staatsvertrag']",[-0.00378609  0.01508498  0.00457301 ...  0.01567888  0.00222711  -0.00038974],"[(np.int64(31), np.float64(0.42522533191214246)), (np.int64(28), np.float64(0.4178878801097156)), (np.int64(38), np.float64(0.4092107380446288))]",31,0.42522533191214246,1.0,3,57,1,9,1,99,85.0,1,107,2,121,205.0,99.0,1.0,107.0,0.0,,,,,,0.0,,,,,,,,,,,,,,,,,,,0.0,,,,,,,,,,,,,,,,,,,,,,,,,,,,,,,,,,,,,,,,,,,,,,,,,,,,,,,,,,,0.0,,,,,,,,,,,,,,0.0,,,,,,,,,,,,,,,,,,,,,,,,,,,,,,,,,,,,,,,,,,,14.0,0.0,-8.0,-98.0,-50.0,-107.0,,,,,,,-14,-22,-112,-64,-121.0,-8,-98,-50,-107.0,-90,-42,-99.0,48,-9.0,-57.0
58725,1.0,6,2011-02-15 01:00:00+00:00,1561,55,0.0,0.3333333333333333,0.4,Vorlage zur Beschlussfassung (Gesetzentwurf),"['Recht', 'Justizverwaltung']","['Amtsgericht', 'Justizverwaltung', 'Rechtsbereinigung']",[0.01290438 0.00015241 0.00295347 ... 0.01635767 0.00502847 0.03683504],"[(np.int64(28), np.float64(0.4549738675388233)), (np.int64(38), np.float64(0.39877949354431347)), (np.int64(35), np.float64(0.376565268313662))]",28,0.4549738675388233,0.5,1,22,1,16,1,22,,1,44,1,55,,,0.0,,0.0,,,,,,0.0,,,,,,,,,,,,,,,,,,,0.0,,,,,,,,,,,,,,,,,,,,,,,,,,,,,,,,,,,,,,,,,,,,,,,,,,,,,,,,,,,0.0,,,,,,,,,,,,,,0.0,,,,,,,,,,,,,,,,,,,,,,,,,,,,,,,,,,,,,,,,,,,,,,,,,,,,,,,-11,-33,-39,-33,-55.0,-22,-28,-22,-44.0,-6,0,-22.0,6,-16.0,-22.0
58768,1.0,6,2011-02-22 01:00:00+00:00,1568,87,0.0,0.3333333333333333,0.4,Vorlage zur Beschlussfassung (Gesetzentwurf),Raumordnung,"['Landesentwicklungsprogramm', 'Planfeststellung', 'Umweltverträglichkeitsprüfung']",[ 0.00131438 -0.01368721 -0.00525753 ...  0.00816533  0.01221863   0.00751915],"[(np.int64(37), np.float64(0.3556575276615704)), (np.int64(18), np.float64(0.29137098655524135)), (np.int64(38), np.float64(0.28840565699210696))]",37,0.3556575276615704,0.5,1,48,1,9,1,48,,1,79,1,87,,,0.0,,0.0,,,,,,0.0,,,,,,,,,,,,,,,,,,,0.0,,,,,,,,,,,,,,,,,,,,,,,,,,,,,,,,,,,,,,,,,,,,,,,,,,,,,,,,,,,0.0,,,,,,,,,,,,,,0.0,,,,,,,,,,,,,,,,,,,,,,,,,,,,,,,,,,,,,,,,,,,,,,,,,,,,,,,-8,-39,-78,-39,-87.0,-31,-70,-31,-79.0,-39,0,-48.0,39,-9.0,-48.0
58857,1.0,9,2011-03-04 01:00:00+00:00,1578,77,0.0,1.0,0.6,Vorlage zur Beschlussfassung (Gesetzentwurf),Hochschulen,"['Akkreditierung (Hochschulwesen)', 'Bachelor', 'Hochschulreform', 'Kultusministerkonferenz', 'Prüfungsordnung', 'Qualitätssicherung', 'Hochschulzulassung']",[ 0.00752209  0.00676381 -0.01304233 ... -0.00922062 -0.00118291   0.01019122],"[(np.int64(13), np.float64(0.4472622609795216)), (np.int64(20), np.float64(0.44351108697589603)), (np.int64(2), np.float64(0.4318464008481157))]",13,0.4472622609795216,0.0,2,19,1,13,1,61,61.0,1,69,1,77,,,2.0,69.0,0.0,,,,69.0,,0.0,,,,,,,,,,,,,,,,,,,0.0,,,,,,,,,,,,,,,,,,,,,,,,,,,,,,,,,,,,,,,,,,,,,,,,,,,,,,,,,,,0.0,,,,,,,,,,,,,,0.0,,,,,,,,,,,,,,,,,,,,,,,,,,,,,,,,,,,,,,,,,,,8.0,0.0,-8.0,-56.0,-50.0,-69.0,,,,,,,-8,-16,-64,-58,-77.0,-8,-56,-50,-69.0,-48,-42,-61.0,6,-13.0,-19.0
58882,0.0,7,2011-03-08 01:00:00+00:00,1582,73,,1.0,0.7,Antrag (Gesetzentwurf),Alte Menschen,"['Bezirksamt', 'Bezirksverordnetenversammlung', 'Mitbestimmung', 'Wahl']",[ 0.01666259  0.01346289 -0.00132063 ...  0.01726631  0.00309405   0.01931895],"[(np.int64(31), np.float64(0.515705691750102)), (np.int64(8), np.float64(0.4552613779026905)), (np.int64(34), np.float64(0.4404095944123983))]",31,0.515705691750102,1.0,1,58,1,9,1,58,,1,65,1,73,,,1.0,65.0,1.0,0.0,,,,,0.0,,,,,,,,,,,,,,,,,,,0.0,,,,,,,,,,,,,,,,,,,,,,,,,,,,,,,,,,,,,,,,,,,,,,,,,,,,,,,,,,,0.0,,,,,,,,,,,,,,0.0,,,,,,,,,,,,,,,,,,,,,,,,,,,,,,,,,,,,,,,,,,-65.0,8.0,0.0,-7.0,-56.0,-7.0,,73.0,65.0,58.0,9.0,58.0,,-8,-15,-64,-15,,-7,-56,-7,,-49,0,,49,,
58893,1.0,7,2011-03-08 01:00:00+00:00,1582,73,0.0,0.3333333333333333,0.4,Vorlage zur Beschlussfassung (Gesetzentwurf),Rundfunk Fernsehen,"['Fernsehen', 'Gebührenordnung', 'Staatsvertrag']",[ 0.00377651  0.01305678  0.00030373 ...  0.01885328 -0.007231   0.00030373],"[(np.int64(11), np.float64(0.4190733155255253)), (np.int64(9), np.float64(0.3339782743040214)), (np.int64(19), np.float64(0.3234289160564613))]",11,0.4190733155255253,1.0,2,22,1,9,1,36,36.0,1,65,1,73,,,0.0,,0.0,,,,,,0.0,,,,,,,,,,,,,,,,,,,0.0,,,,,,,,,,,,,,,,,,,,,,,,,,,,,,,,,,,,,,,,,,,,,,,,,,,,,,,,,,,0.0,,,,,,,,,,,,,,0.0,,,,,,,,,,,,,,,,,,,,,,,,,,,,,,,,,,,,,,,,,,,,,,,,,,,,,,,-8,-37,-64,-51,-73.0,-29,-56,-43,-65.0,-27,-14,-36.0,13,-9.0,-22.0
58934,1.0,6,2011-03-15 01:00:00+00:00,1589,86,0.0,1.0,0.7,Vorlage zur Beschlussfassung (Gesetzentwurf),"['Kunst Kultur', 'Stiftung']","['Bibliothek', 'Fachkraft', 'Personalbedarf', 'Stiftung']",[ 0.00349229 -0.01373139  0.00139692 ...  0.02258844 -0.00662792   0.00100311],"[(np.int64(31), np.float64(0.3490779931285638)), (np.int64(28), np.float64(0.3326627201175438)), (np.int64(32), np.float64(0.3206285492054063))]",31,0.3490779931285638,1.0,1,62,1,16,1,62,,1,72,1,86,,,0.0,,0.0,,,,,,0.0,,,,,,,,,,,,,,,,,,,0.0,,,,,,,,,,,,,,,,,,,,,,,,,,,,,,,,,,,,,,,,,,,,,,,,,,,,,,,,,,,0.0,,,,,,,,,,,,,,0.0,,,,,,,,,,,,,,,,,,,,,,,,,,,,,,,,,,,,,,,,,,,,,,,,,,,,,,,-14,-24,-70,-24,-86.0,-10,-56,-10,-72.0,-46,0,-62.0,46,-16.0,-62.0
59021,1.0,7,2011-03-22 01:00:00+00:00,1596,180,0.0,1.0,0.6,Vorlage zur Beschlussfassung (Gesetzentwurf),Gesundheitseinrichtungen,"['Bundesrecht', 'Krebs (Krankheit)', 'Qualitätssicherung', 'Rechtseinheit']",[-0.01397503  0.02068054  0.00852289 ...  0.03609694 -0.01767246   0.00705018],"[(np.int64(3), np.float64(0.40987870976237845)), (np.int64(19), np.float64(0.36100943823433873)), (np.int64(28), np.float64(0.32243567757911135))]",3,0.40987870976237845,0.0,2,55,1,9,1,153,153.0,1,163,1,180,,,0.0,,0.0,,,,,,0.0,,,,,,,,,,,,,,,,,,,0.0,,,,,,,,,,,,,,,,,,,,,,,,,,,,,,,,,,,,,,,,,,,,,,,,,,,,,,,,,,,0.0,,,,,,,,,,,,,,0.0,,,,,,,,,,,,,,,,,,,,,,,,,,,,,,,,,,,,,,,,,,,,,,,,,,,,,,,-17,-27,-171,-125,-180.0,-10,-154,-108,-163.0,-144,-98,-153.0,46,-9.0,-55.0
59027,1.0,6,2011-03-22 01:00:00+00:00,1596,91,0.0,0.3333333333333333,0.6,Vorlage zur Beschlussfassung (Gesetzentwurf),Fort- und Weiterbildung,"['Apotheker', 'Arzt', 'Kammer (Körperschaft)', 'Psychotherapeut', 'Tierarzt', 'Zahnarzt']",[-0.02837069 -0.00829931  0.00369349 ...  0.00264872 -0.01518597  -0.00441453],"[(np.int64(30), np.float64(0.3688350205616764)), (np.int64(20), np.float64(0.35499246486936126)), (np.int64(34), np.float64(0.3433181800261198))]",30,0.3688350205616764,1.0,1,69,1,9,1,69,,1,79,1,91,,,0.0,,0.0,,,,,,0.0,,,,,,,,,,,,,,,,,,,0.0,,,,,,,,,,,,,,,,,,,,,,,,,,,,,,,,,,,,,,,,,,,,,,,,,,,,,,,,,,,0.0,,,,,,,,,,,,,,0.0,,,,,,,,,,,,,,,,,,,,,,,,,,,,,,,,,,,,,,,,,,,,,,,,,,,,,,,-12,-22,-82,-22,-91.0,-10,-70,-10,-79.0,-60,0,-69.0,60,-9.0,-69.0
59034,1.0,6,2011-03-22 01:00:00+00:00,1596,99,0.0,0.3333333333333333,0.4,Vorlage zur Beschlussfassung (Gesetzentwurf),Dienstleistungen,"['Dienstleistung', 'Europäische Union', 'Gewerbeordnung']",[-0.00767159  0.00358499  0.01274664 ... -0.00296536  0.00240475   0.0130417 ],"[(np.int64(28), np.float64(0.4085659844153239)), (np.int64(31), np.float64(0.39856060747993605)), (np.int64(20), np.float64(0.39304208107458616))]",28,0.4085659844153239,0.5,1,71,1,23,1,71,,1,79,1,99,,,0.0,,0.0,,,,,,0.0,,,,,,,,,,,,,,,,,,,0.0,,,,,,,,,,,,,,,,,,,,,,,,,,,,,,,,,,,,,,,,,,,,,,,,,,,,,,,,,,,0.0,,,,,,,,,,,,,,0.0,,,,,,,,,,,,,,,,,,,,,,,,,,,,,,,,,,,,,,,,,,,,,,,,,,,,,,,-20,-28,-76,-28,-99.0,-8,-56,-8,-79.0,-48,0,-71.0,48,-23.0,-71.0
59096,1.0,11,2011-03-29 02:00:00+00:00,1603,52,0.0,0.3333333333333333,0.6,Vorlage zur Beschlussfassung (Gesetzentwurf),Glücksspiel,"['Gewerbefreiheit', 'Glücksspiel', 'Jugendschutz', 'Suchtbekämpfung']",[ 0.01173988  0.02516548  0.01818176 ...  0.00169325 -0.00842863   0.02046953],"[(np.int64(34), np.float64(0.46322154873997834)), (np.int64(28), np.float64(0.4343762722204431)), (np.int64(38), np.float64(0.40673109170100463))]",34,0.46322154873997834,1.0,4,36,1,16,1,43,41.0,1,44,1,52,,41.0,2.0,42.0,0.0,,43.0,,44.0,,0.0,,,,,,,,,,,,,,,,,,,0.0,,,,,,,,,,,,,,,,,,,,,,,,,,,,,,,,,,,,,,,,,,,,,,,,,,,,,,,,,,,0.0,,,,,,,,,,,,,,0.0,,,,,,,,,,,,,,,,,,,,,,,,,,,,,,,,,,,,,,,,,,,10.0,2.0,1.0,-26.0,-6.0,-42.0,,,,,,,-8,-9,-36,-16,-52.0,-1,-28,-8,-44.0,-27,-7,-43.0,20,-16.0,-36.0
59069,1.0,6,2011-03-29 02:00:00+00:00,1603,72,0.0,1.0,0.6,Vorlage zur Beschlussfassung (Gesetzentwurf),Medizinische Berufe,"['Krankenhaus', 'Medizinische Ausbildung', 'Staatsprüfung']",[-0.00494985  0.01775947  0.00929972 ...  0.00638981 -0.01403958   0.00722979],"[(np.int64(3), np.float64(0.4376278660677592)), (np.int64(19), np.float64(0.3684763081904599)), (np.int64(10), np.float64(0.3549105736534033))]",3,0.4376278660677592,0.0,1,48,1,16,1,48,,1,58,1,72,,,0.0,,0.0,,,,,,0.0,,,,,,,,,,,,,,,,,,,0.0,,,,,,,,,,,,,,,,,,,,,,,,,,,,,,,,,,,,,,,,,,,,,,,,,,,,,,,,,,,0.0,,,,,,,,,,,,,,0.0,,,,,,,,,,,,,,,,,,,,,,,,,,,,,,,,,,,,,,,,,,,,,,,,,,,,,,,-14,-24,-56,-24,-72.0,-10,-42,-10,-58.0,-32,0,-48.0,32,-16.0,-48.0
59185,1.0,9,2011-04-12 02:00:00+00:00,1617,80,0.0,0.3333333333333333,0.4,Vorlage zur Beschlussfassung (Gesetzentwurf),Wohnungswesen,"['Wohneigentum', 'Finanzzuweisung', 'Kredit', 'Mieterschutz', 'Sozialstruktur', 'Sozialwohnung', 'Wohnungsmiete']",[0.02220456 0.01548318 0.03036624 ... 0.00675139 0.01116229 0.00954196],"[(np.int64(38), np.float64(0.5643722020374087)), (np.int64(28), np.float64(0.4634773690405993)), (np.int64(9), np.float64(0.43374902208692573))]",38,0.5643722020374087,0.5,3,22,1,30,1,71,64.0,1,72,1,80,,71.0,1.0,72.0,0.0,,,,,,0.0,,,,,,,,,,,,,,,,,,,0.0,,,,,,,,,,,,,,,,,,,,,,,,,,,,,,,,,,,,,,,,,,,,,,,,,,,,,,,,,,,0.0,,,,,,,,,,,,,,0.0,,,,,,,,,,,,,,,,,,,,,,,,,,,,,,,,,,,,,,,,,,,8.0,0.0,-1.0,-42.0,-50.0,-72.0,,,,,,,-8,-9,-50,-58,-80.0,-1,-42,-50,-72.0,-41,-49,-71.0,-8,-30.0,-22.0
59233,1.0,6,2011-04-18 02:00:00+00:00,1623,72,0.0,0.3333333333333333,0.4,Vorlage zur Beschlussfassung (Gesetzentwurf),Wissenschaft Forschung,"['Brandenburg', 'Staatsvertrag', 'Wissenschaft']",[ 0.0137056   0.01090489  0.00053631 ... -0.00676342  0.01364601   0.02848382],"[(np.int64(28), np.float64(0.44015774625147464)), (np.int64(2), np.float64(0.4307184613245672)), (np.int64(12), np.float64(0.42600087380136065))]",28,0.44015774625147464,0.5,1,30,1,24,1,30,,1,52,1,72,,,0.0,,0.0,,,,,,0.0,,,,,,,,,,,,,,,,,,,0.0,,,,,,,,,,,,,,,,,,,,,,,,,,,,,,,,,,,,,,,,,,,,,,,,,,,,,,,,,,,0.0,,,,,,,,,,,,,,0.0,,,,,,,,,,,,,,,,,,,,,,,,,,,,,,,,,,,,,,,,,,,,,,,,,,,,,,,-20,-42,-48,-42,-72.0,-22,-28,-22,-52.0,-6,0,-30.0,6,-24.0,-30.0
59232,1.0,6,2011-04-19 02:00:00+00:00,1624,63,0.0,0.3333333333333333,0.6,Vorlage zur Beschlussfassung (Gesetzentwurf),"['Glücksspiel', 'Gewerbeaufsicht', 'Bauwesen']","['Energieeinsparung', 'Genehmigungsbedürftige Anlage', 'Gewerberecht', 'Spielhalle']",[-0.02242572  0.00271422  0.02788383 ...  0.01637433 -0.01483183  -0.0013497 ],"[(np.int64(34), np.float64(0.4209193964394471)), (np.int64(28), np.float64(0.4200861994307414)), (np.int64(38), np.float64(0.3927422793333746))]",34,0.4209193964394471,1.0,1,43,1,23,1,43,,1,51,1,63,,,0.0,,0.0,,,,,,0.0,,,,,,,,,,,,,,,,,,,0.0,,,,,,,,,,,,,,,,,,,,,,,,,,,,,,,,,,,,,,,,,,,,,,,,,,,,,,,,,,,0.0,,,,,,,,,,,,,,0.0,,,,,,,,,,,,,,,,,,,,,,,,,,,,,,,,,,,,,,,,,,,,,,,,,,,,,,,-12,-20,-40,-20,-63.0,-8,-28,-8,-51.0,-20,0,-43.0,20,-23.0,-43.0
59243,1.0,8,2011-04-19 02:00:00+00:00,1624,71,0.0,0.3333333333333333,0.4,Vorlage zur Beschlussfassung (Gesetzentwurf),Öffentlicher Dienst,"['Besoldungsrecht', 'Dienstrecht', 'Richter', 'Staatsanwaltschaft']",[ 0.01063229  0.00881997  0.01467981 ...  0.00528594 -0.00043609   0.00746073],"[(np.int64(28), np.float64(0.5044323210319309)), (np.int64(35), np.float64(0.44647965050174676)), (np.int64(9), np.float64(0.44238510338058346))]",28,0.5044323210319309,0.5,3,34,1,23,1,50,48.0,1,51,1,71,,50.0,0.0,,0.0,,,,,,0.0,,,,,,,,,,,,,,,,,,,0.0,,,,,,,,,,,,,,,,,,,,,,,,,,,,,,,,,,,,,,,,,,,,,,,,,,,,,,,,,,,0.0,,,,,,,,,,,,,,0.0,,,,,,,,,,,,,,,,,,,,,,,,,,,,,,,,,,,,,,,,,,,,,,,,,,,,,,,-20,-21,-48,-37,-71.0,-1,-28,-17,-51.0,-27,-16,-50.0,11,-23.0,-34.0
59275,1.0,8,2011-05-03 02:00:00+00:00,1638,138,0.0,1.0,0.7,Vorlage zur Beschlussfassung (Gesetzentwurf),Bauwesen,"['Baugenehmigung', 'Bezirksamt', 'Senatsverwaltung für Stadtentwicklung', 'Zuständigkeit (Verwaltung)']",[-0.00941315  0.01036039  0.00338933 ... -0.00666025 -0.0133205  -0.00577222],"[(np.int64(31), np.float64(0.4711674340729941)), (np.int64(8), np.float64(0.39580528605193066)), (np.int64(25), np.float64(0.3658120260470733))]",31,0.4711674340729941,1.0,3,16,1,9,1,120,113.0,1,121,1,138,,120.0,0.0,,0.0,,,,,,0.0,,,,,,,,,,,,,,,,,,,0.0,,,,,,,,,,,,,,,,,,,,,,,,,,,,,,,,,,,,,,,,,,,,,,,,,,,,,,,,,,,0.0,,,,,,,,,,,,,,0.0,,,,,,,,,,,,,,,,,,,,,,,,,,,,,,,,,,,,,,,,,,,,,,,,,,,,,,,-17,-18,-129,-122,-138.0,-1,-112,-105,-121.0,-111,-104,-120.0,7,-9.0,-16.0
59274,1.0,8,2011-05-03 02:00:00+00:00,1638,71,0.0,0.6666666666666667,0.8,Vorlage zur Beschlussfassung (Gesetzentwurf),Sozialleistungen,"['Bundesrecht', 'Familienhilfe', 'Kindertagesstätte', 'Schulgesetz', 'Sozialpolitik']",[ 0.00457599  0.04038678  0.0106281  ... -0.01092333 -0.01794968   0.02373609],"[(np.int64(22), np.float64(0.4246712363332861)), (np.int64(24), np.float64(0.40466954848222864)), (np.int64(27), np.float64(0.3857470898820622))]",22,0.4246712363332861,1.0,3,16,1,9,1,50,44.0,1,51,1,71,,50.0,0.0,,0.0,,,,,,0.0,,,,,,,,,,,,,,,,,,,0.0,,,,,,,,,,,,,,,,,,,,,,,,,,,,,,,,,,,,,,,,,,,,,,,,,,,,,,,,,,,0.0,,,,,,,,,,,,,,0.0,,,,,,,,,,,,,,,,,,,,,,,,,,,,,,,,,,,,,,,,,,,,,,,,,,,,,,,-20,-21,-62,-55,-71.0,-1,-42,-35,-51.0,-41,-34,-50.0,7,-9.0,-16.0
59394,1.0,6,2011-05-17 02:00:00+00:00,1652,57,0.0,0.3333333333333333,0.4,Vorlage zur Beschlussfassung (Gesetzentwurf),"['Gerichte und Staatsanwaltschaften', 'Hochschulen']","['Europäische Union', 'Hochschullehrer']",[ 0.01848785  0.00606449  0.01371869 ... -0.0032972  -0.00210491   0.00953832],"[(np.int64(29), np.float64(0.38509652001615974)), (np.int64(8), np.float64(0.3843928443889035)), (np.int64(2), np.float64(0.3779735161726083))]",29,0.38509652001615974,0.5,1,29,1,9,1,29,,1,37,1,57,,,0.0,,0.0,,,,,,0.0,,,,,,,,,,,,,,,,,,,0.0,,,,,,,,,,,,,,,,,,,,,,,,,,,,,,,,,,,,,,,,,,,,,,,,,,,,,,,,,,,0.0,,,,,,,,,,,,,,0.0,,,,,,,,,,,,,,,,,,,,,,,,,,,,,,,,,,,,,,,,,,,,,,,,,,,,,,,-20,-28,-48,-28,-57.0,-8,-28,-8,-37.0,-20,0,-29.0,20,-9.0,-29.0
59393,1.0,6,2011-05-17 02:00:00+00:00,1652,57,0.0,0.6666666666666667,0.8,Vorlage zur Beschlussfassung (Gesetzentwurf),Allgemeinbildende Schulen,"['Schulgesetz', 'Sprachunterricht', 'USA', 'Hochschulzulassung']",[-0.02107718  0.02667394  0.0275075  ... -0.00669826  0.00893101   0.01256295],"[(np.int64(22), np.float64(0.3565791665251092)), (np.int64(10), np.float64(0.34049214381752535)), (np.int64(19), np.float64(0.3387681878571863))]",22,0.3565791665251092,1.0,1,30,1,9,1,30,,1,37,1,57,,,0.0,,0.0,,,,,,0.0,,,,,,,,,,,,,,,,,,,0.0,,,,,,,,,,,,,,,,,,,,,,,,,,,,,,,,,,,,,,,,,,,,,,,,,,,,,,,,,,,0.0,,,,,,,,,,,,,,0.0,,,,,,,,,,,,,,,,,,,,,,,,,,,,,,,,,,,,,,,,,,,,,,,,,,,,,,,-20,-27,-48,-27,-57.0,-7,-28,-7,-37.0,-21,0,-30.0,21,-9.0,-30.0
59387,1.0,6,2011-05-17 02:00:00+00:00,1652,57,0.0,0.3333333333333333,0.4,Vorlage zur Beschlussfassung (Gesetzentwurf),"['Europäische Union', 'Bauwesen', 'Verbraucher']","['Baustoff', 'Rechtsaufsicht', 'Rechtseinheit', 'Senatsverwaltung für Stadtentwicklung', 'Verbraucherschutz']",[ 0.00889048  0.00371918  0.01132054 ...  0.00566027 -0.00696421   0.00426743],"[(np.int64(28), np.float64(0.3368349771147483)), (np.int64(34), np.float64(0.3167554517604591)), (np.int64(18), np.float64(0.28646444000625587))]",28,0.3368349771147483,0.5,1,29,1,9,1,29,,1,37,1,57,,,0.0,,0.0,,,,,,0.0,,,,,,,,,,,,,,,,,,,0.0,,,,,,,,,,,,,,,,,,,,,,,,,,,,,,,,,,,,,,,,,,,,,,,,,,,,,,,,,,,0.0,,,,,,,,,,,,,,0.0,,,,,,,,,,,,,,,,,,,,,,,,,,,,,,,,,,,,,,,,,,,,,,,,,,,,,,,-20,-28,-48,-28,-57.0,-8,-28,-8,-37.0,-20,0,-29.0,20,-9.0,-29.0
59391,1.0,6,2011-05-17 02:00:00+00:00,1652,43,0.0,1.0,0.6,Vorlage zur Beschlussfassung (Gesetzentwurf),Gesundheitseinrichtungen,"['Aufsichtsrat', 'Charité - Berliner Hochschulmedizin (CBH)', 'Forschung']",[ 0.01117445  0.00330982  0.01943382 ...  0.01919089 -0.00194338   0.0213772 ],"[(np.int64(3), np.float64(0.4777254245710283)), (np.int64(38), np.float64(0.43339437655839075)), (np.int64(2), np.float64(0.42528927849054887))]",3,0.4777254245710283,0.0,1,22,1,9,1,22,,1,23,1,43,,,0.0,,0.0,,,,,,0.0,,,,,,,,,,,,,,,,,,,0.0,,,,,,,,,,,,,,,,,,,,,,,,,,,,,,,,,,,,,,,,,,,,,,,,,,,,,,,,,,,0.0,,,,,,,,,,,,,,0.0,,,,,,,,,,,,,,,,,,,,,,,,,,,,,,,,,,,,,,,,,,,,,,,,,,,,,,,-20,-21,-34,-21,-43.0,-1,-14,-1,-23.0,-13,0,-22.0,13,-9.0,-22.0
59388,1.0,7,2011-05-17 02:00:00+00:00,1652,57,0.0,0.3333333333333333,0.4,Vorlage zur Beschlussfassung (Gesetzentwurf),"['Innere Sicherheit', 'Europäische Union']","['Europäische Union', 'Geldpolitik', 'Gewerberecht', 'Ordnungsbehörde', 'Terrorismus']",[ 0.00226251  0.04048697  0.00952635 ... -0.00893095  0.00762108   0.01375366],"[(np.int64(28), np.float64(0.36505991608563526)), (np.int64(34), np.float64(0.343352369963991)), (np.int64(26), np.float64(0.34245331406771035))]",28,0.36505991608563526,0.5,2,20,1,9,1,34,34.0,1,37,1,57,,,0.0,,0.0,,,,,,0.0,,,,,,,,,,,,,,,,,,,0.0,,,,,,,,,,,,,,,,,,,,,,,,,,,,,,,,,,,,,,,,,,,,,,,,,,,,,,,,,,,0.0,,,,,,,,,,,,,,0.0,,,,,,,,,,,,,,,,,,,,,,,,,,,,,,,,,,,,,,,,,,,,,,,,,,,,,,,-20,-23,-48,-37,-57.0,-3,-28,-17,-37.0,-25,-14,-34.0,11,-9.0,-20.0
59390,1.0,6,2011-05-17 02:00:00+00:00,1652,35,0.0,0.3333333333333333,0.4,Vorlage zur Beschlussfassung (Gesetzentwurf),Alternative Energien,"['Bundesrecht', 'Klimaschutz', 'Rechtseinheit', 'Wärmeschutz']",[-0.00637469  0.00695145  0.00995666 ...  0.02865575 -0.00837816   0.00415873],"[(np.int64(28), np.float64(0.43040804971705776)), (np.int64(1), np.float64(0.42436230358969906)), (np.int64(38), np.float64(0.42115449481389966))]",28,0.43040804971705776,0.5,1,13,1,9,1,13,,1,23,1,35,,,0.0,,0.0,,,,,,0.0,,,,,,,,,,,,,,,,,,,0.0,,,,,,,,,,,,,,,,,,,,,,,,,,,,,,,,,,,,,,,,,,,,,,,,,,,,,,,,,,,0.0,,,,,,,,,,,,,,0.0,,,,,,,,,,,,,,,,,,,,,,,,,,,,,,,,,,,,,,,,,,,,,,,,,,,,,,,-12,-22,-26,-22,-35.0,-10,-14,-10,-23.0,-4,0,-13.0,4,-9.0,-13.0
59386,0.0,6,2011-05-18 02:00:00+00:00,1653,42,,0.3333333333333333,0.4,Antrag (Gesetzentwurf),"['Abfall', 'Bauwesen']","['Abfallbeseitigung', 'Betriebskosten im Wohnungswesen', 'Bausanierung', 'Wohnungsbaugesellschaft']",[0.00088128 0.01452224 0.02422382 ... 0.01108752 0.0054835  0.01699283],"[(np.int64(38), np.float64(0.4816218518209306)), (np.int64(28), np.float64(0.4658391607833219)), (np.int64(23), np.float64(0.45921077415744316))]",38,0.4816218518209306,0.5,1,14,1,8,1,14,,1,22,1,42,,,0.0,,1.0,0.0,,,,,0.0,,,,,,,,,,,,,,,,,,,0.0,,,,,,,,,,,,,,,,,,,,,,,,,,,,,,,,,,,,,,,,,,,,,,,,,,,,,,,,,,,0.0,,,,,,,,,,,,,,0.0,,,,,,,,,,,,,,,,,,,,,,,,,,,,,,,,,,,,,,,,,,,,,,,,,42.0,22.0,14.0,8.0,14.0,,-20,-28,-34,-28,,-8,-14,-8,,-6,0,,6,,
59428,1.0,7,2011-05-24 02:00:00+00:00,1659,50,0.0,0.3333333333333333,0.4,Vorlage zur Beschlussfassung (Gesetzentwurf),Ordnungsrecht,"['Berliner Beauftragter für Datenschutz und Informationsfreiheit', 'Sicherheitsüberprüfung von Personen', 'Technische Überwachung', 'Veranstaltung']",[ 0.01200937  0.02366725 -0.00310486 ...  0.00392501  0.00577036   0.00123755],"[(np.int64(26), np.float64(0.4895258043787705)), (np.int64(33), np.float64(0.3439927241574974)), (np.int64(12), np.float64(0.33516883186664914))]",26,0.4895258043787705,0.0,2,14,1,2,1,27,27.0,1,30,1,50,,,0.0,,0.0,,,,,,0.0,,,,,,,,,,,,,,,,,,,0.0,,,,,,,,,,,,,,,,,,,,,,,,,,,,,,,,,,,,,,,,,,,,,,,,,,,,,,,,,,,0.0,,,,,,,,,,,,,,0.0,,,,,,,,,,,,,,,,,,,,,,,,,,,,,,,,,,,,,,,,,,,,,,,,,,,,,,,-20,-23,-48,-36,-50.0,-3,-28,-16,-30.0,-25,-13,-27.0,12,-2.0,-14.0
59497,0.0,6,2011-06-01 02:00:00+00:00,1667,42,,0.3333333333333333,0.4,Antrag (Gesetzentwurf),Parlament,"['Abgeordnetenhaus von Berlin', 'Parlamentarische Kontrolle']",[-0.00950734  0.00974355 -0.02161296 ...  0.02279399  0.01021596   0.0196052 ],"[(np.int64(26), np.float64(0.4256378399623982)), (np.int64(38), np.float64(0.417636081873225)), (np.int64(8), np.float64(0.4169821582258404))]",26,0.4256378399623982,0.0,1,14,1,8,1,14,,1,22,1,42,,,0.0,,1.0,0.0,,,,,0.0,,,,,,,,,,,,,,,,,,,0.0,,,,,,,,,,,,,,,,,,,,,,,,,,,,,,,,,,,,,,,,,,,,,,,,,,,,,,,,,,,0.0,,,,,,,,,,,,,,0.0,,,,,,,,,,,,,,,,,,,,,,,,,,,,,,,,,,,,,,,,,,,,,,,,,42.0,22.0,14.0,8.0,14.0,,-20,-28,-34,-28,,-8,-14,-8,,-6,0,,6,,
59545,0.0,6,2011-06-14 02:00:00+00:00,1680,96,,0.3333333333333333,0.5,Antrag (Gesetzentwurf),Lehrer,"['Privatschule', 'Quereinsteiger', 'Schulreform', 'Vorbereitungsdienst']",[-1.26519927e-03  9.70966835e-03  1.16516026e-02 ... -2.21823630e-05  -4.64887172e-03  1.21223740e-02],"[(np.int64(7), np.float64(0.39362189790432056)), (np.int64(29), np.float64(0.3900544490716397)), (np.int64(20), np.float64(0.3774125166974011))]",7,0.39362189790432056,0.5,1,72,1,9,1,72,,1,79,1,96,,,0.0,,1.0,0.0,,,,,0.0,,,,,,,,,,,,,,,,,,,0.0,,,,,,,,,,,,,,,,,,,,,,,,,,,,,,,,,,,,,,,,,,,,,,,,,,,,,,,,,,,0.0,,,,,,,,,,,,,,0.0,,,,,,,,,,,,,,,,,,,,,,,,,,,,,,,,,,,,,,,,,,,,,,,,,96.0,79.0,72.0,9.0,72.0,,-17,-24,-87,-24,,-7,-70,-7,,-63,0,,63,,
60137,1.0,7,2011-09-13 02:00:00+00:00,1771,154,0.0,0.3333333333333333,0.4,Vorlage zur Beschlussfassung (Gesetzentwurf),"['Innere Sicherheit', 'Europäische Union']","['Energieverbrauch', 'Umweltschutz', 'Verbraucherschutz']",[-0.00127946  0.02047137  0.0138448  ... -0.00378661 -0.0186964   0.00035684],"[(np.int64(37), np.float64(0.36779950856975774)), (np.int64(19), np.float64(0.36423810341529206)), (np.int64(34), np.float64(0.35505604954054126))]",37,0.36779950856975774,0.5,2,119,1,57,1,131,131.0,1,148,1,154,,,0.0,,0.0,,,,,,0.0,,,,,,,,,,,,,,,,,,,0.0,,,,,,,,,,,,,,,,,,,,,,,,,,,,,,,,,,,,,,,,,,,,,,,,,,,,,,,,,,,0.0,,,,,,,,,,,,,,0.0,,,,,,,,,,,,,,,,,,,,,,,,,,,,,,,,,,,,,,,,,,,,,,,,,,,,,,,-6,-23,-97,-35,-154.0,-17,-91,-29,-148.0,-74,-12,-131.0,62,-57.0,-119.0
60151,1.0,8,2011-10-31 01:00:00+00:00,1819,93,0.0,1.0,0.5,Vorlage zur Beschlussfassung (Gesetzentwurf),Justizvollzug,"['Brandenburg', 'Staatssymbol', 'Staatsvertrag']",[-0.0087927   0.01675366  0.0111097  ...  0.00980267  0.01057501   0.02922979],"[(np.int64(28), np.float64(0.4507584255832622)), (np.int64(38), np.float64(0.43098580399599584)), (np.int64(12), np.float64(0.42374346899545867))]",28,0.4507584255832622,0.5,2,37,1,10,1,37,37.0,1,38,2,44,93.0,,0.0,,0.0,,,,,,0.0,,,,,,,,,,,,,,,,,,,0.0,,,,,,,,,,,,,,,,,,,,,,,,,,,,,,,,,,,,,,,,,,,,,,,,,,,,,,,,,,,0.0,,,,,,,,,,,,,,0.0,,,,,,,,,,,,,,,,,,,,,,,,,,,,,,,,,,,,,,,,,,,,,,,,,,,,,,,-6,-7,-34,-7,-44.0,-1,-28,-1,-38.0,-27,0,-37.0,27,-10.0,-37.0
60307,0.0,7,2012-01-04 01:00:00+00:00,1884,56,,1.0,0.6,Antrag (Gesetzentwurf),Abgeordnete,[],[ 0.01000195  0.00159055 -0.00668769 ...  0.0056224  -0.00107269   0.01538761],"[(np.int64(30), np.float64(0.4088397122069025)), (np.int64(19), np.float64(0.33904085071500045)), (np.int64(37), np.float64(0.3379900815303327))]",30,0.4088397122069025,0.0,2,14,1,8,1,35,35.0,1,50,1,56,,,0.0,,1.0,0.0,,,,,0.0,,,,,,,,,,,,,,,,,,,0.0,,,,,,,,,,,,,,,,,,,,,,,,,,,,,,,,,,,,,,,,,,,,,,,,,,,,,,,,,,,0.0,,,,,,,,,,,,,,0.0,,,,,,,,,,,,,,,,,,,,,,,,,,,,,,,,,,,,,,,,,,,,,,,,,56.0,50.0,35.0,8.0,14.0,,-6,-21,-48,-42,,-15,-42,-36,,-27,-21,,6,,
60403,1.0,7,2012-01-12 01:00:00+00:00,1892,62,0.0,0.3333333333333333,0.4,Vorlage zur Beschlussfassung (Gesetzentwurf),"['Öffentlicher Haushalt', 'Abgaben']",[],[ 0.02349379  0.01109097 -0.02313601 ...  0.00730454 -0.00527716   0.02886039],"[(np.int64(18), np.float64(0.5935874494634008)), (np.int64(38), np.float64(0.36616683399765976)), (np.int64(28), np.float64(0.3659953180838638))]",18,0.5935874494634008,0.0,2,48,1,28,1,55,55.0,1,56,1,62,,,0.0,,0.0,,,,,,0.0,,,,,,,,,,,,,,,,,,,0.0,,,,,,,,,,,,,,,,,,,,,,,,,,,,,,,,,,,,,,,,,,,,,,,,,,,,,,,,,,,0.0,,,,,,,,,,,,,,0.0,,,,,,,,,,,,,,,,,,,,,,,,,,,,,,,,,,,,,,,,,,,,,,,,,,,,,,,-6,-7,-34,-14,-62.0,-1,-28,-8,-56.0,-27,-7,-55.0,20,-28.0,-48.0
60371,0.0,9,2012-01-17 01:00:00+00:00,1897,73,,1.0,0.6,Antrag (Gesetzentwurf),Abgeordnete,"['Besoldung', 'Übergangszahlung']",[ 0.00718855 -0.00026774  0.00548677 ... -0.0001733   0.00093158   0.02335544],"[(np.int64(16), np.float64(0.37281892743277756)), (np.int64(31), np.float64(0.33444666358227515)), (np.int64(30), np.float64(0.3302882255968752))]",16,0.37281892743277756,0.0,2,29,1,9,1,48,48.0,1,65,1,73,,,2.0,7.0,1.0,0.0,,,64.0,,0.0,,,,,,,,,,,,,,,,,,,0.0,,,,,,,,,,,,,,,,,,,,,,,,,,,,,,,,,,,,,,,,,,,,,,,,,,,,,,,,,,,0.0,,,,,,,,,,,,,,0.0,,,,,,,,,,,,,,,,,,,,,,,,,,,,,,,,,,,,,,,,,,-7.0,66.0,58.0,41.0,2.0,22.0,,73.0,65.0,48.0,9.0,29.0,,-8,-25,-64,-44,,-17,-56,-36,,-39,-19,,20,,
60475,1.0,79,2012-01-27 01:00:00+00:00,1907,144,0.0,1.0,0.5,Vorlage zur Beschlussfassung (Gesetzentwurf),Öffentlicher Haushalt,"['Finanzausgleich', 'Finanzpolitik', 'Kreditaufnahme', 'Landesbürgschaft', 'Steueraufkommen']",[0.03000997 0.02223411 0.00256664 ... 0.0141545  0.00039677 0.02223411],"[(np.int64(28), np.float64(0.5233458618864882)), (np.int64(38), np.float64(0.44257535187285657)), (np.int64(35), np.float64(0.4357665899706096))]",28,0.5233458618864882,0.5,55,19,2,13,1,131,24.0,13,139,1,144,,24.0,6.0,136.0,0.0,,24.0,26.0,137.0,138.0,0.0,,26.0,,26.0,28.0,,31.0,31.0,33.0,33.0,34.0,34.0,39.0,40.0,45.0,46.0,47.0,47.0,0.0,,49.0,52.0,52.0,52.0,53.0,54.0,54.0,54.0,56.0,56.0,59.0,59.0,59.0,60.0,61.0,61.0,61.0,62.0,62.0,63.0,82.0,88.0,89.0,96.0,97.0,98.0,102.0,103.0,109.0,110.0,117.0,139.0,139.0,139.0,139.0,139.0,139.0,139.0,139.0,139.0,139.0,139.0,139.0,,27.0,119.0,124.0,126.0,131.0,138.0,138.0,139.0,,,,,,0.0,,,,,,,,,,,,,,0.0,,,,,,,,,,,,,,,,,,,,,,,,,,,,,,,,,,,,,,,,,,,8.0,3.0,-5.0,-123.0,-117.0,-136.0,,,,,,,-5,-13,-131,-125,-144.0,-8,-126,-120,-139.0,-118,-112,-131.0,6,-13.0,-19.0
60536,1.0,8,2012-02-07 01:00:00+00:00,1918,448,0.0,0.3333333333333333,0.4,Vorlage zur Beschlussfassung (Gesetzentwurf),"['Gesundheitsschutz', 'Arzneimittel']","['Arzneimittel', 'Europäische Union', 'Gesundheitsvorsorge', 'Medizintechnik']",[ 0.01087794 -0.00896533  0.01183424 ...  0.02020189  0.0001653   0.01816974],"[(np.int64(3), np.float64(0.3166188559064612)), (np.int64(19), np.float64(0.30688523030457987)), (np.int64(37), np.float64(0.29599892707686515))]",3,0.3166188559064612,1.0,2,209,1,16,1,218,218.0,1,219,2,227,448.0,,0.0,,0.0,,,,,,0.0,,,,,,,,,,,,,,,,,,,0.0,,,,,,,,,,,,,,,,,,,,,,,,,,,,,,,,,,,,,,,,,,,,,,,,,,,,,,,,,,,0.0,,,,,,,,,,,,,,0.0,,,,,,,,,,,,,,,,,,,,,,,,,,,,,,,,,,,,,,,,,,,,,,,,,,,,,,,-8,-9,-211,-18,-227.0,-1,-203,-10,-219.0,-202,-9,-218.0,193,-16.0,-209.0
60554,0.0,8,2012-02-15 01:00:00+00:00,1926,91,,1.0,0.4,Antrag (Gesetzentwurf),Datenschutz,"['Personenbezogene Daten', 'Öffentlicher Personennahverkehr', 'Strafverfolgung', 'Videoüberwachung']",[-0.01365497 -0.00311946  0.00859322 ...  0.02248362 -0.00282517   0.01718643],"[(np.int64(9), np.float64(0.45770823584019615)), (np.int64(12), np.float64(0.43438885018490925)), (np.int64(26), np.float64(0.4305810145697417))]",9,0.45770823584019615,1.0,3,19,1,8,1,68,28.0,1,85,1,91,,68.0,0.0,,1.0,0.0,,,,,0.0,,,,,,,,,,,,,,,,,,,0.0,,,,,,,,,,,,,,,,,,,,,,,,,,,,,,,,,,,,,,,,,,,,,,,,,,,,,,,,,,,0.0,,,,,,,,,,,,,,0.0,,,,,,,,,,,,,,,,,,,,,,,,,,,,,,,,,,,,,,,,,,,,,,,,,91.0,85.0,68.0,8.0,19.0,,-6,-23,-83,-72,,-17,-77,-66,,-60,-49,,11,,
60716,1.0,7,2012-02-28 01:00:00+00:00,1939,514,0.0,0.6666666666666667,0.5,Vorlage zur Beschlussfassung (Gesetzentwurf),"['Güterverkehr', 'Europäische Union']","['Europäische Union', 'Genehmigungsbedürftige Anlage', 'Medizintechnik', 'Rechtseinheit']",[ 0.01801896  0.01849315 -0.00518638 ...  0.00318592  0.00806112   0.0091873 ],"[(np.int64(19), np.float64(0.2759265330212341)), (np.int64(8), np.float64(0.2677500137448343)), (np.int64(28), np.float64(0.2610527127322962))]",19,0.2759265330212341,0.0,1,100,1,23,1,100,,1,107,2,112,514.0,,0.0,,0.0,,,,,,0.0,,,,,,,,,,,,,,,,,,,0.0,,,,,,,,,,,,,,,,,,,,,,,,,,,,,,,,,,,,,,,,,,,,,,,,,,,,,,,,,,,0.0,,,,,,,,,,,,,,0.0,,,,,,,,,,,,,,,,,,,,,,,,,,,,,,,,,,,,,,,,,,,,,,,,,,,,,,,-5,-12,-89,-12,-112.0,-7,-84,-7,-107.0,-77,0,-100.0,77,-23.0,-100.0
60750,1.0,7,2012-02-29 01:00:00+00:00,1940,97,0.0,0.3333333333333333,0.6,Vorlage zur Beschlussfassung (Gesetzentwurf),Glücksspiel,"['Länder der Bundesrepublik Deutschland', 'Staatsvertrag']",[ 0.00829358  0.01332897 -0.00396907 ...  0.0114333  -0.00601285   0.02831666],"[(np.int64(34), np.float64(0.37205407981820837)), (np.int64(18), np.float64(0.3685427716308305)), (np.int64(19), np.float64(0.36294070386007854))]",34,0.37205407981820837,1.0,2,75,1,22,1,84,84.0,1,85,1,97,,,0.0,,0.0,,,,,,0.0,,,,,,,,,,,,,,,,,,,0.0,,,,,,,,,,,,,,,,,,,,,,,,,,,,,,,,,,,,,,,,,,,,,,,,,,,,,,,,,,,0.0,,,,,,,,,,,,,,0.0,,,,,,,,,,,,,,,,,,,,,,,,,,,,,,,,,,,,,,,,,,,,,,,,,,,,,,,-12,-13,-75,-22,-97.0,-1,-63,-10,-85.0,-62,-9,-84.0,53,-22.0,-75.0
60749,0.0,8,2012-03-06 01:00:00+00:00,1946,91,,1.0,0.5,Antrag (Gesetzentwurf),Wirtschaft,"['Ausschreibung', 'Datenschutz', 'Mindestlohn', 'Wettbewerb']",[ 0.00882563  0.0057955   0.00576608 ...  0.00171364 -0.00382444   0.03789137],"[(np.int64(28), np.float64(0.4360870346503857)), (np.int64(35), np.float64(0.41921229851459574)), (np.int64(34), np.float64(0.4165930644510776))]",28,0.4360870346503857,0.5,2,76,1,16,1,78,78.0,1,79,1,91,,,1.0,79.0,1.0,0.0,,,,,0.0,,,,,,,,,,,,,,,,,,,0.0,,,,,,,,,,,,,,,,,,,,,,,,,,,,,,,,,,,,,,,,,,,,,,,,,,,,,,,,,,,0.0,,,,,,,,,,,,,,0.0,,,,,,,,,,,,,,,,,,,,,,,,,,,,,,,,,,,,,,,,,,-79.0,12.0,0.0,-1.0,-63.0,-3.0,,91.0,79.0,78.0,16.0,76.0,,-12,-13,-75,-15,,-1,-63,-3,,-62,-2,,60,,
61018,1.0,6,2012-04-17 02:00:00+00:00,1988,63,0.0,0.3333333333333333,0.5,Vorlage zur Beschlussfassung (Gesetzentwurf),"['Berufsausbildung', 'Kommunale Angelegenheiten']","['Kammer (Körperschaft)', 'Rechtsvorschrift', 'Senatsverwaltung']",[ 0.02318014  0.00935442  0.01006042 ...  0.0055597  -0.01082524   0.01929718],"[(np.int64(31), np.float64(0.39186321701049315)), (np.int64(15), np.float64(0.37919243329030383)), (np.int64(28), np.float64(0.35508561144835704))]",31,0.39186321701049315,0.5,1,51,1,23,1,51,,1,58,1,63,,,0.0,,0.0,,,,,,0.0,,,,,,,,,,,,,,,,,,,0.0,,,,,,,,,,,,,,,,,,,,,,,,,,,,,,,,,,,,,,,,,,,,,,,,,,,,,,,,,,,0.0,,,,,,,,,,,,,,0.0,,,,,,,,,,,,,,,,,,,,,,,,,,,,,,,,,,,,,,,,,,,,,,,,,,,,,,,-5,-12,-40,-12,-63.0,-7,-35,-7,-58.0,-28,0,-51.0,28,-23.0,-51.0
61053,1.0,7,2012-04-24 02:00:00+00:00,1995,134,0.0,1.0,0.5,Vorlage zur Beschlussfassung (Gesetzentwurf),"['Abgaben', 'Verkehrswegebau']","['Abgabe', 'Privathaushalt', 'Straßenbau']",[0.02268808 0.01810344 0.02245297 ... 0.01081504 0.01034482 0.00561324],"[(np.int64(38), np.float64(0.5081735045047854)), (np.int64(9), np.float64(0.46461163487365775)), (np.int64(21), np.float64(0.4547367223284398))]",38,0.5081735045047854,0.5,2,120,1,16,1,127,127.0,1,128,1,134,,,0.0,,0.0,,,,,,0.0,,,,,,,,,,,,,,,,,,,0.0,,,,,,,,,,,,,,,,,,,,,,,,,,,,,,,,,,,,,,,,,,,,,,,,,,,,,,,,,,,0.0,,,,,,,,,,,,,,0.0,,,,,,,,,,,,,,,,,,,,,,,,,,,,,,,,,,,,,,,,,,,,,,,,,,,,,,,-6,-7,-118,-14,-134.0,-1,-112,-8,-128.0,-111,-7,-127.0,104,-16.0,-120.0
61147,1.0,11,2012-05-08 02:00:00+00:00,2009,63,0.0,0.6666666666666667,0.5,Vorlage zur Beschlussfassung (Gesetzentwurf),Glücksspiel,"['Website', 'Lotterie', 'Staatsvertrag', 'Suchtprävention']",[ 0.00491837  0.00705164 -0.00379248 ... -0.01179223 -0.01422179   0.01025154],"[(np.int64(19), np.float64(0.33652899898243405)), (np.int64(34), np.float64(0.31886680528535616)), (np.int64(28), np.float64(0.30170221120251123))]",19,0.33652899898243405,0.0,5,13,1,2,1,36,15.0,1,37,2,42,63.0,29.0,0.0,,0.0,,34.0,36.0,,,0.0,,,,,,,,,,,,,,,,,,,0.0,,,,,,,,,,,,,,,,,,,,,,,,,,,,,,,,,,,,,,,,,,,,,,,,,,,,,,,,,,,0.0,,,,,,,,,,,,,,0.0,,,,,,,,,,,,,,,,,,,,,,,,,,,,,,,,,,,,,,,,,,,,,,,,,,,,,,,-5,-6,-40,-29,-42.0,-1,-35,-24,-37.0,-34,-23,-36.0,11,-2.0,-13.0
62074,1.0,7,2012-05-08 02:00:00+00:00,2009,180,0.0,1.0,0.5,Vorlage zur Beschlussfassung (Gesetzentwurf),"['Öffentliche Schulden', 'Finanzmarkt']","['Finanzplanung', 'Finanzpolitik', 'Vermögensverwaltung']",[0.00575627 0.01204389 0.00909196 ... 0.01021369 0.02314317 0.03613168],"[(np.int64(38), np.float64(0.44927604619788497)), (np.int64(28), np.float64(0.44890910545887097)), (np.int64(25), np.float64(0.3612605168179054))]",38,0.44927604619788497,0.5,2,162,1,142,1,169,169.0,1,170,1,180,,,0.0,,0.0,,,,,,0.0,,,,,,,,,,,,,,,,,,,0.0,,,,,,,,,,,,,,,,,,,,,,,,,,,,,,,,,,,,,,,,,,,,,,,,,,,,,,,,,,,0.0,,,,,,,,,,,,,,0.0,,,,,,,,,,,,,,,,,,,,,,,,,,,,,,,,,,,,,,,,,,,,,,,,,,,,,,,-10,-11,-38,-18,-180.0,-1,-28,-8,-170.0,-27,-7,-169.0,20,-142.0,-162.0
61150,0.0,6,2012-05-09 02:00:00+00:00,2010,15,,0.3333333333333333,0.6,Antrag (Gesetzentwurf),Öffentlicher Dienst,[],[ 0.01183286  0.0024849  -0.00075804 ... -0.00098361 -0.00304696   0.02922715],"[(np.int64(34), np.float64(0.32785045529662293)), (np.int64(35), np.float64(0.3121589562527669)), (np.int64(28), np.float64(0.31189318182828296))]",34,0.32785045529662293,1.0,1,12,1,1,1,12,,1,15,1,15,,,0.0,,1.0,0.0,,,,,0.0,,,,,,,,,,,,,,,,,,,0.0,,,,,,,,,,,,,,,,,,,,,,,,,,,,,,,,,,,,,,,,,,,,,,,,,,,,,,,,,,,0.0,,,,,,,,,,,,,,0.0,,,,,,,,,,,,,,,,,,,,,,,,,,,,,,,,,,,,,,,,,,,,,,,,,15.0,15.0,12.0,1.0,12.0,,0,-3,-14,-3,,-3,-14,-3,,-11,0,,11,,
61149,0.0,6,2012-05-09 02:00:00+00:00,2010,27,,0.3333333333333333,0.5,Antrag (Gesetzentwurf),Lehrer,"['Hochschulprüfung', 'Vorbereitungsdienst']",[ 0.00762847  0.01001237  0.02407737 ...  0.01114473 -0.0163297   0.02145509],"[(np.int64(7), np.float64(0.4128342085091753)), (np.int64(29), np.float64(0.39827183415126544)), (np.int64(2), np.float64(0.35386144095251654))]",7,0.4128342085091753,0.5,1,7,1,1,1,7,,1,15,1,27,,,0.0,,1.0,0.0,,,,,0.0,,,,,,,,,,,,,,,,,,,0.0,,,,,,,,,,,,,,,,,,,,,,,,,,,,,,,,,,,,,,,,,,,,,,,,,,,,,,,,,,,0.0,,,,,,,,,,,,,,0.0,,,,,,,,,,,,,,,,,,,,,,,,,,,,,,,,,,,,,,,,,,,,,,,,,27.0,15.0,7.0,1.0,7.0,,-12,-20,-26,-20,,-8,-14,-8,,-6,0,,6,,
61199,1.0,10,2012-05-15 02:00:00+00:00,2016,35,0.0,0.3333333333333333,0.4,Vorlage zur Beschlussfassung (Gesetzentwurf),Allgemeinbildende Schulen,"['Behinderter Schüler', 'Gebühr', 'Grundschule', 'Schulgesetz', 'Sonderpädagogik']",[ 0.00031995  0.02357194  0.02226239 ... -0.00613109 -0.01107167   0.03261976],"[(np.int64(24), np.float64(0.533450754863384)), (np.int64(34), np.float64(0.4377608558987043)), (np.int64(27), np.float64(0.43511519637720675))]",24,0.533450754863384,1.0,3,8,1,9,1,29,23.0,1,30,1,35,,29.0,2.0,7.0,0.0,,,,9.0,,0.0,,,,,,,,,,,,,,,,,,,0.0,,,,,,,,,,,,,,,,,,,,,,,,,,,,,,,,,,,,,,,,,,,,,,,,,,,,,,,,,,,0.0,,,,,,,,,,,,,,0.0,,,,,,,,,,,,,,,,,,,,,,,,,,,,,,,,,,,,,,,,,,,28.0,23.0,22.0,2.0,1.0,-7.0,,,,,,,-5,-6,-26,-27,-35.0,-1,-21,-22,-30.0,-20,-21,-29.0,-1,-9.0,-8.0
61324,1.0,6,2012-05-22 02:00:00+00:00,2023,122,0.0,0.3333333333333333,0.5,Vorlage zur Beschlussfassung (Gesetzentwurf),"['Landesregierung', 'Gesellschaft Bevölkerung', 'Gesundheit']","['Ethikkommission', 'Gesundheitswesen', 'Medizintechnik']",[ 0.01664976  0.00956476  0.00221406 ...  0.03211869 -0.00826584   0.00985996],"[(np.int64(31), np.float64(0.36657578930359863)), (np.int64(3), np.float64(0.3263125126281128)), (np.int64(19), np.float64(0.3241901658485149))]",31,0.36657578930359863,0.5,1,104,1,23,1,104,,1,114,1,122,,,0.0,,0.0,,,,,,0.0,,,,,,,,,,,,,,,,,,,0.0,,,,,,,,,,,,,,,,,,,,,,,,,,,,,,,,,,,,,,,,,,,,,,,,,,,,,,,,,,,0.0,,,,,,,,,,,,,,0.0,,,,,,,,,,,,,,,,,,,,,,,,,,,,,,,,,,,,,,,,,,,,,,,,,,,,,,,-8,-18,-99,-18,-122.0,-10,-91,-10,-114.0,-81,0,-104.0,81,-23.0,-104.0
61233,1.0,7,2012-05-22 02:00:00+00:00,2023,28,0.0,1.0,0.6,Vorlage zur Beschlussfassung (Gesetzentwurf),"['Behinderte', 'Öffentlicher Haushalt']","['Behindertenhilfe', 'Blindenhilfe', 'Europäische Union', 'Gerichtsentscheidung', 'Pflegegeld']",[ 0.00639024  0.00198007  0.026401   ...  0.00165006 -0.00354013   0.01656063],"[(np.int64(16), np.float64(0.39858295328808646)), (np.int64(28), np.float64(0.34757431320769605)), (np.int64(19), np.float64(0.3361226652501308))]",16,0.39858295328808646,0.0,2,13,1,2,1,15,15.0,1,23,1,28,,,0.0,,0.0,,,,,,0.0,,,,,,,,,,,,,,,,,,,0.0,,,,,,,,,,,,,,,,,,,,,,,,,,,,,,,,,,,,,,,,,,,,,,,,,,,,,,,,,,,0.0,,,,,,,,,,,,,,0.0,,,,,,,,,,,,,,,,,,,,,,,,,,,,,,,,,,,,,,,,,,,,,,,,,,,,,,,-5,-13,-26,-15,-28.0,-8,-21,-10,-23.0,-13,-2,-15.0,11,-2.0,-13.0
61709,1.0,7,2012-06-26 02:00:00+00:00,2058,701,0.0,1.0,0.5,Vorlage zur Beschlussfassung (Gesetzentwurf),Bauwesen,"['Baustoff', 'Länder der Bundesrepublik Deutschland']",[ 0.00809263  0.00649222  0.00366886 ...  0.00134374 -0.00661301   0.01521897],"[(np.int64(28), np.float64(0.3855090990584966)), (np.int64(37), np.float64(0.3802602959199574)), (np.int64(19), np.float64(0.3678480449693201))]",28,0.3855090990584966,0.5,1,113,1,65,1,113,,1,134,2,145,701.0,,0.0,,0.0,,,,,,0.0,,,,,,,,,,,,,,,,,,,0.0,,,,,,,,,,,,,,,,,,,,,,,,,,,,,,,,,,,,,,,,,,,,,,,,,,,,,,,,,,,0.0,,,,,,,,,,,,,,0.0,,,,,,,,,,,,,,,,,,,,,,,,,,,,,,,,,,,,,,,,,,,,,,,,,,,,,,,-11,-32,-80,-32,-145.0,-21,-69,-21,-134.0,-48,0,-113.0,48,-65.0,-113.0
61794,1.0,13,2012-08-14 02:00:00+00:00,2107,82,0.0,0.6666666666666667,0.4,Vorlage zur Beschlussfassung (Gesetzentwurf),Öffentlicher Dienst,"['Öffentlicher Dienst', 'Stellenbesetzung', 'Stellenplan']",[ 0.01987147 -0.00993574  0.01782411 ...  0.01288635  0.00511841   0.03540735],"[(np.int64(35), np.float64(0.4019614111956197)), (np.int64(19), np.float64(0.39201618312887404)), (np.int64(34), np.float64(0.3603189378417738))]",35,0.4019614111956197,1.0,5,15,1,16,2,43,27.0,1,72,1,82,,41.0,1.0,44.0,0.0,,43.0,71.0,,,1.0,44.0,,,,,,,,,,,,,,,,,,0.0,,,,,,,,,,,,,,,,,,,,,,,,,,,,,,,,,,,,,,,,,,,,,,,,,,,,,,71.0,,,,,0.0,,,,,,,,,,,,,,0.0,,,,,,,,,,,,,,,,,,,,,,,,,,,,,,,,,,0.0,,38.0,28.0,-1.0,-28.0,-29.0,-44.0,,38.0,28.0,-1.0,-28.0,-29.0,-44.0,,,,,,,-10,-39,-66,-67,-82.0,-29,-56,-57,-72.0,-27,-28,-43.0,-1,-16.0,-15.0
61825,1.0,7,2012-08-14 02:00:00+00:00,2107,38,0.0,1.0,0.5,Vorlage zur Beschlussfassung (Gesetzentwurf),Öffentlicher Dienst,"['Beamtenversorgung', 'Beamter', 'Mehrarbeit', 'Richter']",[ 0.01331495  0.01415087  0.02889882 ... -0.002866   -0.00043662   0.01170283],"[(np.int64(28), np.float64(0.43898397856279586)), (np.int64(31), np.float64(0.43581300936241274)), (np.int64(35), np.float64(0.4158103624551663))]",28,0.43898397856279586,0.5,2,27,1,16,1,29,29.0,1,30,1,38,,,0.0,,0.0,,,,,,0.0,,,,,,,,,,,,,,,,,,,0.0,,,,,,,,,,,,,,,,,,,,,,,,,,,,,,,,,,,,,,,,,,,,,,,,,,,,,,,,,,,0.0,,,,,,,,,,,,,,0.0,,,,,,,,,,,,,,,,,,,,,,,,,,,,,,,,,,,,,,,,,,,,,,,,,,,,,,,-8,-9,-22,-11,-38.0,-1,-14,-3,-30.0,-13,-2,-29.0,11,-16.0,-27.0
61826,0.0,9,2012-08-22 02:00:00+00:00,2115,665,,0.6666666666666667,0.4,Antrag (Gesetzentwurf),Öffentlicher Dienst,"['Landesbesoldungsgesetz', 'Lebenspartnerschaftsgesetz', 'Beamtenversorgung']",[ 0.01040627  0.01306696  0.01419036 ... -0.00276416  0.00297111   0.03074579],"[(np.int64(35), np.float64(0.42579524260194473)), (np.int64(38), np.float64(0.39144222278999774)), (np.int64(28), np.float64(0.39078012662625083))]",35,0.42579524260194473,1.0,3,19,1,8,1,623,571.0,2,638,1,665,,623.0,0.0,,1.0,0.0,,,,,0.0,,,,,,,,,,,,,,,,,,,0.0,,,,,,,,,,,,,,,,,,,,,,,,,,,,,,,,,652.0,,,,,,,,,,,,,,,,,,,,,,,,,,0.0,,,,,,,,,,,,,,0.0,,,,,,,,,,,,,,,,,,,,,,,,,,,,,,,,,,,,,,,,,,,,,,,,,665.0,638.0,623.0,8.0,19.0,,-27,-42,-657,-646,,-15,-630,-619,,-615,-604,,11,,
61890,0.0,6,2012-08-30 02:00:00+00:00,2123,80,,1.0,0.6,Antrag (Gesetzentwurf),Abgeordnete,"['Fraktion', 'Spende', 'Veranstaltung']",[ 0.02740544 -0.00355857 -0.00057587 ...  0.00466601 -0.00040606   0.0085642 ],"[(np.int64(16), np.float64(0.35787847154313823)), (np.int64(18), np.float64(0.3221609155906658)), (np.int64(32), np.float64(0.31345005485784805))]",16,0.35787847154313823,0.0,1,48,1,14,1,48,,1,69,1,80,,,0.0,,1.0,0.0,,,,,0.0,,,,,,,,,,,,,,,,,,,0.0,,,,,,,,,,,,,,,,,,,,,,,,,,,,,,,,,,,,,,,,,,,,,,,,,,,,,,,,,,,0.0,,,,,,,,,,,,,,0.0,,,,,,,,,,,,,,,,,,,,,,,,,,,,,,,,,,,,,,,,,,,,,,,,,80.0,69.0,48.0,14.0,48.0,,-11,-32,-66,-32,,-21,-55,-21,,-34,0,,34,,
61932,1.0,6,2012-09-11 02:00:00+00:00,2135,68,0.0,1.0,0.5,Vorlage zur Beschlussfassung (Gesetzentwurf),Öffentlicher Haushalt,[],[0.02186465 0.01636862 0.02126726 ... 0.01326217 0.00764665 0.01176868],"[(np.int64(28), np.float64(0.5105275478967986)), (np.int64(9), np.float64(0.47041531405462295)), (np.int64(12), np.float64(0.46456871939398314))]",28,0.5105275478967986,0.5,1,56,1,2,1,56,,1,57,1,68,,,0.0,,0.0,,,,,,0.0,,,,,,,,,,,,,,,,,,,0.0,,,,,,,,,,,,,,,,,,,,,,,,,,,,,,,,,,,,,,,,,,,,,,,,,,,,,,,,,,,0.0,,,,,,,,,,,,,,0.0,,,,,,,,,,,,,,,,,,,,,,,,,,,,,,,,,,,,,,,,,,,,,,,,,,,,,,,-11,-12,-66,-12,-68.0,-1,-55,-1,-57.0,-54,0,-56.0,54,-2.0,-56.0
61988,0.0,6,2012-09-13 02:00:00+00:00,2137,52,,1.0,0.5,Antrag (Gesetzentwurf),Nation,[],[-4.01222007e-03 -6.68703346e-04 -1.90208945e-02 ...  1.90208945e-02  -8.82316890e-05  1.83076113e-02],"[(np.int64(38), np.float64(0.4687727928029137)), (np.int64(12), np.float64(0.4450798770611287)), (np.int64(28), np.float64(0.43814285710108547))]",38,0.4687727928029137,0.5,1,34,1,14,1,34,,1,42,1,52,,,0.0,,1.0,0.0,,,,,0.0,,,,,,,,,,,,,,,,,,,0.0,,,,,,,,,,,,,,,,,,,,,,,,,,,,,,,,,,,,,,,,,,,,,,,,,,,,,,,,,,,0.0,,,,,,,,,,,,,,0.0,,,,,,,,,,,,,,,,,,,,,,,,,,,,,,,,,,,,,,,,,,,,,,,,,52.0,42.0,34.0,14.0,34.0,,-10,-18,-38,-18,,-8,-28,-8,,-20,0,,20,,
62199,1.0,7,2012-09-14 02:00:00+00:00,2138,144,0.0,1.0,1.0,Vorlage zur Beschlussfassung (Gesetzentwurf),"['Innere Sicherheit', 'Justizvollzug']","['Strafgefangener', 'Personenbezogene Daten', 'Staatsvertrag']",[ 0.0118958   0.01941204 -0.01065295 ...  0.00399486  0.01822838   0.02142427],"[(np.int64(12), np.float64(0.398639284056957)), (np.int64(26), np.float64(0.38930545035166136)), (np.int64(28), np.float64(0.387979303908422))]",12,0.398639284056957,1.0,1,60,1,41,1,60,,1,68,2,75,144.0,,0.0,,0.0,,,,,,0.0,,,,,,,,,,,,,,,,,,,0.0,,,,,,,,,,,,,,,,,,,,,,,,,,,,,,,,,,,,,,,,,,,,,,,,,,,,,,,,,,,0.0,,,,,,,,,,,,,,0.0,,,,,,,,,,,,,,,,,,,,,,,,,,,,,,,,,,,,,,,,,,,,,,,,,,,,,,,-7,-15,-34,-15,-75.0,-8,-27,-8,-68.0,-19,0,-60.0,19,-41.0,-60.0
62057,1.0,6,2012-09-18 02:00:00+00:00,2142,253,0.0,0.6666666666666667,0.5,Vorlage zur Beschlussfassung (Gesetzentwurf),Stiftung,"['Bundesrepublik Deutschland', 'Dokumentationseinrichtung', 'Gedenkstätte']",[-0.01111115  0.00320401 -0.02257504 ...  0.00723107 -0.01234573   0.01334514],"[(np.int64(19), np.float64(0.3276116232622088)), (np.int64(38), np.float64(0.32298570470796995)), (np.int64(18), np.float64(0.32112446237153014))]",19,0.3276116232622088,0.0,1,216,1,37,1,216,,1,240,1,253,,,0.0,,0.0,,,,,,0.0,,,,,,,,,,,,,,,,,,,0.0,,,,,,,,,,,,,,,,,,,,,,,,,,,,,,,,,,,,,,,,,,,,,,,,,,,,,,,,,,,0.0,,,,,,,,,,,,,,0.0,,,,,,,,,,,,,,,,,,,,,,,,,,,,,,,,,,,,,,,,,,,,,,,,,,,,,,,-13,-37,-216,-37,-253.0,-24,-203,-24,-240.0,-179,0,-216.0,179,-37.0,-216.0
62067,1.0,7,2012-09-25 02:00:00+00:00,2149,64,0.0,0.6666666666666667,0.5,Vorlage zur Beschlussfassung (Gesetzentwurf),Gesundheitseinrichtungen,"['Gesundheitspolitik', 'Krankenkasse', 'Gesetzliche Krankenversicherung', 'Medizinische Versorgung']",[ 0.01083433  0.0075189  -0.0044403  ...  0.02616815  0.00347823   0.00639403],"[(np.int64(19), np.float64(0.35669088964168627)), (np.int64(3), np.float64(0.3546448103521619)), (np.int64(15), np.float64(0.3451109028691892))]",19,0.35669088964168627,0.0,2,47,1,2,1,56,56.0,1,57,1,64,,,0.0,,0.0,,,,,,0.0,,,,,,,,,,,,,,,,,,,0.0,,,,,,,,,,,,,,,,,,,,,,,,,,,,,,,,,,,,,,,,,,,,,,,,,,,,,,,,,,,0.0,,,,,,,,,,,,,,0.0,,,,,,,,,,,,,,,,,,,,,,,,,,,,,,,,,,,,,,,,,,,,,,,,,,,,,,,-7,-8,-62,-17,-64.0,-1,-55,-10,-57.0,-54,-9,-56.0,45,-2.0,-47.0
62223,1.0,6,2012-10-09 02:00:00+00:00,2163,69,0.0,1.0,0.5,Vorlage zur Beschlussfassung (Gesetzentwurf),"['Landesregierung', 'Bauwesen']","['Straßen- und Wegerecht', 'Straßenbau']",[ 0.00828918 -0.01290743  0.01509814 ...  0.00116196 -0.00084372  -0.00509192],"[(np.int64(37), np.float64(0.488895409921214)), (np.int64(21), np.float64(0.37791052713581597)), (np.int64(19), np.float64(0.3574500929022871))]",37,0.488895409921214,0.5,1,35,1,16,1,35,,1,64,1,69,,,0.0,,0.0,,,,,,0.0,,,,,,,,,,,,,,,,,,,0.0,,,,,,,,,,,,,,,,,,,,,,,,,,,,,,,,,,,,,,,,,,,,,,,,,,,,,,,,,,,0.0,,,,,,,,,,,,,,0.0,,,,,,,,,,,,,,,,,,,,,,,,,,,,,,,,,,,,,,,,,,,,,,,,,,,,,,,-5,-34,-53,-34,-69.0,-29,-48,-29,-64.0,-19,0,-35.0,19,-16.0,-35.0
62437,1.0,8,2012-10-30 01:00:00+00:00,2184,175,0.0,1.0,0.4,Vorlage zur Beschlussfassung (Gesetzentwurf),"['Innere Sicherheit', 'Polizei']","['Film', 'Öffentliche Sicherheit und Ordnung', 'Versammlung', 'Videoüberwachung']",[-0.01338131  0.02641048 -0.01572891 ...  0.01173799  0.0031986  -0.00123983],"[(np.int64(26), np.float64(0.4042428711575742)), (np.int64(33), np.float64(0.3897096639493026)), (np.int64(4), np.float64(0.3631282699671269))]",26,0.4042428711575742,1.0,3,85,1,23,1,167,125.0,1,170,1,175,,167.0,0.0,,0.0,,,,,,0.0,,,,,,,,,,,,,,,,,,,0.0,,,,,,,,,,,,,,,,,,,,,,,,,,,,,,,,,,,,,,,,,,,,,,,,,,,,,,,,,,,0.0,,,,,,,,,,,,,,0.0,,,,,,,,,,,,,,,,,,,,,,,,,,,,,,,,,,,,,,,,,,,,,,,,,,,,,,,-5,-8,-152,-90,-175.0,-3,-147,-85,-170.0,-144,-82,-167.0,62,-23.0,-85.0
62431,1.0,7,2012-11-06 01:00:00+00:00,2191,82,0.0,1.0,0.5,Vorlage zur Beschlussfassung (Gesetzentwurf),Öffentliche Verwaltung,"['Auskunfterteilung', 'Gebühr', 'Informationssystem', 'Schuldenverwaltung', 'Senatsverwaltung für Justiz und Verbraucherschutz', 'Zwangsvollstreckung']",[ 0.0123951  -0.01031936  0.00682027 ...  0.01079382 -0.01073451   0.00919254],"[(np.int64(28), np.float64(0.39099559528313454)), (np.int64(18), np.float64(0.33405524712085605)), (np.int64(16), np.float64(0.3322592750173907))]",28,0.39099559528313454,0.5,2,64,1,16,1,71,71.0,1,72,1,82,,,0.0,,0.0,,,,,,0.0,,,,,,,,,,,,,,,,,,,0.0,,,,,,,,,,,,,,,,,,,,,,,,,,,,,,,,,,,,,,,,,,,,,,,,,,,,,,,,,,,0.0,,,,,,,,,,,,,,0.0,,,,,,,,,,,,,,,,,,,,,,,,,,,,,,,,,,,,,,,,,,,,,,,,,,,,,,,-10,-11,-66,-18,-82.0,-1,-56,-8,-72.0,-55,-7,-71.0,48,-16.0,-64.0
62799,0.0,11,2012-11-27 01:00:00+00:00,2212,1224,,1.0,0.5,Antrag (Gesetzentwurf),Printmedien,[],[-0.01427259  0.00216743 -0.00027646 ...  0.00973131  0.00038335   0.00477719],"[(np.int64(28), np.float64(0.47819795626130973)), (np.int64(34), np.float64(0.46521672372207434)), (np.int64(12), np.float64(0.46119772631591677))]",28,0.47819795626130973,0.5,6,191,1,51,1,1191,358.0,1,1206,1,1224,,659.0,0.0,,1.0,0.0,911.0,939.0,,,0.0,,1191.0,,,,,,,,,,,,,,,,,0.0,,,,,,,,,,,,,,,,,,,,,,,,,,,,,,,,,,,,,,,,,,,,,,,,,,,,,,,,,,,0.0,,,,,,,,,,,,,,0.0,,,,,,,,,,,,,,,,,,,,,,,,,,,,,,,,,,,,,,,,,,,,,,,,,1224.0,1206.0,1191.0,51.0,191.0,,-18,-33,-1173,-1033,,-15,-1155,-1015,,-1140,-1000,,140,,
62634,1.0,9,2012-11-27 01:00:00+00:00,2212,120,0.0,1.0,0.5,Vorlage zur Beschlussfassung (Gesetzentwurf),"['Justizvollzug', 'Innere Sicherheit']","['Strafgefangener', 'Gerichtsentscheidung', 'Grundrecht', 'Öffentliche Sicherheit und Ordnung', 'Strafrecht']",[ 0.00551485  0.0405416   0.02480192 ... -0.00444169 -0.00211651   0.0232518 ],"[(np.int64(28), np.float64(0.45774637462347867)), (np.int64(38), np.float64(0.441326331356528)), (np.int64(12), np.float64(0.4380613555065203))]",28,0.45774637462347867,0.5,3,78,1,16,1,113,106.0,1,114,1,120,,113.0,1.0,111.0,0.0,,,,,,0.0,,,,,,,,,,,,,,,,,,,0.0,,,,,,,,,,,,,,,,,,,,,,,,,,,,,,,,,,,,,,,,,,,,,,,,,,,,,,,,,,,0.0,,,,,,,,,,,,,,0.0,,,,,,,,,,,,,,,,,,,,,,,,,,,,,,,,,,,,,,,,,,,9.0,3.0,2.0,-95.0,-33.0,-111.0,,,,,,,-6,-7,-104,-42,-120.0,-1,-98,-36,-114.0,-97,-35,-113.0,62,-16.0,-78.0
62671,0.0,11,2012-12-05 01:00:00+00:00,2220,359,,1.0,0.5,Antrag (Gesetzentwurf),Öffentliches Vermögen,"['Berliner Stadtreinigungsbetriebe', 'Berliner Wasserbetriebe', 'Energieversorgung', 'Kommunale Versorgungswirtschaft', 'Liegenschaftsverwaltung']",[ 0.00338537 -0.00703684  0.02247057 ...  0.01797646 -0.00059133   0.00499675],"[(np.int64(38), np.float64(0.4970433549729213)), (np.int64(28), np.float64(0.4901942852816785)), (np.int64(25), np.float64(0.4583651988758172))]",38,0.4970433549729213,0.5,5,56,1,8,1,322,131.0,1,323,2,334,359.0,266.0,0.0,,1.0,0.0,322.0,322.0,,,0.0,,,,,,,,,,,,,,,,,,,0.0,,,,,,,,,,,,,,,,,,,,,,,,,,,,,,,,,,,,,,,,,,,,,,,,,,,,,,,,,,,0.0,,,,,,,,,,,,,,0.0,,,,,,,,,,,,,,,,,,,,,,,,,,,,,,,,,,,,,,,,,,,,,,,,,334.0,323.0,322.0,8.0,56.0,,-11,-12,-326,-278,,-1,-315,-267,,-314,-266,,48,,
62919,1.0,7,2012-12-11 01:00:00+00:00,2226,307,0.0,1.0,0.5,Vorlage zur Beschlussfassung (Gesetzentwurf),Zivilrecht,"['Informationssystem', 'Schulden', 'Vermögen']",[0.0227876  0.00472784 0.00327425 ... 0.01832405 0.00798741 0.01996852],"[(np.int64(28), np.float64(0.38379184614856876)), (np.int64(19), np.float64(0.3235531624677588)), (np.int64(38), np.float64(0.3215127185953527))]",28,0.38379184614856876,0.5,1,64,1,37,1,64,,1,86,2,94,307.0,,0.0,,0.0,,,,,,0.0,,,,,,,,,,,,,,,,,,,0.0,,,,,,,,,,,,,,,,,,,,,,,,,,,,,,,,,,,,,,,,,,,,,,,,,,,,,,,,,,,0.0,,,,,,,,,,,,,,0.0,,,,,,,,,,,,,,,,,,,,,,,,,,,,,,,,,,,,,,,,,,,,,,,,,,,,,,,-8,-30,-57,-30,-94.0,-22,-49,-22,-86.0,-27,0,-64.0,27,-37.0,-64.0
63021,1.0,7,2013-01-15 01:00:00+00:00,2261,188,0.0,1.0,0.5,Vorlage zur Beschlussfassung (Gesetzentwurf),Öffentliches Vermögen,"['Öffentlicher Haushalt', 'Ostdeutsche Länder', 'Staatsvertrag', 'Wiedervereinigung Deutschlands']",[ 0.01165138  0.01892609  0.00226226 ... -0.00567783  0.00402179   0.03051832],"[(np.int64(28), np.float64(0.42274088382158354)), (np.int64(38), np.float64(0.4019168419666522)), (np.int64(9), np.float64(0.36589944828933274))]",28,0.42274088382158354,0.5,1,36,1,16,1,36,,1,37,2,43,188.0,,0.0,,0.0,,,,,,0.0,,,,,,,,,,,,,,,,,,,0.0,,,,,,,,,,,,,,,,,,,,,,,,,,,,,,,,,,,,,,,,,,,,,,,,,,,,,,,,,,,0.0,,,,,,,,,,,,,,0.0,,,,,,,,,,,,,,,,,,,,,,,,,,,,,,,,,,,,,,,,,,,,,,,,,,,,,,,-6,-7,-27,-7,-43.0,-1,-21,-1,-37.0,-20,0,-36.0,20,-16.0,-36.0
63091,1.0,7,2013-01-15 01:00:00+00:00,2261,134,0.0,1.0,0.5,Vorlage zur Beschlussfassung (Gesetzentwurf),"['Natur', 'Umwelt']","['Artenschutz', 'Bundesrecht', 'Landschaftsschutz', 'Umweltschutz']",[-0.01051038 -0.00531525  0.0106305  ...  0.01825803  0.01207192   0.01351335],"[(np.int64(28), np.float64(0.44774622294467403)), (np.int64(1), np.float64(0.41849236366690523)), (np.int64(12), np.float64(0.416237903153591))]",28,0.44774622294467403,0.5,2,50,1,37,1,92,92.0,1,121,1,134,,,0.0,,0.0,,,,,,0.0,,,,,,,,,,,,,,,,,,,0.0,,,,,,,,,,,,,,,,,,,,,,,,,,,,,,,,,,,,,,,,,,,,,,,,,,,,,,,,,,,0.0,,,,,,,,,,,,,,0.0,,,,,,,,,,,,,,,,,,,,,,,,,,,,,,,,,,,,,,,,,,,,,,,,,,,,,,,-13,-42,-97,-84,-134.0,-29,-84,-71,-121.0,-55,-42,-92.0,13,-37.0,-50.0
63274,1.0,7,2013-02-19 01:00:00+00:00,2296,36,0.0,1.0,0.6,Vorlage zur Beschlussfassung (Gesetzentwurf),Mitbestimmung,"['Gleichberechtigung von Mann und Frau', 'Richter', 'Wahl']",[ 0.00967474  0.02019603 -0.00628858 ...  0.01505632 -0.01801921   0.01076315],"[(np.int64(8), np.float64(0.47956563486808657)), (np.int64(28), np.float64(0.4638527211396906)), (np.int64(38), np.float64(0.45346192139455116))]",8,0.47956563486808657,0.0,2,8,1,16,1,20,20.0,1,30,1,36,,,0.0,,0.0,,,,,,0.0,,,,,,,,,,,,,,,,,,,0.0,,,,,,,,,,,,,,,,,,,,,,,,,,,,,,,,,,,,,,,,,,,,,,,,,,,,,,,,,,,0.0,,,,,,,,,,,,,,0.0,,,,,,,,,,,,,,,,,,,,,,,,,,,,,,,,,,,,,,,,,,,,,,,,,,,,,,,-6,-16,-20,-28,-36.0,-10,-14,-22,-30.0,-4,-12,-20.0,-8,-16.0,-8.0
63539,1.0,10,2013-03-19 01:00:00+00:00,2324,99,0.0,0.3333333333333333,0.5,Vorlage zur Beschlussfassung (Gesetzentwurf),Ernährung,"['Ernährung', 'Ganztagsschule', 'Preis', 'Qualitätssicherung', 'Schulgesetz']",[ 0.00752522  0.01230314  0.00050765 ... -0.0134379  -0.0206645   0.02197843],"[(np.int64(7), np.float64(0.38450120849563113)), (np.int64(10), np.float64(0.3667075731309212)), (np.int64(28), np.float64(0.3608660124774276))]",7,0.38450120849563113,0.5,3,23,1,2,1,85,65.0,1,86,1,99,,85.0,2.0,86.0,0.0,,,,86.0,,0.0,,,,,,,,,,,,,,,,,,,0.0,,,,,,,,,,,,,,,,,,,,,,,,,,,,,,,,,,,,,,,,,,,,,,,,,,,,,,,,,,,0.0,,,,,,,,,,,,,,0.0,,,,,,,,,,,,,,,,,,,,,,,,,,,,,,,,,,,,,,,,,,,13.0,0.0,-1.0,-84.0,-63.0,-86.0,,,,,,,-13,-14,-97,-76,-99.0,-1,-84,-63,-86.0,-83,-62,-85.0,21,-2.0,-23.0
63900,1.0,12,2013-04-23 02:00:00+00:00,2359,238,0.0,1.0,0.5,Vorlage zur Beschlussfassung (Gesetzentwurf),Abgaben,"['Abgabe', 'Gaststätten- und Beherbergungsgewerbe', 'Kulturpolitik', 'Öffentliche Schulden', 'Tourismus']",[0.0147874  0.01265802 0.01809978 ... 0.01005543 0.01330866 0.01378186],"[(np.int64(28), np.float64(0.4958218542040189)), (np.int64(38), np.float64(0.48188141808229845)), (np.int64(9), np.float64(0.46334819476524824))]",28,0.4958218542040189,0.5,6,48,1,23,1,231,139.0,1,232,1,238,,181.0,1.0,232.0,0.0,,183.0,224.0,,,0.0,,231.0,,,,,,,,,,,,,,,,,0.0,,,,,,,,,,,,,,,,,,,,,,,,,,,,,,,,,,,,,,,,,,,,,,,,,,,,,,,,,,,0.0,,,,,,,,,,,,,,0.0,,,,,,,,,,,,,,,,,,,,,,,,,,,,,,,,,,,,,,,,,,,6.0,0.0,-1.0,-209.0,-184.0,-232.0,,,,,,,-6,-7,-215,-190,-238.0,-1,-209,-184,-232.0,-208,-183,-231.0,25,-23.0,-48.0
63943,0.0,8,2013-04-23 02:00:00+00:00,2359,64,,0.6666666666666667,0.4,Antrag (Gesetzentwurf),"['Hochschulen', 'Sport']","['Leistungssport', 'Hochschulzulassung']",[ 0.01863176  0.02488165  0.00203416 ... -0.0054834  -0.01031822   0.00415677],"[(np.int64(35), np.float64(0.44999624584491865)), (np.int64(2), np.float64(0.43937105910936125)), (np.int64(12), np.float64(0.42963919209882995))]",35,0.44999624584491865,1.0,3,24,1,23,1,43,29.0,1,51,1,64,,43.0,0.0,,1.0,0.0,,,,,0.0,,,,,,,,,,,,,,,,,,,0.0,,,,,,,,,,,,,,,,,,,,,,,,,,,,,,,,,,,,,,,,,,,,,,,,,,,,,,,,,,,0.0,,,,,,,,,,,,,,0.0,,,,,,,,,,,,,,,,,,,,,,,,,,,,,,,,,,,,,,,,,,,,,,,,,64.0,51.0,43.0,23.0,24.0,,-13,-21,-41,-40,,-8,-28,-27,,-20,-19,,1,,
64051,1.0,6,2013-05-14 02:00:00+00:00,2380,198,0.0,0.3333333333333333,0.5,Vorlage zur Beschlussfassung (Gesetzentwurf),Öffentliche Verwaltung,"['Schulgesetz', 'Schulpersonal']",[ 0.0192545   0.00386279  0.00246624 ... -0.00739872 -0.00790385   0.03327939],"[(np.int64(31), np.float64(0.4057840099544652)), (np.int64(29), np.float64(0.385494914249758)), (np.int64(7), np.float64(0.3675081501237827))]",31,0.4057840099544652,0.5,1,169,1,16,1,169,,1,190,1,198,,,0.0,,0.0,,,,,,0.0,,,,,,,,,,,,,,,,,,,0.0,,,,,,,,,,,,,,,,,,,,,,,,,,,,,,,,,,,,,,,,,,,,,,,,,,,,,,,,,,,0.0,,,,,,,,,,,,,,0.0,,,,,,,,,,,,,,,,,,,,,,,,,,,,,,,,,,,,,,,,,,,,,,,,,,,,,,,-8,-29,-182,-29,-198.0,-21,-174,-21,-190.0,-153,0,-169.0,153,-16.0,-169.0
64036,1.0,8,2013-05-14 02:00:00+00:00,2380,337,0.0,1.0,0.5,Vorlage zur Beschlussfassung (Gesetzentwurf),"['Religionsgemeinschaften', 'Gerichte und Staatsanwaltschaften']","['Amtsgericht', 'Gebühr', 'Kosten', 'Religionsgemeinschaft']",[ 0.00246907  0.02460203  0.0003881  ... -0.00022547 -0.00053965   0.01484401],"[(np.int64(38), np.float64(0.30049509431899446)), (np.int64(16), np.float64(0.2960005078988936)), (np.int64(19), np.float64(0.29572512127215905))]",38,0.30049509431899446,0.5,3,182,1,16,1,330,321.0,1,331,1,337,,330.0,0.0,,0.0,,,,,,0.0,,,,,,,,,,,,,,,,,,,0.0,,,,,,,,,,,,,,,,,,,,,,,,,,,,,,,,,,,,,,,,,,,,,,,,,,,,,,,,,,,0.0,,,,,,,,,,,,,,0.0,,,,,,,,,,,,,,,,,,,,,,,,,,,,,,,,,,,,,,,,,,,,,,,,,,,,,,,-6,-7,-321,-155,-337.0,-1,-315,-149,-331.0,-314,-148,-330.0,166,-16.0,-182.0
64448,1.0,6,2013-06-11 02:00:00+00:00,2408,170,0.0,0.6666666666666667,0.4,Vorlage zur Beschlussfassung (Gesetzentwurf),Öffentlicher Dienst,"['Beamtenrecht', 'Dienstrecht']",[ 0.00891221  0.00433648  0.00403741 ...  0.00011075 -0.00433648   0.03804138],"[(np.int64(35), np.float64(0.32839974094503843)), (np.int64(34), np.float64(0.29007201574715413)), (np.int64(19), np.float64(0.2884628146718139))]",35,0.32839974094503843,1.0,1,145,1,79,1,145,,1,162,1,170,,,0.0,,0.0,,,,,,0.0,,,,,,,,,,,,,,,,,,,0.0,,,,,,,,,,,,,,,,,,,,,,,,,,,,,,,,,,,,,,,,,,,,,,,,,,,,,,,,,,,0.0,,,,,,,,,,,,,,0.0,,,,,,,,,,,,,,,,,,,,,,,,,,,,,,,,,,,,,,,,,,,,,,,,,,,,,,,-8,-25,-91,-25,-170.0,-17,-83,-17,-162.0,-66,0,-145.0,66,-79.0,-145.0
64296,1.0,9,2013-06-11 02:00:00+00:00,2408,170,0.0,1.0,0.5,Vorlage zur Beschlussfassung (Gesetzentwurf),Wohnungswesen,"['Ferienwohnung', 'Wohnraummangel', 'Wohnungsmarkt', 'Wohnungspolitik']",[ 0.01681388  0.02027205 -0.00697597 ...  0.01126887  0.01049377   0.00286194],"[(np.int64(38), np.float64(0.4848527281344084)), (np.int64(4), np.float64(0.433543777575541)), (np.int64(34), np.float64(0.38395574921781794))]",38,0.4848527281344084,0.5,3,85,1,2,1,161,140.0,1,162,1,170,,161.0,1.0,162.0,0.0,,,,,,0.0,,,,,,,,,,,,,,,,,,,0.0,,,,,,,,,,,,,,,,,,,,,,,,,,,,,,,,,,,,,,,,,,,,,,,,,,,,,,,,,,,0.0,,,,,,,,,,,,,,0.0,,,,,,,,,,,,,,,,,,,,,,,,,,,,,,,,,,,,,,,,,,,8.0,0.0,-1.0,-160.0,-77.0,-162.0,,,,,,,-8,-9,-168,-85,-170.0,-1,-160,-77,-162.0,-159,-76,-161.0,83,-2.0,-85.0
64676,1.0,78,2013-06-25 02:00:00+00:00,2422,175,0.0,1.0,0.5,Vorlage zur Beschlussfassung (Gesetzentwurf),Öffentlicher Haushalt,"['Bonus-Programm (Schulen)', 'Finanzpolitik', 'Kreditaufnahme', 'Landesbürgschaft', 'Personalkosten', 'Wohnungspolitik']",[ 0.02060991  0.0272742   0.01246468 ...  0.01030496 -0.0068494   0.02011626],"[(np.int64(28), np.float64(0.5343884210769263)), (np.int64(38), np.float64(0.4685290916099436)), (np.int64(35), np.float64(0.4535055257941925))]",28,0.5343884210769263,0.5,51,55,1,65,1,161,55.0,13,169,1,175,,55.0,10.0,167.0,0.0,,57.0,57.0,168.0,168.0,0.0,,57.0,,57.0,58.0,,58.0,62.0,62.0,63.0,64.0,64.0,64.0,66.0,70.0,71.0,77.0,78.0,0.0,,83.0,83.0,83.0,84.0,85.0,85.0,85.0,85.0,86.0,86.0,87.0,90.0,92.0,92.0,92.0,94.0,94.0,94.0,112.0,113.0,115.0,119.0,120.0,125.0,126.0,133.0,140.0,147.0,152.0,154.0,156.0,169.0,169.0,169.0,169.0,169.0,169.0,169.0,169.0,169.0,169.0,169.0,169.0,,,,,,,168.0,168.0,168.0,,168.0,168.0,168.0,168.0,0.0,,,,,,,,,,,,,,0.0,,,,,,,,,,,,,,,,,,,,,,,,,,,,,,,,,,,,,,,,,,,8.0,2.0,-6.0,-102.0,-112.0,-167.0,,,,,,,-6,-14,-110,-120,-175.0,-8,-104,-114,-169.0,-96,-106,-161.0,-10,-65.0,-55.0
64645,1.0,8,2013-07-16 02:00:00+00:00,2443,456,0.0,0.3333333333333333,0.5,Vorlage zur Beschlussfassung (Gesetzentwurf),"['Energie', 'Innere Sicherheit', 'Öffentliche Verwaltung']","['Öffentliche Sicherheit und Ordnung', 'Sachverständiger', 'Verwaltungsvorschrift', 'Wärmeschutz']",[-0.01647173  0.02050078 -0.00048141 ...  0.00574733 -0.00924313   0.00019812],"[(np.int64(31), np.float64(0.3687357870557778)), (np.int64(28), np.float64(0.3649378243414344)), (np.int64(38), np.float64(0.36445028249507205))]",31,0.3687357870557778,0.5,2,267,1,44,1,442,442.0,1,443,1,456,,,0.0,,0.0,,,,,,1.0,296.0,,,,,,,,,,,,,,,,,,0.0,,,,,,,,,,,,,,,,,,,,,,,,,,,,,,,,,,,,,,,,,,,,,,,,,,,,,,,,,,,0.0,,,,,,,,,,,,,,0.0,,,,,,,,,,,,,,,,,,,,,,,,,,,,,,,,,,,,160.0,147.0,146.0,-252.0,-29.0,-296.0,,,,,,,,,,,,,,-13,-14,-412,-189,-456.0,-1,-399,-176,-443.0,-398,-175,-442.0,223,-44.0,-267.0
64700,1.0,6,2013-07-30 02:00:00+00:00,2457,106,0.0,1.0,0.5,Vorlage zur Beschlussfassung (Gesetzentwurf),"['Energie', 'Verbraucher']","['Kohlendioxid', 'Kraftfahrzeug', 'Öffentliche Sicherheit und Ordnung', 'Rechtseinheit', 'Treibstoff', 'Verbraucherschutz']",[-0.02607545 -0.00222234  0.01214879 ...  0.00462247 -0.01825281  -0.00515583],"[(np.int64(37), np.float64(0.3462356745763071)), (np.int64(34), np.float64(0.29230891182504926)), (np.int64(14), np.float64(0.28656851618006063))]",37,0.3462356745763071,0.5,1,83,1,30,1,83,,1,99,1,106,,,0.0,,0.0,,,,,,0.0,,,,,,,,,,,,,,,,,,,0.0,,,,,,,,,,,,,,,,,,,,,,,,,,,,,,,,,,,,,,,,,,,,,,,,,,,,,,,,,,,0.0,,,,,,,,,,,,,,0.0,,,,,,,,,,,,,,,,,,,,,,,,,,,,,,,,,,,,,,,,,,,,,,,,,,,,,,,-7,-23,-76,-23,-106.0,-16,-69,-16,-99.0,-53,0,-83.0,53,-30.0,-83.0
64774,1.0,6,2013-08-06 02:00:00+00:00,2464,99,0.0,0.3333333333333333,0.6,Vorlage zur Beschlussfassung (Gesetzentwurf),"['Öffentliche Verwaltung', 'Informations- und Kommunikationstechnologien']","['Dienstleistungswirtschaft', 'Europäischer Binnenmarkt', 'Informations- und Kommunikationstechnik', 'Rechtseinheit', 'Verwaltungsverfahren']",[ 1.62705854e-02 -1.02422759e-02 -3.86280101e-03 ... -9.00771556e-05  -1.77776639e-03  2.98489165e-02],"[(np.int64(34), np.float64(0.4256115127893513)), (np.int64(28), np.float64(0.40055328101366106)), (np.int64(35), np.float64(0.3950515074238305))]",34,0.4256115127893513,1.0,1,76,1,23,1,76,,1,92,1,99,,,0.0,,0.0,,,,,,0.0,,,,,,,,,,,,,,,,,,,0.0,,,,,,,,,,,,,,,,,,,,,,,,,,,,,,,,,,,,,,,,,,,,,,,,,,,,,,,,,,,0.0,,,,,,,,,,,,,,0.0,,,,,,,,,,,,,,,,,,,,,,,,,,,,,,,,,,,,,,,,,,,,,,,,,,,,,,,-7,-23,-76,-23,-99.0,-16,-69,-16,-92.0,-53,0,-76.0,53,-23.0,-76.0
64775,1.0,6,2013-08-06 02:00:00+00:00,2464,283,0.0,0.3333333333333333,0.5,Vorlage zur Beschlussfassung (Gesetzentwurf),"['Landesregierung', 'Immissionen und Emissionen']","['Bundesrecht', 'Immissionsschutz', 'Schadstoff']",[0.00235092 0.01547439 0.00851092 ... 0.01005836 0.00928464 0.02285449],"[(np.int64(31), np.float64(0.3826206494433172)), (np.int64(28), np.float64(0.35277577357978906)), (np.int64(8), np.float64(0.34134090993160704))]",31,0.3826206494433172,0.5,1,246,1,23,1,246,,1,275,1,283,,,0.0,,0.0,,,,,,0.0,,,,,,,,,,,,,,,,,,,0.0,,,,,,,,,,,,,,,,,,,,,,,,,,,,,,,,,,,,,,,,,,,,,,,,,,,,,,,,,,,0.0,,,,,,,,,,,,,,0.0,,,,,,,,,,,,,,,,,,,,,,,,,,,,,,,,,,,,,,,,,,,,,,,,,,,,,,,-8,-37,-260,-37,-283.0,-29,-252,-29,-275.0,-223,0,-246.0,223,-23.0,-246.0
64916,0.0,11,2013-08-29 02:00:00+00:00,2487,110,,1.0,0.5,Antrag (Gesetzentwurf),Arbeitsentgelt,"['Arbeitsmarkt', 'Beschäftigungspolitik', 'Sozialhilfe', 'Tarif']",[ 0.01519588  0.01009102 -0.00457064 ... -0.00801346  0.01412742   0.02564306],"[(np.int64(38), np.float64(0.468306738359918)), (np.int64(28), np.float64(0.45871987993146723)), (np.int64(34), np.float64(0.45010974009964766))]",38,0.468306738359918,0.5,5,7,1,14,1,103,53.0,1,104,1,110,,62.0,1.0,104.0,1.0,0.0,97.0,103.0,,,0.0,,,,,,,,,,,,,,,,,,,0.0,,,,,,,,,,,,,,,,,,,,,,,,,,,,,,,,,,,,,,,,,,,,,,,,,,,,,,,,,,,0.0,,,,,,,,,,,,,,0.0,,,,,,,,,,,,,,,,,,,,,,,,,,,,,,,,,,,,,,,,,,-104.0,6.0,0.0,-1.0,-90.0,-97.0,,110.0,104.0,103.0,14.0,7.0,,-6,-7,-96,-103,,-1,-90,-97,,-89,-96,,-7,,
65047,1.0,8,2013-09-17 02:00:00+00:00,2506,57,0.0,1.0,0.5,Vorlage zur Beschlussfassung (Gesetzentwurf),"['Wasser', 'Öffentlicher Haushalt', 'Öffentliche Schulden']","['Finanzplanung', 'Öffentlicher Haushalt', 'Kreditaufnahme', 'Wasserpreis']",[0.01763793 0.01254779 0.01325804 ... 0.03125111 0.01071297 0.01680931],"[(np.int64(28), np.float64(0.5005787483694724)), (np.int64(38), np.float64(0.5001179558729217)), (np.int64(9), np.float64(0.4720379257527104))]",28,0.5005787483694724,0.5,2,8,1,9,1,49,49.0,1,50,1,57,,,1.0,50.0,0.0,,,,,,0.0,,,,,,,,,,,,,,,,,,,0.0,,,,,,,,,,,,,,,,,,,,,,,,,,,,,,,,,,,,,,,,,,,,,,,,,,,,,,,,,,,0.0,,,,,,,,,,,,,,0.0,,,,,,,,,,,,,,,,,,,,,,,,,,,,,,,,,,,,,,,,,,,7.0,0.0,-1.0,-41.0,-42.0,-50.0,,,,,,,-7,-8,-48,-49,-57.0,-1,-41,-42,-50.0,-40,-41,-49.0,-1,-9.0,-8.0
65105,1.0,8,2013-09-24 02:00:00+00:00,2513,65,0.0,1.0,0.6,Vorlage zur Beschlussfassung (Gesetzentwurf),Rundfunk Fernsehen,"['Brandenburg', 'Fernsehen', 'Gebühr', 'Rundfunk Berlin-Brandenburg']",[0.00923968 0.00753298 0.00461984 ... 0.01177029 0.02236355 0.01488941],"[(np.int64(11), np.float64(0.5087229202093815)), (np.int64(28), np.float64(0.4498887121413442)), (np.int64(9), np.float64(0.43597105025742233))]",11,0.5087229202093815,0.0,3,42,1,30,1,56,56.0,1,57,1,65,,56.0,0.0,,0.0,,,,,,0.0,,,,,,,,,,,,,,,,,,,0.0,,,,,,,,,,,,,,,,,,,,,,,,,,,,,,,,,,,,,,,,,,,,,,,,,,,,,,,,,,,0.0,,,,,,,,,,,,,,0.0,,,,,,,,,,,,,,,,,,,,,,,,,,,,,,,,,,,,,,,,,,,,,,,,,,,,,,,-8,-9,-35,-23,-65.0,-1,-27,-15,-57.0,-26,-14,-56.0,12,-30.0,-42.0
65106,1.0,7,2013-09-24 02:00:00+00:00,2513,65,0.0,1.0,0.6,Vorlage zur Beschlussfassung (Gesetzentwurf),Rundfunk Fernsehen,"['Brandenburg', 'Rundfunk Berlin-Brandenburg', 'Staatsvertrag']",[-0.01373605  0.01136777  0.00905869 ...  0.01065728  0.01705165   0.02498541],"[(np.int64(11), np.float64(0.5104643272628124)), (np.int64(28), np.float64(0.42015859457782034)), (np.int64(12), np.float64(0.41542555115288404))]",11,0.5104643272628124,0.0,2,42,1,30,1,49,49.0,1,57,1,65,,,0.0,,0.0,,,,,,0.0,,,,,,,,,,,,,,,,,,,0.0,,,,,,,,,,,,,,,,,,,,,,,,,,,,,,,,,,,,,,,,,,,,,,,,,,,,,,,,,,,0.0,,,,,,,,,,,,,,0.0,,,,,,,,,,,,,,,,,,,,,,,,,,,,,,,,,,,,,,,,,,,,,,,,,,,,,,,-8,-16,-35,-23,-65.0,-8,-27,-15,-57.0,-19,-7,-49.0,12,-30.0,-42.0
65203,1.0,6,2013-10-08 02:00:00+00:00,2527,36,0.0,0.3333333333333333,0.4,Vorlage zur Beschlussfassung (Gesetzentwurf),"['Öffentlicher Haushalt', 'Abgaben']",[],[ 0.02222627  0.01718031 -0.021145   ...  0.00240284 -0.00168199   0.03291892],"[(np.int64(18), np.float64(0.5840518499986721)), (np.int64(28), np.float64(0.37865474393292664)), (np.int64(38), np.float64(0.37861012017140705))]",18,0.5840518499986721,0.0,1,28,1,16,1,28,,1,29,1,36,,,0.0,,0.0,,,,,,0.0,,,,,,,,,,,,,,,,,,,0.0,,,,,,,,,,,,,,,,,,,,,,,,,,,,,,,,,,,,,,,,,,,,,,,,,,,,,,,,,,,0.0,,,,,,,,,,,,,,0.0,,,,,,,,,,,,,,,,,,,,,,,,,,,,,,,,,,,,,,,,,,,,,,,,,,,,,,,-7,-8,-20,-8,-36.0,-1,-13,-1,-29.0,-12,0,-28.0,12,-16.0,-28.0
65226,1.0,9,2013-10-15 02:00:00+00:00,2534,114,0.0,1.0,1.0,Vorlage zur Beschlussfassung (Gesetzentwurf),"['Arbeit', 'Ausländer Vertriebene Aus- und Übersiedler']","['Arbeitsmarkt', 'Ausländer', 'Ausländerintegration', 'Kultusministerkonferenz']",[ 0.00869775  0.00122679  0.00426072 ... -0.00381996 -0.00696407   0.01351677],"[(np.int64(20), np.float64(0.49256371160052803)), (np.int64(35), np.float64(0.3794455295221598)), (np.int64(12), np.float64(0.3703082023575185))]",20,0.49256371160052803,1.0,3,29,2,9,1,85,85.0,1,106,1,114,,85.0,0.0,,0.0,,,,,,0.0,,,,,,,,,,,,,,,,,,,0.0,,,,,,,,,,,,,,,,,,,,,,,,,,,,,,,,,,,,,,,,,,,,,,22.0,,,,,,,,,,,,,0.0,,,,,,,,,,,,,,0.0,,,,,,,,,,,,,,,,,,,,,,,,,,,,,,,,,,,,,,,,,,,,,,,,,,,,,,,-8,-29,-105,-85,-114.0,-21,-97,-77,-106.0,-76,-56,-85.0,20,-9.0,-29.0
65227,1.0,12,2013-10-15 02:00:00+00:00,2534,114,0.0,1.0,0.5,Vorlage zur Beschlussfassung (Gesetzentwurf),Lehrer,"['Bildungspolitik', 'Lehramtsanwärter', 'Schulreform', 'Studienfach', 'Studium']",[-0.00850986  0.01950177  0.00969179 ...  0.00969179 -0.00998727   0.01483317],"[(np.int64(29), np.float64(0.4388949700723621)), (np.int64(27), np.float64(0.4382040699867813)), (np.int64(20), np.float64(0.42314286643058313))]",29,0.4388949700723621,0.5,6,14,1,9,1,105,49.0,1,106,1,114,,50.0,1.0,98.0,0.0,,98.0,99.0,,,0.0,,105.0,,,,,,,,,,,,,,,,,0.0,,,,,,,,,,,,,,,,,,,,,,,,,,,,,,,,,,,,,,,,,,,,,,,,,,,,,,,,,,,0.0,,,,,,,,,,,,,,0.0,,,,,,,,,,,,,,,,,,,,,,,,,,,,,,,,,,,,,,,,,,,16.0,8.0,7.0,-89.0,-84.0,-98.0,,,,,,,-8,-9,-105,-100,-114.0,-1,-97,-92,-106.0,-96,-91,-105.0,5,-9.0,-14.0
65448,0.0,9,2013-11-11 01:00:00+00:00,2561,371,,1.0,0.6,Antrag (Gesetzentwurf),Abgeordnete,"['Bezirksverordnetenversammlung', 'Abgeordnetenentschädigung', 'Ehrenamtliche Tätigkeit', 'Entschädigung']",[ 3.97681771e-03  7.89383426e-03 -6.86786007e-05 ...  1.30068860e-03  -1.62959832e-03  2.88543548e-03],"[(np.int64(8), np.float64(0.3868435495068252)), (np.int64(16), np.float64(0.3791744788403447)), (np.int64(7), np.float64(0.3698807084340619))]",8,0.3868435495068252,0.0,1,9,1,10,1,9,,1,31,2,37,371.0,,2.0,7.0,1.0,0.0,,,25.0,,0.0,,,,,,,,,,,,,,,,,,,0.0,,,,,,,,,,,,,,,,,,,,,,,,,,,,,,,,,,,,,,,,,,,,,,,,,,,,,,,,,,,0.0,,,,,,,,,,,,,,0.0,,,,,,,,,,,,,,,,,,,,,,,,,,,,,,,,,,,,,,,,,,-7.0,30.0,24.0,2.0,3.0,2.0,,37.0,31.0,9.0,10.0,9.0,,-6,-28,-27,-28,,-22,-21,-22,,1,0,,-1,,
65562,0.0,7,2013-11-29 01:00:00+00:00,2579,70,,0.3333333333333333,0.5,Antrag (Gesetzentwurf),"['Parlament', 'Landesregierung']","['Abgeordneter', 'Parlamentsreform', 'Senator']",[ 0.01263232  0.01210105 -0.00215458 ...  0.02172287 -0.00148312   0.01770886],"[(np.int64(31), np.float64(0.5458351365856162)), (np.int64(12), np.float64(0.4287923676792999)), (np.int64(28), np.float64(0.42717020752737433))]",31,0.5458351365856162,0.5,2,54,1,13,1,61,61.0,1,62,1,70,,,0.0,,1.0,0.0,,,,,0.0,,,,,,,,,,,,,,,,,,,0.0,,,,,,,,,,,,,,,,,,,,,,,,,,,,,,,,,,,,,,,,,,,,,,,,,,,,,,,,,,,0.0,,,,,,,,,,,,,,0.0,,,,,,,,,,,,,,,,,,,,,,,,,,,,,,,,,,,,,,,,,,,,,,,,,70.0,62.0,61.0,13.0,54.0,,-8,-9,-57,-16,,-1,-49,-8,,-48,-7,,41,,
65561,0.0,7,2013-11-29 01:00:00+00:00,2579,70,,0.3333333333333333,0.6,Antrag (Gesetzentwurf),Parlament,"['Abgeordneter', 'Parlamentsreform']",[-0.0021895  -0.00152377 -0.00360972 ...  0.00346178  0.01005987   0.02769424],"[(np.int64(34), np.float64(0.533779466587786)), (np.int64(31), np.float64(0.4587750940459884)), (np.int64(38), np.float64(0.4478732418632602))]",34,0.533779466587786,1.0,1,54,1,13,1,54,,1,62,1,70,,,1.0,38.0,1.0,0.0,,,,,0.0,,,,,,,,,,,,,,,,,,,0.0,,,,,,,,,,,,,,,,,,,,,,,,,,,,,,,,,,,,,,,,,,,,,,,,,,,,,,,,,,,0.0,,,,,,,,,,,,,,0.0,,,,,,,,,,,,,,,,,,,,,,,,,,,,,,,,,,,,,,,,,,-38.0,32.0,24.0,16.0,-25.0,16.0,,70.0,62.0,54.0,13.0,54.0,,-8,-16,-57,-16,,-8,-49,-8,,-41,0,,41,,
65729,1.0,6,2013-12-17 01:00:00+00:00,2597,90,0.0,1.0,0.5,Vorlage zur Beschlussfassung (Gesetzentwurf),Öffentliche Verwaltung,"['Gebührenordnung', 'Schiedsamt']",[-0.00061838 -0.0025624   0.01694439 ...  0.01161224 -0.00488781   0.01327113],"[(np.int64(28), np.float64(0.38858431301011126)), (np.int64(34), np.float64(0.36472099126222923)), (np.int64(9), np.float64(0.35904912296067676))]",28,0.38858431301011126,0.5,1,57,1,30,1,57,,1,79,1,90,,,0.0,,0.0,,,,,,0.0,,,,,,,,,,,,,,,,,,,0.0,,,,,,,,,,,,,,,,,,,,,,,,,,,,,,,,,,,,,,,,,,,,,,,,,,,,,,,,,,,0.0,,,,,,,,,,,,,,0.0,,,,,,,,,,,,,,,,,,,,,,,,,,,,,,,,,,,,,,,,,,,,,,,,,,,,,,,-11,-33,-60,-33,-90.0,-22,-49,-22,-79.0,-27,0,-57.0,27,-30.0,-57.0
65706,1.0,9,2014-01-07 01:00:00+00:00,2618,78,0.0,1.0,1.0,Vorlage zur Beschlussfassung (Gesetzentwurf),Schulen,"['Beratung', 'Bußgeld', 'Gymnasium', 'Mittlerer Schulabschluss', 'Privatschule', 'Sekundarschule', 'Sprachförderung']",[ 0.00834305  0.03313211 -0.00687251 ... -0.0112241  -0.0003395   0.0153056 ],"[(np.int64(10), np.float64(0.4400805615928587)), (np.int64(27), np.float64(0.40387841780612704)), (np.int64(22), np.float64(0.3959024806860838))]",10,0.4400805615928587,1.0,3,37,1,9,1,71,51.0,2,58,1,78,,71.0,0.0,,0.0,,,,,,0.0,,,,,,,,,,,,,,,,,,,0.0,,,,,,,,,,,,,,,,,,,,,,,,,,,,,,,,,72.0,,,,,,,,,,,,,,,,,,,,,,,,,,0.0,,,,,,,,,,,,,,0.0,,,,,,,,,,,,,,,,,,,,,,,,,,,,,,,,,,,,,,,,,,,,,,,,,,,,,,,-20,-7,-69,-41,-78.0,13,-49,-21,-58.0,-62,-34,-71.0,28,-9.0,-37.0
65782,1.0,7,2014-01-14 01:00:00+00:00,2625,155,0.0,0.3333333333333333,0.6,Vorlage zur Beschlussfassung (Gesetzentwurf),"['Innere Sicherheit', 'Öffentliche Verwaltung']","['Arbeitsschutz', 'Zuständigkeit (Verwaltung)']",[ 0.00146729  0.02819623 -0.00478005 ... -0.00299509 -0.00913655   0.01778904],"[(np.int64(34), np.float64(0.36229715163041043)), (np.int64(31), np.float64(0.3516567087582133)), (np.int64(19), np.float64(0.3471879362430372))]",34,0.36229715163041043,1.0,2,104,1,16,1,121,121.0,1,142,1,155,,,0.0,,0.0,,,,,,0.0,,,,,,,,,,,,,,,,,,,0.0,,,,,,,,,,,,,,,,,,,,,,,,,,,,,,,,,,,,,,,,,,,,,,,,,,,,,,,,,,,0.0,,,,,,,,,,,,,,0.0,,,,,,,,,,,,,,,,,,,,,,,,,,,,,,,,,,,,,,,,,,,,,,,,,,,,,,,-13,-34,-139,-51,-155.0,-21,-126,-38,-142.0,-105,-17,-121.0,88,-16.0,-104.0
66297,1.0,7,2014-03-11 01:00:00+00:00,2681,120,0.0,1.0,0.6,Vorlage zur Beschlussfassung (Gesetzentwurf),Öffentlicher Dienst,"['Beamtenrecht', 'Beihilfe', 'Besoldungsrecht', 'Gebühr', 'Gesetzliche Krankenversicherung']",[ 0.0152361  -0.00741136  0.0126377  ...  0.00434052  0.00596452   0.03212573],"[(np.int64(16), np.float64(0.359800618446484)), (np.int64(9), np.float64(0.35385173524045666)), (np.int64(35), np.float64(0.3216396351072469))]",16,0.359800618446484,0.0,2,97,1,30,1,113,113.0,1,114,1,120,,,0.0,,0.0,,,,,,0.0,,,,,,,,,,,,,,,,,,,0.0,,,,,,,,,,,,,,,,,,,,,,,,,,,,,,,,,,,,,,,,,,,,,,,,,,,,,,,,,,,0.0,,,,,,,,,,,,,,0.0,,,,,,,,,,,,,,,,,,,,,,,,,,,,,,,,,,,,,,,,,,,,,,,,,,,,,,,-6,-7,-90,-23,-120.0,-1,-84,-17,-114.0,-83,-16,-113.0,67,-30.0,-97.0
66213,1.0,6,2014-03-11 01:00:00+00:00,2681,36,0.0,0.3333333333333333,0.5,Vorlage zur Beschlussfassung (Gesetzentwurf),"['Öffentliche Verwaltung', 'Frauen', 'Gesundheit']","['Künstliche Befruchtung', 'Ethikkommission', 'Krankenhaus', 'Transplantationsmedizin', 'Rechtsvorschrift']",[0.02013923 0.02445478 0.03032872 ... 0.01750195 0.00287703 0.01282677],"[(np.int64(31), np.float64(0.4018751704133141)), (np.int64(3), np.float64(0.3857159670054938)), (np.int64(38), np.float64(0.3855055061287492))]",31,0.4018751704133141,0.5,1,20,1,9,1,20,,1,30,1,36,,,0.0,,0.0,,,,,,0.0,,,,,,,,,,,,,,,,,,,0.0,,,,,,,,,,,,,,,,,,,,,,,,,,,,,,,,,,,,,,,,,,,,,,,,,,,,,,,,,,,0.0,,,,,,,,,,,,,,0.0,,,,,,,,,,,,,,,,,,,,,,,,,,,,,,,,,,,,,,,,,,,,,,,,,,,,,,,-6,-16,-27,-16,-36.0,-10,-21,-10,-30.0,-11,0,-20.0,11,-9.0,-20.0
66483,1.0,6,2014-03-25 01:00:00+00:00,2695,835,0.0,0.3333333333333333,0.5,Vorlage zur Beschlussfassung (Gesetzentwurf),Sozialleistungen,"['Sozialpolitik', 'Sozialrecht', 'Zuständigkeit (Verwaltung)']",[ 0.01911434  0.00700463 -0.01044759 ... -0.00310163 -0.01543394   0.01305949],"[(np.int64(31), np.float64(0.31577210833393465)), (np.int64(34), np.float64(0.3125530432203647)), (np.int64(16), np.float64(0.31086785472614803))]",31,0.31577210833393465,0.5,1,811,1,16,1,811,,1,821,1,835,,,0.0,,0.0,,,,,,0.0,,,,,,,,,,,,,,,,,,,0.0,,,,,,,,,,,,,,,,,,,,,,,,,,,,,,,,,,,,,,,,,,,,,,,,,,,,,,,,,,,0.0,,,,,,,,,,,,,,0.0,,,,,,,,,,,,,,,,,,,,,,,,,,,,,,,,,,,,,,,,,,,,,,,,,,,,,,,-14,-24,-819,-24,-835.0,-10,-805,-10,-821.0,-795,0,-811.0,795,-16.0,-811.0
72806,1.0,7,2014-04-06 02:00:00+00:00,2707,746,701.0,1.0,1.0,Vorlage zur Beschlussfassung (Gesetzentwurf),"['Innere Sicherheit', 'Ausländer Vertriebene Aus- und Übersiedler']","['Bauaufsicht', 'Baugenehmigung', 'Flüchtlingsunterbringung', 'Zuständigkeit (Verwaltung)']",[ 0.01243588  0.01555959  0.0039783  ... -0.0017755   0.00263747   0.01066775],"[(np.int64(12), np.float64(0.4642302673058225)), (np.int64(4), np.float64(0.4125832088707261)), (np.int64(35), np.float64(0.3638776364263163))]",12,0.4642302673058225,1.0,2,0,1,710,1,738,738.0,1,739,1,746,,,0.0,,0.0,,,,,,0.0,,,,,,,,,,,,,,,,,,,0.0,,,,,,,,,,,,,,,,,,,,,,,,,,,,,,,,,,,,,,,,,,,,,,,,,,,,,,,,,,,0.0,,,,,,,,,,,,,,0.0,,,,,,,,,,,,,,,,,,,,,,,,,,,,,,,,,,,,,,,,,,,,,,,,,,,,,,,-7,-8,-36,-746,-45.0,-1,-29,-739,-38.0,-28,-738,-37.0,-710,-9.0,701.0
66649,0.0,9,2014-04-09 02:00:00+00:00,2710,198,,1.0,0.5,Antrag (Gesetzentwurf),"['Dienstleistungen', 'Kommunale Angelegenheiten', 'Städtebau']","['Dienstleistungswirtschaft', 'Einkaufszentrum', 'Gewerbegebiet', 'Städtebau']",[0.00097248 0.02734723 0.00710203 ... 0.00831026 0.01603113 0.01320211],"[(np.int64(38), np.float64(0.5177921778973027)), (np.int64(13), np.float64(0.4886128361674633)), (np.int64(34), np.float64(0.4885590464322324))]",38,0.5177921778973027,0.5,4,26,1,29,1,173,159.0,1,190,1,198,,161.0,0.0,,1.0,0.0,173.0,,,,0.0,,,,,,,,,,,,,,,,,,,0.0,,,,,,,,,,,,,,,,,,,,,,,,,,,,,,,,,,,,,,,,,,,,,,,,,,,,,,,,,,,0.0,,,,,,,,,,,,,,0.0,,,,,,,,,,,,,,,,,,,,,,,,,,,,,,,,,,,,,,,,,,,,,,,,,198.0,190.0,173.0,29.0,26.0,,-8,-25,-169,-172,,-17,-161,-164,,-144,-147,,-3,,
67064,1.0,8,2014-05-27 02:00:00+00:00,2758,43,0.0,0.6666666666666667,0.4,Vorlage zur Beschlussfassung (Gesetzentwurf),Öffentlicher Dienst,"['Beamtenversorgung', 'Beamter', 'Mehrarbeit', 'Öffentlicher Dienst']",[0.00279166 0.00057541 0.0294609  ... 0.00213829 0.00058655 0.01134482],"[(np.int64(35), np.float64(0.3889110787803851)), (np.int64(28), np.float64(0.3847868490987908)), (np.int64(9), np.float64(0.37997471143161204))]",35,0.3889110787803851,1.0,2,20,1,9,1,36,36.0,1,37,1,43,,,1.0,37.0,0.0,,,,,,0.0,,,,,,,,,,,,,,,,,,,0.0,,,,,,,,,,,,,,,,,,,,,,,,,,,,,,,,,,,,,,,,,,,,,,,,,,,,,,,,,,,0.0,,,,,,,,,,,,,,0.0,,,,,,,,,,,,,,,,,,,,,,,,,,,,,,,,,,,,,,,,,,,6.0,0.0,-1.0,-28.0,-17.0,-37.0,,,,,,,-6,-7,-34,-23,-43.0,-1,-28,-17,-37.0,-27,-16,-36.0,11,-9.0,-20.0
67794,1.0,7,2014-08-12 02:00:00+00:00,2835,126,0.0,0.3333333333333333,0.4,Vorlage zur Beschlussfassung (Gesetzentwurf),"['Gesundheit', 'Medizinische Berufe']","['Apotheker', 'Arzt', 'Europäische Union', 'Gesundheitswesen', 'Heilhilfsberuf', 'Medizinische Versorgung', 'Schadenersatz', 'Versicherung']",[ 0.02890594  0.01002859  0.01675365 ...  0.02454055 -0.01008758   0.01628171],"[(np.int64(3), np.float64(0.3343217011024686)), (np.int64(35), np.float64(0.32906751591280925)), (np.int64(20), np.float64(0.32149878666913473))]",3,0.3343217011024686,1.0,2,105,1,37,1,110,110.0,1,120,1,126,,,0.0,,0.0,,,,,,0.0,,,,,,,,,,,,,,,,,,,0.0,,,,,,,,,,,,,,,,,,,,,,,,,,,,,,,,,,,,,,,,,,,,,,,,,,,,,,,,,,,0.0,,,,,,,,,,,,,,0.0,,,,,,,,,,,,,,,,,,,,,,,,,,,,,,,,,,,,,,,,,,,,,,,,,,,,,,,-6,-16,-89,-21,-126.0,-10,-83,-15,-120.0,-73,-5,-110.0,68,-37.0,-105.0
67869,1.0,11,2014-08-26 02:00:00+00:00,2849,224,0.0,1.0,0.4,Vorlage zur Beschlussfassung (Gesetzentwurf),"['Polizei', 'Innere Sicherheit']","['Ausland', 'Ausschreibung', 'Grenze', 'Polizeiausrüstung', 'Polizeieinsatz', 'Polizeirecht']",[-0.02391658  0.02002866  0.00278339 ... -0.00718676 -0.00553734   0.0063915 ],"[(np.int64(26), np.float64(0.5077035199412624)), (np.int64(33), np.float64(0.46823493975968783)), (np.int64(20), np.float64(0.4451770204736895))]",26,0.5077035199412624,1.0,5,77,1,23,1,194,98.0,1,211,1,224,,147.0,1.0,194.0,0.0,,173.0,194.0,,,0.0,,,,,,,,,,,,,,,,,,,0.0,,,,,,,,,,,,,,,,,,,,,,,,,,,,,,,,,,,,,,,,,,,,,,,,,,,,,,,,,,,0.0,,,,,,,,,,,,,,0.0,,,,,,,,,,,,,,,,,,,,,,,,,,,,,,,,,,,,,,,,,,,30.0,17.0,0.0,-171.0,-117.0,-194.0,,,,,,,-13,-30,-201,-147,-224.0,-17,-188,-134,-211.0,-171,-117,-194.0,54,-23.0,-77.0
67901,1.0,7,2014-09-02 02:00:00+00:00,2856,79,0.0,0.3333333333333333,0.4,Vorlage zur Beschlussfassung (Gesetzentwurf),Gesundheitseinrichtungen,"['Bundesrecht', 'Investition']",[-0.00264856  0.00998885  0.01416601 ...  0.00520631 -0.0184037   0.00074538],"[(np.int64(3), np.float64(0.3801072989241387)), (np.int64(19), np.float64(0.3769849035133802)), (np.int64(38), np.float64(0.36261916849361187))]",3,0.3801072989241387,1.0,2,61,1,16,1,70,70.0,1,71,1,79,,,0.0,,0.0,,,,,,0.0,,,,,,,,,,,,,,,,,,,0.0,,,,,,,,,,,,,,,,,,,,,,,,,,,,,,,,,,,,,,,,,,,,,,,,,,,,,,,,,,,0.0,,,,,,,,,,,,,,0.0,,,,,,,,,,,,,,,,,,,,,,,,,,,,,,,,,,,,,,,,,,,,,,,,,,,,,,,-8,-9,-63,-18,-79.0,-1,-55,-10,-71.0,-54,-9,-70.0,45,-16.0,-61.0
67906,1.0,9,2014-09-02 02:00:00+00:00,2856,259,0.0,1.0,0.5,Vorlage zur Beschlussfassung (Gesetzentwurf),Juristische Berufe,"['Beamtenausbildung', 'Beihilfe', 'Prüfungsordnung']",[ 0.01575727  0.02056865  0.03512308 ... -0.00163888 -0.00063901   0.02261349],"[(np.int64(28), np.float64(0.44139880672267906)), (np.int64(16), np.float64(0.42579457283338257)), (np.int64(34), np.float64(0.42167801909996716))]",28,0.44139880672267906,0.5,4,126,1,16,1,225,140.0,1,247,1,259,,225.0,0.0,,0.0,,225.0,,,,0.0,,,,,,,,,,,,,,,,,,,0.0,,,,,,,,,,,,,,,,,,,,,,,,,,,,,,,,,,,,,,,,,,,,,,,,,,,,,,,,,,,0.0,,,,,,,,,,,,,,0.0,,,,,,,,,,,,,,,,,,,,,,,,,,,,,,,,,,,,,,,,,,,,,,,,,,,,,,,-12,-34,-243,-133,-259.0,-22,-231,-121,-247.0,-209,-99,-225.0,110,-16.0,-126.0
68186,1.0,6,2014-10-07 02:00:00+00:00,2891,182,0.0,0.3333333333333333,0.5,Vorlage zur Beschlussfassung (Gesetzentwurf),Energie,"['Bundesrecht', 'Rechtsaufsicht', 'Zuständigkeit (Verwaltung)']",[ 0.00885141 -0.01203792 -0.00297997 ...  0.0150474   0.00087039   0.0094415 ],"[(np.int64(31), np.float64(0.3666668712885986)), (np.int64(38), np.float64(0.33953649199832625)), (np.int64(28), np.float64(0.31984505041914535))]",31,0.3666668712885986,0.5,1,152,1,36,1,152,,1,169,1,182,,,0.0,,0.0,,,,,,0.0,,,,,,,,,,,,,,,,,,,0.0,,,,,,,,,,,,,,,,,,,,,,,,,,,,,,,,,,,,,,,,,,,,,,,,,,,,,,,,,,,0.0,,,,,,,,,,,,,,0.0,,,,,,,,,,,,,,,,,,,,,,,,,,,,,,,,,,,,,,,,,,,,,,,,,,,,,,,-13,-30,-146,-30,-182.0,-17,-133,-17,-169.0,-116,0,-152.0,116,-36.0,-152.0
68240,1.0,8,2014-10-14 02:00:00+00:00,2898,55,0.0,0.3333333333333333,0.5,Vorlage zur Beschlussfassung (Gesetzentwurf),Öffentlicher Dienst,"['Arbeitszeit', 'Besoldungsrecht', 'Lehrer']",[ 0.01266174  0.01625414  0.02332116 ... -0.00877488  0.0009938   0.03109487],"[(np.int64(7), np.float64(0.45363308046433215)), (np.int64(29), np.float64(0.3407507164838813)), (np.int64(34), np.float64(0.3361158564856874))]",7,0.45363308046433215,0.5,3,26,1,2,1,42,36.0,1,43,1,55,,42.0,0.0,,0.0,,,,,,0.0,,,,,,,,,,,,,,,,,,,0.0,,,,,,,,,,,,,,,,,,,,,,,,,,,,,,,,,,,,,,,,,,,,,,,,,,,,,,,,,,,0.0,,,,,,,,,,,,,,0.0,,,,,,,,,,,,,,,,,,,,,,,,,,,,,,,,,,,,,,,,,,,,,,,,,,,,,,,-12,-13,-53,-29,-55.0,-1,-41,-17,-43.0,-40,-16,-42.0,24,-2.0,-26.0
68398,1.0,9,2014-10-28 01:00:00+00:00,2912,161,0.0,0.3333333333333333,0.5,Vorlage zur Beschlussfassung (Gesetzentwurf),Hochschulen,"['Gerichtsentscheidung', 'Hochschullehrer', 'Verfassungsgericht']",[ 0.00531798  0.01057687  0.01258589 ... -0.00182436 -0.00454983   0.01400402],"[(np.int64(7), np.float64(0.4561530589524)), (np.int64(28), np.float64(0.40388800197980745)), (np.int64(29), np.float64(0.3839172217989161))]",7,0.4561530589524,0.5,4,71,1,16,1,148,132.0,1,149,1,161,,141.0,0.0,,0.0,,148.0,,,,0.0,,,,,,,,,,,,,,,,,,,0.0,,,,,,,,,,,,,,,,,,,,,,,,,,,,,,,,,,,,,,,,,,,,,,,,,,,,,,,,,,,0.0,,,,,,,,,,,,,,0.0,,,,,,,,,,,,,,,,,,,,,,,,,,,,,,,,,,,,,,,,,,,,,,,,,,,,,,,-12,-13,-145,-90,-161.0,-1,-133,-78,-149.0,-132,-77,-148.0,55,-16.0,-71.0
68410,1.0,6,2014-11-04 01:00:00+00:00,2919,115,0.0,1.0,0.6,Vorlage zur Beschlussfassung (Gesetzentwurf),Rundfunk Fernsehen,"['Fernsehen', 'Finanzplanung', 'Gebührenordnung', 'Staatsvertrag']",[ 0.01657982  0.00999492 -0.00099214 ...  0.00723162  0.00690826   0.01322858],"[(np.int64(11), np.float64(0.48423198947299734)), (np.int64(16), np.float64(0.35913539993574684)), (np.int64(18), np.float64(0.3531013051944631))]",11,0.48423198947299734,0.0,1,106,1,9,1,106,,1,107,1,115,,,0.0,,0.0,,,,,,0.0,,,,,,,,,,,,,,,,,,,0.0,,,,,,,,,,,,,,,,,,,,,,,,,,,,,,,,,,,,,,,,,,,,,,,,,,,,,,,,,,,0.0,,,,,,,,,,,,,,0.0,,,,,,,,,,,,,,,,,,,,,,,,,,,,,,,,,,,,,,,,,,,,,,,,,,,,,,,-8,-9,-106,-9,-115.0,-1,-98,-1,-107.0,-97,0,-106.0,97,-9.0,-106.0
68546,1.0,7,2014-11-11 01:00:00+00:00,2926,36,0.0,0.3333333333333333,0.4,Vorlage zur Beschlussfassung (Gesetzentwurf),Abgaben,"['Kirchenaustritt', 'Rechtseinheit']",[-0.00918961  0.01897594 -0.0052512  ... -0.00632531  0.00486333   0.0113975 ],"[(np.int64(18), np.float64(0.341456003024586)), (np.int64(28), np.float64(0.3252747089038957)), (np.int64(19), np.float64(0.3203228755833685))]",18,0.341456003024586,0.0,2,20,1,16,1,29,29.0,1,30,1,36,,,0.0,,0.0,,,,,,0.0,,,,,,,,,,,,,,,,,,,0.0,,,,,,,,,,,,,,,,,,,,,,,,,,,,,,,,,,,,,,,,,,,,,,,,,,,,,,,,,,,0.0,,,,,,,,,,,,,,0.0,,,,,,,,,,,,,,,,,,,,,,,,,,,,,,,,,,,,,,,,,,,,,,,,,,,,,,,-6,-7,-20,-16,-36.0,-1,-14,-10,-30.0,-13,-9,-29.0,4,-16.0,-20.0
68613,0.0,8,2014-11-17 01:00:00+00:00,2932,30,,1.0,0.5,Antrag (Gesetzentwurf),Öffentliches Vermögen,"['Grundstück', 'Liegenschaftsverwaltung']",[ 0.0009599   0.01151884  0.0050801  ...  0.00868343 -0.01724872  -0.00555267],"[(np.int64(28), np.float64(0.4483865771815546)), (np.int64(38), np.float64(0.4456760182921208)), (np.int64(14), np.float64(0.4144115046471754))]",28,0.4483865771815546,0.5,1,23,1,10,1,23,,1,24,1,30,,,2.0,23.0,1.0,0.0,,,24.0,,0.0,,,,,,,,,,,,,,,,,,,0.0,,,,,,,,,,,,,,,,,,,,,,,,,,,,,,,,,,,,,,,,,,,,,,,,,,,,,,,,,,,0.0,,,,,,,,,,,,,,0.0,,,,,,,,,,,,,,,,,,,,,,,,,,,,,,,,,,,,,,,,,,-23.0,7.0,1.0,0.0,-13.0,0.0,,30.0,24.0,23.0,10.0,23.0,,-6,-7,-20,-7,,-1,-14,-1,,-13,0,,13,,
68602,1.0,6,2014-11-18 01:00:00+00:00,2933,597,0.0,1.0,0.6,Vorlage zur Beschlussfassung (Gesetzentwurf),Gerichte und Staatsanwaltschaften,"['Kosten', 'Rechtsberatung', 'Sozialgericht', 'Verwaltungsgericht']",[-0.00693548  0.01774054  0.0150616  ...  0.01583551 -0.01071576   0.0062211 ],"[(np.int64(16), np.float64(0.3587479500515932)), (np.int64(34), np.float64(0.34866591056571045)), (np.int64(19), np.float64(0.3191050579948229))]",16,0.3587479500515932,0.0,1,575,1,23,1,575,,1,583,1,597,,,0.0,,0.0,,,,,,0.0,,,,,,,,,,,,,,,,,,,0.0,,,,,,,,,,,,,,,,,,,,,,,,,,,,,,,,,,,,,,,,,,,,,,,,,,,,,,,,,,,0.0,,,,,,,,,,,,,,0.0,,,,,,,,,,,,,,,,,,,,,,,,,,,,,,,,,,,,,,,,,,,,,,,,,,,,,,,-14,-22,-574,-22,-597.0,-8,-560,-8,-583.0,-552,0,-575.0,552,-23.0,-575.0
68919,1.0,9,2014-12-16 01:00:00+00:00,2961,114,0.0,1.0,0.6,Vorlage zur Beschlussfassung (Gesetzentwurf),Wissenschaft Forschung,"['Anstalt des öffentlichen Rechts', 'Charité - Universitätsmedizin Berlin', 'Forschungsfinanzierung', 'Medizinische Forschung', 'Universitätsklinik']",[ 0.0063268   0.02036346  0.02754363 ...  0.00700362 -0.01906867   0.00391379],"[(np.int64(2), np.float64(0.40480559406132033)), (np.int64(3), np.float64(0.3918952434288021)), (np.int64(13), np.float64(0.3673124789849506))]",2,0.40480559406132033,0.0,4,36,1,30,1,99,83.0,1,100,1,114,,92.0,0.0,,0.0,,99.0,,,,0.0,,,,,,,,,,,,,,,,,,,0.0,,,,,,,,,,,,,,,,,,,,,,,,,,,,,,,,,,,,,,,,,,,,,,,,,,,,,,,,,,,0.0,,,,,,,,,,,,,,0.0,,,,,,,,,,,,,,,,,,,,,,,,,,,,,,,,,,,,,,,,,,,,,,,,,,,,,,,-14,-15,-84,-78,-114.0,-1,-70,-64,-100.0,-69,-63,-99.0,6,-30.0,-36.0
69491,1.0,8,2015-03-04 01:00:00+00:00,3039,56,0.0,1.0,0.5,Vorlage zur Beschlussfassung (Gesetzentwurf),Öffentlicher Haushalt,[],[ 0.02158264  0.01036694  0.0224314  ...  0.02606893 -0.01164008   0.02509892],"[(np.int64(28), np.float64(0.5200709264570861)), (np.int64(9), np.float64(0.4431142646924082)), (np.int64(14), np.float64(0.4384376358273957))]",28,0.5200709264570861,0.5,2,7,1,8,1,49,49.0,1,50,1,56,,,1.0,50.0,0.0,,,,,,0.0,,,,,,,,,,,,,,,,,,,0.0,,,,,,,,,,,,,,,,,,,,,,,,,,,,,,,,,,,,,,,,,,,,,,,,,,,,,,,,,,,0.0,,,,,,,,,,,,,,0.0,,,,,,,,,,,,,,,,,,,,,,,,,,,,,,,,,,,,,,,,,,,6.0,0.0,-1.0,-42.0,-43.0,-50.0,,,,,,,-6,-7,-48,-49,-56.0,-1,-42,-43,-50.0,-41,-42,-49.0,-1,-8.0,-7.0
69749,1.0,6,2015-03-18 01:00:00+00:00,3053,97,0.0,1.0,0.4,Vorlage zur Beschlussfassung (Gesetzentwurf),Informationsgesellschaft Medien,"['Bußgeld', 'Europäische Union', 'Informationspolitik', 'Open Data', 'Publikation']",[-0.00615216  0.00313495  0.00541626 ...  0.01430599  0.00385614   0.00568119],"[(np.int64(9), np.float64(0.5029493151525037)), (np.int64(34), np.float64(0.47298329888217233)), (np.int64(28), np.float64(0.47265686425314823))]",9,0.5029493151525037,1.0,1,82,1,36,1,82,,1,85,1,97,,,0.0,,0.0,,,,,,0.0,,,,,,,,,,,,,,,,,,,0.0,,,,,,,,,,,,,,,,,,,,,,,,,,,,,,,,,,,,,,,,,,,,,,,,,,,,,,,,,,,0.0,,,,,,,,,,,,,,0.0,,,,,,,,,,,,,,,,,,,,,,,,,,,,,,,,,,,,,,,,,,,,,,,,,,,,,,,-12,-15,-61,-15,-97.0,-3,-49,-3,-85.0,-46,0,-82.0,46,-36.0,-82.0
69844,1.0,8,2015-03-24 01:00:00+00:00,3059,91,0.0,1.0,0.5,Vorlage zur Beschlussfassung (Gesetzentwurf),"['Bauwesen', 'Öffentliche Verwaltung']","['Bauaufsicht', 'Bebauungsplan', 'Bundesrecht', 'Wohnungsbau']",[-0.00890769  0.00702452  0.0042446  ... -0.00339269 -0.0012405   0.01237511],"[(np.int64(38), np.float64(0.4223129060474244)), (np.int64(31), np.float64(0.3931494897018799)), (np.int64(28), np.float64(0.392314758045119))]",38,0.4223129060474244,0.5,2,57,1,30,1,71,71.0,1,79,1,91,,,1.0,78.0,0.0,,,,,,0.0,,,,,,,,,,,,,,,,,,,0.0,,,,,,,,,,,,,,,,,,,,,,,,,,,,,,,,,,,,,,,,,,,,,,,,,,,,,,,,,,,0.0,,,,,,,,,,,,,,0.0,,,,,,,,,,,,,,,,,,,,,,,,,,,,,,,,,,,,,,,,,,,13.0,1.0,-7.0,-48.0,-21.0,-78.0,,,,,,,-12,-20,-61,-34,-91.0,-8,-49,-22,-79.0,-41,-14,-71.0,27,-30.0,-57.0
70383,0.0,6,2015-05-28 02:00:00+00:00,3124,114,,0.3333333333333333,0.6,Antrag (Gesetzentwurf),"['Datenschutz', 'Gerichte und Staatsanwaltschaften']","['Akten', 'Auskunfterteilung', 'Personenbezogene Daten']",[-0.00894546  0.02051493 -0.02301966 ...  0.01968002  0.00250473   0.00658982],"[(np.int64(34), np.float64(0.330488439457537)), (np.int64(26), np.float64(0.31910796942404096)), (np.int64(12), np.float64(0.3188573899736456))]",34,0.330488439457537,1.0,1,20,1,14,1,20,,1,105,1,114,,,0.0,,1.0,0.0,,,,,0.0,,,,,,,,,,,,,,,,,,,0.0,,,,,,,,,,,,,,,,,,,,,,,,,,,,,,,,,,,,,,,,,,,,,,,,,,,,,,,,,,,0.0,,,,,,,,,,,,,,0.0,,,,,,,,,,,,,,,,,,,,,,,,,,,,,,,,,,,,,,,,,,,,,,,,,114.0,105.0,20.0,14.0,20.0,,-9,-94,-100,-94,,-85,-91,-85,,-6,0,,6,,
70536,1.0,12,2015-06-09 02:00:00+00:00,3136,286,0.0,0.6666666666666667,0.4,Vorlage zur Beschlussfassung (Gesetzentwurf),"['Energie', 'Luft']","['Energieerzeugung', 'Energieversorgung', 'Erneuerbare Energie', 'Klimaschutz']",[-0.01534723  0.00909028  0.01505209 ...  0.01676389 -0.00121745   0.0085    ],"[(np.int64(1), np.float64(0.46126031221301855)), (np.int64(28), np.float64(0.41401228828228487)), (np.int64(38), np.float64(0.3906083812967479))]",1,0.46126031221301855,1.0,4,106,1,16,1,280,231.0,1,281,1,286,,252.0,3.0,281.0,0.0,,280.0,,281.0,281.0,0.0,,,,,,,,,,,,,,,,,,,0.0,,,,,,,,,,,,,,,,,,,,,,,,,,,,,,,,,,,,,,,,,,,,,,,,,,,,,,,,,,,0.0,,,,,,,,,,,,,,0.0,,,,,,,,,,,,,,,,,,,,,,,,,,,,,,,,,,,,,,,,,,,5.0,0.0,-1.0,-265.0,-175.0,-281.0,,,,,,,-5,-6,-270,-180,-286.0,-1,-265,-175,-281.0,-264,-174,-280.0,90,-16.0,-106.0
70538,1.0,8,2015-06-09 02:00:00+00:00,3136,335,0.0,1.0,0.4,Vorlage zur Beschlussfassung (Gesetzentwurf),Katastrophen- und Zivilschutz,"['Ehrenamtliche Tätigkeit', 'Gebührenordnung', 'Katastrophenschutz']",[ 0.01278321  0.02033422 -0.00448899 ...  0.00511328  0.00927526   0.00704563],"[(np.int64(9), np.float64(0.3035159143485605)), (np.int64(6), np.float64(0.29899935196761607)), (np.int64(18), np.float64(0.29807886265916395))]",9,0.3035159143485605,1.0,3,250,1,16,1,323,321.0,1,324,1,335,,323.0,0.0,,0.0,,,,,,0.0,,,,,,,,,,,,,,,,,,,0.0,,,,,,,,,,,,,,,,,,,,,,,,,,,,,,,,,,,,,,,,,,,,,,,,,,,,,,,,,,,0.0,,,,,,,,,,,,,,0.0,,,,,,,,,,,,,,,,,,,,,,,,,,,,,,,,,,,,,,,,,,,,,,,,,,,,,,,-11,-12,-319,-85,-335.0,-1,-308,-74,-324.0,-307,-73,-323.0,234,-16.0,-250.0
70535,1.0,8,2015-06-09 02:00:00+00:00,3136,394,0.0,1.0,0.5,Vorlage zur Beschlussfassung (Gesetzentwurf),Tierschutz Tierhaltung,"['Straßenreinigung', 'Tierschutz']",[-0.01707005 -0.00889314  0.01993496 ...  0.00368558 -0.00620729   0.01874125],"[(np.int64(28), np.float64(0.44331671743400874)), (np.int64(38), np.float64(0.38893954189160185)), (np.int64(34), np.float64(0.37444359224140733))]",28,0.44331671743400874,0.5,3,161,1,16,1,379,344.0,1,380,1,394,,379.0,0.0,,0.0,,,,,,0.0,,,,,,,,,,,,,,,,,,,0.0,,,,,,,,,,,,,,,,,,,,,,,,,,,,,,,,,,,,,,,,,,,,,,,,,,,,,,,,,,,0.0,,,,,,,,,,,,,,0.0,,,,,,,,,,,,,,,,,,,,,,,,,,,,,,,,,,,,,,,,,,,,,,,,,,,,,,,-14,-15,-378,-233,-394.0,-1,-364,-219,-380.0,-363,-218,-379.0,145,-16.0,-161.0
70537,1.0,6,2015-06-09 02:00:00+00:00,3136,127,0.0,0.3333333333333333,0.6,Vorlage zur Beschlussfassung (Gesetzentwurf),"['Gesellschaft Bevölkerung', 'Religionsgemeinschaften']",[],[ 0.01288481  0.00626509 -0.00724032 ...  0.00026412 -0.02576962   0.01229376],"[(np.int64(34), np.float64(0.4567716831604766)), (np.int64(19), np.float64(0.3662204807455434)), (np.int64(37), np.float64(0.36422054641979074))]",34,0.4567716831604766,1.0,1,118,1,16,1,118,,1,121,1,127,,,0.0,,0.0,,,,,,0.0,,,,,,,,,,,,,,,,,,,0.0,,,,,,,,,,,,,,,,,,,,,,,,,,,,,,,,,,,,,,,,,,,,,,,,,,,,,,,,,,,0.0,,,,,,,,,,,,,,0.0,,,,,,,,,,,,,,,,,,,,,,,,,,,,,,,,,,,,,,,,,,,,,,,,,,,,,,,-6,-9,-111,-9,-127.0,-3,-105,-3,-121.0,-102,0,-118.0,102,-16.0,-118.0
70767,1.0,7,2015-06-30 02:00:00+00:00,3157,257,0.0,1.0,0.4,Vorlage zur Beschlussfassung (Gesetzentwurf),"['Europäische Union', 'Informations- und Kommunikationstechnologien']","['Digitalisierung', 'Europäische Union', 'Gebühr', 'Rechtsvorschrift']",[ 0.01705233  0.00357217 -0.01693473 ...  0.00882017  0.01405347   0.01752274],"[(np.int64(9), np.float64(0.448219101324196)), (np.int64(38), np.float64(0.3904731440338437)), (np.int64(34), np.float64(0.38618240656975017))]",9,0.448219101324196,1.0,2,159,1,72,1,224,224.0,1,246,1,257,,,0.0,,0.0,,,,,,0.0,,,,,,,,,,,,,,,,,,,0.0,,,,,,,,,,,,,,,,,,,,,,,,,,,,,,,,,,,,,,,,,,,,,,,,,,,,,,,,,,,0.0,,,,,,,,,,,,,,0.0,,,,,,,,,,,,,,,,,,,,,,,,,,,,,,,,,,,,,,,,,,,,,,,,,,,,,,,-11,-33,-185,-98,-257.0,-22,-174,-87,-246.0,-152,-65,-224.0,87,-72.0,-159.0
70842,1.0,94,2015-07-07 02:00:00+00:00,3164,160,0.0,1.0,0.5,Vorlage zur Beschlussfassung (Gesetzentwurf),Öffentlicher Haushalt,"['Asylbewerber', 'Bildungspolitik', 'Finanzpolitik', 'Kreditaufnahme', 'Landesbürgschaft', 'Steueraufkommen', 'Verkehrspolitik', 'Wirtschaftspolitik', 'Wohnungspolitik']",[ 0.02563484  0.03051767  0.00182343 ...  0.00646975 -0.01025394   0.02758797],"[(np.int64(28), np.float64(0.5185916293090898)), (np.int64(12), np.float64(0.5007198164704266)), (np.int64(35), np.float64(0.481062886418107))]",28,0.5185916293090898,0.5,54,55,1,65,1,147,55.0,13,155,1,160,,57.0,22.0,154.0,0.0,,57.0,57.0,154.0,154.0,0.0,,58.0,,58.0,62.0,,62.0,62.0,63.0,64.0,64.0,64.0,66.0,70.0,71.0,71.0,77.0,78.0,0.0,,83.0,83.0,83.0,84.0,85.0,85.0,85.0,86.0,86.0,87.0,90.0,90.0,90.0,92.0,92.0,92.0,92.0,94.0,94.0,99.0,99.0,118.0,119.0,121.0,125.0,126.0,128.0,132.0,133.0,135.0,138.0,155.0,155.0,155.0,155.0,155.0,155.0,155.0,155.0,155.0,155.0,155.0,155.0,,,140.0,142.0,147.0,,154.0,154.0,154.0,,154.0,154.0,154.0,154.0,1.0,48.0,154.0,154.0,154.0,154.0,154.0,154.0,154.0,154.0,154.0,154.0,154.0,155.0,0.0,,,,,,,,,,,,,,,,,106.0,,112.0,107.0,99.0,17.0,7.0,-48.0,,,,,,,,,,,,,,,,,,,6.0,1.0,-7.0,-89.0,-99.0,-154.0,,,,,,,-5,-13,-95,-105,-160.0,-8,-90,-100,-155.0,-82,-92,-147.0,-10,-65.0,-55.0
71164,1.0,6,2015-09-01 02:00:00+00:00,3220,83,0.0,1.0,0.6,Vorlage zur Beschlussfassung (Gesetzentwurf),Rundfunk Fernsehen,"['Fernsehen', 'Staatsvertrag']",[ 0.01084092  0.0091822  -0.01717961 ...  0.02819825  0.01457305   0.01860137],"[(np.int64(11), np.float64(0.3920116545590642)), (np.int64(37), np.float64(0.31737271328465255)), (np.int64(34), np.float64(0.3151612774871856))]",11,0.3920116545590642,0.0,1,70,1,9,1,70,,1,71,1,83,,,0.0,,0.0,,,,,,0.0,,,,,,,,,,,,,,,,,,,0.0,,,,,,,,,,,,,,,,,,,,,,,,,,,,,,,,,,,,,,,,,,,,,,,,,,,,,,,,,,,0.0,,,,,,,,,,,,,,0.0,,,,,,,,,,,,,,,,,,,,,,,,,,,,,,,,,,,,,,,,,,,,,,,,,,,,,,,-12,-13,-74,-13,-83.0,-1,-62,-1,-71.0,-61,0,-70.0,61,-9.0,-70.0
71235,1.0,8,2015-09-08 02:00:00+00:00,3227,209,0.0,1.0,1.0,Vorlage zur Beschlussfassung (Gesetzentwurf),Justizvollzug,"['Jugendstrafe', 'Untersuchungshaft']",[-0.00942994  0.02375391  0.03580992 ... -0.00170843  0.00067517   0.00050358],"[(np.int64(12), np.float64(0.417484779573099)), (np.int64(28), np.float64(0.4102834891795621)), (np.int64(38), np.float64(0.40151762344028435))]",12,0.417484779573099,1.0,2,56,1,16,1,182,182.0,1,190,1,209,,,1.0,189.0,0.0,,,,,,0.0,,,,,,,,,,,,,,,,,,,0.0,,,,,,,,,,,,,,,,,,,,,,,,,,,,,,,,,,,,,,,,,,,,,,,,,,,,,,,,,,,0.0,,,,,,,,,,,,,,0.0,,,,,,,,,,,,,,,,,,,,,,,,,,,,,,,,,,,,,,,,,,,20.0,1.0,-7.0,-173.0,-133.0,-189.0,,,,,,,-19,-27,-193,-153,-209.0,-8,-174,-134,-190.0,-166,-126,-182.0,40,-16.0,-56.0
71347,1.0,9,2015-09-22 02:00:00+00:00,3241,62,0.0,1.0,0.5,Vorlage zur Beschlussfassung (Gesetzentwurf),Wohnungswesen,"['Bausanierung', 'Bevölkerungsentwicklung', 'Miete', 'Mietpreisbremse', 'Mietrecht', 'Sozialwohnung', 'Wohnraumversorgung Berlin - Anstalt öffentlichen Rechts', 'Wohnungsbauförderung', 'Wohnungsbaugesellschaft']",[0.01315278 0.02273466 0.00398749 ... 0.01571191 0.0062193  0.00981995],"[(np.int64(38), np.float64(0.5258706477190097)), (np.int64(28), np.float64(0.383110123321649)), (np.int64(35), np.float64(0.37680359084242987))]",38,0.5258706477190097,0.5,2,42,1,2,1,49,49.0,1,50,1,62,,,2.0,49.0,0.0,,,,50.0,,0.0,,,,,,,,,,,,,,,,,,,0.0,,,,,,,,,,,,,,,,,,,,,,,,,,,,,,,,,,,,,,,,,,,,,,,,,,,,,,,,,,,0.0,,,,,,,,,,,,,,0.0,,,,,,,,,,,,,,,,,,,,,,,,,,,,,,,,,,,,,,,,,,,13.0,1.0,0.0,-47.0,-7.0,-49.0,,,,,,,-12,-13,-60,-20,-62.0,-1,-48,-8,-50.0,-47,-7,-49.0,40,-2.0,-42.0
71503,1.0,6,2015-10-06 02:00:00+00:00,3255,57,0.0,1.0,0.6,Vorlage zur Beschlussfassung (Gesetzentwurf),Rundfunk Fernsehen,"['Fernsehen', 'Gerichtsentscheidung', 'Staatsvertrag', 'Werbung']",[ 0.00267672  0.01199404  0.0054412  ...  0.01755226 -0.00795702  -0.00538269],"[(np.int64(11), np.float64(0.42160843548745097)), (np.int64(17), np.float64(0.3645997214807036)), (np.int64(34), np.float64(0.35645514196404))]",11,0.42160843548745097,0.0,1,49,1,36,1,49,,1,50,1,57,,,0.0,,0.0,,,,,,0.0,,,,,,,,,,,,,,,,,,,0.0,,,,,,,,,,,,,,,,,,,,,,,,,,,,,,,,,,,,,,,,,,,,,,,,,,,,,,,,,,,0.0,,,,,,,,,,,,,,0.0,,,,,,,,,,,,,,,,,,,,,,,,,,,,,,,,,,,,,,,,,,,,,,,,,,,,,,,-7,-8,-21,-8,-57.0,-1,-14,-1,-50.0,-13,0,-49.0,13,-36.0,-49.0
71609,1.0,6,2015-10-20 02:00:00+00:00,3269,43,0.0,1.0,0.6,Vorlage zur Beschlussfassung (Gesetzentwurf),Hochschulen,[],[ 0.01397146 -0.00524679  0.01349175 ...  0.00080576 -0.00821498   0.01073344],"[(np.int64(2), np.float64(0.4804758946835697)), (np.int64(28), np.float64(0.47694143083346574)), (np.int64(34), np.float64(0.457454987625291))]",2,0.4804758946835697,0.0,1,14,1,22,1,14,,1,36,1,43,,,0.0,,0.0,,,,,,0.0,,,,,,,,,,,,,,,,,,,0.0,,,,,,,,,,,,,,,,,,,,,,,,,,,,,,,,,,,,,,,,,,,,,,,,,,,,,,,,,,,0.0,,,,,,,,,,,,,,0.0,,,,,,,,,,,,,,,,,,,,,,,,,,,,,,,,,,,,,,,,,,,,,,,,,,,,,,,-7,-29,-21,-29,-43.0,-22,-14,-22,-36.0,8,0,-14.0,-8,-22.0,-14.0
71737,1.0,8,2015-10-21 02:00:00+00:00,3270,131,0.0,1.0,0.5,Vorlage zur Beschlussfassung (Gesetzentwurf),Justizvollzug,"['Brandenburg', 'Jugendarrest', 'Staatsvertrag']",[-0.00087469  0.03779838  0.02332495 ...  0.00592095  0.00049715   0.0197365 ],"[(np.int64(28), np.float64(0.4643131198958533)), (np.int64(12), np.float64(0.45232238757096455)), (np.int64(34), np.float64(0.45056291160337614))]",28,0.4643131198958533,0.5,2,41,1,21,1,48,48.0,1,49,2,54,131.0,,0.0,,0.0,,,,,,0.0,,,,,,,,,,,,,,,,,,,0.0,,,,,,,,,,,,,,,,,,,,,,,,,,,,,,,,,,,,,,,,,,,,,,,,,,,,,,,,,,,0.0,,,,,,,,,,,,,,0.0,,,,,,,,,,,,,,,,,,,,,,,,,,,,,,,,,,,,,,,,,,,,,,,,,,,,,,,-5,-6,-33,-13,-54.0,-1,-28,-8,-49.0,-27,-7,-48.0,20,-21.0,-41.0
71697,1.0,10,2015-10-27 01:00:00+00:00,3276,216,0.0,0.6666666666666667,0.4,Vorlage zur Beschlussfassung (Gesetzentwurf),"['Öffentliche Verwaltung', 'Informations- und Kommunikationstechnologien']","['Digitalisierung', 'Elektronische Aktenführung', 'Elektronische Signatur', 'Informations- und Kommunikationstechnik', 'Öffentlicher Dienst', 'Open Data']",[ 0.01472379 -0.00153251 -0.00909238 ...  0.01319862  0.01003095   0.02897829],"[(np.int64(35), np.float64(0.3763604429351911)), (np.int64(9), np.float64(0.3581913532771147)), (np.int64(34), np.float64(0.3465907892017195))]",35,0.3763604429351911,1.0,4,167,1,16,1,197,181.0,1,198,1,216,,195.0,1.0,198.0,0.0,,197.0,,,,0.0,,,,,,,,,,,,,,,,,,,0.0,,,,,,,,,,,,,,,,,,,,,,,,,,,,,,,,,,,,,,,,,,,,,,,,,,,,,,,,,,,0.0,,,,,,,,,,,,,,0.0,,,,,,,,,,,,,,,,,,,,,,,,,,,,,,,,,,,,,,,,,,,18.0,0.0,-1.0,-182.0,-31.0,-198.0,,,,,,,-18,-19,-200,-49,-216.0,-1,-182,-31,-198.0,-181,-30,-197.0,151,-16.0,-167.0
71829,1.0,7,2015-11-10 01:00:00+00:00,3290,133,0.0,1.0,0.6,Vorlage zur Beschlussfassung (Gesetzentwurf),"['Wahlen', 'Staatsaufbau']","['Verfassung', 'Wahl (staatlich)']",[ 0.03177638  0.01980096 -0.02240947 ...  0.00966334  0.00355706   0.00272708],"[(np.int64(8), np.float64(0.615712402011001)), (np.int64(31), np.float64(0.452255702197038)), (np.int64(38), np.float64(0.44664388777201647))]",8,0.615712402011001,0.0,2,71,1,16,1,111,111.0,1,128,1,133,,,0.0,,0.0,,,,,,0.0,,,,,,,,,,,,,,,,,,,0.0,,,,,,,,,,,,,,,,,,,,,,,,,,,,,,,,,,,,,,,,,,,,,,,,,,,,,,,,,,,0.0,,,,,,,,,,,,,,0.0,,,,,,,,,,,,,,,,,,,,,,,,,,,,,,,,,,,,,,,,,,,,,,,,,,,,,,,-5,-22,-117,-62,-133.0,-17,-112,-57,-128.0,-95,-40,-111.0,55,-16.0,-71.0
71851,1.0,6,2015-11-10 01:00:00+00:00,3290,220,0.0,1.0,0.5,Vorlage zur Beschlussfassung (Gesetzentwurf),Gesundheit,[],[0.01897644 0.01601137 0.00536678 ... 0.02443217 0.00136393 0.0301251 ],"[(np.int64(38), np.float64(0.43606003258573006)), (np.int64(28), np.float64(0.4336285475050297)), (np.int64(3), np.float64(0.42846964971340573))]",38,0.43606003258573006,0.5,1,202,1,16,1,202,,1,212,1,220,,,0.0,,0.0,,,,,,0.0,,,,,,,,,,,,,,,,,,,0.0,,,,,,,,,,,,,,,,,,,,,,,,,,,,,,,,,,,,,,,,,,,,,,,,,,,,,,,,,,,0.0,,,,,,,,,,,,,,0.0,,,,,,,,,,,,,,,,,,,,,,,,,,,,,,,,,,,,,,,,,,,,,,,,,,,,,,,-8,-18,-204,-18,-220.0,-10,-196,-10,-212.0,-186,0,-202.0,186,-16.0,-202.0
71962,1.0,6,2015-11-24 01:00:00+00:00,3304,188,0.0,0.3333333333333333,0.5,Vorlage zur Beschlussfassung (Gesetzentwurf),"['Innere Sicherheit', 'Öffentliche Verwaltung']","['Rechtsbereinigung', 'Zuständigkeit (Verwaltung)']",[ 0.00561695  0.01472232  0.01058352 ...  0.00378405 -0.00413881   0.01235729],"[(np.int64(31), np.float64(0.514586098726246)), (np.int64(28), np.float64(0.43098075667650804)), (np.int64(34), np.float64(0.4204599433977736))]",31,0.514586098726246,0.5,1,153,1,16,1,153,,1,170,1,188,,,0.0,,0.0,,,,,,0.0,,,,,,,,,,,,,,,,,,,0.0,,,,,,,,,,,,,,,,,,,,,,,,,,,,,,,,,,,,,,,,,,,,,,,,,,,,,,,,,,,0.0,,,,,,,,,,,,,,0.0,,,,,,,,,,,,,,,,,,,,,,,,,,,,,,,,,,,,,,,,,,,,,,,,,,,,,,,-18,-35,-172,-35,-188.0,-17,-154,-17,-170.0,-137,0,-153.0,137,-16.0,-153.0
71906,0.0,7,2015-11-25 01:00:00+00:00,3305,20,,0.3333333333333333,0.5,Antrag (Gesetzentwurf),Öffentlicher Dienst,"['Grundschule', 'Laufbahn', 'Schulleiter']",[ 0.00997201  0.00139402  0.00122437 ... -0.00404191 -0.01097511   0.02407443],"[(np.int64(7), np.float64(0.5082592173700168)), (np.int64(29), np.float64(0.3831928306217635)), (np.int64(10), np.float64(0.37145786198631947))]",7,0.5082592173700168,0.5,2,8,1,1,1,14,14.0,1,15,1,20,,,0.0,,1.0,0.0,,,,,0.0,,,,,,,,,,,,,,,,,,,0.0,,,,,,,,,,,,,,,,,,,,,,,,,,,,,,,,,,,,,,,,,,,,,,,,,,,,,,,,,,,0.0,,,,,,,,,,,,,,0.0,,,,,,,,,,,,,,,,,,,,,,,,,,,,,,,,,,,,,,,,,,,,,,,,,20.0,15.0,14.0,1.0,8.0,,-5,-6,-19,-12,,-1,-14,-7,,-13,-6,,7,,
71977,1.0,7,2015-12-01 01:00:00+00:00,3311,86,0.0,1.0,0.6,Vorlage zur Beschlussfassung (Gesetzentwurf),Hochschulen,"['Ausbildungsförderung', 'Hochschulgesetz', 'Rechtsvorschrift', 'Zuständigkeit (Verwaltung)']",[ 0.02066457  0.00613479  0.00598803 ... -0.00387461 -0.00466714   0.02806155],"[(np.int64(2), np.float64(0.3724546692759608)), (np.int64(28), np.float64(0.3708900926577767)), (np.int64(12), np.float64(0.35414036275207256))]",2,0.3724546692759608,0.0,2,50,1,9,1,71,71.0,1,79,1,86,,,0.0,,0.0,,,,,,0.0,,,,,,,,,,,,,,,,,,,0.0,,,,,,,,,,,,,,,,,,,,,,,,,,,,,,,,,,,,,,,,,,,,,,,,,,,,,,,,,,,0.0,,,,,,,,,,,,,,0.0,,,,,,,,,,,,,,,,,,,,,,,,,,,,,,,,,,,,,,,,,,,,,,,,,,,,,,,-7,-15,-77,-36,-86.0,-8,-70,-29,-79.0,-62,-21,-71.0,41,-9.0,-50.0
71976,1.0,7,2015-12-01 01:00:00+00:00,3311,104,0.0,1.0,0.5,Vorlage zur Beschlussfassung (Gesetzentwurf),Vermessungs- und Katasterwesen,"['Auskunfterteilung', 'Datenschutz']",[ 0.01224782  0.00294304 -0.0125451  ...  0.01361529  0.00609418   0.01759881],"[(np.int64(38), np.float64(0.4688157451415688)), (np.int64(12), np.float64(0.4357965022926027)), (np.int64(28), np.float64(0.4171197117537717))]",38,0.4688157451415688,0.5,2,55,1,9,1,85,85.0,1,93,1,104,,,0.0,,0.0,,,,,,0.0,,,,,,,,,,,,,,,,,,,0.0,,,,,,,,,,,,,,,,,,,,,,,,,,,,,,,,,,,,,,,,,,,,,,,,,,,,,,,,,,,0.0,,,,,,,,,,,,,,0.0,,,,,,,,,,,,,,,,,,,,,,,,,,,,,,,,,,,,,,,,,,,,,,,,,,,,,,,-11,-19,-95,-49,-104.0,-8,-84,-38,-93.0,-76,-30,-85.0,46,-9.0,-55.0
72000,1.0,14,2015-12-02 01:00:00+00:00,3312,103,0.0,1.0,1.0,Vorlage zur Beschlussfassung (Gesetzentwurf),"['Ausländer Vertriebene Aus- und Übersiedler', 'Öffentliche Verwaltung', 'Ordnungsrecht']","['Aufenthaltsrecht', 'Ausländerbehörde', 'Besoldungsrecht', 'Flüchtling', 'Landesamt für Gesundheit und Soziales', 'Meldewesen', 'Öffentliche Sicherheit und Ordnung', 'Zuständigkeit (Verwaltung)']",[ 0.00959557  0.03103753 -0.01587416 ... -0.00156965 -0.00479779   0.01551877],"[(np.int64(12), np.float64(0.45893482539920943)), (np.int64(35), np.float64(0.41892732091587664)), (np.int64(38), np.float64(0.38675887593235203))]",12,0.45893482539920943,1.0,3,47,1,8,2,56,56.0,1,57,1,103,,91.0,2.0,57.0,0.0,,,,76.0,,1.0,43.0,,,,,,,,,,,,,,,,,,0.0,,,,,,,,,,,,,,,,,,,,,,,,,,,,,,,,,,,,,,,,,,,,,,,,,,,,,,91.0,,,,,0.0,,,,,,,,,,,,,,2.0,78.0,92.0,,,,-35.0,-21.0,,25.0,-21.0,-22.0,-70.0,-31.0,-78.0,,,,,,,,,,,,,,,,,,,,14.0,,60.0,14.0,13.0,-35.0,4.0,-43.0,,46.0,0.0,-1.0,-49.0,-10.0,-57.0,,,,,,,-46,-47,-95,-56,-103.0,-1,-49,-10,-57.0,-48,-9,-56.0,39,-8.0,-47.0
72022,1.0,7,2015-12-08 01:00:00+00:00,3318,79,0.0,1.0,1.0,Vorlage zur Beschlussfassung (Gesetzentwurf),Öffentlicher Dienst,"['Arbeitszeit', 'Beamtenrecht', 'Richter', 'Personalbedarf']",[0.01372117 0.02040278 0.01067865 ... 0.00332589 0.01634609 0.03316943],"[(np.int64(20), np.float64(0.4636951323131774)), (np.int64(35), np.float64(0.4549853336882952)), (np.int64(28), np.float64(0.44392470947590196))]",20,0.4636951323131774,1.0,2,69,1,2,1,71,71.0,1,72,1,79,,,0.0,,0.0,,,,,,0.0,,,,,,,,,,,,,,,,,,,0.0,,,,,,,,,,,,,,,,,,,,,,,,,,,,,,,,,,,,,,,,,,,,,,,,,,,,,,,,,,,0.0,,,,,,,,,,,,,,0.0,,,,,,,,,,,,,,,,,,,,,,,,,,,,,,,,,,,,,,,,,,,,,,,,,,,,,,,-7,-8,-77,-10,-79.0,-1,-70,-3,-72.0,-69,-2,-71.0,67,-2.0,-69.0
72208,1.0,7,2015-12-22 01:00:00+00:00,3332,91,0.0,1.0,0.5,Vorlage zur Beschlussfassung (Gesetzentwurf),Juristische Berufe,"['Beamtenausbildung', 'Beihilfe', 'Vorbereitungsdienst']",[ 0.01671886  0.01108533  0.02798592 ...  0.002105   -0.01375066   0.01320548],"[(np.int64(28), np.float64(0.5026728108841155)), (np.int64(12), np.float64(0.4418830260422433)), (np.int64(9), np.float64(0.42142058637391117))]",28,0.5026728108841155,0.5,2,64,1,23,1,85,85.0,1,86,1,91,,,0.0,,0.0,,,,,,0.0,,,,,,,,,,,,,,,,,,,0.0,,,,,,,,,,,,,,,,,,,,,,,,,,,,,,,,,,,,,,,,,,,,,,,,,,,,,,,,,,,0.0,,,,,,,,,,,,,,0.0,,,,,,,,,,,,,,,,,,,,,,,,,,,,,,,,,,,,,,,,,,,,,,,,,,,,,,,-5,-6,-68,-27,-91.0,-1,-63,-22,-86.0,-62,-21,-85.0,41,-23.0,-64.0
72528,0.0,7,2016-01-09 01:00:00+00:00,3350,73,,0.3333333333333333,0.6,Antrag (Gesetzentwurf),Glücksspiel,"['Gewerbefreiheit', 'Glücksspiel']",[ 0.00649148  0.01488001  0.01345722 ... -0.00027418 -0.01600638   0.01292367],"[(np.int64(34), np.float64(0.41631377006471953)), (np.int64(28), np.float64(0.3641223486632228)), (np.int64(38), np.float64(0.34720999822636545))]",34,0.41631377006471953,1.0,2,53,1,40,1,65,65.0,1,68,1,73,,,0.0,,1.0,0.0,,,,,0.0,,,,,,,,,,,,,,,,,,,0.0,,,,,,,,,,,,,,,,,,,,,,,,,,,,,,,,,,,,,,,,,,,,,,,,,,,,,,,,,,,0.0,,,,,,,,,,,,,,0.0,,,,,,,,,,,,,,,,,,,,,,,,,,,,,,,,,,,,,,,,,,,,,,,,,73.0,68.0,65.0,40.0,53.0,,-5,-8,-33,-20,,-3,-28,-15,,-25,-12,,13,,
72443,1.0,12,2016-01-26 01:00:00+00:00,3367,143,0.0,0.3333333333333333,0.4,Vorlage zur Beschlussfassung (Gesetzentwurf),Psychiatrie,"['Krankenhaus', 'Krankenpflege', 'Krankheit', 'Psychosoziale Beratung']",[-0.01485468  0.01668932  0.03361537 ...  0.02828899 -0.01207312   0.0190566 ],"[(np.int64(3), np.float64(0.3240936986283406)), (np.int64(26), np.float64(0.2987586963318246)), (np.int64(19), np.float64(0.2927364520244669))]",3,0.3240936986283406,1.0,5,69,1,23,1,134,71.0,1,135,1,143,,86.0,2.0,133.0,0.0,,125.0,134.0,135.0,,0.0,,,,,,,,,,,,,,,,,,,0.0,,,,,,,,,,,,,,,,,,,,,,,,,,,,,,,,,,,,,,,,,,,,,,,,,,,,,,,,,,,0.0,,,,,,,,,,,,,,0.0,,,,,,,,,,,,,,,,,,,,,,,,,,,,,,,,,,,,,,,,,,,10.0,2.0,1.0,-110.0,-64.0,-133.0,,,,,,,-8,-9,-120,-74,-143.0,-1,-112,-66,-135.0,-111,-65,-134.0,46,-23.0,-69.0
72400,1.0,6,2016-01-26 01:00:00+00:00,3367,143,0.0,0.3333333333333333,0.5,Vorlage zur Beschlussfassung (Gesetzentwurf),Öffentliche Verwaltung,[],[ 0.01015905  0.00496001 -0.0098005  ...  0.00654363 -0.0095017   0.02031811],"[(np.int64(31), np.float64(0.5562097200707576)), (np.int64(28), np.float64(0.4330598650984616)), (np.int64(38), np.float64(0.4258066775731121))]",31,0.5562097200707576,0.5,1,118,1,2,1,118,,1,135,1,143,,,0.0,,0.0,,,,,,0.0,,,,,,,,,,,,,,,,,,,0.0,,,,,,,,,,,,,,,,,,,,,,,,,,,,,,,,,,,,,,,,,,,,,,,,,,,,,,,,,,,0.0,,,,,,,,,,,,,,0.0,,,,,,,,,,,,,,,,,,,,,,,,,,,,,,,,,,,,,,,,,,,,,,,,,,,,,,,-8,-25,-141,-25,-143.0,-17,-133,-17,-135.0,-116,0,-118.0,116,-2.0,-118.0
72446,1.0,7,2016-01-28 01:00:00+00:00,3369,84,0.0,1.0,0.5,Vorlage zur Beschlussfassung (Gesetzentwurf),Öffentliche Verwaltung,"['Gebühr', 'Rechtsbereinigung', 'Zwangsmittel der Verwaltungsvollstreckung']",[ 0.025912   -0.01200944  0.03809892 ...  0.01135868 -0.00050286   0.02508376],"[(np.int64(28), np.float64(0.4855496482792344)), (np.int64(38), np.float64(0.4366062487031523)), (np.int64(9), np.float64(0.4260762913786603))]",28,0.4855496482792344,0.5,2,46,1,21,1,76,76.0,1,77,1,84,,,0.0,,0.0,,,,,,0.0,,,,,,,,,,,,,,,,,,,0.0,,,,,,,,,,,,,,,,,,,,,,,,,,,,,,,,,,,,,,,,,,,,,,,,,,,,,,,,,,,0.0,,,,,,,,,,,,,,0.0,,,,,,,,,,,,,,,,,,,,,,,,,,,,,,,,,,,,,,,,,,,,,,,,,,,,,,,-7,-8,-63,-38,-84.0,-1,-56,-31,-77.0,-55,-30,-76.0,25,-21.0,-46.0
72521,1.0,9,2016-02-09 01:00:00+00:00,3381,129,0.0,1.0,0.5,Vorlage zur Beschlussfassung (Gesetzentwurf),Bauwesen,[],[-0.01536195  0.02747078  0.00310251 ...  0.01247029  0.00921717   0.01481977],"[(np.int64(38), np.float64(0.4690656988888767)), (np.int64(28), np.float64(0.44390534624557154)), (np.int64(34), np.float64(0.4362868563772161))]",38,0.4690656988888767,0.5,2,71,1,9,1,113,113.0,1,121,1,129,,,2.0,119.0,0.0,,,,120.0,,0.0,,,,,,,,,,,,,,,,,,,0.0,,,,,,,,,,,,,,,,,,,,,,,,,,,,,,,,,,,,,,,,,,,,,,,,,,,,,,,,,,,0.0,,,,,,,,,,,,,,0.0,,,,,,,,,,,,,,,,,,,,,,,,,,,,,,,,,,,,,,,,,,,10.0,2.0,-6.0,-110.0,-48.0,-119.0,,,,,,,-8,-16,-120,-58,-129.0,-8,-112,-50,-121.0,-104,-42,-113.0,62,-9.0,-71.0
72520,1.0,7,2016-02-09 01:00:00+00:00,3381,42,0.0,1.0,0.5,Vorlage zur Beschlussfassung (Gesetzentwurf),Wohnungswesen,"['Ferienwohnung', 'Website', 'Verwaltungsverfahren', 'Wohnraummangel', 'Wohnungspolitik']",[-0.00142128  0.00012307 -0.02345114 ...  0.01089649  0.01800289   0.00259088],"[(np.int64(38), np.float64(0.44573576078451776)), (np.int64(4), np.float64(0.4059794586503528)), (np.int64(34), np.float64(0.35104572203859896))]",38,0.44573576078451776,0.5,1,29,1,9,1,29,,1,37,1,42,,,1.0,36.0,0.0,,,,,,0.0,,,,,,,,,,,,,,,,,,,0.0,,,,,,,,,,,,,,,,,,,,,,,,,,,,,,,,,,,,,,,,,,,,,,,,,,,,,,,,,,,0.0,,,,,,,,,,,,,,0.0,,,,,,,,,,,,,,,,,,,,,,,,,,,,,,,,,,,,,,,,,,,6.0,1.0,-7.0,-27.0,-7.0,-36.0,,,,,,,-5,-13,-33,-13,-42.0,-8,-28,-8,-37.0,-20,0,-29.0,20,-9.0,-29.0
72661,1.0,7,2016-02-23 01:00:00+00:00,3395,100,0.0,1.0,0.6,Vorlage zur Beschlussfassung (Gesetzentwurf),Rundfunk Fernsehen,"['Fernsehen', 'Staatsvertrag']",[ 0.00851861  0.00603402 -0.00553118 ...  0.00828198  0.02449101   0.01573577],"[(np.int64(11), np.float64(0.5006007869882015)), (np.int64(16), np.float64(0.3715910465630663)), (np.int64(38), np.float64(0.3342342877619287))]",11,0.5006007869882015,0.0,2,78,1,9,1,92,92.0,1,93,1,100,,,0.0,,0.0,,,,,,0.0,,,,,,,,,,,,,,,,,,,0.0,,,,,,,,,,,,,,,,,,,,,,,,,,,,,,,,,,,,,,,,,,,,,,,,,,,,,,,,,,,0.0,,,,,,,,,,,,,,0.0,,,,,,,,,,,,,,,,,,,,,,,,,,,,,,,,,,,,,,,,,,,,,,,,,,,,,,,-7,-8,-91,-22,-100.0,-1,-84,-15,-93.0,-83,-14,-92.0,69,-9.0,-78.0
72797,1.0,7,2016-03-01 01:00:00+00:00,3402,108,0.0,0.3333333333333333,0.5,Vorlage zur Beschlussfassung (Gesetzentwurf),Innere Sicherheit,"['Radioaktive Strahlung', 'Zuständigkeit (Verwaltung)']",[-0.01822116  0.02745005 -0.00437781 ...  0.00851898  0.00449613   0.01082621],"[(np.int64(31), np.float64(0.38702857160640314)), (np.int64(19), np.float64(0.34508856640454555)), (np.int64(11), np.float64(0.33552479350621056))]",31,0.38702857160640314,0.5,2,43,1,16,1,79,79.0,1,100,1,108,,,0.0,,0.0,,,,,,0.0,,,,,,,,,,,,,,,,,,,0.0,,,,,,,,,,,,,,,,,,,,,,,,,,,,,,,,,,,,,,,,,,,,,,,,,,,,,,,,,,,0.0,,,,,,,,,,,,,,0.0,,,,,,,,,,,,,,,,,,,,,,,,,,,,,,,,,,,,,,,,,,,,,,,,,,,,,,,-8,-29,-92,-65,-108.0,-21,-84,-57,-100.0,-63,-36,-79.0,27,-16.0,-43.0
72798,1.0,8,2016-03-01 01:00:00+00:00,3402,141,0.0,1.0,0.5,Vorlage zur Beschlussfassung (Gesetzentwurf),"['Eich- und Messwesen', 'Normung', 'Gesundheitsschutz']","['Rechtseinheit', 'Umweltverträglichkeitsprüfung']",[-0.01088751  0.00447271 -0.01194683 ... -0.00256004  0.01989177   0.00055909],"[(np.int64(37), np.float64(0.31138326161598173)), (np.int64(19), np.float64(0.29282350661619233)), (np.int64(26), np.float64(0.28273561613775644))]",37,0.31138326161598173,0.5,2,51,1,16,1,71,71.0,1,72,2,90,141.0,,0.0,,0.0,,,,,,0.0,,,,,,,,,,,,,,,,,,,0.0,,,,,,,,,,,,,,,,,,,,,,,,,,,,,,,,,,,,,,,,,,,,,,,,,,,,,,,,,,,0.0,,,,,,,,,,,,,,0.0,,,,,,,,,,,,,,,,,,,,,,,,,,,,,,,,,,,,,,,,,,,,,,,,,,,,,,,-18,-19,-74,-39,-90.0,-1,-56,-21,-72.0,-55,-20,-71.0,35,-16.0,-51.0
72883,1.0,9,2016-03-15 01:00:00+00:00,3416,94,0.0,1.0,1.0,Vorlage zur Beschlussfassung (Gesetzentwurf),"['Arbeit', 'Ausländer Vertriebene Aus- und Übersiedler']","['Arbeitsmarkt', 'Ausländerintegration', 'Kultusministerkonferenz', 'Rechtseinheit']",[ 0.01457931  0.00966027 -0.00648957 ... -0.00877129 -0.00078897   0.02038733],"[(np.int64(20), np.float64(0.5606921916206034)), (np.int64(35), np.float64(0.46819809179787775)), (np.int64(12), np.float64(0.41828534100090187))]",20,0.5606921916206034,1.0,3,23,1,2,1,36,23.0,1,44,2,55,94.0,36.0,0.0,,0.0,,,,,,0.0,,,,,,,,,,,,,,,,,,,0.0,,,,,,,,,,,,,,,,,,,,,,,,,,,,,,,,,,,,,,,,,,,,,,,,,,,,,,,,,,,0.0,,,,,,,,,,,,,,0.0,,,,,,,,,,,,,,,,,,,,,,,,,,,,,,,,,,,,,,,,,,,,,,,,,,,,,,,-11,-19,-53,-32,-55.0,-8,-42,-21,-44.0,-34,-13,-36.0,21,-2.0,-23.0
73132,1.0,7,2016-03-22 01:00:00+00:00,3423,87,0.0,1.0,0.5,Vorlage zur Beschlussfassung (Gesetzentwurf),Öffentlicher Dienst,"['Beamtenrecht', 'Beamter', 'Richter']",[0.01121722 0.03126502 0.01539385 ... 0.01175422 0.00074956 0.02446309],"[(np.int64(28), np.float64(0.41026750894270225)), (np.int64(35), np.float64(0.4014770477476873)), (np.int64(34), np.float64(0.38839722548527134))]",28,0.41026750894270225,0.5,2,48,1,23,1,78,78.0,1,79,1,87,,,0.0,,0.0,,,,,,0.0,,,,,,,,,,,,,,,,,,,0.0,,,,,,,,,,,,,,,,,,,,,,,,,,,,,,,,,,,,,,,,,,,,,,,,,,,,,,,,,,,0.0,,,,,,,,,,,,,,0.0,,,,,,,,,,,,,,,,,,,,,,,,,,,,,,,,,,,,,,,,,,,,,,,,,,,,,,,-8,-9,-64,-39,-87.0,-1,-56,-31,-79.0,-55,-30,-78.0,25,-23.0,-48.0
73216,0.0,7,2016-04-14 02:00:00+00:00,3446,25,,1.0,0.4,Antrag (Gesetzentwurf),"['Vorschulische Erziehung', 'Öffentlicher Dienst']","['Besoldungsrecht', 'Besoldungszulage', 'Gebühr', 'Kindertagespflege', 'Öffentlicher Haushalt']",[ 0.00744036  0.04118985  0.02809481 ... -0.00547611 -0.02904718   0.02440439],"[(np.int64(27), np.float64(0.4184013751851261)), (np.int64(7), np.float64(0.4139880426993633)), (np.int64(9), np.float64(0.4111671735565232))]",27,0.4184013751851261,1.0,1,13,1,0,1,13,,1,14,1,25,,,1.0,14.0,1.0,0.0,,,,,0.0,,,,,,,,,,,,,,,,,,,0.0,,,,,,,,,,,,,,,,,,,,,,,,,,,,,,,,,,,,,,,,,,,,,,,,,,,,,,,,,,,0.0,,,,,,,,,,,,,,0.0,,,,,,,,,,,,,,,,,,,,,,,,,,,,,,,,,,,,,,,,,,-14.0,11.0,0.0,-1.0,-14.0,-1.0,,25.0,14.0,13.0,0.0,13.0,,-11,-12,-25,-12,,-1,-14,-1,,-13,0,,13,,
73252,1.0,8,2016-04-15 02:00:00+00:00,3447,77,0.0,1.0,0.5,Vorlage zur Beschlussfassung (Gesetzentwurf),"['Gesundheitsschutz', 'Ordnungsrecht']","['Brandenburg', 'Datenschutz', 'Gesundheitsstatistik', 'Meldewesen', 'Personenbezogene Daten', 'Staatsvertrag']",[ 0.00627022  0.00561954  0.00080596 ...  0.01786421 -0.01188976   0.0235429 ],"[(np.int64(28), np.float64(0.35199417871129235)), (np.int64(12), np.float64(0.32317613333148815)), (np.int64(34), np.float64(0.32261822369182436))]",28,0.35199417871129235,0.5,2,17,1,13,1,26,26.0,1,27,2,45,77.0,,0.0,,0.0,,,,,,0.0,,,,,,,,,,,,,,,,,,,0.0,,,,,,,,,,,,,,,,,,,,,,,,,,,,,,,,,,,,,,,,,,,,,,,,,,,,,,,,,,,0.0,,,,,,,,,,,,,,0.0,,,,,,,,,,,,,,,,,,,,,,,,,,,,,,,,,,,,,,,,,,,,,,,,,,,,,,,-18,-19,-32,-28,-45.0,-1,-14,-10,-27.0,-13,-9,-26.0,4,-13.0,-17.0
73369,0.0,7,2016-04-26 02:00:00+00:00,3458,72,,0.3333333333333333,0.6,Antrag (Gesetzentwurf),Öffentliche Verwaltung,"['Website', 'Öffentlicher Dienst', 'Open Data', 'Publikation']",[-0.00803823 -0.00815558 -0.01478566 ... -0.00932905 -0.00733416   0.02546419],"[(np.int64(34), np.float64(0.42311435885968307)), (np.int64(35), np.float64(0.41857500724369584)), (np.int64(9), np.float64(0.4109705934325574))]",34,0.42311435885968307,1.0,2,55,1,16,1,57,57.0,1,58,1,72,,,0.0,,1.0,0.0,,,,,0.0,,,,,,,,,,,,,,,,,,,0.0,,,,,,,,,,,,,,,,,,,,,,,,,,,,,,,,,,,,,,,,,,,,,,,,,,,,,,,,,,,0.0,,,,,,,,,,,,,,0.0,,,,,,,,,,,,,,,,,,,,,,,,,,,,,,,,,,,,,,,,,,,,,,,,,72.0,58.0,57.0,16.0,55.0,,-14,-15,-56,-17,,-1,-42,-3,,-41,-2,,39,,
73389,1.0,6,2016-05-03 02:00:00+00:00,3465,65,0.0,1.0,0.5,Vorlage zur Beschlussfassung (Gesetzentwurf),Öffentliche Verwaltung,"['Bauplanung', 'Informationssystem', 'Straßenbau', 'Verkehrsplanung']",[ 0.00242127 -0.00510668 -0.00713174 ... -0.00042556 -0.01678748  -0.00218648],"[(np.int64(37), np.float64(0.4269160699519006)), (np.int64(31), np.float64(0.38996227235721526)), (np.int64(14), np.float64(0.38568783949972923))]",37,0.4269160699519006,0.5,1,29,1,9,1,29,,1,51,1,65,,,0.0,,0.0,,,,,,0.0,,,,,,,,,,,,,,,,,,,0.0,,,,,,,,,,,,,,,,,,,,,,,,,,,,,,,,,,,,,,,,,,,,,,,,,,,,,,,,,,,0.0,,,,,,,,,,,,,,0.0,,,,,,,,,,,,,,,,,,,,,,,,,,,,,,,,,,,,,,,,,,,,,,,,,,,,,,,-14,-36,-56,-36,-65.0,-22,-42,-22,-51.0,-20,0,-29.0,20,-9.0,-29.0
73413,1.0,8,2016-05-03 02:00:00+00:00,3465,65,0.0,1.0,0.5,Vorlage zur Beschlussfassung (Gesetzentwurf),Ordnungsrecht,"['Bundesrecht', 'Gebührenordnung', 'Ordnungsbehörde', 'Rechtseinheit']",[ 0.01918326  0.0208309  -0.01694717 ...  0.00700248  0.00841474   0.01424033],"[(np.int64(28), np.float64(0.355182475617486)), (np.int64(12), np.float64(0.34315378519127165)), (np.int64(38), np.float64(0.3402167951525698))]",28,0.355182475617486,0.5,3,20,1,9,1,50,48.0,1,51,1,65,,50.0,0.0,,0.0,,,,,,0.0,,,,,,,,,,,,,,,,,,,0.0,,,,,,,,,,,,,,,,,,,,,,,,,,,,,,,,,,,,,,,,,,,,,,,,,,,,,,,,,,,0.0,,,,,,,,,,,,,,0.0,,,,,,,,,,,,,,,,,,,,,,,,,,,,,,,,,,,,,,,,,,,,,,,,,,,,,,,-14,-15,-56,-45,-65.0,-1,-42,-31,-51.0,-41,-30,-50.0,11,-9.0,-20.0
73495,1.0,8,2016-05-10 02:00:00+00:00,3472,45,0.0,1.0,0.5,Vorlage zur Beschlussfassung (Gesetzentwurf),Wissenschaft Forschung,"['Stiftung', 'Zuständigkeit (Verwaltung)']",[ 0.00474299  0.00842543 -0.00241568 ...  0.00695245 -0.00627488   0.00388866],"[(np.int64(28), np.float64(0.3652579405235854)), (np.int64(38), np.float64(0.3579264213347588)), (np.int64(34), np.float64(0.3559694261610644))]",28,0.3652579405235854,0.5,3,34,1,16,1,43,37.0,1,44,1,45,,43.0,0.0,,0.0,,,,,,0.0,,,,,,,,,,,,,,,,,,,0.0,,,,,,,,,,,,,,,,,,,,,,,,,,,,,,,,,,,,,,,,,,,,,,,,,,,,,,,,,,,0.0,,,,,,,,,,,,,,0.0,,,,,,,,,,,,,,,,,,,,,,,,,,,,,,,,,,,,,,,,,,,,,,,,,,,,,,,-1,-2,-29,-11,-45.0,-1,-28,-10,-44.0,-27,-9,-43.0,18,-16.0,-34.0
73526,1.0,7,2016-05-10 02:00:00+00:00,3472,58,0.0,0.3333333333333333,0.4,Vorlage zur Beschlussfassung (Gesetzentwurf),"['Fachhochschulen', 'Gesundheit']","['Anstalt des öffentlichen Rechts', 'Berufliche Weiterbildung', 'Berufsausbildung', 'Gesundheitswesen']",[ 0.00985157  0.04012278  0.01576252 ... -0.00361224 -0.00283606   0.01140394],"[(np.int64(3), np.float64(0.45374521596533673)), (np.int64(13), np.float64(0.44435155910750646)), (np.int64(2), np.float64(0.4381965950167074))]",3,0.45374521596533673,1.0,2,34,1,16,1,43,43.0,1,44,1,58,,,0.0,,0.0,,,,,,0.0,,,,,,,,,,,,,,,,,,,0.0,,,,,,,,,,,,,,,,,,,,,,,,,,,,,,,,,,,,,,,,,,,,,,,,,,,,,,,,,,,0.0,,,,,,,,,,,,,,0.0,,,,,,,,,,,,,,,,,,,,,,,,,,,,,,,,,,,,,,,,,,,,,,,,,,,,,,,-14,-15,-42,-24,-58.0,-1,-28,-10,-44.0,-27,-9,-43.0,18,-16.0,-34.0
73513,1.0,6,2016-05-10 02:00:00+00:00,3472,58,0.0,1.0,1.0,Vorlage zur Beschlussfassung (Gesetzentwurf),Mitbestimmung,"['Architekt', 'Qualifikationsnachweis', 'Europäische Union']",[ 0.01072607  0.00734824  0.01404463 ... -0.01120015 -0.00312597  -0.01025199],"[(np.int64(20), np.float64(0.46879114316107673)), (np.int64(12), np.float64(0.406727658829367)), (np.int64(35), np.float64(0.4023092977572641))]",20,0.46879114316107673,1.0,1,36,1,16,1,36,,1,44,1,58,,,0.0,,0.0,,,,,,0.0,,,,,,,,,,,,,,,,,,,0.0,,,,,,,,,,,,,,,,,,,,,,,,,,,,,,,,,,,,,,,,,,,,,,,,,,,,,,,,,,,0.0,,,,,,,,,,,,,,0.0,,,,,,,,,,,,,,,,,,,,,,,,,,,,,,,,,,,,,,,,,,,,,,,,,,,,,,,-14,-22,-42,-22,-58.0,-8,-28,-8,-44.0,-20,0,-36.0,20,-16.0,-36.0
73670,1.0,7,2016-05-24 02:00:00+00:00,3486,44,0.0,1.0,0.5,Vorlage zur Beschlussfassung (Gesetzentwurf),Öffentlicher Dienst,"['Beamtenrecht', 'Besoldungsrecht', 'Öffentlicher Dienst', 'Rechtsbereinigung']",[0.00188428 0.00200205 0.02272916 ... 0.00794932 0.01707631 0.02084488],"[(np.int64(28), np.float64(0.48172377428248164)), (np.int64(35), np.float64(0.4650988228250267)), (np.int64(38), np.float64(0.40393428175723056))]",28,0.48172377428248164,0.5,2,27,1,16,1,29,29.0,1,30,1,44,,,0.0,,0.0,,,,,,0.0,,,,,,,,,,,,,,,,,,,0.0,,,,,,,,,,,,,,,,,,,,,,,,,,,,,,,,,,,,,,,,,,,,,,,,,,,,,,,,,,,0.0,,,,,,,,,,,,,,0.0,,,,,,,,,,,,,,,,,,,,,,,,,,,,,,,,,,,,,,,,,,,,,,,,,,,,,,,-14,-15,-28,-17,-44.0,-1,-14,-3,-30.0,-13,-2,-29.0,11,-16.0,-27.0
73587,1.0,10,2016-05-24 02:00:00+00:00,3486,65,0.0,1.0,0.5,Vorlage zur Beschlussfassung (Gesetzentwurf),Öffentlicher Dienst,"['Beamtenversorgung', 'Beamter', 'Mehrarbeit', 'Richter']",[ 0.01039903  0.01295422  0.02293729 ...  0.00144101 -0.00778442   0.0196096 ],"[(np.int64(28), np.float64(0.41666643803609893)), (np.int64(31), np.float64(0.4142105493744571)), (np.int64(35), np.float64(0.3910366194540032))]",28,0.41666643803609893,0.5,2,13,1,2,1,15,15.0,1,16,2,24,65.0,,2.0,16.0,0.0,,,,16.0,,0.0,,,,,,,,,,,,,,,,,,,0.0,,,,,,,,,,,,,,,,,,,,,,,,,,,,,,,,,,,,,,,,,,,,,,,,,,,,,,,,,,,0.0,,,,,,,,,,,,,,0.0,,,,,,,,,,,,,,,,,,,,,,,,,,,,,,,,,,,,,,,,,,,8.0,0.0,-1.0,-14.0,-3.0,-16.0,,,,,,,-8,-9,-22,-11,-24.0,-1,-14,-3,-16.0,-13,-2,-15.0,11,-2.0,-13.0
73617,0.0,9,2016-05-25 02:00:00+00:00,3487,43,,0.3333333333333333,0.5,Antrag (Gesetzentwurf),"['Alte Menschen', 'Mitbestimmung']","['Bezirksamt', 'Bezirksverordnetenversammlung', 'Mitbestimmung', 'Mitwirkung', 'Wahl']",[ 0.01387746  0.02775492 -0.0119823  ...  0.01919614 -0.00421826   0.01381633],"[(np.int64(31), np.float64(0.4983944811713351)), (np.int64(8), np.float64(0.435689806914651)), (np.int64(28), np.float64(0.4340885850601621))]",31,0.4983944811713351,0.5,3,5,1,15,1,28,19.0,1,29,1,43,,28.0,1.0,29.0,1.0,0.0,,,,,0.0,,,,,,,,,,,,,,,,,,,0.0,,,,,,,,,,,,,,,,,,,,,,,,,,,,,,,,,,,,,,,,,,,,,,,,,,,,,,,,,,,0.0,,,,,,,,,,,,,,0.0,,,,,,,,,,,,,,,,,,,,,,,,,,,,,,,,,,,,,,,,,,-29.0,14.0,0.0,-1.0,-14.0,-24.0,,43.0,29.0,28.0,15.0,5.0,,-14,-15,-28,-38,,-1,-14,-24,,-13,-23,,-10,,
73686,0.0,7,2016-05-30 02:00:00+00:00,3492,38,,1.0,0.6,Antrag (Gesetzentwurf),Glücksspiel,"['Gewerbefreiheit', 'Glücksspiel', 'Rechtseinheit']",[ 0.00033628 -0.00633182  0.00031027 ...  0.00439957 -0.02722979   0.012842  ],"[(np.int64(17), np.float64(0.3395756082008829)), (np.int64(34), np.float64(0.3283209409432816)), (np.int64(19), np.float64(0.3146669445426508))]",17,0.3395756082008829,0.0,2,9,1,10,1,23,23.0,1,24,1,38,,,0.0,,1.0,0.0,,,,,0.0,,,,,,,,,,,,,,,,,,,0.0,,,,,,,,,,,,,,,,,,,,,,,,,,,,,,,,,,,,,,,,,,,,,,,,,,,,,,,,,,,0.0,,,,,,,,,,,,,,0.0,,,,,,,,,,,,,,,,,,,,,,,,,,,,,,,,,,,,,,,,,,,,,,,,,38.0,24.0,23.0,10.0,9.0,,-14,-15,-28,-29,,-1,-14,-15,,-13,-14,,-1,,
73687,1.0,8,2016-05-31 02:00:00+00:00,3493,112,0.0,0.6666666666666667,0.5,Vorlage zur Beschlussfassung (Gesetzentwurf),Rettungswesen,"['Ärztlicher Notdienst', 'Berufsausbildung', 'Feuerwehr', 'Gebühr']",[ 0.00111719  0.02059768  0.01148262 ...  0.00408402 -0.00982533   0.0126072 ],"[(np.int64(19), np.float64(0.30546257215779393)), (np.int64(28), np.float64(0.29839894925818894)), (np.int64(12), np.float64(0.2863468045908216))]",19,0.30546257215779393,0.0,3,6,1,9,1,99,29.0,1,100,1,112,,99.0,0.0,,0.0,,,,,,0.0,,,,,,,,,,,,,,,,,,,0.0,,,,,,,,,,,,,,,,,,,,,,,,,,,,,,,,,,,,,,,,,,,,,,,,,,,,,,,,,,,0.0,,,,,,,,,,,,,,0.0,,,,,,,,,,,,,,,,,,,,,,,,,,,,,,,,,,,,,,,,,,,,,,,,,,,,,,,-12,-13,-103,-106,-112.0,-1,-91,-94,-100.0,-90,-93,-99.0,-3,-9.0,-6.0
73723,1.0,7,2016-06-07 02:00:00+00:00,3500,30,0.0,1.0,0.6,Vorlage zur Beschlussfassung (Gesetzentwurf),"['Behinderte', 'Öffentlicher Haushalt']","['Behindertenhilfe', 'Blindenhilfe', 'Pflegegeld']",[-0.01004677  0.00811005  0.01216507 ...  0.010652   -0.01004677   0.02566164],"[(np.int64(16), np.float64(0.35856258925020046)), (np.int64(19), np.float64(0.3353836811991663)), (np.int64(10), np.float64(0.32654426251209256))]",16,0.35856258925020046,0.0,2,6,1,2,1,15,15.0,1,16,1,30,,,0.0,,0.0,,,,,,0.0,,,,,,,,,,,,,,,,,,,0.0,,,,,,,,,,,,,,,,,,,,,,,,,,,,,,,,,,,,,,,,,,,,,,,,,,,,,,,,,,,0.0,,,,,,,,,,,,,,0.0,,,,,,,,,,,,,,,,,,,,,,,,,,,,,,,,,,,,,,,,,,,,,,,,,,,,,,,-14,-15,-28,-24,-30.0,-1,-14,-10,-16.0,-13,-9,-15.0,4,-2.0,-6.0
87339,1.0,9,2016-11-01 01:00:00+00:00,3647,553,0.0,1.0,0.4333333333333333,Vorlage zur Beschlussfassung (Gesetzentwurf),Bauwesen,"['Baustoff', 'Europäische Union', 'Gerichtsentscheidung']",[-0.00233672  0.01301463  0.02946039 ...  0.00635942  0.00164901   0.00272124],"[(np.int64(28), np.float64(0.436073353460606)), (np.int64(38), np.float64(0.4065317765171755)), (np.int64(34), np.float64(0.379434527887912))]",28,0.436073353460606,0.6666666666666667,3,141,1,23,1,491,477.0,1,506,2,524,553.0,491.0,0.0,,0.0,,,,,,0.0,,,,,,,,,,,,,,,,,,,0.0,,,,,,,,,,,,,,,,,,,,,,,,,,,,,,,,,,,,,,,,,,,,,,,,,,,,,,,,,,,0.0,,,,,,,,,,,,,,0.0,,,,,,,,,,,,,,,,,,,,,,,,,,,,,,,,,,,,,,,,,,,,,,,,,,,,,,,-18,-33,-501,-383,-524.0,-15,-483,-365,-506.0,-468,-350,-491.0,118,-23.0,-141.0
87361,0.0,6,2016-11-24 01:00:00+00:00,3670,22,,1.0,0.4333333333333333,Antrag (Gesetzentwurf),Abgeordnete,[],[ 0.00418656  0.01020106  0.00065599 ...  0.0049826  -0.00280087   0.02818559],"[(np.int64(37), np.float64(0.4393895315041015)), (np.int64(12), np.float64(0.40387326566734105)), (np.int64(28), np.float64(0.38026219572107456))]",37,0.4393895315041015,0.6666666666666667,1,6,1,0,1,6,,1,14,1,22,,,0.0,,1.0,2.0,,,,,0.0,,,,,,,,,,,,,,,,,,,0.0,,,,,,,,,,,,,,,,,,,,,,,,,,,,,,,,,,,,,,,,,,,,,,,,,,,,,,,,,,,0.0,,,,,,,,,,,,,,0.0,,,,,,,,,,,,,,,,,,,,,,,,,,,,,,,,,,,,,,,,,,,,,,,,,20.0,12.0,4.0,-2.0,4.0,,-8,-16,-22,-16,,-8,-14,-8,,-6,0,,6,,
87511,1.0,7,2016-12-13 01:00:00+00:00,3689,55,0.0,1.0,0.4333333333333333,Vorlage zur Beschlussfassung (Gesetzentwurf),Öffentliches Vermögen,"['Grundstück', 'Öffentlicher Haushalt', 'Liegenschaftsverwaltung', 'Schulden']",[ 0.00239282  0.01169823  0.01819724 ...  0.01228905 -0.0032052   0.01234813],"[(np.int64(28), np.float64(0.3803167504670905)), (np.int64(18), np.float64(0.3453398130553237)), (np.int64(19), np.float64(0.33001566212422634))]",28,0.3803167504670905,0.6666666666666667,1,36,1,30,1,36,,1,44,1,55,,,1.0,44.0,0.0,,,,,,0.0,,,,,,,,,,,,,,,,,,,0.0,,,,,,,,,,,,,,,,,,,,,,,,,,,,,,,,,,,,,,,,,,,,,,,,,,,,,,,,,,,0.0,,,,,,,,,,,,,,0.0,,,,,,,,,,,,,,,,,,,,,,,,,,,,,,,,,,,,,,,,,,,11.0,0.0,-8.0,-14.0,-8.0,-44.0,,,,,,,-11,-19,-25,-19,-55.0,-8,-14,-8,-44.0,-6,0,-36.0,6,-30.0,-36.0
87510,1.0,6,2016-12-13 01:00:00+00:00,3689,94,0.0,1.0,0.4333333333333333,Vorlage zur Beschlussfassung (Gesetzentwurf),Öffentliches Vermögen,"['Daseinsvorsorge', 'Grundstück', 'Vermögensverwaltung']",[0.01934872 0.00991323 0.01887098 ... 0.01224225 0.01027154 0.01851267],"[(np.int64(38), np.float64(0.5443097150384772)), (np.int64(28), np.float64(0.4649395350652681)), (np.int64(18), np.float64(0.42630421204813557))]",38,0.5443097150384772,0.6666666666666667,1,78,1,30,1,78,,1,86,1,94,,,0.0,,0.0,,,,,,0.0,,,,,,,,,,,,,,,,,,,0.0,,,,,,,,,,,,,,,,,,,,,,,,,,,,,,,,,,,,,,,,,,,,,,,,,,,,,,,,,,,0.0,,,,,,,,,,,,,,0.0,,,,,,,,,,,,,,,,,,,,,,,,,,,,,,,,,,,,,,,,,,,,,,,,,,,,,,,-8,-16,-64,-16,-94.0,-8,-56,-8,-86.0,-48,0,-78.0,48,-30.0,-78.0
87600,1.0,6,2017-01-10 01:00:00+00:00,3717,44,0.0,0.3333333333333333,0.4,Vorlage zur Beschlussfassung (Gesetzentwurf),"['Gerichte und Staatsanwaltschaften', 'Psychiatrie']","['Gerichtsverfahren', 'Opferschutz', 'Strafverfahren']",[-0.02356155  0.00523919  0.02498234 ...  0.02356155 -0.01941756   0.01012318],"[(np.int64(26), np.float64(0.38435511925057525)), (np.int64(12), np.float64(0.38146253382714324)), (np.int64(28), np.float64(0.36674227508505486))]",26,0.38435511925057525,0.3333333333333333,1,29,1,2,1,29,,1,37,1,44,,,0.0,,0.0,,,,,,0.0,,,,,,,,,,,,,,,,,,,0.0,,,,,,,,,,,,,,,,,,,,,,,,,,,,,,,,,,,,,,,,,,,,,,,,,,,,,,,,,,,0.0,,,,,,,,,,,,,,0.0,,,,,,,,,,,,,,,,,,,,,,,,,,,,,,,,,,,,,,,,,,,,,,,,,,,,,,,-7,-15,-42,-15,-44.0,-8,-35,-8,-37.0,-27,0,-29.0,27,-2.0,-29.0
87599,1.0,6,2017-01-10 01:00:00+00:00,3717,27,0.0,0.3333333333333333,0.6666666666666667,Vorlage zur Beschlussfassung (Gesetzentwurf),"['Öffentlicher Dienst', 'Arbeit', 'Ausländer, Migranten']","['Ausländerintegration', 'Beamtenrecht', 'Europäische Union', 'Europäisches Parlament', 'Laufbahn', 'Rechtseinheit']",[ 2.71429513e-02  2.14034729e-02  1.33921169e-02 ... -6.72595124e-05  -3.13877739e-04  2.53493637e-02],"[(np.int64(20), np.float64(0.4402287732207215)), (np.int64(35), np.float64(0.4351114164531062)), (np.int64(8), np.float64(0.37618978895144606))]",20,0.4402287732207215,1.0,1,8,1,2,1,8,,1,16,1,27,,,0.0,,0.0,,,,,,0.0,,,,,,,,,,,,,,,,,,,0.0,,,,,,,,,,,,,,,,,,,,,,,,,,,,,,,,,,,,,,,,,,,,,,,,,,,,,,,,,,,0.0,,,,,,,,,,,,,,0.0,,,,,,,,,,,,,,,,,,,,,,,,,,,,,,,,,,,,,,,,,,,,,,,,,,,,,,,-11,-19,-25,-19,-27.0,-8,-14,-8,-16.0,-6,0,-8.0,6,-2.0,-8.0
87702,1.0,8,2017-01-24 01:00:00+00:00,3731,65,0.0,1.0,0.4333333333333333,Vorlage zur Beschlussfassung (Gesetzentwurf),Öffentlicher Haushalt,[],[ 0.01378237  0.01241655  0.02942722 ...  0.00100884 -0.00776034   0.0309172 ],"[(np.int64(28), np.float64(0.533274256758141)), (np.int64(9), np.float64(0.48884686494665497)), (np.int64(14), np.float64(0.48436711888320183))]",28,0.533274256758141,0.6666666666666667,2,15,1,23,1,50,50.0,1,58,1,65,,,1.0,56.0,0.0,,,,,,0.0,,,,,,,,,,,,,,,,,,,0.0,,,,,,,,,,,,,,,,,,,,,,,,,,,,,,,,,,,,,,,,,,,,,,,,,,,,,,,,,,,0.0,,,,,,,,,,,,,,0.0,,,,,,,,,,,,,,,,,,,,,,,,,,,,,,,,,,,,,,,,,,,9.0,2.0,-6.0,-33.0,-41.0,-56.0,,,,,,,-7,-15,-42,-50,-65.0,-8,-35,-43,-58.0,-27,-35,-50.0,-8,-23.0,-15.0
87668,0.0,7,2017-01-26 01:00:00+00:00,3733,50,,1.0,0.4333333333333333,Antrag (Gesetzentwurf),Erneuerbare Energien,"['Anstalt des öffentlichen Rechts', 'Energieerzeugung', 'Erneuerbare Energie']",[-0.01865026  0.0097409   0.00308858 ...  0.01971938  0.00884997  -0.00268766],"[(np.int64(38), np.float64(0.47135995766168687)), (np.int64(25), np.float64(0.45884655221508547)), (np.int64(28), np.float64(0.42773103618048347))]",38,0.47135995766168687,0.6666666666666667,2,18,1,21,1,34,34.0,1,42,1,50,,,0.0,,1.0,0.0,,,,,0.0,,,,,,,,,,,,,,,,,,,0.0,,,,,,,,,,,,,,,,,,,,,,,,,,,,,,,,,,,,,,,,,,,,,,,,,,,,,,,,,,,0.0,,,,,,,,,,,,,,0.0,,,,,,,,,,,,,,,,,,,,,,,,,,,,,,,,,,,,,,,,,,,,,,,,,50.0,42.0,34.0,21.0,18.0,,-8,-16,-29,-32,,-8,-21,-24,,-13,-16,,-3,,
87972,1.0,7,2017-02-28 01:00:00+00:00,3766,122,0.0,1.0,0.4,Vorlage zur Beschlussfassung (Gesetzentwurf),"Rundfunk, Fernsehen","['Finanzplanung', 'Gebührenordnung', 'Staatsvertrag']",[0.00912915 0.00871686 0.00697938 ... 0.00209087 0.01266301 0.01743372],"[(np.int64(11), np.float64(0.39626098314802416)), (np.int64(37), np.float64(0.3358802325789314)), (np.int64(28), np.float64(0.3314844421472863))]",11,0.39626098314802416,1.0,2,64,1,9,1,106,106.0,1,114,1,122,,,0.0,,0.0,,,,,,0.0,,,,,,,,,,,,,,,,,,,0.0,,,,,,,,,,,,,,,,,,,,,,,,,,,,,,,,,,,,,,,,,,,,,,,,,,,,,,,,,,,0.0,,,,,,,,,,,,,,0.0,,,,,,,,,,,,,,,,,,,,,,,,,,,,,,,,,,,,,,,,,,,,,,,,,,,,,,,-8,-16,-113,-58,-122.0,-8,-105,-50,-114.0,-97,-42,-106.0,55,-9.0,-64.0
88111,0.0,7,2017-03-14 01:00:00+00:00,3780,24,,0.3333333333333333,0.5333333333333333,Antrag (Gesetzentwurf),"['Parlament', 'Abgeordnete']","['Abgeordnetenhaus von Berlin', 'Fraktion']",[ 0.01522826  0.00501706 -0.01050632 ...  0.01652679  0.0070534   0.00407267],"[(np.int64(31), np.float64(0.41406333720553)), (np.int64(8), np.float64(0.4055053966084997)), (np.int64(38), np.float64(0.39547980464771276))]",31,0.41406333720553,0.6666666666666667,1,15,1,9,1,15,,1,23,1,24,,,1.0,23.0,1.0,0.0,,,,,0.0,,,,,,,,,,,,,,,,,,,0.0,,,,,,,,,,,,,,,,,,,,,,,,,,,,,,,,,,,,,,,,,,,,,,,,,,,,,,,,,,,0.0,,,,,,,,,,,,,,0.0,,,,,,,,,,,,,,,,,,,,,,,,,,,,,,,,,,,,,,,,,,-23.0,1.0,0.0,-8.0,-14.0,-8.0,,24.0,23.0,15.0,9.0,15.0,,-1,-9,-15,-9,,-8,-14,-8,,-6,0,,6,,
88379,1.0,8,2017-03-28 02:00:00+00:00,3794,265,0.0,1.0,0.4333333333333333,Vorlage zur Beschlussfassung (Gesetzentwurf),Abgaben,"['Übernachtungssteuer', 'Zweitwohnung']",[ 0.01379757  0.01076448 -0.00862348 ...  0.00660142  0.00796929   0.02307524],"[(np.int64(38), np.float64(0.41569885976775744)), (np.int64(18), np.float64(0.4020939422580702)), (np.int64(28), np.float64(0.38701143916524305))]",38,0.41569885976775744,0.6666666666666667,3,85,1,37,1,252,243.0,1,260,1,265,,252.0,0.0,,0.0,,,,,,0.0,,,,,,,,,,,,,,,,,,,0.0,,,,,,,,,,,,,,,,,,,,,,,,,,,,,,,,,,,,,,,,,,,,,,,,,,,,,,,,,,,0.0,,,,,,,,,,,,,,0.0,,,,,,,,,,,,,,,,,,,,,,,,,,,,,,,,,,,,,,,,,,,,,,,,,,,,,,,-5,-13,-228,-180,-265.0,-8,-223,-175,-260.0,-215,-167,-252.0,48,-37.0,-85.0
88555,1.0,7,2017-04-04 02:00:00+00:00,3801,87,0.0,1.0,0.6666666666666667,Vorlage zur Beschlussfassung (Gesetzentwurf),Hochschulwesen,"['Hochschullehrer', 'Hochschulpersonal']",[ 0.01303312 -0.00514626  0.01814893 ... -0.01157146 -0.00408046   0.01632185],"[(np.int64(13), np.float64(0.41508736219501885)), (np.int64(2), np.float64(0.408692681398218)), (np.int64(20), np.float64(0.4021797772936951))]",13,0.41508736219501885,0.3333333333333333,2,41,1,30,1,76,76.0,1,79,1,87,,,0.0,,0.0,,,,,,0.0,,,,,,,,,,,,,,,,,,,0.0,,,,,,,,,,,,,,,,,,,,,,,,,,,,,,,,,,,,,,,,,,,,,,,,,,,,,,,,,,,0.0,,,,,,,,,,,,,,0.0,,,,,,,,,,,,,,,,,,,,,,,,,,,,,,,,,,,,,,,,,,,,,,,,,,,,,,,-8,-11,-57,-46,-87.0,-3,-49,-38,-79.0,-46,-35,-76.0,11,-30.0,-41.0
88812,1.0,8,2017-05-09 02:00:00+00:00,3836,170,0.0,1.0,0.5666666666666667,Vorlage zur Beschlussfassung (Gesetzentwurf),Energie,"['Energieeinsparung', 'Klimaschutz', 'Kraftwerk']",[-0.02554973  0.01378497  0.01937026 ...  0.02388602  0.00742725   0.0049614 ],"[(np.int64(1), np.float64(0.4554674580782161)), (np.int64(38), np.float64(0.4114712911578465)), (np.int64(28), np.float64(0.36935503934834546))]",1,0.4554674580782161,0.3333333333333333,3,55,1,9,1,150,135.0,1,163,1,170,,150.0,0.0,,0.0,,,,,,0.0,,,,,,,,,,,,,,,,,,,0.0,,,,,,,,,,,,,,,,,,,,,,,,,,,,,,,,,,,,,,,,,,,,,,,,,,,,,,,,,,,0.0,,,,,,,,,,,,,,0.0,,,,,,,,,,,,,,,,,,,,,,,,,,,,,,,,,,,,,,,,,,,,,,,,,,,,,,,-7,-20,-161,-115,-170.0,-13,-154,-108,-163.0,-141,-95,-150.0,46,-9.0,-55.0
88818,1.0,8,2017-05-09 02:00:00+00:00,3836,72,0.0,0.3333333333333333,0.5666666666666667,Vorlage zur Beschlussfassung (Gesetzentwurf),"['Lehrer', 'Öffentlicher Dienst']","['Grundschule', 'Lehrerbildung', 'Quereinsteiger']",[-0.00204371  0.01834932  0.01064496 ... -0.00693981 -0.00846892   0.02481863],"[(np.int64(7), np.float64(0.5131190101169425)), (np.int64(10), np.float64(0.37184634018366364)), (np.int64(29), np.float64(0.3617850576531176))]",7,0.5131190101169425,0.6666666666666667,3,23,1,9,1,50,37.0,1,58,1,72,,50.0,0.0,,0.0,,,,,,0.0,,,,,,,,,,,,,,,,,,,0.0,,,,,,,,,,,,,,,,,,,,,,,,,,,,,,,,,,,,,,,,,,,,,,,,,,,,,,,,,,,0.0,,,,,,,,,,,,,,0.0,,,,,,,,,,,,,,,,,,,,,,,,,,,,,,,,,,,,,,,,,,,,,,,,,,,,,,,-14,-22,-63,-49,-72.0,-8,-49,-35,-58.0,-41,-27,-50.0,14,-9.0,-23.0
88819,1.0,7,2017-05-09 02:00:00+00:00,3836,72,0.0,1.0,0.4333333333333333,Vorlage zur Beschlussfassung (Gesetzentwurf),Wohnungswesen,"['Bevölkerungsentwicklung', 'Miete', 'Sozialwohnung', 'Wohnungsmarkt']",[ 0.01689528  0.01467853 -0.00238152 ... -0.00293571  0.01006528   0.02108915],"[(np.int64(38), np.float64(0.5316126154825472)), (np.int64(12), np.float64(0.4357853289784301)), (np.int64(35), np.float64(0.41040431131632615))]",38,0.5316126154825472,0.6666666666666667,2,50,1,9,1,50,50.0,1,58,1,72,,,0.0,,0.0,,,,,,0.0,,,,,,,,,,,,,,,,,,,0.0,,,,,,,,,,,,,,,,,,,,,,,,,,,,,,,,,,,,,,,,,,,,,,,,,,,,,,,,,,,0.0,,,,,,,,,,,,,,0.0,,,,,,,,,,,,,,,,,,,,,,,,,,,,,,,,,,,,,,,,,,,,,,,,,,,,,,,-14,-22,-63,-22,-72.0,-8,-49,-8,-58.0,-41,0,-50.0,41,-9.0,-50.0
89102,1.0,9,2017-05-16 02:00:00+00:00,3843,250,0.0,0.3333333333333333,0.6666666666666667,Vorlage zur Beschlussfassung (Gesetzentwurf),Gesundheitsschutz,"['Meldewesen', 'Ostdeutsche Länder', 'Staatsvertrag']",[-0.01083179  0.00045574 -0.00538564 ...  0.01815383 -0.00677743   0.01645947],"[(np.int64(12), np.float64(0.3675261998474109)), (np.int64(28), np.float64(0.3672797703898712)), (np.int64(34), np.float64(0.3549978392366149))]",12,0.3675261998474109,1.0,3,180,1,37,1,191,187.0,1,197,2,203,250.0,191.0,0.0,,0.0,,,,,,0.0,,,,,,,,,,,,,,,,,,,0.0,,,,,,,,,,,,,,,,,,,,,,,,,,,,,,,,,,,,,,,,,,,,,,,,,,,,,,,,,,,0.0,,,,,,,,,,,,,,0.0,,,,,,,,,,,,,,,,,,,,,,,,,,,,,,,,,,,,,,,,,,,,,,,,,,,,,,,-6,-12,-166,-23,-203.0,-6,-160,-17,-197.0,-154,-11,-191.0,143,-37.0,-180.0
89225,1.0,9,2017-06-14 02:00:00+00:00,3872,71,0.0,1.0,0.4333333333333333,Vorlage zur Beschlussfassung (Gesetzentwurf),Öffentlicher Dienst,"['Beamtenrecht', 'Beamtenversorgung']",[ 0.01161974  0.00385348  0.02821936 ... -0.00557273 -0.00067807   0.01754817],"[(np.int64(28), np.float64(0.429561565868641)), (np.int64(9), np.float64(0.4056759031657976)), (np.int64(35), np.float64(0.39178504329556685))]",28,0.429561565868641,0.6666666666666667,1,14,1,8,1,14,,1,22,2,36,71.0,,2.0,6.0,0.0,,,,20.0,,0.0,,,,,,,,,,,,,,,,,,,0.0,,,,,,,,,,,,,,,,,,,,,,,,,,,,,,,,,,,,,,,,,,,,,,,,,,,,,,,,,,,0.0,,,,,,,,,,,,,,0.0,,,,,,,,,,,,,,,,,,,,,,,,,,,,,,,,,,,,,,,,,,,30.0,16.0,8.0,2.0,8.0,-6.0,,,,,,,-14,-22,-28,-22,-36.0,-8,-14,-8,-22.0,-6,0,-14.0,6,-8.0,-14.0
89310,0.0,10,2017-06-20 02:00:00+00:00,3878,112,,1.0,0.4333333333333333,Antrag (Gesetzentwurf),Nation,[],[ 0.00445175  0.02817408 -0.02463708 ...  0.02805211  0.00110531   0.01475785],"[(np.int64(38), np.float64(0.45438039618483034)), (np.int64(26), np.float64(0.42383192356482996)), (np.int64(35), np.float64(0.41502067185311386))]",38,0.45438039618483034,0.6666666666666667,3,6,1,16,1,92,83.0,1,100,1,112,,92.0,2.0,16.0,1.0,0.0,,,16.0,,0.0,,,,,,,,,,,,,,,,,,,0.0,,,,,,,,,,,,,,,,,,,,,,,,,,,,,,,,,,,,,,,,,,,,,,,,,,,,,,,,,,,0.0,,,,,,,,,,,,,,0.0,,,,,,,,,,,,,,,,,,,,,,,,,,,,,,,,,,,,,,,,,,-16.0,96.0,84.0,76.0,0.0,-10.0,,112.0,100.0,92.0,16.0,6.0,,-12,-20,-96,-106,,-8,-84,-94,,-76,-86,,-10,,
89461,1.0,9,2017-06-20 02:00:00+00:00,3878,226,0.0,1.0,0.4333333333333333,Vorlage zur Beschlussfassung (Gesetzentwurf),Öffentliche Verwaltung,"['Datenverarbeitung', 'Elektronische Aktenführung', 'Elektronische Signatur']",[ 0.00100006 -0.00505914 -0.00122802 ...  0.000978    0.00229426   0.0099418 ],"[(np.int64(28), np.float64(0.39411044553218777)), (np.int64(35), np.float64(0.36992187831842904)), (np.int64(38), np.float64(0.3643016921092034))]",28,0.39411044553218777,0.6666666666666667,4,99,1,16,1,201,147.0,1,218,1,226,,173.0,0.0,,0.0,,201.0,,,,0.0,,,,,,,,,,,,,,,,,,,0.0,,,,,,,,,,,,,,,,,,,,,,,,,,,,,,,,,,,,,,,,,,,,,,,,,,,,,,,,,,,0.0,,,,,,,,,,,,,,0.0,,,,,,,,,,,,,,,,,,,,,,,,,,,,,,,,,,,,,,,,,,,,,,,,,,,,,,,-8,-25,-210,-127,-226.0,-17,-202,-119,-218.0,-185,-102,-201.0,83,-16.0,-99.0
93232,0.0,6,2017-06-20 02:00:00+00:00,3878,380,,1.0,0.5333333333333333,Antrag (Gesetzentwurf),"['Öffentliche Verwaltung', 'Verkehr']","['Kraftfahrzeug', 'Unmittelbarer Zwang', 'Verkehrssicherheit', 'Zuständigkeit (Verwaltung)']",[ 3.00038140e-03 -6.41460856e-03  8.86812247e-03 ... -1.66720711e-02   1.02870222e-02  9.09906375e-05],"[(np.int64(21), np.float64(0.37926241480853384)), (np.int64(37), np.float64(0.3710062850048693)), (np.int64(15), np.float64(0.34294725383740465))]",21,0.37926241480853384,0.6666666666666667,1,0,1,359,1,365,,1,373,1,380,,,0.0,,1.0,352.0,,,,,0.0,,,,,,,,,,,,,,,,,,,0.0,,,,,,,,,,,,,,,,,,,,,,,,,,,,,,,,,,,,,,,,,,,,,,,,,,,,,,,,,,,0.0,,,,,,,,,,,,,,0.0,,,,,,,,,,,,,,,,,,,,,,,,,,,,,,,,,,,,,,,,,,,,,,,,,28.0,21.0,13.0,7.0,-352.0,,-7,-15,-21,-380,,-8,-14,-373,,-6,-365,,-359,,
89578,1.0,9,2017-06-27 02:00:00+00:00,3885,492,0.0,1.0,0.4333333333333333,Vorlage zur Beschlussfassung (Gesetzentwurf),Mitbestimmung,"['Apotheker', 'Arzt', 'Berufliche Weiterbildung', 'Psychotherapeut', 'Qualitätssicherung', 'Tierarzt', 'Zahnarzt']",[-0.02194555 -0.00638091 -0.00333954 ...  0.02540436 -0.01294072   0.01449122],"[(np.int64(28), np.float64(0.36677308846333173)), (np.int64(3), np.float64(0.35649568977898743)), (np.int64(20), np.float64(0.34831882848428164))]",28,0.36677308846333173,0.6666666666666667,4,140,1,79,1,470,349.0,1,478,1,492,,468.0,0.0,,0.0,,470.0,,,,0.0,,,,,,,,,,,,,,,,,,,0.0,,,,,,,,,,,,,,,,,,,,,,,,,,,,,,,,,,,,,,,,,,,,,,,,,,,,,,,,,,,0.0,,,,,,,,,,,,,,0.0,,,,,,,,,,,,,,,,,,,,,,,,,,,,,,,,,,,,,,,,,,,,,,,,,,,,,,,-14,-22,-413,-352,-492.0,-8,-399,-338,-478.0,-391,-330,-470.0,61,-79.0,-140.0
89586,0.0,6,2017-07-04 02:00:00+00:00,3892,98,,0.3333333333333333,0.5333333333333333,Antrag (Gesetzentwurf),Stiftung,"['Fraktion', 'Naturschutz']",[-0.01298198  0.0009855  -0.00598712 ...  0.02264437  0.00331959   0.01055156],"[(np.int64(31), np.float64(0.4155853428660029)), (np.int64(8), np.float64(0.40861823351823395)), (np.int64(38), np.float64(0.39073224223648584))]",31,0.4155853428660029,0.6666666666666667,1,79,1,2,1,79,,1,86,1,98,,,0.0,,1.0,0.0,,,,,0.0,,,,,,,,,,,,,,,,,,,0.0,,,,,,,,,,,,,,,,,,,,,,,,,,,,,,,,,,,,,,,,,,,,,,,,,,,,,,,,,,,0.0,,,,,,,,,,,,,,0.0,,,,,,,,,,,,,,,,,,,,,,,,,,,,,,,,,,,,,,,,,,,,,,,,,98.0,86.0,79.0,2.0,79.0,,-12,-19,-96,-19,,-7,-84,-7,,-77,0,,77,,
89755,1.0,7,2017-07-11 02:00:00+00:00,3899,233,0.0,1.0,0.4333333333333333,Vorlage zur Beschlussfassung (Gesetzentwurf),"['Europäische Union', 'Bauwesen']","['Baustoff', 'Rechtsaufsicht', 'Rechtseinheit', 'Verbraucherschutz']",[ 0.00882068 -0.01223135 -0.00160242 ...  0.00420453 -0.00491018   0.01111406],"[(np.int64(28), np.float64(0.31146498056808397)), (np.int64(34), np.float64(0.31044569257498034)), (np.int64(18), np.float64(0.3051284412135056))]",28,0.31146498056808397,0.6666666666666667,2,180,1,65,1,196,196.0,1,225,1,233,,,0.0,,0.0,,,,,,0.0,,,,,,,,,,,,,,,,,,,0.0,,,,,,,,,,,,,,,,,,,,,,,,,,,,,,,,,,,,,,,,,,,,,,,,,,,,,,,,,,,0.0,,,,,,,,,,,,,,0.0,,,,,,,,,,,,,,,,,,,,,,,,,,,,,,,,,,,,,,,,,,,,,,,,,,,,,,,-8,-37,-168,-53,-233.0,-29,-160,-45,-225.0,-131,-16,-196.0,115,-65.0,-180.0
89836,1.0,75,2017-07-11 02:00:00+00:00,3899,160,0.0,1.0,0.4333333333333333,Vorlage zur Beschlussfassung (Gesetzentwurf),Öffentlicher Haushalt,"['Finanzplanung', 'Finanzpolitik', 'Steueraufkommen']",[ 2.72049569e-02  2.50477362e-02 -4.76386352e-03 ...  1.79768447e-02  -2.15347609e-05  3.18789370e-02],"[(np.int64(28), np.float64(0.4705911303006646)), (np.int64(38), np.float64(0.42044090037267545)), (np.int64(31), np.float64(0.4196472416691838))]",28,0.4705911303006646,0.6666666666666667,52,55,1,65,1,147,55.0,15,155,1,160,,57.0,2.0,154.0,0.0,,58.0,58.0,155.0,,1.0,141.0,58.0,,62.0,62.0,,62.0,62.0,63.0,64.0,64.0,64.0,64.0,66.0,71.0,72.0,77.0,80.0,0.0,,86.0,87.0,90.0,90.0,91.0,92.0,92.0,93.0,93.0,93.0,94.0,97.0,97.0,97.0,99.0,99.0,99.0,99.0,101.0,101.0,119.0,120.0,121.0,125.0,126.0,128.0,133.0,134.0,135.0,140.0,142.0,155.0,155.0,155.0,155.0,155.0,155.0,155.0,155.0,155.0,155.0,155.0,155.0,155.0,,147.0,,,,,,,,,,,,1.0,117.0,,,,,,,,,,,,,0.0,,,155.0,,,,,,,,,,,,,24.0,37.0,,43.0,38.0,30.0,-52.0,-62.0,-117.0,,,,,,,,,,13.0,,19.0,14.0,6.0,-76.0,-86.0,-141.0,,6.0,1.0,-7.0,-89.0,-99.0,-154.0,,,,,,,-5,-13,-95,-105,-160.0,-8,-90,-100,-155.0,-82,-92,-147.0,-10,-65.0,-55.0
90291,1.0,8,2017-08-01 02:00:00+00:00,3920,139,0.0,0.3333333333333333,0.5333333333333333,Vorlage zur Beschlussfassung (Gesetzentwurf),Landesregierung,[],[ 0.01151496  0.01221283  0.00404187 ...  0.01017736 -0.0101192   0.02140154],"[(np.int64(31), np.float64(0.513497648350265)), (np.int64(34), np.float64(0.4303812469092038)), (np.int64(28), np.float64(0.4187368548373486))]",31,0.513497648350265,0.6666666666666667,2,105,1,58,1,131,131.0,1,134,1,139,,,0.0,,0.0,,,,,,1.0,120.0,,,,,,,,,,,,,,,,,,0.0,,,,,,,,,,,,,,,,,,,,,,,,,,,,,,,,,,,,,,,,,,,,,,,,,,,,,,,,,,,0.0,,,,,,,,,,,,,,0.0,,,,,,,,,,,,,,,,,,,,,,,,,,,,,,,,,,,,19.0,14.0,11.0,-62.0,-15.0,-120.0,,,,,,,,,,,,,,-5,-8,-81,-34,-139.0,-3,-76,-29,-134.0,-73,-26,-131.0,47,-58.0,-105.0
90047,1.0,8,2017-08-15 02:00:00+00:00,3934,112,0.0,1.0,0.4666666666666667,Vorlage zur Beschlussfassung (Gesetzentwurf),Sozialleistungen,"['Datenaustausch', 'Datenschutz', 'Datenverarbeitung', 'Eingliederungsleistung für Arbeitssuchende', 'Zuständigkeit (Verwaltung)']",[ 0.03498437  0.01193723 -0.01223271 ... -0.0005651  -0.01654666   0.02765656],"[(np.int64(35), np.float64(0.4080071743809841)), (np.int64(12), np.float64(0.4067373375053519)), (np.int64(20), np.float64(0.3861459764234497))]",35,0.4080071743809841,0.3333333333333333,2,99,1,30,1,105,105.0,1,106,1,112,,,0.0,,0.0,,,,,,1.0,92.0,,,,,,,,,,,,,,,,,,0.0,,,,,,,,,,,,,,,,,,,,,,,,,,,,,,,,,,,,,,,,,,,,,,,,,,,,,,,,,,,0.0,,,,,,,,,,,,,,0.0,,,,,,,,,,,,,,,,,,,,,,,,,,,,,,,,,,,,20.0,14.0,13.0,-62.0,7.0,-92.0,,,,,,,,,,,,,,-6,-7,-82,-13,-112.0,-1,-76,-7,-106.0,-75,-6,-105.0,69,-30.0,-99.0
90321,1.0,7,2017-08-29 02:00:00+00:00,3948,98,0.0,0.6666666666666667,0.4666666666666667,Vorlage zur Beschlussfassung (Gesetzentwurf),Medizinische Berufe,"['Medizinische Ausbildung', 'Rechtseinheit']",[ 0.0094071   0.01214588  0.01291988 ...  0.00010838 -0.00857356   0.0120268 ],"[(np.int64(19), np.float64(0.32709991089466467)), (np.int64(10), np.float64(0.31679758432949306)), (np.int64(12), np.float64(0.3102943400460757))]",19,0.32709991089466467,0.6666666666666667,2,71,1,30,1,82,82.0,1,92,1,98,,,0.0,,0.0,,,,,,0.0,,,,,,,,,,,,,,,,,,,0.0,,,,,,,,,,,,,,,,,,,,,,,,,,,,,,,,,,,,,,,,,,,,,,,,,,,,,,,,,,,0.0,,,,,,,,,,,,,,0.0,,,,,,,,,,,,,,,,,,,,,,,,,,,,,,,,,,,,,,,,,,,,,,,,,,,,,,,-6,-16,-68,-27,-98.0,-10,-62,-21,-92.0,-52,-11,-82.0,41,-30.0,-71.0
90167,1.0,8,2017-09-05 02:00:00+00:00,3955,91,0.0,0.3333333333333333,0.5333333333333333,Vorlage zur Beschlussfassung (Gesetzentwurf),Öffentliche Verwaltung,"['Jugendgericht', 'Kinder- und Jugendhilfe', 'Kinderschutz']",[ 0.02338933  0.04006172  0.03058604 ...  0.00929576 -0.00869603   0.04342019],"[(np.int64(31), np.float64(0.45677702402526416)), (np.int64(28), np.float64(0.4392634259561172)), (np.int64(22), np.float64(0.43144432245482367))]",31,0.45677702402526416,0.6666666666666667,3,68,1,9,1,84,78.0,1,85,1,91,,84.0,0.0,,0.0,,,,,,0.0,,,,,,,,,,,,,,,,,,,0.0,,,,,,,,,,,,,,,,,,,,,,,,,,,,,,,,,,,,,,,,,,,,,,,,,,,,,,,,,,,0.0,,,,,,,,,,,,,,0.0,,,,,,,,,,,,,,,,,,,,,,,,,,,,,,,,,,,,,,,,,,,,,,,,,,,,,,,-6,-7,-82,-23,-91.0,-1,-76,-17,-85.0,-75,-16,-84.0,59,-9.0,-68.0
90293,1.0,8,2017-09-12 02:00:00+00:00,3962,128,0.0,1.0,0.4,Vorlage zur Beschlussfassung (Gesetzentwurf),Hochschulwesen,"['Hochschulpolitik', 'Qualitätssicherung', 'Rechtseinheit', 'Staatsvertrag', 'Studium']",[ 0.02095965 -0.00299424 -0.01233625 ... -0.00646755 -0.00031627   0.01419268],"[(np.int64(2), np.float64(0.3819200987866409)), (np.int64(13), np.float64(0.37916141106697543)), (np.int64(28), np.float64(0.34756300982959487))]",2,0.3819200987866409,1.0,2,34,1,16,1,36,36.0,1,37,2,44,128.0,,0.0,,0.0,,,,,,0.0,,,,,,,,,,,,,,,,,,,0.0,,,,,,,,,,,,,,,,,,,,,,,,,,,,,,,,,,,,,,,,,,,,,,,,,,,,,,,,,,,0.0,,,,,,,,,,,,,,0.0,,,,,,,,,,,,,,,,,,,,,,,,,,,,,,,,,,,,,,,,,,,,,,,,,,,,,,,-7,-8,-28,-10,-44.0,-1,-21,-3,-37.0,-20,-2,-36.0,18,-16.0,-34.0
90533,1.0,12,2017-10-10 02:00:00+00:00,3990,69,0.0,0.3333333333333333,0.4,Vorlage zur Beschlussfassung (Gesetzentwurf),Frühkindliche Bildung,"['Erzieher', 'Kindertagesstätte', 'Personalbedarf']",[ 0.00389478  0.01183529  0.01298259 ... -0.00742725 -0.03139975   0.03333204],"[(np.int64(27), np.float64(0.4463932386802806)), (np.int64(7), np.float64(0.3851084973959593)), (np.int64(16), np.float64(0.3798990637358315))]",27,0.4463932386802806,0.3333333333333333,4,29,1,9,2,49,43.0,2,50,1,69,,49.0,1.0,50.0,0.0,,56.0,,,,0.0,,,,,,,,,,,,,,,,,,,0.0,,,,,,,,,,,,,,,,,,,,,,,,,,,,,,,,,64.0,,,,,,,,,,,,,,,,,,,,,56.0,,,,,0.0,,,,,,,,,,,,,,0.0,,,,,,,,,,,,,,,,,,,,,,,,,,,,,,,,,,,,,,,,,,,19.0,0.0,-1.0,-41.0,-21.0,-50.0,,,,,,,-19,-20,-60,-40,-69.0,-1,-41,-21,-50.0,-40,-20,-49.0,20,-9.0,-29.0
90677,1.0,7,2017-10-17 02:00:00+00:00,3997,145,0.0,1.0,0.4333333333333333,Vorlage zur Beschlussfassung (Gesetzentwurf),Bauwesen,"['Anstalt des öffentlichen Rechts', 'Baustoff', 'Verwaltungsabkommen']",[-0.00537683  0.00153837  0.00788601 ...  0.00264361 -0.01063417   0.01212773],"[(np.int64(37), np.float64(0.3748547117597266)), (np.int64(19), np.float64(0.3606627568921025)), (np.int64(28), np.float64(0.35686223071054224))]",37,0.3748547117597266,0.6666666666666667,1,84,1,29,1,84,,1,99,2,107,145.0,,0.0,,0.0,,,,,,0.0,,,,,,,,,,,,,,,,,,,0.0,,,,,,,,,,,,,,,,,,,,,,,,,,,,,,,,,,,,,,,,,,,,,,,,,,,,,,,,,,,0.0,,,,,,,,,,,,,,0.0,,,,,,,,,,,,,,,,,,,,,,,,,,,,,,,,,,,,,,,,,,,,,,,,,,,,,,,-8,-23,-78,-23,-107.0,-15,-70,-15,-99.0,-55,0,-84.0,55,-29.0,-84.0
90591,1.0,8,2017-10-17 02:00:00+00:00,3997,834,0.0,0.3333333333333333,0.4,Vorlage zur Beschlussfassung (Gesetzentwurf),"['Politische Kräfte', 'Innere Sicherheit', 'Informations- und Kommunikationstechnologien']","['Anstalt des öffentlichen Rechts', 'Dienstleistung', 'Informationsaustausch', 'Polizei', 'Staatsvertrag']",[-0.00392374  0.0071638  -0.01605168 ...  0.00104039 -0.0092743   0.02544488],"[(np.int64(26), np.float64(0.4233356319590357)), (np.int64(33), np.float64(0.3685646440582006)), (np.int64(35), np.float64(0.35935371514694114))]",26,0.4233356319590357,0.3333333333333333,2,26,1,29,1,28,28.0,1,43,2,49,834.0,,0.0,,0.0,,,,,,0.0,,,,,,,,,,,,,,,,,,,0.0,,,,,,,,,,,,,,,,,,,,,,,,,,,,,,,,,,,,,,,,,,,,,,,,,,,,,,,,,,,0.0,,,,,,,,,,,,,,0.0,,,,,,,,,,,,,,,,,,,,,,,,,,,,,,,,,,,,,,,,,,,,,,,,,,,,,,,-6,-21,-20,-23,-49.0,-15,-14,-17,-43.0,1,-2,-28.0,-3,-29.0,-26.0
90801,1.0,9,2017-11-07 01:00:00+00:00,4018,42,0.0,0.6666666666666667,0.4666666666666667,Vorlage zur Beschlussfassung (Gesetzentwurf),Glücksspiel,[],[ 0.00425903 -0.00650685 -0.00839975 ... -0.00136792 -0.01537983  -0.00147883],"[(np.int64(19), np.float64(0.38825987439791665)), (np.int64(34), np.float64(0.3805747218988573)), (np.int64(28), np.float64(0.34585184270676506))]",19,0.38825987439791665,0.6666666666666667,3,22,1,9,2,29,29.0,1,37,1,42,,34.0,0.0,,0.0,,,,,,0.0,,,,,,,,,,,,,,,,,,,0.0,,,,,,,,,,,,,,,,,,,,,,,,,,,,,,,,,,,,,,,,,,,,,,,,,,,,,,34.0,,,,,0.0,,,,,,,,,,,,,,0.0,,,,,,,,,,,,,,,,,,,,,,,,,,,,,,,,,,,,,,,,,,,,,,,,,,,,,,,-5,-13,-33,-20,-42.0,-8,-28,-15,-37.0,-20,-7,-29.0,13,-9.0,-22.0
90780,1.0,6,2017-11-07 01:00:00+00:00,4018,29,0.0,0.3333333333333333,0.5333333333333333,Vorlage zur Beschlussfassung (Gesetzentwurf),"['Bauwesen', 'Öffentliche Verwaltung']","['Baurecht', 'Rechtsvorschrift', 'Zuständigkeit (Verwaltung)']",[-0.00313144  0.00747409 -0.00082717 ...  0.0101624  -0.00329392   0.00192022],"[(np.int64(31), np.float64(0.3889289824823629)), (np.int64(8), np.float64(0.37790267010985307)), (np.int64(38), np.float64(0.3163064299557029))]",31,0.3889289824823629,0.6666666666666667,1,8,1,9,1,8,,1,23,1,29,,,0.0,,0.0,,,,,,0.0,,,,,,,,,,,,,,,,,,,0.0,,,,,,,,,,,,,,,,,,,,,,,,,,,,,,,,,,,,,,,,,,,,,,,,,,,,,,,,,,,0.0,,,,,,,,,,,,,,0.0,,,,,,,,,,,,,,,,,,,,,,,,,,,,,,,,,,,,,,,,,,,,,,,,,,,,,,,-6,-21,-20,-21,-29.0,-15,-14,-15,-23.0,1,0,-8.0,-1,-9.0,-8.0
90781,1.0,8,2017-11-07 01:00:00+00:00,4018,182,0.0,0.3333333333333333,0.5333333333333333,Vorlage zur Beschlussfassung (Gesetzentwurf),"Schadstoffe, Immissionen, Emissionen","['Immissionsschutz', 'Schadstoff']",[-0.00658288  0.0351885  -0.00378516 ...  0.01735487 -0.00148115  -0.00171305],"[(np.int64(31), np.float64(0.34739087523383533)), (np.int64(38), np.float64(0.32915494513032817)), (np.int64(28), np.float64(0.3257723491470934))]",31,0.34739087523383533,0.6666666666666667,2,104,1,9,1,114,114.0,1,121,2,129,182.0,,0.0,,0.0,,,,,,0.0,,,,,,,,,,,,,,,,,,,0.0,,,,,,,,,,,,,,,,,,,,,,,,,,,,,,,,,,,,,,,,,,,,,,,,,,,,,,,,,,,0.0,,,,,,,,,,,,,,0.0,,,,,,,,,,,,,,,,,,,,,,,,,,,,,,,,,,,,,,,,,,,,,,,,,,,,,,,-8,-15,-120,-25,-129.0,-7,-112,-17,-121.0,-105,-10,-114.0,95,-9.0,-104.0
90916,1.0,6,2017-11-21 01:00:00+00:00,4032,101,0.0,0.3333333333333333,0.5666666666666667,Vorlage zur Beschlussfassung (Gesetzentwurf),Lehrer,"['Gymnasium', 'Sekundarschule', 'Studium']",[ 0.00719826  0.01088663  0.0049674  ...  0.00071016 -0.01344469   0.00319758],"[(np.int64(7), np.float64(0.3907008000415553)), (np.int64(29), np.float64(0.377239943907798)), (np.int64(19), np.float64(0.3547959183118149))]",7,0.3907008000415553,0.6666666666666667,1,58,1,9,1,58,,1,93,1,101,,,0.0,,0.0,,,,,,0.0,,,,,,,,,,,,,,,,,,,0.0,,,,,,,,,,,,,,,,,,,,,,,,,,,,,,,,,,,,,,,,,,,,,,,,,,,,,,,,,,,0.0,,,,,,,,,,,,,,0.0,,,,,,,,,,,,,,,,,,,,,,,,,,,,,,,,,,,,,,,,,,,,,,,,,,,,,,,-8,-43,-92,-43,-101.0,-35,-84,-35,-93.0,-49,0,-58.0,49,-9.0,-58.0
91467,1.0,7,2018-01-16 01:00:00+00:00,4088,112,0.0,1.0,0.4,Vorlage zur Beschlussfassung (Gesetzentwurf),"Rundfunk, Fernsehen",[],[ 0.00149008  0.00655044 -0.00196218 ...  0.00507512  0.0036588   0.02490347],"[(np.int64(11), np.float64(0.4027500520726685)), (np.int64(37), np.float64(0.3661323838202506)), (np.int64(12), np.float64(0.3517238089472625))]",11,0.4027500520726685,1.0,2,97,1,9,1,99,99.0,1,100,1,112,,,0.0,,0.0,,,,,,0.0,,,,,,,,,,,,,,,,,,,0.0,,,,,,,,,,,,,,,,,,,,,,,,,,,,,,,,,,,,,,,,,,,,,,,,,,,,,,,,,,,0.0,,,,,,,,,,,,,,0.0,,,,,,,,,,,,,,,,,,,,,,,,,,,,,,,,,,,,,,,,,,,,,,,,,,,,,,,-12,-13,-103,-15,-112.0,-1,-91,-3,-100.0,-90,-2,-99.0,88,-9.0,-97.0
91548,0.0,9,2018-01-25 01:00:00+00:00,4097,83,,0.3333333333333333,0.5666666666666667,Antrag (Gesetzentwurf),"['Öffentlicher Haushalt', 'Öffentlicher Dienst']","['Besoldungsrecht', 'Besoldungszulage', 'Bezirksverordnetenversammlung', 'Gebühr', 'Hort', 'Lernmittelfreiheit', 'Personalbedarf']",[ 0.02623334  0.02319707  0.00819792 ... -0.00710486 -0.01378465   0.02623334],"[(np.int64(7), np.float64(0.46009636273915233)), (np.int64(9), np.float64(0.45512715582293173)), (np.int64(28), np.float64(0.4477712631780264))]",7,0.46009636273915233,0.6666666666666667,3,35,1,28,1,48,48.0,1,56,1,74,,83.0,1.0,49.0,1.0,0.0,,,,,0.0,,,,,,,,,,,,,,,,,,,0.0,,,,,,,,,,,,,,,,,,,,,,,,,,,,,,,,,,,,,,,,,,,,,,,,,,,,,,,,,,,0.0,,,,,,,,,,,,,,0.0,,,,,,,,,,,,,,,,,,,,,,,,,,,,,,,,,,,,,,,,,,-49.0,25.0,7.0,-1.0,-21.0,-14.0,,74.0,56.0,48.0,28.0,35.0,,-18,-26,-46,-39,,-8,-28,-21,,-20,-13,,7,,
91546,0.0,7,2018-01-25 01:00:00+00:00,4097,103,,1.0,0.4333333333333333,Antrag (Gesetzentwurf),Öffentliche Vergabe,"['Anstalt des öffentlichen Rechts', 'Ausschreibung', 'Berliner Wasserbetriebe', 'Öffentlicher Auftrag']",[-0.00144159 -0.00430992  0.01426732 ...  0.00963044  0.00054246  -0.00083969],"[(np.int64(38), np.float64(0.4855345172846127)), (np.int64(28), np.float64(0.48330538716750804)), (np.int64(35), np.float64(0.4620563494264034))]",38,0.4855345172846127,0.6666666666666667,2,53,1,28,1,83,83.0,1,91,1,103,,,0.0,,1.0,0.0,,,,,0.0,,,,,,,,,,,,,,,,,,,0.0,,,,,,,,,,,,,,,,,,,,,,,,,,,,,,,,,,,,,,,,,,,,,,,,,,,,,,,,,,,0.0,,,,,,,,,,,,,,0.0,,,,,,,,,,,,,,,,,,,,,,,,,,,,,,,,,,,,,,,,,,,,,,,,,103.0,91.0,83.0,28.0,53.0,,-12,-20,-75,-50,,-8,-63,-38,,-55,-30,,25,,
91754,1.0,10,2018-02-13 01:00:00+00:00,4116,55,0.0,1.0,0.4333333333333333,Vorlage zur Beschlussfassung (Gesetzentwurf),Wohnungswesen,[],[ 0.00153631  0.01554389  0.00593439 ... -0.0025304   0.00527167   0.00554278],"[(np.int64(38), np.float64(0.45021177058533435)), (np.int64(18), np.float64(0.39437873160531983)), (np.int64(19), np.float64(0.38378129018678253))]",38,0.45021177058533435,0.6666666666666667,2,22,1,9,1,27,27.0,1,37,1,55,,,3.0,30.0,0.0,,,,31.0,36.0,0.0,,,,,,,,,,,,,,,,,,,0.0,,,,,,,,,,,,,,,,,,,,,,,,,,,,,,,,,,,,,,,,,,,,,,,,,,,,,,,,,,,0.0,,,,,,,,,,,,,,0.0,,,,,,,,,,,,,,,,,,,,,,,,,,,,,,,,,,,,,,,,,,,25.0,7.0,-3.0,-21.0,-8.0,-30.0,,,,,,,-18,-28,-46,-33,-55.0,-10,-28,-15,-37.0,-18,-5,-27.0,13,-9.0,-22.0
91979,1.0,12,2018-02-20 01:00:00+00:00,4123,135,0.0,1.0,0.4,Vorlage zur Beschlussfassung (Gesetzentwurf),"['Öffentlicher Personenverkehr', 'Verkehr']","['Barrierefreiheit', 'Klimaschutz', 'Öffentlicher Personennahverkehr', 'Radverkehr', 'Radweg', 'Straßen- und Wegerecht', 'Verkehrsplanung', 'Verkehrssicherheit']",[-0.00526012  0.01282524  0.0070923  ...  0.01702151 -0.0047873   0.0119387 ],"[(np.int64(14), np.float64(0.5431303114812099)), (np.int64(9), np.float64(0.45617796430323)), (np.int64(1), np.float64(0.4167577118964873))]",14,0.5431303114812099,1.0,7,51,1,16,1,120,62.0,1,128,1,135,,72.0,0.0,,0.0,,76.0,83.0,,,0.0,,107.0,,120.0,,,,,,,,,,,,,,,0.0,,,,,,,,,,,,,,,,,,,,,,,,,,,,,,,,,,,,,,,,,,,,,,,,,,,,,,,,,,,0.0,,,,,,,,,,,,,,0.0,,,,,,,,,,,,,,,,,,,,,,,,,,,,,,,,,,,,,,,,,,,,,,,,,,,,,,,-7,-15,-119,-84,-135.0,-8,-112,-77,-128.0,-104,-69,-120.0,35,-16.0,-51.0
91950,1.0,7,2018-02-20 01:00:00+00:00,4123,121,0.0,0.3333333333333333,0.4,Vorlage zur Beschlussfassung (Gesetzentwurf),"['Polizei', 'Öffentlicher Dienst']","['Personalvertretung', 'Polizeibehörde']",[-0.00770173  0.01451479  0.0079387  ... -0.00734626 -0.0069908  -0.00266598],"[(np.int64(26), np.float64(0.3378193515339593)), (np.int64(7), np.float64(0.2927030787549949)), (np.int64(33), np.float64(0.29141265001498634))]",26,0.3378193515339593,0.3333333333333333,2,83,1,16,1,106,106.0,1,114,1,121,,,0.0,,0.0,,,,,,0.0,,,,,,,,,,,,,,,,,,,0.0,,,,,,,,,,,,,,,,,,,,,,,,,,,,,,,,,,,,,,,,,,,,,,,,,,,,,,,,,,,0.0,,,,,,,,,,,,,,0.0,,,,,,,,,,,,,,,,,,,,,,,,,,,,,,,,,,,,,,,,,,,,,,,,,,,,,,,-7,-15,-105,-38,-121.0,-8,-98,-31,-114.0,-90,-23,-106.0,67,-16.0,-83.0
92096,1.0,7,2018-03-06 01:00:00+00:00,4137,107,0.0,1.0,0.4333333333333333,Vorlage zur Beschlussfassung (Gesetzentwurf),Stiftung,"['Politische Bildung', 'Stiftung', 'Tarif']",[-0.01502677  0.0199565   0.00718672 ...  0.01936256  0.00222729   0.01318555],"[(np.int64(38), np.float64(0.3842791244097552)), (np.int64(35), np.float64(0.37081522744440565)), (np.int64(28), np.float64(0.3704652021991399))]",38,0.3842791244097552,0.6666666666666667,2,62,1,16,1,92,92.0,1,100,1,107,,,0.0,,0.0,,,,,,0.0,,,,,,,,,,,,,,,,,,,0.0,,,,,,,,,,,,,,,,,,,,,,,,,,,,,,,,,,,,,,,,,,,,,,,,,,,,,,,,,,,0.0,,,,,,,,,,,,,,0.0,,,,,,,,,,,,,,,,,,,,,,,,,,,,,,,,,,,,,,,,,,,,,,,,,,,,,,,-7,-15,-91,-45,-107.0,-8,-84,-38,-100.0,-76,-30,-92.0,46,-16.0,-62.0
92097,1.0,6,2018-03-06 01:00:00+00:00,4137,456,0.0,1.0,0.4333333333333333,Vorlage zur Beschlussfassung (Gesetzentwurf),Justizverwaltung,"['Gebührenordnung', 'Justizverwaltung']",[ 0.00471562 -0.00364118  0.03724745 ...  0.01169952  0.00859557   0.02184706],"[(np.int64(28), np.float64(0.41520223608038487)), (np.int64(9), np.float64(0.37001352463407755)), (np.int64(38), np.float64(0.35967201466683696))]",28,0.41520223608038487,0.6666666666666667,1,428,1,16,1,428,,1,443,1,456,,,0.0,,0.0,,,,,,0.0,,,,,,,,,,,,,,,,,,,0.0,,,,,,,,,,,,,,,,,,,,,,,,,,,,,,,,,,,,,,,,,,,,,,,,,,,,,,,,,,,0.0,,,,,,,,,,,,,,0.0,,,,,,,,,,,,,,,,,,,,,,,,,,,,,,,,,,,,,,,,,,,,,,,,,,,,,,,-13,-28,-440,-28,-456.0,-15,-427,-15,-443.0,-412,0,-428.0,412,-16.0,-428.0
92146,1.0,7,2018-03-13 01:00:00+00:00,4144,100,0.0,0.6666666666666667,0.4666666666666667,Vorlage zur Beschlussfassung (Gesetzentwurf),"Kunst, Kultur","['Gleichberechtigung von Mann und Frau', 'Kulturpolitik', 'Musik', 'Stiftung']",[ 0.00267918 -0.00312572  0.02988779 ...  0.00526906  0.00232196   0.00726357],"[(np.int64(19), np.float64(0.4149275474763866)), (np.int64(32), np.float64(0.3678061844803312)), (np.int64(15), np.float64(0.36390378758783815))]",19,0.4149275474763866,0.6666666666666667,2,55,1,9,1,85,85.0,1,93,1,100,,,0.0,,0.0,,,,,,0.0,,,,,,,,,,,,,,,,,,,0.0,,,,,,,,,,,,,,,,,,,,,,,,,,,,,,,,,,,,,,,,,,,,,,,,,,,,,,,,,,,0.0,,,,,,,,,,,,,,0.0,,,,,,,,,,,,,,,,,,,,,,,,,,,,,,,,,,,,,,,,,,,,,,,,,,,,,,,-7,-15,-91,-45,-100.0,-8,-84,-38,-93.0,-76,-30,-85.0,46,-9.0,-55.0
92670,1.0,6,2018-04-10 02:00:00+00:00,4172,243,0.0,1.0,0.4666666666666667,Vorlage zur Beschlussfassung (Gesetzentwurf),"['Öffentlicher Haushalt', 'Öffentliche Vergabe']",[],[ 0.0282871  -0.01819295  0.01619759 ... -0.00101235 -0.00713046   0.00862698],"[(np.int64(18), np.float64(0.36577834138103726)), (np.int64(16), np.float64(0.35622404072410985)), (np.int64(28), np.float64(0.35395450752335517))]",18,0.36577834138103726,0.3333333333333333,1,224,1,37,1,224,,1,232,1,243,,,0.0,,0.0,,,,,,0.0,,,,,,,,,,,,,,,,,,,0.0,,,,,,,,,,,,,,,,,,,,,,,,,,,,,,,,,,,,,,,,,,,,,,,,,,,,,,,,,,,0.0,,,,,,,,,,,,,,0.0,,,,,,,,,,,,,,,,,,,,,,,,,,,,,,,,,,,,,,,,,,,,,,,,,,,,,,,-11,-19,-206,-19,-243.0,-8,-195,-8,-232.0,-187,0,-224.0,187,-37.0,-224.0
92681,0.0,6,2018-04-26 02:00:00+00:00,4188,56,,1.0,0.4333333333333333,Antrag (Gesetzentwurf),Öffentlicher Dienst,[],[ 0.01139291  0.01327215  0.0042283  ... -0.00276014 -0.00596072   0.03406128],"[(np.int64(28), np.float64(0.44935767919537334)), (np.int64(35), np.float64(0.3845317505601065)), (np.int64(34), np.float64(0.3759344277990745))]",28,0.44935767919537334,0.6666666666666667,1,41,1,21,1,41,,1,49,1,56,,,0.0,,1.0,0.0,,,,,0.0,,,,,,,,,,,,,,,,,,,0.0,,,,,,,,,,,,,,,,,,,,,,,,,,,,,,,,,,,,,,,,,,,,,,,,,,,,,,,,,,,0.0,,,,,,,,,,,,,,0.0,,,,,,,,,,,,,,,,,,,,,,,,,,,,,,,,,,,,,,,,,,,,,,,,,56.0,49.0,41.0,21.0,41.0,,-7,-15,-35,-15,,-8,-28,-8,,-20,0,,20,,
92803,0.0,16,2018-05-08 02:00:00+00:00,4200,36,,0.3333333333333333,0.4,Antrag (Gesetzentwurf),Datenschutz,"['Europäische Union', 'Informationssicherheit', 'Personenbezogene Daten', 'Sicherheitsüberprüfung von Personen', 'Verfassungsschutz']",[0.00966749 0.01520862 0.00319794 ... 0.0219287  0.00010823 0.02133922],"[(np.int64(26), np.float64(0.4284620261444437)), (np.int64(12), np.float64(0.37683297398058846)), (np.int64(28), np.float64(0.37661934145477477))]",26,0.4284620261444437,0.3333333333333333,2,6,1,9,1,20,20.0,1,23,1,36,,,9.0,7.0,1.0,0.0,,,7.0,7.0,0.0,,,,,,,,,,,,,,,,,,,0.0,,,,,,,,,,,,,,,,,,,,,,,,,,,,,,,,,,,,,,,,,,,,,,,,,,,20.0,20.0,20.0,,20.0,20.0,22.0,,0.0,,,,,,,,,,,,,,0.0,,,,,,,,,,,,,,,,,,,,,,,,,,,,,,,,,,,,,,,,,,-7.0,29.0,16.0,13.0,2.0,-1.0,,36.0,23.0,20.0,9.0,6.0,,-13,-16,-27,-30,,-3,-14,-17,,-11,-14,,-3,,
92934,1.0,8,2018-05-08 02:00:00+00:00,4200,223,0.0,0.3333333333333333,0.6666666666666667,Vorlage zur Beschlussfassung (Gesetzentwurf),Öffentlicher Dienst,"['Besoldung', 'Familie', 'Häusliche Pflege', 'Teilzeitarbeit', 'Urlaub']",[ 0.00446211  0.01489339  0.02375851 ...  0.00407795 -0.01678462   0.04420737],"[(np.int64(34), np.float64(0.39501740579384315)), (np.int64(35), np.float64(0.35479596678941616)), (np.int64(22), np.float64(0.3507652251170086))]",34,0.39501740579384315,1.0,2,194,1,23,1,210,210.0,1,218,1,223,,,1.0,216.0,0.0,,,,,,0.0,,,,,,,,,,,,,,,,,,,0.0,,,,,,,,,,,,,,,,,,,,,,,,,,,,,,,,,,,,,,,,,,,,,,,,,,,,,,,,,,,0.0,,,,,,,,,,,,,,0.0,,,,,,,,,,,,,,,,,,,,,,,,,,,,,,,,,,,,,,,,,,,7.0,2.0,-6.0,-193.0,-22.0,-216.0,,,,,,,-5,-13,-200,-29,-223.0,-8,-195,-24,-218.0,-187,-16,-210.0,171,-23.0,-194.0
93197,0.0,6,2018-06-05 02:00:00+00:00,4228,30,,1.0,0.4,Antrag (Gesetzentwurf),Landesregierung,"['Ehrenamtliche Tätigkeit', 'Entschädigung']",[ 0.01302015  0.00900011 -0.00180002 ...  0.00462005  0.00432005   0.01032012],"[(np.int64(16), np.float64(0.4222350796563871)), (np.int64(8), np.float64(0.4041277214473794)), (np.int64(7), np.float64(0.3788909423687393))]",16,0.4222350796563871,1.0,1,15,1,9,1,15,,1,23,1,30,,,0.0,,1.0,0.0,,,,,0.0,,,,,,,,,,,,,,,,,,,0.0,,,,,,,,,,,,,,,,,,,,,,,,,,,,,,,,,,,,,,,,,,,,,,,,,,,,,,,,,,,0.0,,,,,,,,,,,,,,0.0,,,,,,,,,,,,,,,,,,,,,,,,,,,,,,,,,,,,,,,,,,,,,,,,,30.0,23.0,15.0,9.0,15.0,,-7,-15,-21,-15,,-8,-14,-8,,-6,0,,6,,
93387,1.0,6,2018-06-12 02:00:00+00:00,4235,142,0.0,1.0,0.4333333333333333,Vorlage zur Beschlussfassung (Gesetzentwurf),Versorgung,[],[0.0016918  0.00836125 0.01768496 ... 0.01672251 0.01281257 0.02045199],"[(np.int64(28), np.float64(0.47570232512540406)), (np.int64(38), np.float64(0.4625358055575979)), (np.int64(34), np.float64(0.4314982397009348))]",28,0.47570232512540406,0.6666666666666667,1,127,1,16,1,127,,1,128,1,142,,,0.0,,0.0,,,,,,0.0,,,,,,,,,,,,,,,,,,,0.0,,,,,,,,,,,,,,,,,,,,,,,,,,,,,,,,,,,,,,,,,,,,,,,,,,,,,,,,,,,0.0,,,,,,,,,,,,,,0.0,,,,,,,,,,,,,,,,,,,,,,,,,,,,,,,,,,,,,,,,,,,,,,,,,,,,,,,-14,-15,-126,-15,-142.0,-1,-112,-1,-128.0,-111,0,-127.0,111,-16.0,-127.0
93747,1.0,7,2018-06-26 02:00:00+00:00,4249,194,0.0,1.0,0.4333333333333333,Vorlage zur Beschlussfassung (Gesetzentwurf),Ideologien,"['Auskunfterteilung', 'Bundesinstitution', 'Krieg', 'Rechtsaufsicht', 'Staatsvertrag', 'Tod', 'Zuständigkeit (Verwaltung)']",[0.02765576 0.01091987 0.00253709 ... 0.01050444 0.00451038 0.03632044],"[(np.int64(38), np.float64(0.3933821434981958)), (np.int64(28), np.float64(0.39205142882472127)), (np.int64(12), np.float64(0.37781850114509635))]",38,0.3933821434981958,0.6666666666666667,1,86,1,79,1,86,,1,93,2,128,194.0,,0.0,,0.0,,,,,,0.0,,,,,,,,,,,,,,,,,,,0.0,,,,,,,,,,,,,,,,,,,,,,,,,,,,,,,,,,,,,,,,,,,,,,,,,,,,,,,,,,,0.0,,,,,,,,,,,,,,0.0,,,,,,,,,,,,,,,,,,,,,,,,,,,,,,,,,,,,,,,,,,,,,,,,,,,,,,,-35,-42,-49,-42,-128.0,-7,-14,-7,-93.0,-7,0,-86.0,7,-79.0,-86.0
93772,1.0,6,2018-07-03 02:00:00+00:00,4256,159,0.0,0.3333333333333333,0.6666666666666667,Vorlage zur Beschlussfassung (Gesetzentwurf),Arzneimittel,"['Arzneimittelprüfung', 'Rechtsbereinigung']",[ 0.01732144  0.00085387  0.01128333 ...  0.0257382  -0.00600761   0.00257687],"[(np.int64(20), np.float64(0.39191582568085104)), (np.int64(2), np.float64(0.3745042227592682)), (np.int64(26), np.float64(0.3742727201543349))]",20,0.39191582568085104,1.0,1,138,1,72,1,138,,1,148,1,159,,,0.0,,0.0,,,,,,0.0,,,,,,,,,,,,,,,,,,,0.0,,,,,,,,,,,,,,,,,,,,,,,,,,,,,,,,,,,,,,,,,,,,,,,,,,,,,,,,,,,0.0,,,,,,,,,,,,,,0.0,,,,,,,,,,,,,,,,,,,,,,,,,,,,,,,,,,,,,,,,,,,,,,,,,,,,,,,-11,-21,-87,-21,-159.0,-10,-76,-10,-148.0,-66,0,-138.0,66,-72.0,-138.0
94128,1.0,6,2018-08-21 02:00:00+00:00,4305,72,0.0,1.0,0.4666666666666667,Vorlage zur Beschlussfassung (Gesetzentwurf),Öffentlicher Dienst,"['Ausland', 'Entschädigung', 'Krankheit', 'Polizeibeamter', 'Psychische Störung', 'Unfall']",[-0.00766227  0.01235467  0.01514636 ...  0.00250954  0.0011434   0.01579973],"[(np.int64(35), np.float64(0.372709236490686)), (np.int64(20), np.float64(0.36805896973496344)), (np.int64(26), np.float64(0.344984001003002))]",35,0.372709236490686,0.3333333333333333,1,50,1,23,1,50,,1,58,1,72,,,0.0,,0.0,,,,,,0.0,,,,,,,,,,,,,,,,,,,0.0,,,,,,,,,,,,,,,,,,,,,,,,,,,,,,,,,,,,,,,,,,,,,,,,,,,,,,,,,,,0.0,,,,,,,,,,,,,,0.0,,,,,,,,,,,,,,,,,,,,,,,,,,,,,,,,,,,,,,,,,,,,,,,,,,,,,,,-14,-22,-49,-22,-72.0,-8,-35,-8,-58.0,-27,0,-50.0,27,-23.0,-50.0
94460,1.0,6,2018-09-04 02:00:00+00:00,4319,58,0.0,1.0,0.4333333333333333,Vorlage zur Beschlussfassung (Gesetzentwurf),Abgaben,[],[0.02086601 0.00990251 0.02534572 ... 0.01886193 0.00680798 0.00400816],"[(np.int64(28), np.float64(0.48405105187784214)), (np.int64(9), np.float64(0.43665585058213907)), (np.int64(38), np.float64(0.43232578575367264))]",28,0.48405105187784214,0.6666666666666667,1,36,1,23,1,36,,1,44,1,58,,,0.0,,0.0,,,,,,0.0,,,,,,,,,,,,,,,,,,,0.0,,,,,,,,,,,,,,,,,,,,,,,,,,,,,,,,,,,,,,,,,,,,,,,,,,,,,,,,,,,0.0,,,,,,,,,,,,,,0.0,,,,,,,,,,,,,,,,,,,,,,,,,,,,,,,,,,,,,,,,,,,,,,,,,,,,,,,-14,-22,-35,-22,-58.0,-8,-21,-8,-44.0,-13,0,-36.0,13,-23.0,-36.0
94307,0.0,7,2018-09-04 02:00:00+00:00,4319,104,,1.0,0.4,Antrag (Gesetzentwurf),Menschen mit Behinderungen,"['Blindenhilfe', 'Gehörloser', 'Pflegegeld']",[ 0.0048389   0.01687713  0.01876548 ...  0.00277351 -0.01138911   0.01410362],"[(np.int64(16), np.float64(0.4080808207158825)), (np.int64(38), np.float64(0.3972424365879518)), (np.int64(28), np.float64(0.39387313856406614))]",16,0.4080808207158825,1.0,2,89,1,9,1,92,92.0,1,99,1,104,,,0.0,,1.0,0.0,,,,,0.0,,,,,,,,,,,,,,,,,,,0.0,,,,,,,,,,,,,,,,,,,,,,,,,,,,,,,,,,,,,,,,,,,,,,,,,,,,,,,,,,,0.0,,,,,,,,,,,,,,0.0,,,,,,,,,,,,,,,,,,,,,,,,,,,,,,,,,,,,,,,,,,,,,,,,,104.0,99.0,92.0,9.0,89.0,,-5,-12,-95,-15,,-7,-90,-10,,-83,-3,,80,,
94953,1.0,7,2018-09-25 02:00:00+00:00,4340,159,0.0,1.0,0.4333333333333333,Vorlage zur Beschlussfassung (Gesetzentwurf),"['Öffentliche Verwaltung', 'Öffentliche Vergabe']","['Datenverarbeitung', 'Digitalisierung', 'Öffentlicher Auftrag', 'Rechnungsprüfung']",[ 0.01998063 -0.00369402  0.00957156 ...  0.00243776  0.00951174   0.02488605],"[(np.int64(28), np.float64(0.4044525392623756)), (np.int64(12), np.float64(0.3968032577778449)), (np.int64(9), np.float64(0.389509439112487))]",28,0.4044525392623756,0.6666666666666667,2,117,1,50,1,140,140.0,1,148,1,159,,,0.0,,0.0,,,,,,0.0,,,,,,,,,,,,,,,,,,,0.0,,,,,,,,,,,,,,,,,,,,,,,,,,,,,,,,,,,,,,,,,,,,,,,,,,,,,,,,,,,0.0,,,,,,,,,,,,,,0.0,,,,,,,,,,,,,,,,,,,,,,,,,,,,,,,,,,,,,,,,,,,,,,,,,,,,,,,-11,-19,-109,-42,-159.0,-8,-98,-31,-148.0,-90,-23,-140.0,67,-50.0,-117.0
94903,1.0,12,2018-10-16 02:00:00+00:00,4361,62,0.0,0.3333333333333333,0.5666666666666667,Vorlage zur Beschlussfassung (Gesetzentwurf),Allgemeinbildende Schulen,"['Abendschule', 'Datenschutz', 'Gemeinschaftsschule', 'Gymnasiale Oberstufe', 'Inklusion', 'Integrativer Unterricht', 'Kinder- und Jugendhilfe', 'Kollegschule', 'Schulpsychologischer Dienst', 'Sekundarschule']",[-0.00375058  0.0186643  -0.00197865 ...  0.01151753 -0.00750116   0.01748301],"[(np.int64(22), np.float64(0.41229039576722687)), (np.int64(27), np.float64(0.4094173860413385)), (np.int64(24), np.float64(0.39820848103475065))]",22,0.41229039576722687,1.0,4,22,1,29,1,49,26.0,1,57,1,62,,36.0,3.0,28.0,0.0,,49.0,,28.0,56.0,0.0,,,,,,,,,,,,,,,,,,,0.0,,,,,,,,,,,,,,,,,,,,,,,,,,,,,,,,,,,,,,,,,,,,,,,,,,,,,,,,,,,0.0,,,,,,,,,,,,,,0.0,,,,,,,,,,,,,,,,,,,,,,,,,,,,,,,,,,,,,,,,,,,34.0,29.0,21.0,1.0,-6.0,-28.0,,,,,,,-5,-13,-33,-40,-62.0,-8,-28,-35,-57.0,-20,-27,-49.0,-7,-29.0,-22.0
95170,1.0,7,2018-10-30 01:00:00+00:00,4375,141,0.0,1.0,0.4333333333333333,Vorlage zur Beschlussfassung (Gesetzentwurf),Innere Sicherheit,"['Wirtschaftskriminalität', 'Zuständigkeit (Verwaltung)']",[ 0.00381446  0.01111813  0.00220293 ... -0.00535208 -0.00748108   0.01892447],"[(np.int64(28), np.float64(0.4133948547677134)), (np.int64(38), np.float64(0.38924264905621064)), (np.int64(31), np.float64(0.38348021987185466))]",28,0.4133948547677134,0.6666666666666667,2,41,1,16,1,125,125.0,1,128,1,141,,,0.0,,0.0,,,,,,0.0,,,,,,,,,,,,,,,,,,,0.0,,,,,,,,,,,,,,,,,,,,,,,,,,,,,,,,,,,,,,,,,,,,,,,,,,,,,,,,,,,0.0,,,,,,,,,,,,,,0.0,,,,,,,,,,,,,,,,,,,,,,,,,,,,,,,,,,,,,,,,,,,,,,,,,,,,,,,-13,-16,-125,-100,-141.0,-3,-112,-87,-128.0,-109,-84,-125.0,25,-16.0,-41.0
95172,1.0,6,2018-10-30 01:00:00+00:00,4375,49,0.0,1.0,0.4,Vorlage zur Beschlussfassung (Gesetzentwurf),Öffentlicher Dienst,"['Beamtenversorgung', 'Besoldungsrecht']",[ 0.01058758  0.00786506  0.02008616 ... -0.00907507 -0.00208727   0.0250472 ],"[(np.int64(16), np.float64(0.38574042660167196)), (np.int64(28), np.float64(0.3750952392523374)), (np.int64(7), np.float64(0.3710623056427005))]",16,0.38574042660167196,1.0,1,36,1,16,1,36,,1,44,1,49,,,0.0,,0.0,,,,,,0.0,,,,,,,,,,,,,,,,,,,0.0,,,,,,,,,,,,,,,,,,,,,,,,,,,,,,,,,,,,,,,,,,,,,,,,,,,,,,,,,,,0.0,,,,,,,,,,,,,,0.0,,,,,,,,,,,,,,,,,,,,,,,,,,,,,,,,,,,,,,,,,,,,,,,,,,,,,,,-5,-13,-33,-13,-49.0,-8,-28,-8,-44.0,-20,0,-36.0,20,-16.0,-36.0
95191,1.0,10,2018-11-06 01:00:00+00:00,4382,42,0.0,1.0,0.4666666666666667,Vorlage zur Beschlussfassung (Gesetzentwurf),Öffentlicher Haushalt,[],[ 3.06695588e-02  3.42415161e-02  1.65049043e-02 ...  4.61890968e-03  -5.62328205e-06  2.64817476e-02],"[(np.int64(9), np.float64(0.543684834224166)), (np.int64(28), np.float64(0.5218309441485839)), (np.int64(38), np.float64(0.47849018284865624))]",9,0.543684834224166,0.3333333333333333,2,15,1,9,1,29,29.0,1,37,1,42,,,3.0,35.0,0.0,,,,36.0,36.0,0.0,,,,,,,,,,,,,,,,,,,0.0,,,,,,,,,,,,,,,,,,,,,,,,,,,,,,,,,,,,,,,,,,,,,,,,,,,,,,,,,,,0.0,,,,,,,,,,,,,,0.0,,,,,,,,,,,,,,,,,,,,,,,,,,,,,,,,,,,,,,,,,,,7.0,2.0,-6.0,-26.0,-20.0,-35.0,,,,,,,-5,-13,-33,-27,-42.0,-8,-28,-22,-37.0,-20,-14,-29.0,6,-9.0,-15.0
95188,0.0,7,2018-11-07 01:00:00+00:00,4383,41,,0.3333333333333333,0.5666666666666667,Antrag (Gesetzentwurf),"['Öffentlicher Dienst', 'Lehrer']","['Besoldungszulage', 'Lehrer']",[0.0034655  0.01615226 0.01892466 ... 0.00424901 0.00662966 0.02651864],"[(np.int64(7), np.float64(0.49280377921464363)), (np.int64(28), np.float64(0.4921116613183028)), (np.int64(29), np.float64(0.46491481143658514))]",7,0.49280377921464363,0.6666666666666667,2,15,1,8,1,28,28.0,1,36,1,41,,,0.0,,1.0,0.0,,,,,0.0,,,,,,,,,,,,,,,,,,,0.0,,,,,,,,,,,,,,,,,,,,,,,,,,,,,,,,,,,,,,,,,,,,,,,,,,,,,,,,,,,0.0,,,,,,,,,,,,,,0.0,,,,,,,,,,,,,,,,,,,,,,,,,,,,,,,,,,,,,,,,,,,,,,,,,41.0,36.0,28.0,8.0,15.0,,-5,-13,-33,-26,,-8,-28,-21,,-20,-13,,7,,
95572,1.0,8,2018-12-04 01:00:00+00:00,4410,435,0.0,0.3333333333333333,0.6666666666666667,Vorlage zur Beschlussfassung (Gesetzentwurf),Europäische Union,"['EU-Austritt', 'Großbritannien']",[ 0.01248654  0.00458629 -0.00952764 ...  0.01213147  0.0128416   0.02828704],"[(np.int64(34), np.float64(0.4146703667757024)), (np.int64(28), np.float64(0.41353019798221113)), (np.int64(38), np.float64(0.40234601829154604))]",34,0.4146703667757024,1.0,2,50,1,9,1,78,78.0,1,93,2,106,435.0,,0.0,,0.0,,,,,,0.0,,,,,,,,,,,,,,,,,,,0.0,,,,,,,,,,,,,,,,,,,,,,,,,,,,,,,,,,,,,,,,,,,,,,,,,,,,,,,,,,,0.0,,,,,,,,,,,,,,0.0,,,,,,,,,,,,,,,,,,,,,,,,,,,,,,,,,,,,,,,,,,,,,,,,,,,,,,,-13,-28,-97,-56,-106.0,-15,-84,-43,-93.0,-69,-28,-78.0,41,-9.0,-50.0
95567,0.0,7,2018-12-04 01:00:00+00:00,4410,106,,1.0,0.4,Antrag (Gesetzentwurf),"['Wahlen', 'Menschen mit Behinderungen']","['Diskriminierung', 'Teilhabe behinderter Menschen']",[ 0.0102467   0.01468094  0.01677822 ...  0.02396888 -0.00202237   0.01629884],"[(np.int64(8), np.float64(0.49755530757064553)), (np.int64(35), np.float64(0.4237314838137354)), (np.int64(24), np.float64(0.4233608903318824))]",8,0.49755530757064553,1.0,2,72,1,9,1,76,76.0,1,93,1,106,,,0.0,,1.0,0.0,,,,,0.0,,,,,,,,,,,,,,,,,,,0.0,,,,,,,,,,,,,,,,,,,,,,,,,,,,,,,,,,,,,,,,,,,,,,,,,,,,,,,,,,,0.0,,,,,,,,,,,,,,0.0,,,,,,,,,,,,,,,,,,,,,,,,,,,,,,,,,,,,,,,,,,,,,,,,,106.0,93.0,76.0,9.0,72.0,,-13,-30,-97,-34,,-17,-84,-21,,-67,-4,,63,,
95563,1.0,6,2018-12-04 01:00:00+00:00,4410,106,0.0,1.0,0.4,Vorlage zur Beschlussfassung (Gesetzentwurf),"Rundfunk, Fernsehen","['Barrierefreiheit', 'Medien', 'Staatsvertrag']",[ 0.01857357  0.0069357  -0.01775069 ...  0.02139487  0.01322485   0.01204931],"[(np.int64(11), np.float64(0.35772983770356104)), (np.int64(34), np.float64(0.3525446473676514)), (np.int64(19), np.float64(0.3433816636816207))]",11,0.35772983770356104,1.0,1,78,1,9,1,78,,1,93,1,106,,,0.0,,0.0,,,,,,0.0,,,,,,,,,,,,,,,,,,,0.0,,,,,,,,,,,,,,,,,,,,,,,,,,,,,,,,,,,,,,,,,,,,,,,,,,,,,,,,,,,0.0,,,,,,,,,,,,,,0.0,,,,,,,,,,,,,,,,,,,,,,,,,,,,,,,,,,,,,,,,,,,,,,,,,,,,,,,-13,-28,-97,-28,-106.0,-15,-84,-15,-93.0,-69,0,-78.0,69,-9.0,-78.0
95566,0.0,6,2018-12-04 01:00:00+00:00,4410,57,,0.3333333333333333,0.6666666666666667,Antrag (Gesetzentwurf),"['Gesellschaft, Bevölkerung', 'Nation']",[],[ 0.01535409  0.02261455 -0.01535409 ...  0.00827216 -0.01071215   0.01868676],"[(np.int64(34), np.float64(0.43280449506572216)), (np.int64(19), np.float64(0.38061326610112683)), (np.int64(28), np.float64(0.3410447461827395))]",34,0.43280449506572216,1.0,1,48,1,9,1,48,,1,51,1,57,,,0.0,,1.0,0.0,,,,,0.0,,,,,,,,,,,,,,,,,,,0.0,,,,,,,,,,,,,,,,,,,,,,,,,,,,,,,,,,,,,,,,,,,,,,,,,,,,,,,,,,,0.0,,,,,,,,,,,,,,0.0,,,,,,,,,,,,,,,,,,,,,,,,,,,,,,,,,,,,,,,,,,,,,,,,,57.0,51.0,48.0,9.0,48.0,,-6,-9,-48,-9,,-3,-42,-3,,-39,0,,39,,
95575,1.0,6,2018-12-04 01:00:00+00:00,4410,211,0.0,0.3333333333333333,0.5333333333333333,Vorlage zur Beschlussfassung (Gesetzentwurf),Öffentliche Verwaltung,[],[ 0.00482037  0.01525956 -0.0053231  ...  0.00887184 -0.00487951   0.01017304],"[(np.int64(31), np.float64(0.4325331046516604)), (np.int64(28), np.float64(0.3823222774878653)), (np.int64(38), np.float64(0.3692006165039068))]",31,0.4325331046516604,0.6666666666666667,1,181,1,9,1,181,,1,184,1,211,,,0.0,,0.0,,,,,,0.0,,,,,,,,,,,,,,,,,,,0.0,,,,,,,,,,,,,,,,,,,,,,,,,,,,,,,,,,,,,,,,,,,,,,,,,,,,,,,,,,,0.0,,,,,,,,,,,,,,0.0,,,,,,,,,,,,,,,,,,,,,,,,,,,,,,,,,,,,,,,,,,,,,,,,,,,,,,,-27,-30,-202,-30,-211.0,-3,-175,-3,-184.0,-172,0,-181.0,172,-9.0,-181.0
95989,1.0,7,2019-01-08 01:00:00+00:00,4445,260,0.0,0.6666666666666667,0.4666666666666667,Vorlage zur Beschlussfassung (Gesetzentwurf),Abfall,"['Abfall', 'Zuständigkeit (Verwaltung)']",[0.01643023 0.01126644 0.01179455 ... 0.0001412  0.00487039 0.00265524],"[(np.int64(19), np.float64(0.3553677404929699)), (np.int64(34), np.float64(0.35344845953544424)), (np.int64(38), np.float64(0.34688043858755413))]",19,0.3553677404929699,0.6666666666666667,2,216,1,16,1,240,240.0,1,247,1,260,,,0.0,,0.0,,,,,,0.0,,,,,,,,,,,,,,,,,,,0.0,,,,,,,,,,,,,,,,,,,,,,,,,,,,,,,,,,,,,,,,,,,,,,,,,,,,,,,,,,,0.0,,,,,,,,,,,,,,0.0,,,,,,,,,,,,,,,,,,,,,,,,,,,,,,,,,,,,,,,,,,,,,,,,,,,,,,,-13,-20,-244,-44,-260.0,-7,-231,-31,-247.0,-224,-24,-240.0,200,-16.0,-216.0
96012,0.0,7,2019-01-15 01:00:00+00:00,4452,84,,1.0,0.4333333333333333,Antrag (Gesetzentwurf),"['Gerichte und Staatsanwaltschaften', 'Informations- und Kommunikationstechnologien']","['Elektronische Aktenführung', 'Elektronischer Rechtsverkehr']",[ 0.01181864  0.00952547  0.00121273 ... -0.00056227  0.0077027   0.01270063],"[(np.int64(37), np.float64(0.32600248093057244)), (np.int64(34), np.float64(0.3215959120400908)), (np.int64(12), np.float64(0.32097453127837117))]",37,0.32600248093057244,0.6666666666666667,2,62,1,9,1,64,64.0,1,79,1,84,,,0.0,,1.0,0.0,,,,,0.0,,,,,,,,,,,,,,,,,,,0.0,,,,,,,,,,,,,,,,,,,,,,,,,,,,,,,,,,,,,,,,,,,,,,,,,,,,,,,,,,,0.0,,,,,,,,,,,,,,0.0,,,,,,,,,,,,,,,,,,,,,,,,,,,,,,,,,,,,,,,,,,,,,,,,,84.0,79.0,64.0,9.0,62.0,,-5,-20,-75,-22,,-15,-70,-17,,-55,-2,,53,,
96033,1.0,7,2019-01-15 01:00:00+00:00,4452,233,0.0,1.0,0.4333333333333333,Vorlage zur Beschlussfassung (Gesetzentwurf),Boden,[],[0.00163293 0.01067744 0.00126757 ... 0.01145289 0.01884956 0.01622493],"[(np.int64(28), np.float64(0.47709290051093667)), (np.int64(38), np.float64(0.45388919953056084)), (np.int64(12), np.float64(0.4365711079039567))]",28,0.47709290051093667,0.6666666666666667,2,141,1,37,1,205,205.0,1,226,1,233,,,0.0,,0.0,,,,,,0.0,,,,,,,,,,,,,,,,,,,0.0,,,,,,,,,,,,,,,,,,,,,,,,,,,,,,,,,,,,,,,,,,,,,,,,,,,,,,,,,,,0.0,,,,,,,,,,,,,,0.0,,,,,,,,,,,,,,,,,,,,,,,,,,,,,,,,,,,,,,,,,,,,,,,,,,,,,,,-7,-28,-196,-92,-233.0,-21,-189,-85,-226.0,-168,-64,-205.0,104,-37.0,-141.0
96035,1.0,6,2019-01-15 01:00:00+00:00,4452,64,0.0,1.0,0.4333333333333333,Vorlage zur Beschlussfassung (Gesetzentwurf),Wohnungswesen,"['Erbbaurecht', 'Grundstück', 'Kosten']",[0.01381716 0.00243302 0.00191488 ... 0.01213507 0.00117896 0.00955186],"[(np.int64(38), np.float64(0.44500026858529756)), (np.int64(18), np.float64(0.42420648832083985)), (np.int64(28), np.float64(0.3760646339252644))]",38,0.44500026858529756,0.6666666666666667,1,36,1,37,1,36,,1,51,1,64,,,0.0,,0.0,,,,,,0.0,,,,,,,,,,,,,,,,,,,0.0,,,,,,,,,,,,,,,,,,,,,,,,,,,,,,,,,,,,,,,,,,,,,,,,,,,,,,,,,,,0.0,,,,,,,,,,,,,,0.0,,,,,,,,,,,,,,,,,,,,,,,,,,,,,,,,,,,,,,,,,,,,,,,,,,,,,,,-13,-28,-27,-28,-64.0,-15,-14,-15,-51.0,1,0,-36.0,-1,-37.0,-36.0
96032,1.0,7,2019-01-16 01:00:00+00:00,4453,47,0.0,1.0,0.4666666666666667,Vorlage zur Beschlussfassung (Gesetzentwurf),"['Menschen mit Behinderungen', 'Informations- und Kommunikationstechnologien']","['Informations- und Kommunikationstechnik', 'Website', 'Öffentlicher Dienst', 'Teilhabe behinderter Menschen']",[ 0.01253541  0.01158486 -0.00219815 ...  0.01639703  0.00222786   0.02210034],"[(np.int64(35), np.float64(0.4342344700452283)), (np.int64(19), np.float64(0.42291121192675507)), (np.int64(9), np.float64(0.3931617289357907))]",35,0.4342344700452283,0.3333333333333333,2,29,1,8,1,33,33.0,1,36,1,47,,,0.0,,0.0,,,,,,0.0,,,,,,,,,,,,,,,,,,,0.0,,,,,,,,,,,,,,,,,,,,,,,,,,,,,,,,,,,,,,,,,,,,,,,,,,,,,,,,,,,0.0,,,,,,,,,,,,,,0.0,,,,,,,,,,,,,,,,,,,,,,,,,,,,,,,,,,,,,,,,,,,,,,,,,,,,,,,-11,-14,-39,-18,-47.0,-3,-28,-7,-36.0,-25,-4,-33.0,21,-8.0,-29.0
96302,1.0,12,2019-01-22 01:00:00+00:00,4459,170,0.0,1.0,0.4333333333333333,Vorlage zur Beschlussfassung (Gesetzentwurf),Öffentlicher Dienst,"['Besoldungsrecht', 'Feuerwehr', 'Justizvollzugsdienst', 'Laufbahn']",[-0.00883425  0.02316007  0.00775982 ... -0.0027607  -0.00129828   0.03509825],"[(np.int64(28), np.float64(0.37896397835043133)), (np.int64(35), np.float64(0.36368438709814177)), (np.int64(7), np.float64(0.3503725639079436))]",28,0.37896397835043133,0.6666666666666667,2,69,1,30,1,113,113.0,1,121,3,134,154.0,,3.0,113.0,0.0,,,,120.0,120.0,0.0,,,170.0,,,,,,,,,,,,,,,,0.0,,,,,,,,,,,,,,,,,,,,,,,,,,,,,,,,,,,,,,,,,,,,,,,,,,,,,,,,,,,0.0,,,,,,,,,,,,,,0.0,,,,,,,,,,,,,,,,,,,,,,,,,,,,,,,,,,,,,,,,,,,21.0,8.0,0.0,-83.0,-44.0,-113.0,,,,,,,-13,-21,-104,-65,-134.0,-8,-91,-52,-121.0,-83,-44,-113.0,39,-30.0,-69.0
96242,1.0,6,2019-01-29 01:00:00+00:00,4466,62,0.0,1.0,0.4666666666666667,Vorlage zur Beschlussfassung (Gesetzentwurf),Abgaben,[],[ 0.00667464  0.00270514  0.01311405 ... -0.01476066  0.01305524   0.02022974],"[(np.int64(18), np.float64(0.33700751555447434)), (np.int64(34), np.float64(0.33312651536545057)), (np.int64(28), np.float64(0.33278438619132755))]",18,0.33700751555447434,0.3333333333333333,1,43,1,23,1,43,,1,51,1,62,,,0.0,,0.0,,,,,,0.0,,,,,,,,,,,,,,,,,,,0.0,,,,,,,,,,,,,,,,,,,,,,,,,,,,,,,,,,,,,,,,,,,,,,,,,,,,,,,,,,,0.0,,,,,,,,,,,,,,0.0,,,,,,,,,,,,,,,,,,,,,,,,,,,,,,,,,,,,,,,,,,,,,,,,,,,,,,,-11,-19,-39,-19,-62.0,-8,-28,-8,-51.0,-20,0,-43.0,20,-23.0,-43.0
96689,1.0,8,2019-03-05 01:00:00+00:00,4501,120,0.0,0.3333333333333333,0.4666666666666667,Vorlage zur Beschlussfassung (Gesetzentwurf),"Kinder, Jugendliche","['Demokratie', 'Jugendarbeit', 'Politische Bildung']",[ 0.01867082  0.06802363  0.00124869 ...  0.00032332 -0.02318987   0.01314093],"[(np.int64(30), np.float64(0.4243784552171854)), (np.int64(32), np.float64(0.34551406092991)), (np.int64(16), np.float64(0.3314294059100702))]",30,0.4243784552171854,1.0,3,37,1,16,1,85,72.0,1,93,1,120,,85.0,0.0,,0.0,,,,,,0.0,,,,,,,,,,,,,,,,,,,0.0,,,,,,,,,,,,,,,,,,,,,,,,,,,,,,,,,,,,,,,,,,,,,,,,,,,,,,,,,,,0.0,,,,,,,,,,,,,,0.0,,,,,,,,,,,,,,,,,,,,,,,,,,,,,,,,,,,,,,,,,,,,,,,,,,,,,,,-27,-35,-104,-83,-120.0,-8,-77,-56,-93.0,-69,-48,-85.0,21,-16.0,-37.0
96718,0.0,9,2019-03-12 01:00:00+00:00,4508,28,,0.3333333333333333,0.4666666666666667,Antrag (Gesetzentwurf),"['Allgemeinbildende Schulen', 'Ernährung']","['Kinderbetreuung', 'Schule']",[-0.00020008  0.02324967  0.00241938 ... -0.00746468 -0.01186087   0.02856051],"[(np.int64(10), np.float64(0.39230102946412193)), (np.int64(7), np.float64(0.379488283121431)), (np.int64(19), np.float64(0.3782374755585907))]",10,0.39230102946412193,1.0,2,15,1,9,2,15,16.0,1,23,1,28,,,1.0,23.0,1.0,0.0,,,,,0.0,,,,,,,,,,,,,,,,,,,0.0,,,,,,,,,,,,,,,,,,,,,,,,,,,,,,,,,,,,,,,,,,,,,,,,,,,,,,16.0,,,,,0.0,,,,,,,,,,,,,,0.0,,,,,,,,,,,,,,,,,,,,,,,,,,,,,,,,,,,,,,,,,,-23.0,5.0,0.0,-8.0,-14.0,-8.0,,28.0,23.0,15.0,9.0,15.0,,-5,-13,-19,-13,,-8,-14,-8,,-6,0,,6,,
97614,1.0,7,2019-03-26 01:00:00+00:00,4522,197,0.0,0.3333333333333333,0.5666666666666667,Vorlage zur Beschlussfassung (Gesetzentwurf),Öffentlicher Dienst,"['Beamtenversorgung', 'Hochschullehrer']",[ 0.01388126  0.00076332 -0.00327669 ... -0.00182452 -0.00762576   0.01834948],"[(np.int64(7), np.float64(0.3391813639407246)), (np.int64(16), np.float64(0.33550873532975284)), (np.int64(35), np.float64(0.33229974804365836))]",7,0.3391813639407246,0.6666666666666667,2,167,1,58,1,178,178.0,1,184,1,197,,,0.0,,0.0,,,,,,0.0,,,,,,,,,,,,,,,,,,,0.0,,,,,,,,,,,,,,,,,,,,,,,,,,,,,,,,,,,,,,,,,,,,,,,,,,,,,,,,,,,0.0,,,,,,,,,,,,,,0.0,,,,,,,,,,,,,,,,,,,,,,,,,,,,,,,,,,,,,,,,,,,,,,,,,,,,,,,-13,-19,-139,-30,-197.0,-6,-126,-17,-184.0,-120,-11,-178.0,109,-58.0,-167.0
97414,1.0,7,2019-04-04 02:00:00+00:00,4531,203,0.0,1.0,0.4333333333333333,Vorlage zur Beschlussfassung (Gesetzentwurf),Katastrophen- und Zivilschutz,"['Brandenburg', 'Feuerwehr', 'Staatsvertrag']",[ 0.0081447   0.02670984  0.00928257 ... -0.00256019  0.01796626   0.03018331],"[(np.int64(28), np.float64(0.4621590665421072)), (np.int64(12), np.float64(0.4581493181240765)), (np.int64(34), np.float64(0.4497255178332905))]",28,0.4621590665421072,0.6666666666666667,1,60,1,35,1,60,,1,63,2,90,203.0,,0.0,,0.0,,,,,,0.0,,,,,,,,,,,,,,,,,,,0.0,,,,,,,,,,,,,,,,,,,,,,,,,,,,,,,,,,,,,,,,,,,,,,,,,,,,,,,,,,,0.0,,,,,,,,,,,,,,0.0,,,,,,,,,,,,,,,,,,,,,,,,,,,,,,,,,,,,,,,,,,,,,,,,,,,,,,,-27,-30,-55,-30,-90.0,-3,-28,-3,-63.0,-25,0,-60.0,25,-35.0,-60.0
97212,1.0,7,2019-04-09 02:00:00+00:00,4536,379,0.0,0.3333333333333333,0.4,Vorlage zur Beschlussfassung (Gesetzentwurf),Innere Sicherheit,"['Europäische Union', 'Polizeipräsident', 'Rechtsvorschrift', 'Sprengstoff', 'Zuständigkeit (Verwaltung)']",[ 0.0056836   0.02829957 -0.00538757 ... -0.00603882 -0.01107117   0.00642365],"[(np.int64(26), np.float64(0.37959735974590725)), (np.int64(28), np.float64(0.35977388112592756)), (np.int64(6), np.float64(0.33265502401768904))]",26,0.37959735974590725,0.3333333333333333,2,323,1,30,1,350,350.0,1,359,1,379,,,0.0,,0.0,,,,,,0.0,,,,,,,,,,,,,,,,,,,0.0,,,,,,,,,,,,,,,,,,,,,,,,,,,,,,,,,,,,,,,,,,,,,,,,,,,,,,,,,,,0.0,,,,,,,,,,,,,,0.0,,,,,,,,,,,,,,,,,,,,,,,,,,,,,,,,,,,,,,,,,,,,,,,,,,,,,,,-20,-29,-349,-56,-379.0,-9,-329,-36,-359.0,-320,-27,-350.0,293,-30.0,-323.0
97415,1.0,7,2019-04-30 02:00:00+00:00,4557,308,0.0,1.0,0.4666666666666667,Vorlage zur Beschlussfassung (Gesetzentwurf),"['Informations- und Kommunikationstechnologien', 'Öffentliche Verwaltung']","['Website', 'E-Government', 'Elektronische Demokratie', 'Landesverwaltung', 'Personenbezogene Daten', 'Verwaltungsreform']",[ 0.01832432 -0.00431679 -0.00431679 ...  0.01192256  0.01438929   0.01926403],"[(np.int64(35), np.float64(0.4239108478407321)), (np.int64(9), np.float64(0.41683425068678026)), (np.int64(34), np.float64(0.3945274463420921))]",35,0.4239108478407321,0.3333333333333333,2,257,1,9,1,287,287.0,1,295,1,308,,,0.0,,0.0,,,,,,0.0,,,,,,,,,,,,,,,,,,,0.0,,,,,,,,,,,,,,,,,,,,,,,,,,,,,,,,,,,,,,,,,,,,,,,,,,,,,,,,,,,0.0,,,,,,,,,,,,,,0.0,,,,,,,,,,,,,,,,,,,,,,,,,,,,,,,,,,,,,,,,,,,,,,,,,,,,,,,-13,-21,-299,-51,-308.0,-8,-286,-38,-295.0,-278,-30,-287.0,248,-9.0,-257.0
97417,1.0,8,2019-04-30 02:00:00+00:00,4557,175,0.0,1.0,0.4333333333333333,Vorlage zur Beschlussfassung (Gesetzentwurf),"['Informations- und Kommunikationstechnologien', 'Öffentliche Verwaltung']","['Anstalt des öffentlichen Rechts', 'Digitalisierung', 'Landesverwaltung', 'Staatsvertrag']",[ 0.00379935 -0.01735137 -0.01651372 ...  0.00511566  0.01011166   0.02453125],"[(np.int64(37), np.float64(0.30458429724342484)), (np.int64(35), np.float64(0.2963706741829565)), (np.int64(19), np.float64(0.2895765288985293))]",37,0.30458429724342484,0.6666666666666667,2,20,1,9,1,99,99.0,1,107,2,114,175.0,,0.0,,0.0,,,,,,0.0,,,,,,,,,,,,,,,,,,,0.0,,,,,,,,,,,,,,,,,,,,,,,,,,,,,,,,,,,,,,,,,,,,,,,,,,,,,,,,,,,0.0,,,,,,,,,,,,,,0.0,,,,,,,,,,,,,,,,,,,,,,,,,,,,,,,,,,,,,,,,,,,,,,,,,,,,,,,-7,-15,-105,-94,-114.0,-8,-98,-87,-107.0,-90,-79,-99.0,11,-9.0,-20.0
97665,1.0,7,2019-04-30 02:00:00+00:00,4557,148,0.0,0.3333333333333333,0.5333333333333333,Vorlage zur Beschlussfassung (Gesetzentwurf),Öffentliche Verwaltung,[],[ 0.01793811 -0.01463373 -0.00696282 ...  0.00137929 -0.01374862   0.01475174],"[(np.int64(31), np.float64(0.3335675384422647)), (np.int64(34), np.float64(0.3288058388789946)), (np.int64(19), np.float64(0.3189143821994824))]",31,0.3335675384422647,0.6666666666666667,2,97,1,23,1,132,132.0,1,135,1,148,,,0.0,,0.0,,,,,,0.0,,,,,,,,,,,,,,,,,,,0.0,,,,,,,,,,,,,,,,,,,,,,,,,,,,,,,,,,,,,,,,,,,,,,,,,,,,,,,,,,,0.0,,,,,,,,,,,,,,0.0,,,,,,,,,,,,,,,,,,,,,,,,,,,,,,,,,,,,,,,,,,,,,,,,,,,,,,,-13,-16,-125,-51,-148.0,-3,-112,-38,-135.0,-109,-35,-132.0,74,-23.0,-97.0
97653,1.0,7,2019-05-14 02:00:00+00:00,4571,141,0.0,1.0,0.4,Vorlage zur Beschlussfassung (Gesetzentwurf),Informationsgesellschaft Medien,"['Medienanstalt Berlin-Brandenburg', 'Staatsvertrag']",[-0.01681021 -0.00667119 -0.0011535  ...  0.0283305   0.00999209  -0.0020425 ],"[(np.int64(11), np.float64(0.4354569791802183)), (np.int64(28), np.float64(0.4068601411990405)), (np.int64(34), np.float64(0.39994917695570564))]",11,0.4354569791802183,1.0,1,22,1,9,1,22,,1,93,2,100,141.0,,0.0,,0.0,,,,,,0.0,,,,,,,,,,,,,,,,,,,0.0,,,,,,,,,,,,,,,,,,,,,,,,,,,,,,,,,,,,,,,,,,,,,,,,,,,,,,,,,,,0.0,,,,,,,,,,,,,,0.0,,,,,,,,,,,,,,,,,,,,,,,,,,,,,,,,,,,,,,,,,,,,,,,,,,,,,,,-7,-78,-91,-78,-100.0,-71,-84,-71,-93.0,-13,0,-22.0,13,-9.0,-22.0
97756,1.0,6,2019-05-21 02:00:00+00:00,4578,127,0.0,1.0,0.4,Vorlage zur Beschlussfassung (Gesetzentwurf),Umwelt,"['Naturschutz', 'Seilbahn', 'Wasserrecht']",[-0.01046935 -0.01986797 -0.00103355 ...  0.01469278  0.00645412   0.01124266],"[(np.int64(14), np.float64(0.3663143846737218)), (np.int64(9), np.float64(0.36591167409018743)), (np.int64(38), np.float64(0.3484144070226611))]",14,0.3663143846737218,1.0,1,107,1,16,1,107,,1,114,1,127,,,0.0,,0.0,,,,,,0.0,,,,,,,,,,,,,,,,,,,0.0,,,,,,,,,,,,,,,,,,,,,,,,,,,,,,,,,,,,,,,,,,,,,,,,,,,,,,,,,,,0.0,,,,,,,,,,,,,,0.0,,,,,,,,,,,,,,,,,,,,,,,,,,,,,,,,,,,,,,,,,,,,,,,,,,,,,,,-13,-20,-111,-20,-127.0,-7,-98,-7,-114.0,-91,0,-107.0,91,-16.0,-107.0
97758,1.0,7,2019-05-21 02:00:00+00:00,4578,209,0.0,0.3333333333333333,0.4666666666666667,Vorlage zur Beschlussfassung (Gesetzentwurf),"['Öffentlicher Dienst', 'Justizvollzug']","['Besoldung', 'Justizvollzugsbeamter', 'Laufbahn']",[ 0.01284819  0.01764406  0.01740723 ... -0.00834837 -0.00341928   0.03789329],"[(np.int64(30), np.float64(0.34756071999971017)), (np.int64(35), np.float64(0.33011029078112436)), (np.int64(16), np.float64(0.32895243084566017))]",30,0.34756071999971017,1.0,2,189,1,16,1,196,196.0,1,204,1,209,,,0.0,,0.0,,,,,,0.0,,,,,,,,,,,,,,,,,,,0.0,,,,,,,,,,,,,,,,,,,,,,,,,,,,,,,,,,,,,,,,,,,,,,,,,,,,,,,,,,,0.0,,,,,,,,,,,,,,0.0,,,,,,,,,,,,,,,,,,,,,,,,,,,,,,,,,,,,,,,,,,,,,,,,,,,,,,,-5,-13,-193,-20,-209.0,-8,-188,-15,-204.0,-180,-7,-196.0,173,-16.0,-189.0
97783,1.0,6,2019-05-28 02:00:00+00:00,4585,86,0.0,0.3333333333333333,0.5333333333333333,Vorlage zur Beschlussfassung (Gesetzentwurf),Pflege,[],[-0.02337464  0.01323768  0.0292183  ...  0.01717321 -0.01198547   0.01884282],"[(np.int64(31), np.float64(0.46662901031792536)), (np.int64(20), np.float64(0.4279210898213591)), (np.int64(28), np.float64(0.4216379100774743))]",31,0.46662901031792536,0.6666666666666667,1,69,1,9,1,69,,1,79,1,86,,,0.0,,0.0,,,,,,0.0,,,,,,,,,,,,,,,,,,,0.0,,,,,,,,,,,,,,,,,,,,,,,,,,,,,,,,,,,,,,,,,,,,,,,,,,,,,,,,,,,0.0,,,,,,,,,,,,,,0.0,,,,,,,,,,,,,,,,,,,,,,,,,,,,,,,,,,,,,,,,,,,,,,,,,,,,,,,-7,-17,-77,-17,-86.0,-10,-70,-10,-79.0,-60,0,-69.0,60,-9.0,-69.0
97782,1.0,8,2019-05-28 02:00:00+00:00,4585,134,0.0,0.3333333333333333,0.6666666666666667,Vorlage zur Beschlussfassung (Gesetzentwurf),"['Arbeit und Beschäftigung', 'Ausländer, Migranten', 'Öffentliche Verwaltung']","['Arbeitsmarkt', 'Aufenthaltsrecht', 'Ausländerintegration', 'Fachkraft', 'Flüchtling', 'Zuständigkeit (Verwaltung)']",[ 0.005981    0.01630115 -0.00815057 ... -0.01108244  0.00727102   0.02310307],"[(np.int64(20), np.float64(0.41500897032494627)), (np.int64(12), np.float64(0.3695012017576614)), (np.int64(35), np.float64(0.36846957208566444))]",20,0.41500897032494627,1.0,3,100,1,9,1,113,104.0,1,121,1,134,,113.0,0.0,,0.0,,,,,,0.0,,,,,,,,,,,,,,,,,,,0.0,,,,,,,,,,,,,,,,,,,,,,,,,,,,,,,,,,,,,,,,,,,,,,,,,,,,,,,,,,,0.0,,,,,,,,,,,,,,0.0,,,,,,,,,,,,,,,,,,,,,,,,,,,,,,,,,,,,,,,,,,,,,,,,,,,,,,,-13,-21,-125,-34,-134.0,-8,-112,-21,-121.0,-104,-13,-113.0,91,-9.0,-100.0
97981,1.0,9,2019-06-04 02:00:00+00:00,4592,373,0.0,0.6666666666666667,0.4666666666666667,Vorlage zur Beschlussfassung (Gesetzentwurf),"Gesellschaft, Bevölkerung","['Geschlechterdiskriminierung', 'Multikulturelle Gesellschaft']",[0.00141062 0.01258478 0.02469689 ... 0.02292438 0.01169853 0.02670573],"[(np.int64(19), np.float64(0.41629545047470473)), (np.int64(35), np.float64(0.40752227559995835)), (np.int64(34), np.float64(0.392381358085407))]",19,0.41629545047470473,0.6666666666666667,4,147,1,72,1,358,161.0,1,366,1,373,,344.0,0.0,,0.0,,358.0,,,,0.0,,,,,,,,,,,,,,,,,,,0.0,,,,,,,,,,,,,,,,,,,,,,,,,,,,,,,,,,,,,,,,,,,,,,,,,,,,,,,,,,,0.0,,,,,,,,,,,,,,0.0,,,,,,,,,,,,,,,,,,,,,,,,,,,,,,,,,,,,,,,,,,,,,,,,,,,,,,,-7,-15,-301,-226,-373.0,-8,-294,-219,-366.0,-286,-211,-358.0,75,-72.0,-147.0
98305,1.0,8,2019-06-18 02:00:00+00:00,4606,181,0.0,1.0,0.4333333333333333,Vorlage zur Beschlussfassung (Gesetzentwurf),Öffentlicher Haushalt,"['Haushaltsgesetz 2020/2021', 'Nachtragshaushaltsgesetz 2019']",[ 0.0178202   0.00298997  0.02152776 ...  0.01566743 -0.01124228   0.0182986 ],"[(np.int64(28), np.float64(0.4769440596700358)), (np.int64(2), np.float64(0.40134309832527826)), (np.int64(38), np.float64(0.39902176699697905))]",28,0.4769440596700358,0.6666666666666667,3,71,1,58,1,168,127.0,1,176,1,181,,168.0,0.0,,0.0,,,,,,0.0,,,,,,,,,,,,,,,,,,,0.0,,,,,,,,,,,,,,,,,,,,,,,,,,,,,,,,,,,,,,,,,,,,,,,,,,,,,,,,,,,0.0,,,,,,,,,,,,,,0.0,,,,,,,,,,,,,,,,,,,,,,,,,,,,,,,,,,,,,,,,,,,,,,,,,,,,,,,-5,-13,-123,-110,-181.0,-8,-118,-105,-176.0,-110,-97,-168.0,13,-58.0,-71.0
98329,1.0,7,2019-06-18 02:00:00+00:00,4606,181,0.0,1.0,0.4333333333333333,Vorlage zur Beschlussfassung (Gesetzentwurf),Öffentlicher Haushalt,[],[0.01457248 0.02400876 0.01451276 ... 0.01104881 0.00209031 0.0346395 ],"[(np.int64(28), np.float64(0.5131146282783521)), (np.int64(12), np.float64(0.4476679519001565)), (np.int64(38), np.float64(0.4354033750791926))]",28,0.5131146282783521,0.6666666666666667,2,71,1,58,1,168,168.0,1,176,1,181,,,0.0,,0.0,,,,,,0.0,,,,,,,,,,,,,,,,,,,0.0,,,,,,,,,,,,,,,,,,,,,,,,,,,,,,,,,,,,,,,,,,,,,,,,,,,,,,,,,,,0.0,,,,,,,,,,,,,,0.0,,,,,,,,,,,,,,,,,,,,,,,,,,,,,,,,,,,,,,,,,,,,,,,,,,,,,,,-5,-13,-123,-110,-181.0,-8,-118,-105,-176.0,-110,-97,-168.0,13,-58.0,-71.0
98331,1.0,74,2019-06-18 02:00:00+00:00,4606,181,0.0,1.0,0.4333333333333333,Vorlage zur Beschlussfassung (Gesetzentwurf),Öffentlicher Haushalt,"['Finanzplanung', 'Finanzpolitik', 'Steueraufkommen']",[ 0.02766935  0.025849    0.00365587 ...  0.01407739 -0.00184311   0.03082463],"[(np.int64(28), np.float64(0.49109769335852166)), (np.int64(38), np.float64(0.4360546639818012)), (np.int64(9), np.float64(0.43457348477365154))]",28,0.49109769335852166,0.6666666666666667,51,48,1,58,1,168,50.0,15,176,1,181,,51.0,3.0,175.0,0.0,,51.0,55.0,175.0,175.0,0.0,,55.0,,57.0,57.0,,59.0,62.0,64.0,65.0,69.0,69.0,70.0,71.0,71.0,78.0,79.0,83.0,0.0,,84.0,87.0,90.0,90.0,92.0,92.0,93.0,93.0,93.0,94.0,97.0,97.0,97.0,99.0,99.0,99.0,99.0,101.0,101.0,105.0,133.0,135.0,140.0,142.0,147.0,149.0,152.0,155.0,161.0,163.0,168.0,176.0,176.0,176.0,176.0,176.0,176.0,176.0,176.0,176.0,176.0,176.0,176.0,176.0,,,,,,,,,,,,,,1.0,58.0,,,,,,,,,,,,,0.0,,,176.0,,,,,,,,,,,,,,117.0,,123.0,118.0,110.0,0.0,-10.0,-58.0,,,,,,,,,,,,,,,,,,,6.0,1.0,-7.0,-117.0,-127.0,-175.0,,,,,,,-5,-13,-123,-133,-181.0,-8,-118,-128,-176.0,-110,-120,-168.0,-10,-58.0,-48.0
98306,1.0,9,2019-06-18 02:00:00+00:00,4606,159,0.0,1.0,0.4333333333333333,Vorlage zur Beschlussfassung (Gesetzentwurf),"['Öffentliche Schulden', 'Öffentlicher Haushalt']","['Landeshaushaltsordnung', 'Öffentliche Schulden', 'Öffentlicher Haushalt']",[0.02407843 0.01328465 0.01672442 ... 0.01079378 0.00696851 0.01275089],"[(np.int64(28), np.float64(0.5784554517920836)), (np.int64(38), np.float64(0.4095504833981752)), (np.int64(9), np.float64(0.40554019548774206))]",28,0.5784554517920836,0.6666666666666667,2,78,1,58,1,127,127.0,2,134,1,159,,,1.0,128.0,0.0,,,,,,0.0,,,,,,,,,,,,,,,,,,,0.0,,,,,,,,,,,,,,,,,,,,,,,,,,,,,,,,,148.0,,,,,,,,,,,,,,,,,,,,,,,,,,0.0,,,,,,,,,,,,,,0.0,,,,,,,,,,,,,,,,,,,,,,,,,,,,,,,,,,,,,,,,,,,31.0,6.0,-1.0,-70.0,-50.0,-128.0,,,,,,,-25,-32,-101,-81,-159.0,-7,-76,-56,-134.0,-69,-49,-127.0,20,-58.0,-78.0
98364,1.0,8,2019-07-02 02:00:00+00:00,4620,99,0.0,1.0,0.6666666666666667,Vorlage zur Beschlussfassung (Gesetzentwurf),"['Gesundheitseinrichtungen', 'Universitäten']","['Medizinische Ausbildung', 'Universitätsklinik']",[-0.00225729  0.00832098  0.0088521  ...  0.02620223 -0.01109464   0.00956027],"[(np.int64(3), np.float64(0.40513402555240774)), (np.int64(13), np.float64(0.3972983268597896)), (np.int64(2), np.float64(0.3701288643331951))]",3,0.40513402555240774,0.3333333333333333,3,55,1,44,1,69,62.0,1,86,1,99,,69.0,0.0,,0.0,,,,,,0.0,,,,,,,,,,,,,,,,,,,0.0,,,,,,,,,,,,,,,,,,,,,,,,,,,,,,,,,,,,,,,,,,,,,,,,,,,,,,,,,,,0.0,,,,,,,,,,,,,,0.0,,,,,,,,,,,,,,,,,,,,,,,,,,,,,,,,,,,,,,,,,,,,,,,,,,,,,,,-13,-30,-55,-44,-99.0,-17,-42,-31,-86.0,-25,-14,-69.0,11,-44.0,-55.0
98309,1.0,6,2019-07-02 02:00:00+00:00,4620,65,0.0,1.0,0.4,Vorlage zur Beschlussfassung (Gesetzentwurf),Öffentlicher Dienst,"['Arbeitszeit', 'Feuerwehr', 'Praktikum', 'Vorbereitungsdienst']",[-0.0028791   0.03253083  0.02801926 ... -0.01602796 -0.00028012   0.03419299],"[(np.int64(16), np.float64(0.3974361851985193)), (np.int64(34), np.float64(0.3835034439589303)), (np.int64(28), np.float64(0.33468387179070097))]",16,0.3974361851985193,1.0,1,50,1,44,1,50,,1,58,1,65,,,0.0,,0.0,,,,,,0.0,,,,,,,,,,,,,,,,,,,0.0,,,,,,,,,,,,,,,,,,,,,,,,,,,,,,,,,,,,,,,,,,,,,,,,,,,,,,,,,,,0.0,,,,,,,,,,,,,,0.0,,,,,,,,,,,,,,,,,,,,,,,,,,,,,,,,,,,,,,,,,,,,,,,,,,,,,,,-7,-15,-21,-15,-65.0,-8,-14,-8,-58.0,-6,0,-50.0,6,-44.0,-50.0
98308,1.0,7,2019-07-02 02:00:00+00:00,4620,90,0.0,1.0,0.4666666666666667,Vorlage zur Beschlussfassung (Gesetzentwurf),Öffentlicher Dienst,"['Beamtenrecht', 'Beamtenversorgung', 'Öffentlicher Dienst']",[ 0.00272866 -0.00515911  0.02290288 ... -0.00465215  0.00545733   0.0252886 ],"[(np.int64(35), np.float64(0.4036695492548893)), (np.int64(28), np.float64(0.390972593832681)), (np.int64(9), np.float64(0.38147520175448635))]",35,0.4036695492548893,0.3333333333333333,1,50,1,44,1,50,,1,58,2,65,90.0,,0.0,,0.0,,,,,,0.0,,,,,,,,,,,,,,,,,,,0.0,,,,,,,,,,,,,,,,,,,,,,,,,,,,,,,,,,,,,,,,,,,,,,,,,,,,,,,,,,,0.0,,,,,,,,,,,,,,0.0,,,,,,,,,,,,,,,,,,,,,,,,,,,,,,,,,,,,,,,,,,,,,,,,,,,,,,,-7,-15,-21,-15,-65.0,-8,-14,-8,-58.0,-6,0,-50.0,6,-44.0,-50.0
98307,1.0,9,2019-07-02 02:00:00+00:00,4620,85,0.0,1.0,0.4666666666666667,Vorlage zur Beschlussfassung (Gesetzentwurf),"['Menschen mit Behinderungen', 'Sozialleistungen']","['Eingliederungshilfe für Behinderte', 'Sozialhilfe', 'Verwaltungsverfahren', 'Zuständigkeit (Verwaltung)']",[ 0.02347758  0.02371714  0.02096212 ...  0.01940493 -0.00431221   0.02850849],"[(np.int64(35), np.float64(0.3916174141573116)), (np.int64(24), np.float64(0.3808301540890304)), (np.int64(31), np.float64(0.3707696217128207))]",35,0.3916174141573116,0.3333333333333333,4,34,1,44,1,64,37.0,1,72,1,85,,51.0,0.0,,0.0,,64.0,,,,0.0,,,,,,,,,,,,,,,,,,,0.0,,,,,,,,,,,,,,,,,,,,,,,,,,,,,,,,,,,,,,,,,,,,,,,,,,,,,,,,,,,0.0,,,,,,,,,,,,,,0.0,,,,,,,,,,,,,,,,,,,,,,,,,,,,,,,,,,,,,,,,,,,,,,,,,,,,,,,-13,-21,-41,-51,-85.0,-8,-28,-38,-72.0,-20,-30,-64.0,-10,-44.0,-34.0
98631,1.0,6,2019-08-06 02:00:00+00:00,4655,96,0.0,0.3333333333333333,0.6666666666666667,Vorlage zur Beschlussfassung (Gesetzentwurf),Medizinische Berufe,[],[-0.00284352  0.02647932  0.00505514 ...  0.00601803 -0.01426272   0.00060556],"[(np.int64(20), np.float64(0.35269338368422865)), (np.int64(19), np.float64(0.3436902965251917)), (np.int64(3), np.float64(0.33635833206753185))]",20,0.35269338368422865,1.0,1,76,1,9,1,76,,1,85,1,96,,,0.0,,0.0,,,,,,0.0,,,,,,,,,,,,,,,,,,,0.0,,,,,,,,,,,,,,,,,,,,,,,,,,,,,,,,,,,,,,,,,,,,,,,,,,,,,,,,,,,0.0,,,,,,,,,,,,,,0.0,,,,,,,,,,,,,,,,,,,,,,,,,,,,,,,,,,,,,,,,,,,,,,,,,,,,,,,-11,-20,-87,-20,-96.0,-9,-76,-9,-85.0,-67,0,-76.0,67,-9.0,-76.0
98632,1.0,8,2019-08-06 02:00:00+00:00,4655,111,0.0,1.0,0.4666666666666667,Vorlage zur Beschlussfassung (Gesetzentwurf),Hochschulwesen,"['Gerichtsentscheidung', 'Hochschule', 'Medizinische Ausbildung', 'Pharmaziestudium', 'Staatsvertrag', 'Stiftung']",[0.02417643 0.02274728 0.01965079 ... 0.01059952 0.01018268 0.03406138],"[(np.int64(35), np.float64(0.3543329012124937)), (np.int64(2), np.float64(0.3507327069891567)), (np.int64(12), np.float64(0.34677908351995756))]",35,0.3543329012124937,0.3333333333333333,2,20,1,9,1,48,48.0,1,51,2,64,111.0,,0.0,,0.0,,,,,,0.0,,,,,,,,,,,,,,,,,,,0.0,,,,,,,,,,,,,,,,,,,,,,,,,,,,,,,,,,,,,,,,,,,,,,,,,,,,,,,,,,,0.0,,,,,,,,,,,,,,0.0,,,,,,,,,,,,,,,,,,,,,,,,,,,,,,,,,,,,,,,,,,,,,,,,,,,,,,,-13,-16,-55,-44,-64.0,-3,-42,-31,-51.0,-39,-28,-48.0,11,-9.0,-20.0
98965,0.0,6,2019-09-03 02:00:00+00:00,4683,36,,1.0,0.4333333333333333,Antrag (Gesetzentwurf),Abgeordnete,[],[ 0.02780623  0.01277423 -0.01960696 ...  0.00802103  0.00363917   0.01378429],"[(np.int64(28), np.float64(0.42247565654770214)), (np.int64(8), np.float64(0.417459939825757)), (np.int64(38), np.float64(0.41609537301950783))]",28,0.42247565654770214,0.6666666666666667,1,15,1,9,1,15,,1,23,1,36,,,0.0,,1.0,0.0,,,,,0.0,,,,,,,,,,,,,,,,,,,0.0,,,,,,,,,,,,,,,,,,,,,,,,,,,,,,,,,,,,,,,,,,,,,,,,,,,,,,,,,,,0.0,,,,,,,,,,,,,,0.0,,,,,,,,,,,,,,,,,,,,,,,,,,,,,,,,,,,,,,,,,,,,,,,,,36.0,23.0,15.0,9.0,15.0,,-13,-21,-27,-21,,-8,-14,-8,,-6,0,,6,,
99163,1.0,8,2019-09-17 02:00:00+00:00,4697,79,0.0,0.6666666666666667,0.4666666666666667,Vorlage zur Beschlussfassung (Gesetzentwurf),Glücksspiel,[],[-7.52579188e-03 -1.91243663e-02 -3.52771494e-05 ... -5.63696586e-03  -7.79140834e-03 -4.98768175e-03],"[(np.int64(19), np.float64(0.36995349394948446)), (np.int64(34), np.float64(0.35061740220585214)), (np.int64(28), np.float64(0.3382876594408718))]",19,0.36995349394948446,0.6666666666666667,3,42,1,9,1,70,54.0,1,71,1,79,,70.0,0.0,,0.0,,,,,,0.0,,,,,,,,,,,,,,,,,,,0.0,,,,,,,,,,,,,,,,,,,,,,,,,,,,,,,,,,,,,,,,,,,,,,,,,,,,,,,,,,,0.0,,,,,,,,,,,,,,0.0,,,,,,,,,,,,,,,,,,,,,,,,,,,,,,,,,,,,,,,,,,,,,,,,,,,,,,,-8,-9,-70,-37,-79.0,-1,-62,-29,-71.0,-61,-28,-70.0,33,-9.0,-42.0
99398,1.0,8,2019-10-01 02:00:00+00:00,4711,335,0.0,1.0,0.4,Vorlage zur Beschlussfassung (Gesetzentwurf),"Tier, Tierschutz, Tierhaltung","['Gerichtsverfahren', 'Verein', 'Zuständigkeit (Verwaltung)']",[ 0.00136555 -0.0075217   0.0257887  ...  0.0242366   0.00088052   0.03151952],"[(np.int64(17), np.float64(0.4312487784662898)), (np.int64(12), np.float64(0.3997211451980099)), (np.int64(38), np.float64(0.392589553751937))]",17,0.4312487784662898,1.0,3,119,1,29,1,316,246.0,1,324,1,335,,316.0,0.0,,0.0,,,,,,0.0,,,,,,,,,,,,,,,,,,,0.0,,,,,,,,,,,,,,,,,,,,,,,,,,,,,,,,,,,,,,,,,,,,,,,,,,,,,,,,,,,0.0,,,,,,,,,,,,,,0.0,,,,,,,,,,,,,,,,,,,,,,,,,,,,,,,,,,,,,,,,,,,,,,,,,,,,,,,-11,-19,-306,-216,-335.0,-8,-295,-205,-324.0,-287,-197,-316.0,90,-29.0,-119.0
99833,1.0,7,2019-11-12 01:00:00+00:00,4753,35,0.0,1.0,0.4333333333333333,Vorlage zur Beschlussfassung (Gesetzentwurf),"['Pflege', 'Berufsausbildung']","['Ausbildungsförderung', 'Berufsausbildung', 'Bildungsfinanzierung']",[-0.00021312  0.01405689  0.03907338 ...  0.00431832 -0.01518859   0.01429514],"[(np.int64(28), np.float64(0.4581070481738849)), (np.int64(38), np.float64(0.4191181757445279)), (np.int64(20), np.float64(0.416037354714614))]",28,0.4581070481738849,0.6666666666666667,2,20,1,16,1,22,22.0,1,30,1,35,,,0.0,,0.0,,,,,,0.0,,,,,,,,,,,,,,,,,,,0.0,,,,,,,,,,,,,,,,,,,,,,,,,,,,,,,,,,,,,,,,,,,,,,,,,,,,,,,,,,,0.0,,,,,,,,,,,,,,0.0,,,,,,,,,,,,,,,,,,,,,,,,,,,,,,,,,,,,,,,,,,,,,,,,,,,,,,,-5,-13,-19,-15,-35.0,-8,-14,-10,-30.0,-6,-2,-22.0,4,-16.0,-20.0
99980,1.0,7,2019-11-19 01:00:00+00:00,4760,594,0.0,1.0,0.6666666666666667,Vorlage zur Beschlussfassung (Gesetzentwurf),Gesundheitseinrichtungen,"['Krankenhausbehandlung', 'Gesetzliche Krankenversicherung', 'Medizinische Versorgung']",[-0.00022127  0.00178494  0.01131699 ...  0.01350928 -0.00811742   0.00018516],"[(np.int64(3), np.float64(0.4236483766049563)), (np.int64(19), np.float64(0.346025032462111)), (np.int64(12), np.float64(0.3299021910558485))]",3,0.4236483766049563,0.3333333333333333,2,566,1,23,1,568,568.0,1,576,1,594,,,0.0,,0.0,,,,,,0.0,,,,,,,,,,,,,,,,,,,0.0,,,,,,,,,,,,,,,,,,,,,,,,,,,,,,,,,,,,,,,,,,,,,,,,,,,,,,,,,,,0.0,,,,,,,,,,,,,,0.0,,,,,,,,,,,,,,,,,,,,,,,,,,,,,,,,,,,,,,,,,,,,,,,,,,,,,,,-18,-26,-571,-28,-594.0,-8,-553,-10,-576.0,-545,-2,-568.0,543,-23.0,-566.0
100059,1.0,11,2019-11-27 01:00:00+00:00,4768,76,0.0,1.0,0.4333333333333333,Vorlage zur Beschlussfassung (Gesetzentwurf),Wohnungswesen,"['Miete', 'Wohnungsmarkt', 'Wohnungspolitik']",[ 0.0115548  -0.00538622 -0.0115548  ... -0.00213643 -0.00523577   0.00649957],"[(np.int64(28), np.float64(0.5173647243427484)), (np.int64(38), np.float64(0.4887629388356533)), (np.int64(5), np.float64(0.40744851194854204))]",28,0.5173647243427484,0.6666666666666667,5,14,2,15,1,56,49.0,1,64,1,76,,49.0,0.0,,0.0,,56.0,56.0,,,0.0,,,,,,,,,,,,,,,,,,,0.0,,,,,,,,,,,,,,,,,,,,,,,,,,,,,,,,,,,,,,,,,,,,,,50.0,,,,,,,,,,,,,0.0,,,,,,,,,,,,,,0.0,,,,,,,,,,,,,,,,,,,,,,,,,,,,,,,,,,,,,,,,,,,,,,,,,,,,,,,-12,-20,-61,-62,-76.0,-8,-49,-50,-64.0,-41,-42,-56.0,-1,-15.0,-14.0
100119,0.0,7,2019-12-03 01:00:00+00:00,4774,191,,0.6666666666666667,0.4666666666666667,Antrag (Gesetzentwurf),"Frauen, Männer",[],[-0.00075322  0.01406018  0.01411926 ...  0.01665954 -0.01140175   0.02079489],"[(np.int64(19), np.float64(0.47029412844585083)), (np.int64(15), np.float64(0.42940500321592223)), (np.int64(35), np.float64(0.416317598982314))]",19,0.47029412844585083,0.6666666666666667,2,162,1,44,1,174,174.0,1,184,1,191,,,0.0,,1.0,0.0,,,,,0.0,,,,,,,,,,,,,,,,,,,0.0,,,,,,,,,,,,,,,,,,,,,,,,,,,,,,,,,,,,,,,,,,,,,,,,,,,,,,,,,,,0.0,,,,,,,,,,,,,,0.0,,,,,,,,,,,,,,,,,,,,,,,,,,,,,,,,,,,,,,,,,,,,,,,,,191.0,184.0,174.0,44.0,162.0,,-7,-17,-147,-29,,-10,-140,-22,,-130,-12,,118,,
100380,1.0,6,2019-12-10 01:00:00+00:00,4781,118,0.0,1.0,0.4,Vorlage zur Beschlussfassung (Gesetzentwurf),"Rundfunk, Fernsehen","['Gebühr', 'Meldewesen', 'Staatsvertrag']",[ 0.00669233  0.00798384 -0.00962757 ...  0.01144741  0.0028325   0.00049165],"[(np.int64(11), np.float64(0.38180109802330475)), (np.int64(28), np.float64(0.34411126673042103)), (np.int64(9), np.float64(0.3273490587367853))]",11,0.38180109802330475,1.0,1,85,1,37,1,85,,1,107,1,118,,,0.0,,0.0,,,,,,0.0,,,,,,,,,,,,,,,,,,,0.0,,,,,,,,,,,,,,,,,,,,,,,,,,,,,,,,,,,,,,,,,,,,,,,,,,,,,,,,,,,0.0,,,,,,,,,,,,,,0.0,,,,,,,,,,,,,,,,,,,,,,,,,,,,,,,,,,,,,,,,,,,,,,,,,,,,,,,-11,-33,-81,-33,-118.0,-22,-70,-22,-107.0,-48,0,-85.0,48,-37.0,-85.0
100295,1.0,7,2019-12-10 01:00:00+00:00,4781,119,0.0,1.0,0.4333333333333333,Vorlage zur Beschlussfassung (Gesetzentwurf),Wohnungswesen,"['Wohnraummangel', 'Wohnungsmarkt']",[ 0.01464912  0.01340767 -0.01638715 ... -0.00654865  0.00252946   0.02222197],"[(np.int64(38), np.float64(0.4653294052669288)), (np.int64(4), np.float64(0.3927369593890346)), (np.int64(19), np.float64(0.36368589424294484))]",38,0.4653294052669288,0.6666666666666667,2,71,1,37,1,92,92.0,1,107,1,119,,,0.0,,0.0,,,,,,0.0,,,,,,,,,,,,,,,,,,,0.0,,,,,,,,,,,,,,,,,,,,,,,,,,,,,,,,,,,,,,,,,,,,,,,,,,,,,,,,,,,0.0,,,,,,,,,,,,,,0.0,,,,,,,,,,,,,,,,,,,,,,,,,,,,,,,,,,,,,,,,,,,,,,,,,,,,,,,-12,-27,-82,-48,-119.0,-15,-70,-36,-107.0,-55,-21,-92.0,34,-37.0,-71.0
100571,1.0,6,2020-01-14 01:00:00+00:00,4816,50,0.0,0.3333333333333333,0.5333333333333333,Vorlage zur Beschlussfassung (Gesetzentwurf),"['Öffentliche Verwaltung', 'Straßenverkehr']","['Behördenaufbau', 'Öffentliche Sicherheit und Ordnung', 'Senatsverwaltung für Umwelt, Verkehr und Klimaschutz', 'Straßen- und Wegerecht', 'Zuständigkeit (Verwaltung)']",[ 0.00879915 -0.00335135  0.0175983  ...  0.00602358 -0.00302655   0.01364163],"[(np.int64(31), np.float64(0.41831030987235696)), (np.int64(14), np.float64(0.39568236886436725)), (np.int64(28), np.float64(0.39275275646033675))]",31,0.41831030987235696,0.6666666666666667,1,30,1,16,1,30,,1,37,1,50,,,0.0,,0.0,,,,,,0.0,,,,,,,,,,,,,,,,,,,0.0,,,,,,,,,,,,,,,,,,,,,,,,,,,,,,,,,,,,,,,,,,,,,,,,,,,,,,,,,,,0.0,,,,,,,,,,,,,,0.0,,,,,,,,,,,,,,,,,,,,,,,,,,,,,,,,,,,,,,,,,,,,,,,,,,,,,,,-13,-20,-34,-20,-50.0,-7,-21,-7,-37.0,-14,0,-30.0,14,-16.0,-30.0
100615,0.0,9,2020-01-21 01:00:00+00:00,4823,316,,0.3333333333333333,0.4,Antrag (Gesetzentwurf),Kommunale Angelegenheiten,"['Bürgerberatung', 'Polizeibehörde']",[-0.00277398  0.02338498 -0.00393727 ...  0.02004427 -0.00202829   0.0225498 ],"[(np.int64(26), np.float64(0.432779058999169)), (np.int64(35), np.float64(0.4289067813810912)), (np.int64(31), np.float64(0.4186773577531555))]",26,0.432779058999169,0.3333333333333333,3,139,1,9,1,281,251.0,1,303,1,316,,281.0,0.0,,1.0,0.0,,,,,1.0,289.0,,,,,,,,,,,,,,,,,,0.0,,,,,,,,,,,,,,,,,,,,,,,,,,,,,,,,,,,,,,,,,,,,,,,,,,,,,,,,,,,0.0,,,,,,,,,,,,,,0.0,,,,,,,,,,,,,,,,,,,,,,,,,,,,,,,,,,,-289.0,27.0,14.0,-8.0,-280.0,-150.0,,,,,,,,,316.0,303.0,281.0,9.0,139.0,,-13,-35,-307,-177,,-22,-294,-164,,-272,-142,,130,,
100598,1.0,9,2020-01-21 01:00:00+00:00,4823,385,0.0,1.0,0.4,Vorlage zur Beschlussfassung (Gesetzentwurf),Verkehr,"['Fußgänger', 'Motorisierter Individualverkehr', 'Radverkehr']",[-0.02741246  0.02276426  0.02252589 ...  0.00271145  0.007747   0.01966546],"[(np.int64(14), np.float64(0.5877801978426344)), (np.int64(21), np.float64(0.42607483481343833)), (np.int64(9), np.float64(0.4172771841243701))]",14,0.5877801978426344,1.0,4,51,1,9,1,365,107.0,1,373,1,385,,317.0,0.0,,0.0,,365.0,,,,0.0,,,,,,,,,,,,,,,,,,,0.0,,,,,,,,,,,,,,,,,,,,,,,,,,,,,,,,,,,,,,,,,,,,,,,,,,,,,,,,,,,0.0,,,,,,,,,,,,,,0.0,,,,,,,,,,,,,,,,,,,,,,,,,,,,,,,,,,,,,,,,,,,,,,,,,,,,,,,-12,-20,-376,-334,-385.0,-8,-364,-322,-373.0,-356,-314,-365.0,42,-9.0,-51.0
100614,1.0,6,2020-01-22 01:00:00+00:00,4824,42,0.0,1.0,0.4,Vorlage zur Beschlussfassung (Gesetzentwurf),"['Öffentlicher Dienst', 'Sozialversicherung', 'Versicherungen']","['Beamtenrecht', 'Beamtenversorgung', 'Gesetzliche Krankenversicherung']",[ 0.01964457  0.01928954  0.02260309 ... -0.00377211 -0.00488156   0.02686335],"[(np.int64(16), np.float64(0.37648545972901193)), (np.int64(28), np.float64(0.34828817084700564)), (np.int64(35), np.float64(0.33918648804807494))]",16,0.37648545972901193,1.0,1,21,1,8,1,21,,1,29,1,42,,,0.0,,0.0,,,,,,0.0,,,,,,,,,,,,,,,,,,,0.0,,,,,,,,,,,,,,,,,,,,,,,,,,,,,,,,,,,,,,,,,,,,,,,,,,,,,,,,,,,0.0,,,,,,,,,,,,,,0.0,,,,,,,,,,,,,,,,,,,,,,,,,,,,,,,,,,,,,,,,,,,,,,,,,,,,,,,-13,-21,-34,-21,-42.0,-8,-21,-8,-29.0,-13,0,-21.0,13,-8.0,-21.0
100928,1.0,6,2020-02-11 01:00:00+00:00,4844,36,0.0,1.0,0.4333333333333333,Vorlage zur Beschlussfassung (Gesetzentwurf),Glücksspiel,"['Lotterie', 'Rechtsvorschrift', 'Staatsvertrag', 'Suchtprävention']",[ 7.52363261e-03  2.10086782e-05 -2.64502713e-03 ... -1.93968648e-03  -1.20495679e-02  1.85739677e-02],"[(np.int64(28), np.float64(0.38075981664130304)), (np.int64(34), np.float64(0.3615632905766801)), (np.int64(19), np.float64(0.31968138554368))]",28,0.38075981664130304,0.6666666666666667,1,20,1,9,1,20,,1,23,1,36,,,0.0,,0.0,,,,,,0.0,,,,,,,,,,,,,,,,,,,0.0,,,,,,,,,,,,,,,,,,,,,,,,,,,,,,,,,,,,,,,,,,,,,,,,,,,,,,,,,,,0.0,,,,,,,,,,,,,,0.0,,,,,,,,,,,,,,,,,,,,,,,,,,,,,,,,,,,,,,,,,,,,,,,,,,,,,,,-13,-16,-27,-16,-36.0,-3,-14,-3,-23.0,-11,0,-20.0,11,-9.0,-20.0
101319,1.0,6,2020-03-03 01:00:00+00:00,4865,50,0.0,1.0,0.4666666666666667,Vorlage zur Beschlussfassung (Gesetzentwurf),Öffentliche Vergabe,"['Ausschreibung', 'Mindestlohn', 'Wirtschaftsförderung']",[ 0.01037712  0.00334603  0.00533596 ... -0.0119101  -0.01981086   0.03584823],"[(np.int64(35), np.float64(0.41861726938251387)), (np.int64(28), np.float64(0.41816317574366385)), (np.int64(38), np.float64(0.4175785759871905))]",35,0.41861726938251387,0.3333333333333333,1,22,1,23,1,22,,1,30,1,50,,,0.0,,0.0,,,,,,0.0,,,,,,,,,,,,,,,,,,,0.0,,,,,,,,,,,,,,,,,,,,,,,,,,,,,,,,,,,,,,,,,,,,,,,,,,,,,,,,,,,0.0,,,,,,,,,,,,,,0.0,,,,,,,,,,,,,,,,,,,,,,,,,,,,,,,,,,,,,,,,,,,,,,,,,,,,,,,-20,-28,-27,-28,-50.0,-8,-7,-8,-30.0,1,0,-22.0,-1,-23.0,-22.0
101361,1.0,6,2020-03-03 01:00:00+00:00,4865,50,0.0,0.3333333333333333,0.6666666666666667,Vorlage zur Beschlussfassung (Gesetzentwurf),Arbeitsentgelt,"['Arbeitsmarkt', 'Kosten', 'Rechtsvorschrift', 'Tarif', 'Tarifvertrag', 'Vergütung']",[ 0.01067629 -0.00587796 -0.00533814 ... -0.00605789  0.01031641   0.01583449],"[(np.int64(34), np.float64(0.3970468693032983)), (np.int64(38), np.float64(0.3832634280256436)), (np.int64(28), np.float64(0.3782430264541622))]",34,0.3970468693032983,1.0,1,22,1,23,1,22,,1,30,1,50,,,0.0,,0.0,,,,,,0.0,,,,,,,,,,,,,,,,,,,0.0,,,,,,,,,,,,,,,,,,,,,,,,,,,,,,,,,,,,,,,,,,,,,,,,,,,,,,,,,,,0.0,,,,,,,,,,,,,,0.0,,,,,,,,,,,,,,,,,,,,,,,,,,,,,,,,,,,,,,,,,,,,,,,,,,,,,,,-20,-28,-27,-28,-50.0,-8,-7,-8,-30.0,1,0,-22.0,-1,-23.0,-22.0
101680,1.0,10,2020-03-31 02:00:00+00:00,4893,195,0.0,1.0,0.4,Vorlage zur Beschlussfassung (Gesetzentwurf),Datenschutz,"['Europäische Union', 'Rechtseinheit']",[ 0.01653823  0.01042627  0.00377503 ...  0.02408829 -0.0031908   0.02133192],"[(np.int64(8), np.float64(0.37401169330554473)), (np.int64(28), np.float64(0.3589639264929344)), (np.int64(31), np.float64(0.3578559184379412))]",8,0.37401169330554473,1.0,2,167,1,30,2,167,174.0,1,184,1,195,,,1.0,183.0,0.0,,,,,,1.0,170.0,,,,,,,,,,,,,,,,,,0.0,,,,,,,,,,,,,,,,,,,,,,,,,,,,,,,,,,,,,,,,,,,,,,,,,,,,,,174.0,,,,,0.0,,,,,,,,,,,,,,0.0,,,,,,,,,,,,,,,,,,,,,,,,,,,,,,,,,,13.0,,25.0,14.0,-3.0,-140.0,-3.0,-170.0,,12.0,1.0,-16.0,-153.0,-16.0,-183.0,,,,,,,-11,-28,-165,-28,-195.0,-17,-154,-17,-184.0,-137,0,-167.0,137,-30.0,-167.0
101817,1.0,9,2020-04-07 02:00:00+00:00,4900,65,0.0,1.0,0.4333333333333333,Vorlage zur Beschlussfassung (Gesetzentwurf),Öffentlicher Haushalt,[],[ 0.02373956  0.01903985  0.01403888 ...  0.00771234 -0.00277162   0.01301458],"[(np.int64(28), np.float64(0.4648561917405237)), (np.int64(9), np.float64(0.42507959998325173)), (np.int64(38), np.float64(0.42006934515446587))]",28,0.4648561917405237,0.6666666666666667,3,15,1,23,1,50,29.0,1,58,1,65,,50.0,1.0,57.0,0.0,,,,,,0.0,,,,,,,,,,,,,,,,,,,0.0,,,,,,,,,,,,,,,,,,,,,,,,,,,,,,,,,,,,,,,,,,,,,,,,,,,,,,,,,,,0.0,,,,,,,,,,,,,,0.0,,,,,,,,,,,,,,,,,,,,,,,,,,,,,,,,,,,,,,,,,,,8.0,1.0,-7.0,-34.0,-42.0,-57.0,,,,,,,-7,-15,-42,-50,-65.0,-8,-35,-43,-58.0,-27,-35,-50.0,-8,-23.0,-15.0
101869,1.0,6,2020-04-16 02:00:00+00:00,4909,28,0.0,1.0,0.4333333333333333,Vorlage zur Beschlussfassung (Gesetzentwurf),Bauwesen,"['Bauaufsicht', 'Baugenehmigung', 'COVID-19', 'Epidemie', 'Rechtsvorschrift', 'Verwaltungsverfahren']",[-0.00472586  0.00674698  0.01557452 ...  0.01569341  0.00027307   0.01135395],"[(np.int64(28), np.float64(0.4470291528253547)), (np.int64(34), np.float64(0.3931125780564723)), (np.int64(38), np.float64(0.372328963951022))]",28,0.4470291528253547,0.6666666666666667,1,27,1,14,1,27,,1,28,1,28,,,0.0,,0.0,,,,,,0.0,,,,,,,,,,,,,,,,,,,0.0,,,,,,,,,,,,,,,,,,,,,,,,,,,,,,,,,,,,,,,,,,,,,,,,,,,,,,,,,,,0.0,,,,,,,,,,,,,,0.0,,,,,,,,,,,,,,,,,,,,,,,,,,,,,,,,,,,,,,,,,,,,,,,,,,,,,,,0,-1,-14,-1,-28.0,-1,-14,-1,-28.0,-13,0,-27.0,13,-14.0,-27.0
102014,1.0,7,2020-04-28 02:00:00+00:00,4921,44,0.0,0.3333333333333333,0.6666666666666667,Vorlage zur Beschlussfassung (Gesetzentwurf),"['Allgemeinbildende Schulen', 'Gesundheitsschutz']","['COVID-19', 'Epidemie', 'Gesundheitsvorsorge', 'Mittlerer Schulabschluss', 'Schulgesetz']",[ 0.012621    0.03721121  0.01825008 ...  0.00414775 -0.00468103   0.01564293],"[(np.int64(34), np.float64(0.3231857628428254)), (np.int64(24), np.float64(0.320773617309134)), (np.int64(28), np.float64(0.3134020685931911))]",34,0.3231857628428254,1.0,2,30,1,16,1,30,30.0,1,37,1,44,,,0.0,,0.0,,,,,,0.0,,,,,,,,,,,,,,,,,,,0.0,,,,,,,,,,,,,,,,,,,,,,,,,,,,,,,,,,,,,,,,,,,,,,,,,,,,,,,,,,,0.0,,,,,,,,,,,,,,0.0,,,,,,,,,,,,,,,,,,,,,,,,,,,,,,,,,,,,,,,,,,,,,,,,,,,,,,,-7,-14,-28,-14,-44.0,-7,-21,-7,-37.0,-14,0,-30.0,14,-16.0,-30.0
102011,1.0,6,2020-05-05 02:00:00+00:00,4928,37,0.0,1.0,0.4333333333333333,Vorlage zur Beschlussfassung (Gesetzentwurf),"['Frühkindliche Bildung', 'Öffentlicher Dienst']","['Besoldungsrecht', 'Kindertagesstätte', 'Straßenreinigung', 'Versorgungsrücklage']",[ 0.00400409  0.01921962  0.03037174 ...  0.00315878 -0.02099921   0.03226998],"[(np.int64(28), np.float64(0.4158001058872632)), (np.int64(27), np.float64(0.3917156232453282)), (np.int64(34), np.float64(0.3873834831308137))]",28,0.4158001058872632,0.6666666666666667,1,22,1,9,1,22,,1,30,1,37,,,0.0,,0.0,,,,,,0.0,,,,,,,,,,,,,,,,,,,0.0,,,,,,,,,,,,,,,,,,,,,,,,,,,,,,,,,,,,,,,,,,,,,,,,,,,,,,,,,,,0.0,,,,,,,,,,,,,,0.0,,,,,,,,,,,,,,,,,,,,,,,,,,,,,,,,,,,,,,,,,,,,,,,,,,,,,,,-7,-15,-28,-15,-37.0,-8,-21,-8,-30.0,-13,0,-22.0,13,-9.0,-22.0
102040,0.0,7,2020-05-06 02:00:00+00:00,4929,159,,0.3333333333333333,0.4666666666666667,Antrag (Gesetzentwurf),Landesregierung,[],[ 0.02025335  0.02499097 -0.01658169 ...  0.0084685  -0.0183583   0.02321436],"[(np.int64(30), np.float64(0.5102145809346562)), (np.int64(8), np.float64(0.4300722530641072)), (np.int64(31), np.float64(0.3796310866287107))]",30,0.5102145809346562,1.0,2,110,1,8,1,131,131.0,1,148,1,159,,,0.0,,1.0,0.0,,,,,0.0,,,,,,,,,,,,,,,,,,,0.0,,,,,,,,,,,,,,,,,,,,,,,,,,,,,,,,,,,,,,,,,,,,,,,,,,,,,,,,,,,0.0,,,,,,,,,,,,,,0.0,,,,,,,,,,,,,,,,,,,,,,,,,,,,,,,,,,,,,,,,,,,,,,,,,159.0,148.0,131.0,8.0,110.0,,-11,-28,-151,-49,,-17,-140,-38,,-123,-21,,102,,
102111,0.0,6,2020-05-13 02:00:00+00:00,4936,29,,1.0,0.4333333333333333,Antrag (Gesetzentwurf),Abgeordnete,[],[ 0.02249686  0.01975915 -0.00571349 ...  0.00928442 -0.00149533   0.01547403],"[(np.int64(28), np.float64(0.45942425907177376)), (np.int64(38), np.float64(0.42664799654556185)), (np.int64(9), np.float64(0.4083368655371377))]",28,0.45942425907177376,0.6666666666666667,1,14,1,1,1,14,,1,22,1,29,,,0.0,,1.0,0.0,,,,,0.0,,,,,,,,,,,,,,,,,,,0.0,,,,,,,,,,,,,,,,,,,,,,,,,,,,,,,,,,,,,,,,,,,,,,,,,,,,,,,,,,,0.0,,,,,,,,,,,,,,0.0,,,,,,,,,,,,,,,,,,,,,,,,,,,,,,,,,,,,,,,,,,,,,,,,,29.0,22.0,14.0,1.0,14.0,,-7,-15,-28,-15,,-8,-21,-8,,-13,0,,13,,
102270,1.0,11,2020-05-26 02:00:00+00:00,4949,204,0.0,1.0,0.4333333333333333,Vorlage zur Beschlussfassung (Gesetzentwurf),Öffentlicher Haushalt,[],[ 0.02351554  0.00493354 -0.00082718 ... -0.00022157 -0.00289513   0.02138851],"[(np.int64(28), np.float64(0.41418147829183416)), (np.int64(37), np.float64(0.37698724607823847)), (np.int64(18), np.float64(0.37088023878781584))]",28,0.41418147829183416,0.6666666666666667,3,78,1,9,1,189,154.0,1,197,1,204,,189.0,3.0,196.0,0.0,,,,196.0,197.0,0.0,,,,,,,,,,,,,,,,,,,0.0,,,,,,,,,,,,,,,,,,,,,,,,,,,,,,,,,,,,,,,,,,,,,,,,,,,,,,,,,,,0.0,,,,,,,,,,,,,,0.0,,,,,,,,,,,,,,,,,,,,,,,,,,,,,,,,,,,,,,,,,,,8.0,1.0,-7.0,-187.0,-118.0,-196.0,,,,,,,-7,-15,-195,-126,-204.0,-8,-188,-119,-197.0,-180,-111,-189.0,69,-9.0,-78.0
102279,0.0,7,2020-05-26 02:00:00+00:00,4949,97,,1.0,0.4333333333333333,Antrag (Gesetzentwurf),"['Abgaben', 'Hochschulwesen']",[],[ 0.02596476 -0.01292364  0.01503841 ... -0.00212946  0.00840036   0.0151559 ],"[(np.int64(28), np.float64(0.4802761777408398)), (np.int64(13), np.float64(0.461413870702326)), (np.int64(2), np.float64(0.4551534926847859))]",28,0.4802761777408398,0.6666666666666667,2,13,1,9,1,78,78.0,1,86,1,97,,,0.0,,1.0,0.0,,,,,0.0,,,,,,,,,,,,,,,,,,,0.0,,,,,,,,,,,,,,,,,,,,,,,,,,,,,,,,,,,,,,,,,,,,,,,,,,,,,,,,,,,0.0,,,,,,,,,,,,,,0.0,,,,,,,,,,,,,,,,,,,,,,,,,,,,,,,,,,,,,,,,,,,,,,,,,97.0,86.0,78.0,9.0,13.0,,-11,-19,-88,-84,,-8,-77,-73,,-69,-65,,4,,
102273,0.0,6,2020-05-26 02:00:00+00:00,4949,139,,1.0,0.4,Antrag (Gesetzentwurf),Wahlen,"['Verwaltungsverfahren', 'Volksbegehren', 'Volksinitiative']",[ 0.01524088  0.01559259 -0.01131342 ...  0.01817181 -0.00216889  -0.00231544],"[(np.int64(8), np.float64(0.41615328756109776)), (np.int64(30), np.float64(0.38277208944145535)), (np.int64(19), np.float64(0.33556938900431327))]",8,0.41615328756109776,1.0,1,111,1,9,1,111,,1,128,1,139,,,0.0,,1.0,0.0,,,,,0.0,,,,,,,,,,,,,,,,,,,0.0,,,,,,,,,,,,,,,,,,,,,,,,,,,,,,,,,,,,,,,,,,,,,,,,,,,,,,,,,,,0.0,,,,,,,,,,,,,,0.0,,,,,,,,,,,,,,,,,,,,,,,,,,,,,,,,,,,,,,,,,,,,,,,,,139.0,128.0,111.0,9.0,111.0,,-11,-28,-130,-28,,-17,-119,-17,,-102,0,,102,,
102274,1.0,6,2020-05-26 02:00:00+00:00,4949,109,0.0,1.0,0.4333333333333333,Vorlage zur Beschlussfassung (Gesetzentwurf),"Informationsgesellschaft, Medien",[],[ 0.00107182 -0.01023038 -0.00816065 ...  0.01141309  0.01389676   0.01868671],"[(np.int64(28), np.float64(0.379446119416169)), (np.int64(12), np.float64(0.37455025079194637)), (np.int64(34), np.float64(0.374251059075736))]",28,0.379446119416169,0.6666666666666667,1,85,1,9,1,85,,1,100,1,109,,,0.0,,0.0,,,,,,0.0,,,,,,,,,,,,,,,,,,,0.0,,,,,,,,,,,,,,,,,,,,,,,,,,,,,,,,,,,,,,,,,,,,,,,,,,,,,,,,,,,0.0,,,,,,,,,,,,,,0.0,,,,,,,,,,,,,,,,,,,,,,,,,,,,,,,,,,,,,,,,,,,,,,,,,,,,,,,-9,-24,-100,-24,-109.0,-15,-91,-15,-100.0,-76,0,-85.0,76,-9.0,-85.0
102278,0.0,6,2020-05-26 02:00:00+00:00,4949,97,,1.0,0.4333333333333333,Antrag (Gesetzentwurf),Haushaltskontrolle,[],[ 0.00570897  0.00402633  0.00160001 ...  0.01418229 -0.00129954   0.02656175],"[(np.int64(28), np.float64(0.510354076000553)), (np.int64(31), np.float64(0.4532777055345597)), (np.int64(35), np.float64(0.4496642218022925))]",28,0.510354076000553,0.6666666666666667,1,78,1,9,1,78,,1,86,1,97,,,0.0,,1.0,0.0,,,,,0.0,,,,,,,,,,,,,,,,,,,0.0,,,,,,,,,,,,,,,,,,,,,,,,,,,,,,,,,,,,,,,,,,,,,,,,,,,,,,,,,,,0.0,,,,,,,,,,,,,,0.0,,,,,,,,,,,,,,,,,,,,,,,,,,,,,,,,,,,,,,,,,,,,,,,,,97.0,86.0,78.0,9.0,78.0,,-11,-19,-88,-19,,-8,-77,-8,,-69,0,,69,,
102355,0.0,8,2020-06-02 02:00:00+00:00,4956,265,,0.3333333333333333,0.4,Antrag (Gesetzentwurf),Ordnungsrecht,"['Grundrecht', 'Öffentliche Sicherheit und Ordnung']",[-0.00631935  0.04488509  0.00747101 ... -0.0085636   0.00826831   0.0123434 ],"[(np.int64(26), np.float64(0.4853928170580951)), (np.int64(28), np.float64(0.461919265084978)), (np.int64(12), np.float64(0.4393704697090147))]",26,0.4853928170580951,0.3333333333333333,2,152,1,79,1,236,236.0,1,253,1,265,,,1.0,253.0,1.0,0.0,,,,,0.0,,,,,,,,,,,,,,,,,,,0.0,,,,,,,,,,,,,,,,,,,,,,,,,,,,,,,,,,,,,,,,,,,,,,,,,,,,,,,,,,,0.0,,,,,,,,,,,,,,0.0,,,,,,,,,,,,,,,,,,,,,,,,,,,,,,,,,,,,,,,,,,-253.0,12.0,0.0,-17.0,-174.0,-101.0,,265.0,253.0,236.0,79.0,152.0,,-12,-29,-186,-113,,-17,-174,-101,,-157,-84,,73,,
102544,0.0,8,2020-06-12 02:00:00+00:00,4966,282,,1.0,0.8333333333333334,Antrag (Gesetzentwurf),Innere Sicherheit,"['Gefährder', 'Opferschutz', 'Personenbezogene Daten', 'Telekommunikationsüberwachung']",[-0.02097115  0.03558026 -0.00291593 ...  0.00748128 -0.02085333   0.00310738],"[(np.int64(33), np.float64(0.5091925380862629)), (np.int64(26), np.float64(0.48012059625326853)), (np.int64(38), np.float64(0.3742438207348097))]",33,0.5091925380862629,0.6666666666666667,2,108,1,69,1,254,254.0,1,271,1,282,,,1.0,69.0,1.0,0.0,,,,,0.0,,,,,,,,,,,,,,,,,,,0.0,,,,,,,,,,,,,,,,,,,,,,,,,,,,,,,,,,,,,,,,,,,,,,,,,,,,,,,,,,,0.0,,,,,,,,,,,,,,0.0,,,,,,,,,,,,,,,,,,,,,,,,,,,,,,,,,,,,,,,,,,-69.0,213.0,202.0,185.0,0.0,39.0,,282.0,271.0,254.0,69.0,108.0,,-11,-28,-213,-174,,-17,-202,-163,,-185,-146,,39,,
103188,1.0,7,2020-07-21 02:00:00+00:00,5005,431,0.0,1.0,0.4333333333333333,Vorlage zur Beschlussfassung (Gesetzentwurf),Justizvollzug,"['Rechtseinheit', 'Sicherungsverwahrung', 'Strafgefangener']",[-0.00334884  0.02987279  0.01381024 ... -0.00039267 -0.00883144   0.0190854 ],"[(np.int64(28), np.float64(0.3986243605554953)), (np.int64(38), np.float64(0.3838305147752771)), (np.int64(12), np.float64(0.38054934232758675))]",28,0.3986243605554953,0.6666666666666667,1,393,1,30,1,393,,1,408,2,420,431.0,,0.0,,0.0,,,,,,0.0,,,,,,,,,,,,,,,,,,,0.0,,,,,,,,,,,,,,,,,,,,,,,,,,,,,,,,,,,,,,,,,,,,,,,,,,,,,,,,,,,0.0,,,,,,,,,,,,,,0.0,,,,,,,,,,,,,,,,,,,,,,,,,,,,,,,,,,,,,,,,,,,,,,,,,,,,,,,-12,-27,-390,-27,-420.0,-15,-378,-15,-408.0,-363,0,-393.0,363,-30.0,-393.0
103057,1.0,8,2020-07-21 02:00:00+00:00,5005,287,0.0,0.6666666666666667,0.4666666666666667,Vorlage zur Beschlussfassung (Gesetzentwurf),Medizinische Berufe,"['Gesundheitswesen', 'Hygiene', 'Laufbahn']",[ 0.00590934  0.0049346  -0.00151541 ...  0.01261065 -0.01017381   0.01851999],"[(np.int64(19), np.float64(0.36205781756773137)), (np.int64(3), np.float64(0.3336222155856612)), (np.int64(26), np.float64(0.31869196757670315))]",19,0.36205781756773137,0.6666666666666667,3,99,1,30,1,267,236.0,1,275,1,287,,267.0,0.0,,0.0,,,,,,0.0,,,,,,,,,,,,,,,,,,,0.0,,,,,,,,,,,,,,,,,,,,,,,,,,,,,,,,,,,,,,,,,,,,,,,,,,,,,,,,,,,0.0,,,,,,,,,,,,,,0.0,,,,,,,,,,,,,,,,,,,,,,,,,,,,,,,,,,,,,,,,,,,,,,,,,,,,,,,-12,-20,-257,-188,-287.0,-8,-245,-176,-275.0,-237,-168,-267.0,69,-30.0,-99.0
103079,1.0,7,2020-07-23 02:00:00+00:00,5007,81,0.0,1.0,0.6666666666666667,Vorlage zur Beschlussfassung (Gesetzentwurf),Hochschulwesen,"['Forschungsfinanzierung', 'Hochschulgesetz']",[ 0.0210501   0.02316687  0.01234782 ... -0.00929027 -0.00476273  -0.00113188],"[(np.int64(13), np.float64(0.5049784156602676)), (np.int64(2), np.float64(0.4303203273001639)), (np.int64(28), np.float64(0.3812422283373501))]",13,0.5049784156602676,0.3333333333333333,2,39,1,28,1,67,67.0,1,70,1,81,,,0.0,,0.0,,,,,,0.0,,,,,,,,,,,,,,,,,,,0.0,,,,,,,,,,,,,,,,,,,,,,,,,,,,,,,,,,,,,,,,,,,,,,,,,,,,,,,,,,,0.0,,,,,,,,,,,,,,0.0,,,,,,,,,,,,,,,,,,,,,,,,,,,,,,,,,,,,,,,,,,,,,,,,,,,,,,,-11,-14,-53,-42,-81.0,-3,-42,-31,-70.0,-39,-28,-67.0,11,-28.0,-39.0
103195,1.0,7,2020-08-04 02:00:00+00:00,5019,161,0.0,1.0,0.4,Vorlage zur Beschlussfassung (Gesetzentwurf),"Informationsgesellschaft, Medien","['Gebühr', 'Medienanstalt Berlin-Brandenburg', 'Rundfunk', 'Staatsvertrag']",[-0.00619536  0.00299443 -0.00604786 ...  0.01315777  0.01793706   0.02100524],"[(np.int64(11), np.float64(0.43508144167586443)), (np.int64(28), np.float64(0.34045592163133903)), (np.int64(16), np.float64(0.3310570213168206))]",11,0.43508144167586443,1.0,1,91,1,16,1,91,,1,106,2,119,161.0,,0.0,,0.0,,,,,,0.0,,,,,,,,,,,,,,,,,,,0.0,,,,,,,,,,,,,,,,,,,,,,,,,,,,,,,,,,,,,,,,,,,,,,,,,,,,,,,,,,,0.0,,,,,,,,,,,,,,0.0,,,,,,,,,,,,,,,,,,,,,,,,,,,,,,,,,,,,,,,,,,,,,,,,,,,,,,,-13,-28,-103,-28,-119.0,-15,-90,-15,-106.0,-75,0,-91.0,75,-16.0,-91.0
103235,1.0,7,2020-08-04 02:00:00+00:00,5019,170,0.0,1.0,0.4333333333333333,Vorlage zur Beschlussfassung (Gesetzentwurf),"['Justiz', 'Gerichte und Staatsanwaltschaften']","['Gericht', 'Rechtsbereinigung', 'Staatsanwaltschaft']",[0.00664953 0.01574417 0.00141638 ... 0.01103284 0.00336949 0.02170787],"[(np.int64(28), np.float64(0.3993037960562553)), (np.int64(38), np.float64(0.39274373784913563)), (np.int64(34), np.float64(0.3635889284724984))]",28,0.3993037960562553,0.6666666666666667,2,126,1,16,1,161,161.0,1,162,1,170,,,0.0,,0.0,,,,,,0.0,,,,,,,,,,,,,,,,,,,0.0,,,,,,,,,,,,,,,,,,,,,,,,,,,,,,,,,,,,,,,,,,,,,,,,,,,,,,,,,,,0.0,,,,,,,,,,,,,,0.0,,,,,,,,,,,,,,,,,,,,,,,,,,,,,,,,,,,,,,,,,,,,,,,,,,,,,,,-8,-9,-154,-44,-170.0,-1,-146,-36,-162.0,-145,-35,-161.0,110,-16.0,-126.0
103284,1.0,7,2020-08-04 02:00:00+00:00,5019,55,0.0,0.3333333333333333,0.6666666666666667,Vorlage zur Beschlussfassung (Gesetzentwurf),Hochschulwesen,"['COVID-19', 'Epidemie', 'Hochschulpolitik', 'Hochschulprüfung', 'Hochschulzulassung', 'Studienzeit']",[ 0.0189248   0.01539844  0.01087295 ...  0.00987381 -0.00467243   0.02115817],"[(np.int64(34), np.float64(0.43188924652573313)), (np.int64(2), np.float64(0.4315327392607394)), (np.int64(28), np.float64(0.42041489159934725))]",34,0.43188924652573313,1.0,2,27,1,16,1,36,36.0,1,44,1,55,,,0.0,,0.0,,,,,,0.0,,,,,,,,,,,,,,,,,,,0.0,,,,,,,,,,,,,,,,,,,,,,,,,,,,,,,,,,,,,,,,,,,,,,,,,,,,,,,,,,,0.0,,,,,,,,,,,,,,0.0,,,,,,,,,,,,,,,,,,,,,,,,,,,,,,,,,,,,,,,,,,,,,,,,,,,,,,,-11,-19,-39,-28,-55.0,-8,-28,-17,-44.0,-20,-9,-36.0,11,-16.0,-27.0
103285,1.0,8,2020-08-04 02:00:00+00:00,5019,119,0.0,1.0,0.6666666666666667,Vorlage zur Beschlussfassung (Gesetzentwurf),"['Wissenschaft, Forschung', 'Hochschulwesen']","['Anstalt des öffentlichen Rechts', 'Informatik']",[ 0.00868855 -0.00831883 -0.00523778 ...  0.00465238  0.00536102   0.007641  ],"[(np.int64(13), np.float64(0.4775666344346913)), (np.int64(2), np.float64(0.45638315975415034)), (np.int64(28), np.float64(0.41864410278213915))]",13,0.4775666344346913,0.3333333333333333,3,55,1,16,1,98,89.0,1,106,1,119,,98.0,0.0,,0.0,,,,,,0.0,,,,,,,,,,,,,,,,,,,0.0,,,,,,,,,,,,,,,,,,,,,,,,,,,,,,,,,,,,,,,,,,,,,,,,,,,,,,,,,,,0.0,,,,,,,,,,,,,,0.0,,,,,,,,,,,,,,,,,,,,,,,,,,,,,,,,,,,,,,,,,,,,,,,,,,,,,,,-13,-21,-103,-64,-119.0,-8,-90,-51,-106.0,-82,-43,-98.0,39,-16.0,-55.0
103319,1.0,7,2020-08-11 02:00:00+00:00,5026,32,0.0,1.0,0.4333333333333333,Vorlage zur Beschlussfassung (Gesetzentwurf),Landwirtschaft,"['Brandenburg', 'Europäische Union', 'Gemeinsame Landesplanung Berlin/Brandenburg', 'Staatsvertrag']",[0.01285566 0.00761817 0.01112967 ... 0.0008072  0.01362938 0.02321161],"[(np.int64(28), np.float64(0.4437529807669792)), (np.int64(38), np.float64(0.43456150937962196)), (np.int64(34), np.float64(0.42240852276145185))]",28,0.4437529807669792,0.6666666666666667,2,22,1,9,1,22,22.0,1,23,1,32,,,0.0,,0.0,,,,,,0.0,,,,,,,,,,,,,,,,,,,0.0,,,,,,,,,,,,,,,,,,,,,,,,,,,,,,,,,,,,,,,,,,,,,,,,,,,,,,,,,,,0.0,,,,,,,,,,,,,,0.0,,,,,,,,,,,,,,,,,,,,,,,,,,,,,,,,,,,,,,,,,,,,,,,,,,,,,,,-9,-10,-23,-10,-32.0,-1,-14,-1,-23.0,-13,0,-22.0,13,-9.0,-22.0
103405,1.0,8,2020-08-11 02:00:00+00:00,5026,62,0.0,1.0,0.4,Vorlage zur Beschlussfassung (Gesetzentwurf),"Wissenschaft, Forschung","['Charité - Universitätsmedizin Berlin', 'Forschungsfinanzierung']",[ 0.02424563  0.02340958  0.01116732 ...  0.00198563 -0.0057031   0.0290231 ],"[(np.int64(2), np.float64(0.44561804152956014)), (np.int64(13), np.float64(0.43484170985483017)), (np.int64(3), np.float64(0.387367275796829))]",2,0.44561804152956014,1.0,2,34,1,23,2,34,43.0,1,51,1,62,,,0.0,,0.0,,,,,,0.0,,,,,,,,,,,,,,,,,,,0.0,,,,,,,,,,,,,,,,,,,,,,,,,,,,,,,,,,,,,,,,,,,,,,,,,,,,,,43.0,,,,,0.0,,,,,,,,,,,,,,0.0,,,,,,,,,,,,,,,,,,,,,,,,,,,,,,,,,,,,,,,,,,,,,,,,,,,,,,,-11,-28,-39,-28,-62.0,-17,-28,-17,-51.0,-11,0,-34.0,11,-23.0,-34.0
103528,1.0,8,2020-08-25 02:00:00+00:00,5040,113,0.0,1.0,0.4666666666666667,Vorlage zur Beschlussfassung (Gesetzentwurf),Ordnungsrecht,"['Öffentliche Sicherheit und Ordnung', 'Pass (Ausweis)', 'Verwaltungsverfahren', 'Zuständigkeit (Verwaltung)']",[ 1.80384628e-02  1.33508360e-02 -2.01745960e-03 ...  1.67330485e-02   6.76813215e-05  1.13333762e-02],"[(np.int64(35), np.float64(0.4229129708627201)), (np.int64(26), np.float64(0.4212987508042373)), (np.int64(31), np.float64(0.41024509401385056))]",35,0.4229129708627201,0.3333333333333333,3,68,1,9,1,98,82.0,1,106,1,113,,98.0,0.0,,0.0,,,,,,0.0,,,,,,,,,,,,,,,,,,,0.0,,,,,,,,,,,,,,,,,,,,,,,,,,,,,,,,,,,,,,,,,,,,,,,,,,,,,,,,,,,0.0,,,,,,,,,,,,,,0.0,,,,,,,,,,,,,,,,,,,,,,,,,,,,,,,,,,,,,,,,,,,,,,,,,,,,,,,-7,-15,-104,-45,-113.0,-8,-97,-38,-106.0,-89,-30,-98.0,59,-9.0,-68.0
103760,1.0,8,2020-09-01 02:00:00+00:00,5047,91,0.0,1.0,0.4333333333333333,Vorlage zur Beschlussfassung (Gesetzentwurf),"['Abgaben', 'Kommunale Angelegenheiten']","['Abfallwirtschaft', 'Berliner Stadtreinigungsbetriebe', 'Berliner Wasserbetriebe', 'Gebühr', 'Straßenreinigung']",[0.00900961 0.00737958 0.01944179 ... 0.02015308 0.00367497 0.02335386],"[(np.int64(28), np.float64(0.424810205620491)), (np.int64(38), np.float64(0.422670504438995)), (np.int64(9), np.float64(0.41502855608306594))]",28,0.424810205620491,0.6666666666666667,3,57,1,16,1,70,61.0,1,78,1,91,,70.0,0.0,,0.0,,,,,,0.0,,,,,,,,,,,,,,,,,,,0.0,,,,,,,,,,,,,,,,,,,,,,,,,,,,,,,,,,,,,,,,,,,,,,,,,,,,,,,,,,,0.0,,,,,,,,,,,,,,0.0,,,,,,,,,,,,,,,,,,,,,,,,,,,,,,,,,,,,,,,,,,,,,,,,,,,,,,,-13,-21,-75,-34,-91.0,-8,-62,-21,-78.0,-54,-13,-70.0,41,-16.0,-57.0
104011,1.0,6,2020-09-22 02:00:00+00:00,5068,70,0.0,1.0,0.4,Vorlage zur Beschlussfassung (Gesetzentwurf),Öffentlicher Dienst,"['Beamtenrecht', 'Mutterschutz', 'Personalvertretung']",[ 0.00296109 -0.00272059  0.00754552 ...  0.0099204   0.00613261   0.03270726],"[(np.int64(15), np.float64(0.34675864657194566)), (np.int64(35), np.float64(0.33818410540334587)), (np.int64(34), np.float64(0.33187238691410925))]",15,0.34675864657194566,1.0,1,49,1,9,1,49,,1,57,1,70,,,0.0,,0.0,,,,,,0.0,,,,,,,,,,,,,,,,,,,0.0,,,,,,,,,,,,,,,,,,,,,,,,,,,,,,,,,,,,,,,,,,,,,,,,,,,,,,,,,,,0.0,,,,,,,,,,,,,,0.0,,,,,,,,,,,,,,,,,,,,,,,,,,,,,,,,,,,,,,,,,,,,,,,,,,,,,,,-13,-21,-61,-21,-70.0,-8,-48,-8,-57.0,-40,0,-49.0,40,-9.0,-49.0
104012,1.0,6,2020-09-22 02:00:00+00:00,5068,70,0.0,1.0,0.4666666666666667,Vorlage zur Beschlussfassung (Gesetzentwurf),Öffentlicher Dienst,"['Beamtenrecht', 'Laufbahn']",[ 0.01117314  0.01153164  0.01045615 ... -0.00143399  0.00277835   0.02342178],"[(np.int64(35), np.float64(0.3591301640906785)), (np.int64(9), np.float64(0.33402632118353387)), (np.int64(19), np.float64(0.33031962035406315))]",35,0.3591301640906785,0.3333333333333333,1,49,1,9,1,49,,1,57,1,70,,,0.0,,0.0,,,,,,0.0,,,,,,,,,,,,,,,,,,,0.0,,,,,,,,,,,,,,,,,,,,,,,,,,,,,,,,,,,,,,,,,,,,,,,,,,,,,,,,,,,0.0,,,,,,,,,,,,,,0.0,,,,,,,,,,,,,,,,,,,,,,,,,,,,,,,,,,,,,,,,,,,,,,,,,,,,,,,-13,-21,-61,-21,-70.0,-8,-48,-8,-57.0,-40,0,-49.0,40,-9.0,-49.0
104540,1.0,6,2020-09-29 02:00:00+00:00,5075,78,0.0,0.6666666666666667,0.4666666666666667,Vorlage zur Beschlussfassung (Gesetzentwurf),"['Abgaben', 'Glücksspiel']","['Glücksspiel', 'Informations- und Kommunikationstechnik', 'Spielhalle']",[ 0.02147239 -0.000212   -0.0023891  ...  0.00309698  0.00884851  -0.00392284],"[(np.int64(19), np.float64(0.29602261932498003)), (np.int64(18), np.float64(0.28806266611907383)), (np.int64(28), np.float64(0.28024093900547936))]",19,0.29602261932498003,0.6666666666666667,1,63,1,36,1,63,,1,71,1,78,,,0.0,,0.0,,,,,,0.0,,,,,,,,,,,,,,,,,,,0.0,,,,,,,,,,,,,,,,,,,,,,,,,,,,,,,,,,,,,,,,,,,,,,,,,,,,,,,,,,,0.0,,,,,,,,,,,,,,0.0,,,,,,,,,,,,,,,,,,,,,,,,,,,,,,,,,,,,,,,,,,,,,,,,,,,,,,,-7,-15,-42,-15,-78.0,-8,-35,-8,-71.0,-27,0,-63.0,27,-36.0,-63.0
104700,1.0,6,2020-11-03 01:00:00+00:00,5110,44,0.0,0.3333333333333333,0.5666666666666667,Vorlage zur Beschlussfassung (Gesetzentwurf),Öffentlicher Dienst,"['Beamtenrecht', 'Besoldungszulage']",[ 0.01209329  0.02632069  0.02762487 ... -0.01256754  0.00068173   0.02430514],"[(np.int64(7), np.float64(0.3573803981698713)), (np.int64(16), np.float64(0.3448448162519458)), (np.int64(35), np.float64(0.3393577055401582))]",7,0.3573803981698713,0.6666666666666667,1,29,1,16,1,29,,1,37,1,44,,,0.0,,0.0,,,,,,0.0,,,,,,,,,,,,,,,,,,,0.0,,,,,,,,,,,,,,,,,,,,,,,,,,,,,,,,,,,,,,,,,,,,,,,,,,,,,,,,,,,0.0,,,,,,,,,,,,,,0.0,,,,,,,,,,,,,,,,,,,,,,,,,,,,,,,,,,,,,,,,,,,,,,,,,,,,,,,-7,-15,-28,-15,-44.0,-8,-21,-8,-37.0,-13,0,-29.0,13,-16.0,-29.0
104701,1.0,6,2020-11-03 01:00:00+00:00,5110,44,0.0,1.0,0.4666666666666667,Vorlage zur Beschlussfassung (Gesetzentwurf),Öffentlicher Dienst,"['Beamtenversorgung', 'Laufbahn']",[ 0.02249216  0.02155008  0.00894976 ...  0.00771328 -0.013248   0.03273727],"[(np.int64(35), np.float64(0.42760250043126713)), (np.int64(28), np.float64(0.4134116545803557)), (np.int64(20), np.float64(0.361978407136467))]",35,0.42760250043126713,0.3333333333333333,1,29,1,16,1,29,,1,37,1,44,,,0.0,,0.0,,,,,,0.0,,,,,,,,,,,,,,,,,,,0.0,,,,,,,,,,,,,,,,,,,,,,,,,,,,,,,,,,,,,,,,,,,,,,,,,,,,,,,,,,,0.0,,,,,,,,,,,,,,0.0,,,,,,,,,,,,,,,,,,,,,,,,,,,,,,,,,,,,,,,,,,,,,,,,,,,,,,,-7,-15,-28,-15,-44.0,-8,-21,-8,-37.0,-13,0,-29.0,13,-16.0,-29.0
104816,0.0,6,2020-11-18 01:00:00+00:00,5125,29,,0.3333333333333333,0.5333333333333333,Antrag (Gesetzentwurf),Parlament,"['Abgeordnetenhaus von Berlin', 'Landesparlament']",[ 0.00378522  0.02897549 -0.00748138 ...  0.02066285  0.00280552   0.00192972],"[(np.int64(31), np.float64(0.4012949073541987)), (np.int64(28), np.float64(0.36351603076178673)), (np.int64(38), np.float64(0.35022931949593655))]",31,0.4012949073541987,0.6666666666666667,1,21,1,1,1,21,,1,22,1,29,,,0.0,,1.0,0.0,,,,,0.0,,,,,,,,,,,,,,,,,,,0.0,,,,,,,,,,,,,,,,,,,,,,,,,,,,,,,,,,,,,,,,,,,,,,,,,,,,,,,,,,,0.0,,,,,,,,,,,,,,0.0,,,,,,,,,,,,,,,,,,,,,,,,,,,,,,,,,,,,,,,,,,,,,,,,,29.0,22.0,21.0,1.0,21.0,,-7,-8,-28,-8,,-1,-21,-1,,-20,0,,20,,
104973,1.0,7,2020-11-24 01:00:00+00:00,5131,174,0.0,1.0,0.4333333333333333,Vorlage zur Beschlussfassung (Gesetzentwurf),"['Kommunale Angelegenheiten', 'Schienenverkehr']","['Liegenschaftsverwaltung', 'Öffentlicher Personennahverkehr', 'S-Bahn', 'Verkehrsverbund Berlin-Brandenburg (VBB)']",[ 0.01921706 -0.00571073  0.00758409 ... -0.00803732 -0.00613375   0.00404888],"[(np.int64(38), np.float64(0.420547185164742)), (np.int64(9), np.float64(0.4204389990235745)), (np.int64(25), np.float64(0.37664210560231853))]",38,0.420547185164742,0.6666666666666667,2,100,1,16,1,155,155.0,1,163,1,174,,,0.0,,0.0,,,,,,0.0,,,,,,,,,,,,,,,,,,,0.0,,,,,,,,,,,,,,,,,,,,,,,,,,,,,,,,,,,,,,,,,,,,,,,,,,,,,,,,,,,0.0,,,,,,,,,,,,,,0.0,,,,,,,,,,,,,,,,,,,,,,,,,,,,,,,,,,,,,,,,,,,,,,,,,,,,,,,-11,-19,-158,-74,-174.0,-8,-147,-63,-163.0,-139,-55,-155.0,84,-16.0,-100.0
105001,1.0,8,2020-12-01 01:00:00+00:00,5138,52,0.0,1.0,0.4,Vorlage zur Beschlussfassung (Gesetzentwurf),Landesregierung,[],[ 0.00574149  0.01507509 -0.02885466 ...  0.01825499  0.00656591   0.00971636],"[(np.int64(8), np.float64(0.4275175787496952)), (np.int64(31), np.float64(0.40787703879975157)), (np.int64(28), np.float64(0.3530940663468709))]",8,0.4275175787496952,1.0,1,6,1,9,1,6,,1,44,1,52,,,1.0,44.0,0.0,,,,,,1.0,37.0,,,,,,,,,,,,,,,,,,0.0,,,,,,,,,,,,,,,,,,,,,,,,,,,,,,,,,,,,,,,,,,,,,,,,,,,,,,,,,,,0.0,,,,,,,,,,,,,,0.0,,,,,,,,,,,,,,,,,,,,,,,,,,,,,,,,,,7.0,,15.0,7.0,-31.0,-28.0,-31.0,-37.0,,8.0,0.0,-38.0,-35.0,-38.0,-44.0,,,,,,,-8,-46,-43,-46,-52.0,-38,-35,-38,-44.0,3,0,-6.0,-3,-9.0,-6.0
105156,1.0,7,2020-12-08 01:00:00+00:00,5145,197,0.0,0.6666666666666667,0.4666666666666667,Vorlage zur Beschlussfassung (Gesetzentwurf),Glücksspiel,[],[ 0.00253623 -0.01875633 -0.00131973 ... -0.0021381  -0.00501348   0.00651753],"[(np.int64(19), np.float64(0.35890079703155253)), (np.int64(34), np.float64(0.348737185777118)), (np.int64(28), np.float64(0.33691126810268857))]",19,0.35890079703155253,0.6666666666666667,1,76,1,37,1,76,,1,93,2,104,197.0,,0.0,,0.0,,,,,,0.0,,,,,,,,,,,,,,,,,,,0.0,,,,,,,,,,,,,,,,,,,,,,,,,,,,,,,,,,,,,,,,,,,,,,,,,,,,,,,,,,,0.0,,,,,,,,,,,,,,0.0,,,,,,,,,,,,,,,,,,,,,,,,,,,,,,,,,,,,,,,,,,,,,,,,,,,,,,,-11,-28,-67,-28,-104.0,-17,-56,-17,-93.0,-39,0,-76.0,39,-37.0,-76.0
105495,1.0,7,2020-12-22 01:00:00+00:00,5159,266,0.0,1.0,0.4333333333333333,Vorlage zur Beschlussfassung (Gesetzentwurf),Juristische Berufe,"['Prüfungsordnung', 'Staatsprüfung', 'Vorbereitungsdienst']",[ 0.0006876   0.00553057  0.02795017 ...  0.00056123 -0.00832558   0.01938672],"[(np.int64(28), np.float64(0.397029769306194)), (np.int64(34), np.float64(0.38432288159221617)), (np.int64(20), np.float64(0.37911170596289334))]",28,0.397029769306194,0.6666666666666667,2,239,1,23,1,246,246.0,1,254,1,266,,,0.0,,0.0,,,,,,0.0,,,,,,,,,,,,,,,,,,,0.0,,,,,,,,,,,,,,,,,,,,,,,,,,,,,,,,,,,,,,,,,,,,,,,,,,,,,,,,,,,0.0,,,,,,,,,,,,,,0.0,,,,,,,,,,,,,,,,,,,,,,,,,,,,,,,,,,,,,,,,,,,,,,,,,,,,,,,-12,-20,-243,-27,-266.0,-8,-231,-15,-254.0,-223,-7,-246.0,216,-23.0,-239.0
105524,1.0,7,2020-12-22 01:00:00+00:00,5159,71,0.0,1.0,0.4333333333333333,Vorlage zur Beschlussfassung (Gesetzentwurf),Öffentlicher Dienst,"['Beamtenrecht', 'Beamtenversorgung', 'Öffentlicher Dienst']",[-6.57703931e-05  3.60104576e-04  2.38825828e-02 ... -4.95563587e-03   5.52284706e-04  2.57931892e-02],"[(np.int64(28), np.float64(0.4201747026855741)), (np.int64(35), np.float64(0.41543836084949515)), (np.int64(9), np.float64(0.4027945127903219))]",28,0.4201747026855741,0.6666666666666667,1,29,1,23,1,29,,1,37,2,49,71.0,,0.0,,0.0,,,,,,0.0,,,,,,,,,,,,,,,,,,,0.0,,,,,,,,,,,,,,,,,,,,,,,,,,,,,,,,,,,,,,,,,,,,,,,,,,,,,,,,,,,0.0,,,,,,,,,,,,,,0.0,,,,,,,,,,,,,,,,,,,,,,,,,,,,,,,,,,,,,,,,,,,,,,,,,,,,,,,-12,-20,-26,-20,-49.0,-8,-14,-8,-37.0,-6,0,-29.0,6,-23.0,-29.0
105516,1.0,9,2020-12-22 01:00:00+00:00,5159,72,0.0,1.0,0.4333333333333333,Vorlage zur Beschlussfassung (Gesetzentwurf),"['Europapolitik', 'Berufsausbildung']","['Europäische Union', 'Kammer (Körperschaft)']",[ 0.00598388  0.01196776  0.0100029  ...  0.00863346  0.00065495  -0.00446558],"[(np.int64(28), np.float64(0.43458317071577995)), (np.int64(35), np.float64(0.40541144252881317)), (np.int64(20), np.float64(0.38324993189734174))]",28,0.43458317071577995,0.6666666666666667,4,27,1,23,1,58,34.0,1,65,1,72,,36.0,0.0,,0.0,,58.0,,,,0.0,,,,,,,,,,,,,,,,,,,0.0,,,,,,,,,,,,,,,,,,,,,,,,,,,,,,,,,,,,,,,,,,,,,,,,,,,,,,,,,,,0.0,,,,,,,,,,,,,,0.0,,,,,,,,,,,,,,,,,,,,,,,,,,,,,,,,,,,,,,,,,,,,,,,,,,,,,,,-7,-14,-49,-45,-72.0,-7,-42,-38,-65.0,-35,-31,-58.0,4,-23.0,-27.0
105523,0.0,6,2021-01-05 01:00:00+00:00,5173,35,,1.0,0.4333333333333333,Antrag (Gesetzentwurf),Abgeordnete,[],[ 0.00811693  0.02180314 -0.02950534 ...  0.00242915 -0.00162931   0.01469342],"[(np.int64(28), np.float64(0.44320737928877185)), (np.int64(38), np.float64(0.4373671761464431)), (np.int64(8), np.float64(0.4242906326736036))]",28,0.44320737928877185,0.6666666666666667,1,15,1,9,1,15,,1,23,1,35,,,0.0,,1.0,0.0,,,,,0.0,,,,,,,,,,,,,,,,,,,0.0,,,,,,,,,,,,,,,,,,,,,,,,,,,,,,,,,,,,,,,,,,,,,,,,,,,,,,,,,,,0.0,,,,,,,,,,,,,,0.0,,,,,,,,,,,,,,,,,,,,,,,,,,,,,,,,,,,,,,,,,,,,,,,,,35.0,23.0,15.0,9.0,15.0,,-12,-20,-26,-20,,-8,-14,-8,,-6,0,,6,,
105519,1.0,11,2021-01-06 01:00:00+00:00,5174,233,0.0,0.3333333333333333,0.5333333333333333,Vorlage zur Beschlussfassung (Gesetzentwurf),"['Öffentliche Verwaltung', 'Landesregierung']","['Öffentliche Sicherheit und Ordnung', 'Verwaltungsreform', 'Zuständigkeit (Verwaltung)']",[-0.00572595  0.02916103 -0.01522985 ...  0.00731977 -0.00566692   0.00469292],"[(np.int64(31), np.float64(0.43823696679923607)), (np.int64(8), np.float64(0.38253182882041803)), (np.int64(26), np.float64(0.35447093124482226))]",31,0.43823696679923607,0.6666666666666667,5,21,1,8,1,154,47.0,1,162,1,233,,131.0,0.0,,0.0,,140.0,154.0,,,0.0,,,,,,,,,,,,,,,,,,,0.0,,,,,,,,,,,,,,,,,,,,,,,,,,,,,,,,,,,,,,,,,,,,,,,,,,,,,,,,,,,0.0,,,,,,,,,,,,,,1.0,225.0,,,,,,,,8.0,-63.0,-71.0,-217.0,-204.0,-225.0,,,,,,,,,,,,,,,,,,,,,,,,,,,,,,,,,,,,,,,,,-71,-79,-225,-212,-233.0,-8,-154,-141,-162.0,-146,-133,-154.0,13,-8.0,-21.0
105514,0.0,7,2021-01-06 01:00:00+00:00,5174,26,,0.3333333333333333,0.5333333333333333,Antrag (Gesetzentwurf),"['Gesundheitsschutz', 'Parlament']","['Landesparlament', 'Parlamentarische Kontrolle']",[0.01665664 0.03307534 0.0062165  ... 0.02391418 0.01808436 0.00124181],"[(np.int64(31), np.float64(0.4559935816395347)), (np.int64(28), np.float64(0.45565885051884986)), (np.int64(26), np.float64(0.4449846710981515))]",31,0.4559935816395347,0.6666666666666667,1,7,1,1,1,7,,1,8,1,26,,,1.0,0.0,1.0,0.0,,,,,0.0,,,,,,,,,,,,,,,,,,,0.0,,,,,,,,,,,,,,,,,,,,,,,,,,,,,,,,,,,,,,,,,,,,,,,,,,,,,,,,,,,0.0,,,,,,,,,,,,,,0.0,,,,,,,,,,,,,,,,,,,,,,,,,,,,,,,,,,,,,,,,,,0.0,26.0,8.0,7.0,1.0,7.0,,26.0,8.0,7.0,1.0,7.0,,-18,-19,-25,-19,,-1,-7,-1,,-6,0,,6,,
105654,1.0,6,2021-01-13 01:00:00+00:00,5181,83,0.0,0.6666666666666667,0.4666666666666667,Vorlage zur Beschlussfassung (Gesetzentwurf),Technologie,"['Europäische Union', 'Rechtsbereinigung', 'Technologietransfer']",[ 0.01760539 -0.00751163 -0.00077024 ...  0.00589781 -0.0072769   0.00636728],"[(np.int64(19), np.float64(0.30992253309492884)), (np.int64(28), np.float64(0.3001282569141212)), (np.int64(37), np.float64(0.29542770455618633))]",19,0.30992253309492884,0.6666666666666667,1,50,1,15,1,50,,1,71,1,83,,,0.0,,0.0,,,,,,0.0,,,,,,,,,,,,,,,,,,,0.0,,,,,,,,,,,,,,,,,,,,,,,,,,,,,,,,,,,,,,,,,,,,,,,,,,,,,,,,,,,0.0,,,,,,,,,,,,,,0.0,,,,,,,,,,,,,,,,,,,,,,,,,,,,,,,,,,,,,,,,,,,,,,,,,,,,,,,-12,-33,-68,-33,-83.0,-21,-56,-21,-71.0,-35,0,-50.0,35,-15.0,-50.0
105674,1.0,8,2021-01-20 01:00:00+00:00,5188,43,0.0,1.0,0.6666666666666667,Vorlage zur Beschlussfassung (Gesetzentwurf),Gesundheitseinrichtungen,[],[ 0.00113197  0.01811157  0.01972424 ...  0.00697792 -0.0169951   0.01159885],"[(np.int64(3), np.float64(0.45746176958222873)), (np.int64(2), np.float64(0.40942607492902805)), (np.int64(34), np.float64(0.4077806326804908))]",3,0.45746176958222873,0.3333333333333333,3,19,1,8,1,33,26.0,1,36,1,43,,33.0,0.0,,0.0,,,,,,0.0,,,,,,,,,,,,,,,,,,,0.0,,,,,,,,,,,,,,,,,,,,,,,,,,,,,,,,,,,,,,,,,,,,,,,,,,,,,,,,,,,0.0,,,,,,,,,,,,,,0.0,,,,,,,,,,,,,,,,,,,,,,,,,,,,,,,,,,,,,,,,,,,,,,,,,,,,,,,-7,-10,-35,-24,-43.0,-3,-28,-17,-36.0,-25,-14,-33.0,11,-8.0,-19.0
105958,1.0,9,2021-01-26 01:00:00+00:00,5194,132,0.0,1.0,0.4333333333333333,Vorlage zur Beschlussfassung (Gesetzentwurf),Finanzmarkt,[],[-0.00565966 -0.00610182  0.0159178  ...  0.01361856 -0.01202678   0.01544616],"[(np.int64(28), np.float64(0.4379917881891288)), (np.int64(38), np.float64(0.4112209785018856)), (np.int64(34), np.float64(0.3878408738030608))]",28,0.4379917881891288,0.6666666666666667,4,55,1,30,1,106,83.0,1,114,1,132,,92.0,0.0,,0.0,,106.0,,,,0.0,,,,,,,,,,,,,,,,,,,0.0,,,,,,,,,,,,,,,,,,,,,,,,,,,,,,,,,,,,,,,,,,,,,,,,,,,,,,,,,,,0.0,,,,,,,,,,,,,,0.0,,,,,,,,,,,,,,,,,,,,,,,,,,,,,,,,,,,,,,,,,,,,,,,,,,,,,,,-18,-26,-102,-77,-132.0,-8,-84,-59,-114.0,-76,-51,-106.0,25,-30.0,-55.0
105722,0.0,6,2021-01-27 01:00:00+00:00,5195,27,,1.0,0.4,Antrag (Gesetzentwurf),"['Landesregierung', 'Wahlen']","['Abgeordnetenhaus von Berlin', 'Bezirksverordnetenversammlung', 'Epidemie']",[ 0.03010534  0.01540825 -0.02749779 ...  0.00592625 -0.00417801   0.00580772],"[(np.int64(8), np.float64(0.4737450409508795)), (np.int64(30), np.float64(0.4319569344802101)), (np.int64(38), np.float64(0.40398833911392046))]",8,0.4737450409508795,1.0,1,12,1,1,1,12,,1,15,1,27,,,0.0,,1.0,0.0,,,,,0.0,,,,,,,,,,,,,,,,,,,0.0,,,,,,,,,,,,,,,,,,,,,,,,,,,,,,,,,,,,,,,,,,,,,,,,,,,,,,,,,,,0.0,,,,,,,,,,,,,,0.0,,,,,,,,,,,,,,,,,,,,,,,,,,,,,,,,,,,,,,,,,,,,,,,,,27.0,15.0,12.0,1.0,12.0,,-12,-15,-26,-15,,-3,-14,-3,,-11,0,,11,,
105945,1.0,8,2021-02-09 01:00:00+00:00,5208,23,0.0,0.3333333333333333,0.4666666666666667,Vorlage zur Beschlussfassung (Gesetzentwurf),Schulen,"['COVID-19', 'Epidemie', 'Gesundheitsvorsorge', 'Prüfung', 'Schulabschluss', 'Schulische Ausbildung', 'Schulrecht', 'Unterricht']",[1.53015517e-02 2.68073697e-02 2.90610865e-02 ... 6.57951896e-05  8.18455126e-03 1.31071433e-02],"[(np.int64(10), np.float64(0.3759905896611734)), (np.int64(24), np.float64(0.36562995447956087)), (np.int64(27), np.float64(0.35629388521073285))]",10,0.3759905896611734,1.0,1,9,1,2,1,9,,1,16,1,23,,,2.0,14.0,0.0,,,,16.0,,0.0,,,,,,,,,,,,,,,,,,,0.0,,,,,,,,,,,,,,,,,,,,,,,,,,,,,,,,,,,,,,,,,,,,,,,,,,,,,,,,,,,0.0,,,,,,,,,,,,,,0.0,,,,,,,,,,,,,,,,,,,,,,,,,,,,,,,,,,,,,,,,,,,9.0,2.0,-5.0,-12.0,-5.0,-14.0,,,,,,,-7,-14,-21,-14,-23.0,-7,-14,-7,-16.0,-7,0,-9.0,7,-2.0,-9.0
106100,0.0,6,2021-02-16 01:00:00+00:00,5215,49,,1.0,0.6666666666666667,Antrag (Gesetzentwurf),Hochschulwesen,[],[ 0.02686346 -0.00192305  0.00315084 ... -0.01331339  0.00116862   0.01479265],"[(np.int64(13), np.float64(0.4353783637501119)), (np.int64(28), np.float64(0.4145991044931417)), (np.int64(34), np.float64(0.3927098625027387))]",13,0.4353783637501119,0.3333333333333333,1,34,1,9,1,34,,1,37,1,49,,,0.0,,1.0,0.0,,,,,0.0,,,,,,,,,,,,,,,,,,,0.0,,,,,,,,,,,,,,,,,,,,,,,,,,,,,,,,,,,,,,,,,,,,,,,,,,,,,,,,,,,0.0,,,,,,,,,,,,,,0.0,,,,,,,,,,,,,,,,,,,,,,,,,,,,,,,,,,,,,,,,,,,,,,,,,49.0,37.0,34.0,9.0,34.0,,-12,-15,-40,-15,,-3,-28,-3,,-25,0,,25,,
106139,1.0,8,2021-02-16 01:00:00+00:00,5215,77,0.0,1.0,0.4333333333333333,Vorlage zur Beschlussfassung (Gesetzentwurf),"['Menschen mit Behinderungen', 'Alte Menschen']","['Altenpflege', 'Behinderter', 'Diskriminierung', 'Häusliche Pflege', 'Mitwirkung', 'Wohngemeinschaft']",[-0.00119149  0.02156593  0.0148936  ...  0.02823826  0.00959148   0.02502125],"[(np.int64(38), np.float64(0.38792910006877956)), (np.int64(4), np.float64(0.36601003040408264)), (np.int64(19), np.float64(0.36128496434371915))]",38,0.38792910006877956,0.6666666666666667,3,16,1,9,1,57,27.0,1,65,1,77,,57.0,0.0,,0.0,,,,,,0.0,,,,,,,,,,,,,,,,,,,0.0,,,,,,,,,,,,,,,,,,,,,,,,,,,,,,,,,,,,,,,,,,,,,,,,,,,,,,,,,,,0.0,,,,,,,,,,,,,,0.0,,,,,,,,,,,,,,,,,,,,,,,,,,,,,,,,,,,,,,,,,,,,,,,,,,,,,,,-12,-20,-68,-61,-77.0,-8,-56,-49,-65.0,-48,-41,-57.0,7,-9.0,-16.0
106713,1.0,7,2021-02-22 01:00:00+00:00,5221,71,22.0,0.3333333333333333,0.6666666666666667,Vorlage zur Beschlussfassung (Gesetzentwurf),Hochschulwesen,"['COVID-19', 'Epidemie', 'Hochschulprüfung', 'Studienzeit']",[0.02375367 0.02895348 0.00688384 ... 0.00768154 0.00735655 0.03013526],"[(np.int64(34), np.float64(0.3656461117188182)), (np.int64(2), np.float64(0.34594874122553954)), (np.int64(12), np.float64(0.33019655655706065))]",34,0.3656461117188182,1.0,1,56,1,31,1,56,,1,59,1,71,,,1.0,0.0,0.0,,,,,,0.0,,,,,,,,,,,,,,,,,,,0.0,,,,,,,,,,,,,,,,,,,,,,,,,,,,,,,,,,,,,,,,,,,,,,,,,,,,,,,,,,,0.0,,,,,,,,,,,,,,0.0,,,,,,,,,,,,,,,,,,,,,,,,,,,,,,,,,,,,,,,,,,,71.0,59.0,56.0,31.0,56.0,22.0,,,,,,,-12,-15,-40,-15,-49.0,-3,-28,-3,-37.0,-25,0,-34.0,25,-9.0,-34.0
106315,1.0,7,2021-02-23 01:00:00+00:00,5222,112,0.0,0.6666666666666667,0.4666666666666667,Vorlage zur Beschlussfassung (Gesetzentwurf),"Kunst, Kultur","['Literatur', 'Medien', 'Publikation']",[ 0.00455753 -0.00417774 -0.00281924 ...  0.00619357 -0.00108826   0.02009988],"[(np.int64(19), np.float64(0.3668541656175777)), (np.int64(28), np.float64(0.33795490454436544)), (np.int64(34), np.float64(0.33687515628636405))]",19,0.3668541656175777,0.6666666666666667,2,76,1,16,1,92,92.0,1,100,1,112,,,0.0,,0.0,,,,,,0.0,,,,,,,,,,,,,,,,,,,0.0,,,,,,,,,,,,,,,,,,,,,,,,,,,,,,,,,,,,,,,,,,,,,,,,,,,,,,,,,,,0.0,,,,,,,,,,,,,,0.0,,,,,,,,,,,,,,,,,,,,,,,,,,,,,,,,,,,,,,,,,,,,,,,,,,,,,,,-12,-20,-96,-36,-112.0,-8,-84,-24,-100.0,-76,-16,-92.0,60,-16.0,-76.0
106260,0.0,6,2021-02-24 01:00:00+00:00,5223,41,,1.0,0.4333333333333333,Antrag (Gesetzentwurf),Öffentliche Verwaltung,"['COVID-19', 'Epidemie', 'Landesverwaltung']",[0.0073744  0.01863005 0.01038984 ... 0.0122409  0.01015099 0.02352641],"[(np.int64(28), np.float64(0.43276559002857207)), (np.int64(38), np.float64(0.42068789222340164)), (np.int64(35), np.float64(0.41804316819904275))]",28,0.43276559002857207,0.6666666666666667,1,21,1,1,1,21,,1,29,1,41,,,0.0,,1.0,0.0,,,,,0.0,,,,,,,,,,,,,,,,,,,0.0,,,,,,,,,,,,,,,,,,,,,,,,,,,,,,,,,,,,,,,,,,,,,,,,,,,,,,,,,,,0.0,,,,,,,,,,,,,,0.0,,,,,,,,,,,,,,,,,,,,,,,,,,,,,,,,,,,,,,,,,,,,,,,,,41.0,29.0,21.0,1.0,21.0,,-12,-20,-40,-20,,-8,-28,-8,,-20,0,,20,,
106425,1.0,11,2021-03-02 01:00:00+00:00,5229,125,0.0,1.0,0.4333333333333333,Vorlage zur Beschlussfassung (Gesetzentwurf),Erneuerbare Energien,"['Energieerzeugung', 'Erneuerbare Energie']",[-0.01795699  0.00165393  0.02457272 ...  0.02539968  0.01305426   0.00655666],"[(np.int64(28), np.float64(0.4839339151218775)), (np.int64(38), np.float64(0.45350489102737074)), (np.int64(34), np.float64(0.4473124545711088))]",28,0.4839339151218775,0.6666666666666667,5,48,1,9,1,99,78.0,1,107,1,125,,86.0,1.0,84.0,0.0,,97.0,99.0,,,0.0,,,,,,,,,,,,,,,,,,,0.0,,,,,,,,,,,,,,,,,,,,,,,,,,,,,,,,,,,,,,,,,,,,,,,,,,,,,,,,,,,0.0,,,,,,,,,,,,,,0.0,,,,,,,,,,,,,,,,,,,,,,,,,,,,,,,,,,,,,,,,,,,41.0,23.0,15.0,-75.0,-36.0,-84.0,,,,,,,-18,-26,-116,-77,-125.0,-8,-98,-59,-107.0,-90,-51,-99.0,39,-9.0,-48.0
106719,1.0,7,2021-03-09 01:00:00+00:00,5236,90,0.0,1.0,0.4333333333333333,Vorlage zur Beschlussfassung (Gesetzentwurf),Katastrophen- und Zivilschutz,[],[-0.00088367  0.01968673 -0.01091719 ...  0.01342277  0.0118717   0.005041  ],"[(np.int64(28), np.float64(0.41566599364832213)), (np.int64(12), np.float64(0.40382289548699757)), (np.int64(38), np.float64(0.3832985728479136))]",28,0.41566599364832213,0.6666666666666667,2,41,1,16,1,55,55.0,1,72,1,90,,,0.0,,0.0,,,,,,0.0,,,,,,,,,,,,,,,,,,,0.0,,,,,,,,,,,,,,,,,,,,,,,,,,,,,,,,,,,,,,,,,,,,,,,,,,,,,,,,,,,0.0,,,,,,,,,,,,,,0.0,,,,,,,,,,,,,,,,,,,,,,,,,,,,,,,,,,,,,,,,,,,,,,,,,,,,,,,-18,-35,-74,-49,-90.0,-17,-56,-31,-72.0,-39,-14,-55.0,25,-16.0,-41.0
106680,0.0,8,2021-03-15 01:00:00+00:00,5242,196,,1.0,0.4333333333333333,Antrag (Gesetzentwurf),Öffentliche Verwaltung,"['Digitalisierung', 'Elektronische Aktenführung', 'Elektronische Signatur', 'Informations- und Kommunikationstechnik', 'Landesverwaltung']",[ 0.01662152 -0.01510496 -0.01486231 ...  0.01079793  0.01061594   0.01195051],"[(np.int64(28), np.float64(0.3985756296953812)), (np.int64(35), np.float64(0.3804130641351139)), (np.int64(31), np.float64(0.3596093130869606))]",28,0.3985756296953812,0.6666666666666667,2,91,1,10,1,177,177.0,1,185,1,196,,,1.0,184.0,1.0,0.0,,,,,0.0,,,,,,,,,,,,,,,,,,,0.0,,,,,,,,,,,,,,,,,,,,,,,,,,,,,,,,,,,,,,,,,,,,,,,,,,,,,,,,,,,0.0,,,,,,,,,,,,,,0.0,,,,,,,,,,,,,,,,,,,,,,,,,,,,,,,,,,,,,,,,,,-184.0,12.0,1.0,-7.0,-174.0,-93.0,,196.0,185.0,177.0,10.0,91.0,,-11,-19,-186,-105,,-8,-175,-94,,-167,-86,,81,,
106708,0.0,7,2021-03-16 01:00:00+00:00,5243,182,,1.0,0.4333333333333333,Antrag (Gesetzentwurf),Gerichte und Staatsanwaltschaften,[],[ 0.00189472 -0.00528759  0.01551026 ...  0.0089889  -0.00705012   0.00793138],"[(np.int64(28), np.float64(0.4056994626575693)), (np.int64(26), np.float64(0.3903310669998821)), (np.int64(31), np.float64(0.38384967757494537))]",28,0.4056994626575693,0.6666666666666667,2,78,1,9,1,155,155.0,1,170,1,182,,,0.0,,1.0,0.0,,,,,0.0,,,,,,,,,,,,,,,,,,,0.0,,,,,,,,,,,,,,,,,,,,,,,,,,,,,,,,,,,,,,,,,,,,,,,,,,,,,,,,,,,0.0,,,,,,,,,,,,,,0.0,,,,,,,,,,,,,,,,,,,,,,,,,,,,,,,,,,,,,,,,,,,,,,,,,182.0,170.0,155.0,9.0,78.0,,-12,-27,-173,-104,,-15,-161,-92,,-146,-77,,69,,
106810,0.0,6,2021-03-23 01:00:00+00:00,5250,42,,0.3333333333333333,0.4666666666666667,Antrag (Gesetzentwurf),"['Wahlen', 'Landesregierung']","['Abgeordnetenhaus von Berlin', 'Bezirksverordnetenversammlung', 'Epidemie']",[ 2.48919968e-02  1.11483112e-02 -1.56902168e-02 ...  8.31699371e-03  -7.60916481e-03 -6.03682529e-05],"[(np.int64(30), np.float64(0.4395048342067701)), (np.int64(8), np.float64(0.4250729819797362)), (np.int64(38), np.float64(0.413537486951537))]",30,0.4395048342067701,1.0,1,1,1,2,1,1,,1,30,1,42,,,0.0,,1.0,0.0,,,,,0.0,,,,,,,,,,,,,,,,,,,0.0,,,,,,,,,,,,,,,,,,,,,,,,,,,,,,,,,,,,,,,,,,,,,,,,,,,,,,,,,,,0.0,,,,,,,,,,,,,,0.0,,,,,,,,,,,,,,,,,,,,,,,,,,,,,,,,,,,,,,,,,,,,,,,,,42.0,30.0,1.0,2.0,1.0,,-12,-41,-40,-41,,-29,-28,-29,,1,0,,-1,,
107205,1.0,10,2021-03-23 01:00:00+00:00,5250,157,0.0,0.3333333333333333,0.6666666666666667,Vorlage zur Beschlussfassung (Gesetzentwurf),Versorgung,"['Katastrophenschutz', 'Notruf', 'Rettungswesen', 'Zivilschutz']",[-0.00880955  0.02154768  0.0101786  ...  0.00779764  0.0086905   0.01422623],"[(np.int64(12), np.float64(0.4515270801556588)), (np.int64(28), np.float64(0.4010554706204823)), (np.int64(38), np.float64(0.39332621263386086))]",12,0.4515270801556588,1.0,5,48,1,44,1,141,57.0,1,149,1,157,,76.0,0.0,,0.0,,83.0,141.0,,,0.0,,,,,,,,,,,,,,,,,,,0.0,,,,,,,,,,,,,,,,,,,,,,,,,,,,,,,,,,,,,,,,,,,,,,,,,,,,,,,,,,,0.0,,,,,,,,,,,,,,0.0,,,,,,,,,,,,,,,,,,,,,,,,,,,,,,,,,,,,,,,,,,,,,,,,,,,,,,,-8,-16,-113,-109,-157.0,-8,-105,-101,-149.0,-97,-93,-141.0,4,-44.0,-48.0
106872,0.0,7,2021-03-25 01:00:00+00:00,5252,53,,1.0,0.4333333333333333,Antrag (Gesetzentwurf),"['Europäische Union', 'Staatsaufbau']",[],[ 0.01283961  0.03114795  0.02080492 ...  0.00621176 -0.00294241   0.02579811],"[(np.int64(28), np.float64(0.47374870808094127)), (np.int64(12), np.float64(0.45968201361253674)), (np.int64(38), np.float64(0.45381994898621314))]",28,0.47374870808094127,0.6666666666666667,2,27,1,28,1,41,41.0,1,42,1,53,,,0.0,,1.0,0.0,,,,,0.0,,,,,,,,,,,,,,,,,,,0.0,,,,,,,,,,,,,,,,,,,,,,,,,,,,,,,,,,,,,,,,,,,,,,,,,,,,,,,,,,,0.0,,,,,,,,,,,,,,0.0,,,,,,,,,,,,,,,,,,,,,,,,,,,,,,,,,,,,,,,,,,,,,,,,,53.0,42.0,41.0,28.0,27.0,,-11,-12,-25,-26,,-1,-14,-15,,-13,-14,,-1,,
107034,1.0,10,2021-03-31 02:00:00+00:00,5258,68,0.0,1.0,0.4333333333333333,Vorlage zur Beschlussfassung (Gesetzentwurf),Erwachsenenbildung,"['Berliner Landeszentrale für politische Bildung (LZ)', 'Bildung', 'Bildungspolitik', 'Landesverwaltung', 'Schule', 'Volkshochschule', 'Weiterbildung']",[ 0.0078717   0.00712058  0.00718067 ... -0.00570848 -0.00859277   0.00325985],"[(np.int64(28), np.float64(0.46344488762870406)), (np.int64(34), np.float64(0.44558633601400865)), (np.int64(12), np.float64(0.4384605251717472))]",28,0.46344488762870406,0.6666666666666667,3,15,1,22,2,29,29.0,1,50,1,68,,42.0,0.0,,0.0,,,,,,1.0,36.0,,,,,,,,,,,,,,,,,,0.0,,,,,,,,,,,,,,,,,,,,,,,,,,,,,,,,,,,,,,,,,,,,,,,,,,,,,,42.0,,,,,0.0,,,,,,,,,,,,,,0.0,,,,,,,,,,,,,,,,,,,,,,,,,,,,,,,,,,,,32.0,14.0,-7.0,-14.0,-21.0,-36.0,,,,,,,,,,,,,,-18,-39,-46,-53,-68.0,-21,-28,-35,-50.0,-7,-14,-29.0,-7,-22.0,-15.0
107121,1.0,11,2021-04-13 02:00:00+00:00,5271,136,0.0,1.0,0.4333333333333333,Vorlage zur Beschlussfassung (Gesetzentwurf),Energie,"['Energieeinsparung', 'Klimaschutz', 'Kraftwerk', 'Zuständigkeit (Verwaltung)']",[-0.01509706 -0.00378918  0.00560918 ...  0.0141423  -0.00341623  -0.00204377],"[(np.int64(28), np.float64(0.439170426517676)), (np.int64(38), np.float64(0.43675978928989756)), (np.int64(31), np.float64(0.43629560740409973))]",28,0.439170426517676,0.6666666666666667,6,16,1,9,1,120,34.0,1,128,1,136,,55.0,0.0,,0.0,,57.0,118.0,,,0.0,,120.0,,,,,,,,,,,,,,,,,0.0,,,,,,,,,,,,,,,,,,,,,,,,,,,,,,,,,,,,,,,,,,,,,,,,,,,,,,,,,,,0.0,,,,,,,,,,,,,,0.0,,,,,,,,,,,,,,,,,,,,,,,,,,,,,,,,,,,,,,,,,,,,,,,,,,,,,,,-8,-16,-127,-120,-136.0,-8,-119,-112,-128.0,-111,-104,-120.0,7,-9.0,-16.0
107093,0.0,8,2021-04-13 02:00:00+00:00,5271,83,,0.3333333333333333,0.6666666666666667,Antrag (Gesetzentwurf),"['Parlament', 'Kommunale Angelegenheiten']","['Abgeordnetenhaus von Berlin', 'Auskunfterteilung', 'Dokumentationseinrichtung']",[ 0.00929854 -0.00096243 -0.01717564 ...  0.01379974 -0.00852859   0.02049231],"[(np.int64(34), np.float64(0.36945738005958967)), (np.int64(38), np.float64(0.36521627939918244)), (np.int64(30), np.float64(0.36142620819709437))]",34,0.36945738005958967,1.0,3,34,1,9,1,57,36.0,1,65,1,83,,57.0,0.0,,1.0,0.0,,,,,0.0,,,,,,,,,,,,,,,,,,,0.0,,,,,,,,,,,,,,,,,,,,,,,,,,,,,,,,,,,,,,,,,,,,,,,,,,,,,,,,,,,0.0,,,,,,,,,,,,,,0.0,,,,,,,,,,,,,,,,,,,,,,,,,,,,,,,,,,,,,,,,,,,,,,,,,83.0,65.0,57.0,9.0,34.0,,-18,-26,-74,-49,,-8,-56,-31,,-48,-23,,25,,
107204,1.0,9,2021-04-20 02:00:00+00:00,5278,129,0.0,0.3333333333333333,0.5666666666666667,Vorlage zur Beschlussfassung (Gesetzentwurf),Lebensgemeinschaften,[],[ 0.01106996  0.02767489  0.00794917 ...  0.00041402 -0.02908808   0.02237545],"[(np.int64(22), np.float64(0.39734242040299456)), (np.int64(30), np.float64(0.3286094745368555)), (np.int64(19), np.float64(0.3150759755513409))]",22,0.39734242040299456,1.0,3,9,1,2,1,113,37.0,1,121,1,129,,113.0,1.0,119.0,0.0,,,,,,0.0,,,,,,,,,,,,,,,,,,,0.0,,,,,,,,,,,,,,,,,,,,,,,,,,,,,,,,,,,,,,,,,,,,,,,,,,,,,,,,,,,0.0,,,,,,,,,,,,,,0.0,,,,,,,,,,,,,,,,,,,,,,,,,,,,,,,,,,,,,,,,,,,10.0,2.0,-6.0,-117.0,-110.0,-119.0,,,,,,,-8,-16,-127,-120,-129.0,-8,-119,-112,-121.0,-111,-104,-113.0,7,-2.0,-9.0
107314,1.0,6,2021-04-27 02:00:00+00:00,5285,69,0.0,0.3333333333333333,0.6666666666666667,Vorlage zur Beschlussfassung (Gesetzentwurf),Erwachsenenbildung,"['Arbeitszeit', 'Bildungsurlaub', 'Personalplanung', 'Weiterbildung']",[0.0070719  0.00721862 0.03216101 ... 0.01079859 0.00302243 0.02265356],"[(np.int64(34), np.float64(0.46511835970285387)), (np.int64(28), np.float64(0.40485172871693487)), (np.int64(12), np.float64(0.39332701726305297))]",34,0.46511835970285387,1.0,1,44,1,9,1,44,,1,51,1,69,,,0.0,,0.0,,,,,,0.0,,,,,,,,,,,,,,,,,,,0.0,,,,,,,,,,,,,,,,,,,,,,,,,,,,,,,,,,,,,,,,,,,,,,,,,,,,,,,,,,,0.0,,,,,,,,,,,,,,0.0,,,,,,,,,,,,,,,,,,,,,,,,,,,,,,,,,,,,,,,,,,,,,,,,,,,,,,,-18,-25,-60,-25,-69.0,-7,-42,-7,-51.0,-35,0,-44.0,35,-9.0,-44.0
107319,1.0,7,2021-04-27 02:00:00+00:00,5285,69,0.0,1.0,0.4666666666666667,Vorlage zur Beschlussfassung (Gesetzentwurf),"['Ausländer, Migranten', 'Öffentliche Verwaltung']","['Arbeitsförderung', 'Ausländerintegration', 'Bildungspolitik', 'Frauenförderung', 'Öffentlicher Dienst']",[0.02123831 0.02690991 0.01146386 ... 0.00796437 0.00057696 0.02654789],"[(np.int64(35), np.float64(0.5460631101956257)), (np.int64(12), np.float64(0.5008893873500417)), (np.int64(20), np.float64(0.4822740029526402))]",35,0.5460631101956257,0.3333333333333333,2,30,1,9,1,43,43.0,1,51,1,69,,,0.0,,0.0,,,,,,0.0,,,,,,,,,,,,,,,,,,,0.0,,,,,,,,,,,,,,,,,,,,,,,,,,,,,,,,,,,,,,,,,,,,,,,,,,,,,,,,,,,0.0,,,,,,,,,,,,,,0.0,,,,,,,,,,,,,,,,,,,,,,,,,,,,,,,,,,,,,,,,,,,,,,,,,,,,,,,-18,-26,-60,-39,-69.0,-8,-42,-21,-51.0,-34,-13,-43.0,21,-9.0,-30.0
107473,1.0,6,2021-05-03 02:00:00+00:00,5291,63,0.0,1.0,0.4333333333333333,Vorlage zur Beschlussfassung (Gesetzentwurf),Schifffahrt,"['Staatsvertrag', 'Wasserfahrzeug', 'Zuständigkeit (Verwaltung)']",[ 0.01284819 -0.03957     0.00079547 ...  0.0089877  -0.01290851   0.02448997],"[(np.int64(28), np.float64(0.4108709026804126)), (np.int64(31), np.float64(0.39432619157445814)), (np.int64(12), np.float64(0.3898514560603627))]",28,0.4108709026804126,0.6666666666666667,1,30,1,17,1,30,,1,45,1,63,,,0.0,,0.0,,,,,,0.0,,,,,,,,,,,,,,,,,,,0.0,,,,,,,,,,,,,,,,,,,,,,,,,,,,,,,,,,,,,,,,,,,,,,,,,,,,,,,,,,,0.0,,,,,,,,,,,,,,0.0,,,,,,,,,,,,,,,,,,,,,,,,,,,,,,,,,,,,,,,,,,,,,,,,,,,,,,,-18,-33,-46,-33,-63.0,-15,-28,-15,-45.0,-13,0,-30.0,13,-17.0,-30.0
107472,1.0,6,2021-05-04 02:00:00+00:00,5292,146,0.0,1.0,0.4333333333333333,Vorlage zur Beschlussfassung (Gesetzentwurf),"['Kinder, Jugendliche', 'Justizvollzug']",[],[ 0.01573363  0.02768172  0.02803661 ...  0.00541213 -0.0015083   0.02992938],"[(np.int64(28), np.float64(0.4901144094888444)), (np.int64(12), np.float64(0.46934766096014313)), (np.int64(34), np.float64(0.45023229950089283))]",28,0.4901144094888444,0.6666666666666667,1,120,1,16,1,120,,1,135,1,146,,,0.0,,0.0,,,,,,0.0,,,,,,,,,,,,,,,,,,,0.0,,,,,,,,,,,,,,,,,,,,,,,,,,,,,,,,,,,,,,,,,,,,,,,,,,,,,,,,,,,0.0,,,,,,,,,,,,,,0.0,,,,,,,,,,,,,,,,,,,,,,,,,,,,,,,,,,,,,,,,,,,,,,,,,,,,,,,-11,-26,-130,-26,-146.0,-15,-119,-15,-135.0,-104,0,-120.0,104,-16.0,-120.0
107605,1.0,9,2021-05-11 02:00:00+00:00,5299,139,0.0,1.0,0.4333333333333333,Vorlage zur Beschlussfassung (Gesetzentwurf),Wohnungswesen,[],[-0.00076924  0.01885196  0.00444282 ...  0.00417265  0.00465295  -0.0007805 ],"[(np.int64(38), np.float64(0.4939779171291583)), (np.int64(18), np.float64(0.4181277166879574)), (np.int64(4), np.float64(0.4167006403553272))]",38,0.4939779171291583,0.6666666666666667,3,36,1,23,1,113,36.0,1,128,1,139,,113.0,1.0,112.0,0.0,,,,,,0.0,,,,,,,,,,,,,,,,,,,0.0,,,,,,,,,,,,,,,,,,,,,,,,,,,,,,,,,,,,,,,,,,,,,,,,,,,,,,,,,,,0.0,,,,,,,,,,,,,,0.0,,,,,,,,,,,,,,,,,,,,,,,,,,,,,,,,,,,,,,,,,,,27.0,16.0,1.0,-89.0,-76.0,-112.0,,,,,,,-11,-26,-116,-103,-139.0,-15,-105,-92,-128.0,-90,-77,-113.0,13,-23.0,-36.0
107673,1.0,6,2021-05-20 02:00:00+00:00,5308,34,0.0,1.0,0.4333333333333333,Vorlage zur Beschlussfassung (Gesetzentwurf),Öffentlicher Dienst,"['Besoldung', 'Richter', 'Staatsanwaltschaft']",[0.00868965 0.01440173 0.01312562 ... 0.02078224 0.00261297 0.01349022],"[(np.int64(28), np.float64(0.4404862024339285)), (np.int64(7), np.float64(0.42186105746578473)), (np.int64(35), np.float64(0.4095687676258629))]",28,0.4404862024339285,0.6666666666666667,1,20,1,14,1,20,,1,28,1,34,,,0.0,,0.0,,,,,,0.0,,,,,,,,,,,,,,,,,,,0.0,,,,,,,,,,,,,,,,,,,,,,,,,,,,,,,,,,,,,,,,,,,,,,,,,,,,,,,,,,,0.0,,,,,,,,,,,,,,0.0,,,,,,,,,,,,,,,,,,,,,,,,,,,,,,,,,,,,,,,,,,,,,,,,,,,,,,,-6,-14,-20,-14,-34.0,-8,-14,-8,-28.0,-6,0,-20.0,6,-14.0,-20.0
107771,0.0,6,2021-06-01 02:00:00+00:00,5320,22,,0.6666666666666667,0.4666666666666667,Antrag (Gesetzentwurf),Abgeordnete,[],[ 0.01798971  0.03312013 -0.026925   ...  0.01679834 -0.00542074   0.0218021 ],"[(np.int64(19), np.float64(0.35615434741596863)), (np.int64(38), np.float64(0.35481793645877363)), (np.int64(28), np.float64(0.3514239289609947))]",19,0.35615434741596863,0.6666666666666667,1,15,1,2,1,15,,1,16,1,22,,,0.0,,1.0,0.0,,,,,0.0,,,,,,,,,,,,,,,,,,,0.0,,,,,,,,,,,,,,,,,,,,,,,,,,,,,,,,,,,,,,,,,,,,,,,,,,,,,,,,,,,0.0,,,,,,,,,,,,,,0.0,,,,,,,,,,,,,,,,,,,,,,,,,,,,,,,,,,,,,,,,,,,,,,,,,22.0,16.0,15.0,2.0,15.0,,-6,-7,-20,-7,,-1,-14,-1,,-13,0,,13,,
107867,1.0,9,2021-06-08 02:00:00+00:00,5327,98,0.0,1.0,0.4,Vorlage zur Beschlussfassung (Gesetzentwurf),"['Hochschulwesen', 'Wissenschaft, Forschung']","['Beamtenrecht', 'Besoldung', 'Gleichberechtigung von Mann und Frau', 'Personalvertretung', 'Wissenschaft']",[ 0.00661524 -0.00920647  0.01054781 ... -0.00187483  0.00076975   0.01426698],"[(np.int64(2), np.float64(0.491944818028442)), (np.int64(28), np.float64(0.48011530942067226)), (np.int64(13), np.float64(0.46899204469298394))]",2,0.491944818028442,1.0,3,6,1,9,1,78,69.0,1,86,1,98,,78.0,1.0,84.0,0.0,,,,,,0.0,,,,,,,,,,,,,,,,,,,0.0,,,,,,,,,,,,,,,,,,,,,,,,,,,,,,,,,,,,,,,,,,,,,,,,,,,,,,,,,,,0.0,,,,,,,,,,,,,,0.0,,,,,,,,,,,,,,,,,,,,,,,,,,,,,,,,,,,,,,,,,,,14.0,2.0,-6.0,-75.0,-78.0,-84.0,,,,,,,-12,-20,-89,-92,-98.0,-8,-77,-80,-86.0,-69,-72,-78.0,-3,-9.0,-6.0
107872,1.0,7,2021-06-08 02:00:00+00:00,5327,98,0.0,1.0,0.4333333333333333,Vorlage zur Beschlussfassung (Gesetzentwurf),"['Statistik', 'Gesellschaft, Bevölkerung']","['Amt für Statistik Berlin-Brandenburg', 'Bundesrecht', 'Statistik']",[ 0.02499926  0.02617847 -0.01874945 ...  0.00501164  0.01674479   0.01432741],"[(np.int64(38), np.float64(0.4496680293351482)), (np.int64(12), np.float64(0.4104659516258278)), (np.int64(28), np.float64(0.40620179913660076))]",38,0.4496680293351482,0.6666666666666667,2,69,1,9,1,78,78.0,1,86,1,98,,,0.0,,0.0,,,,,,0.0,,,,,,,,,,,,,,,,,,,0.0,,,,,,,,,,,,,,,,,,,,,,,,,,,,,,,,,,,,,,,,,,,,,,,,,,,,,,,,,,,0.0,,,,,,,,,,,,,,0.0,,,,,,,,,,,,,,,,,,,,,,,,,,,,,,,,,,,,,,,,,,,,,,,,,,,,,,,-12,-20,-89,-29,-98.0,-8,-77,-17,-86.0,-69,-9,-78.0,60,-9.0,-69.0
107877,1.0,8,2021-06-08 02:00:00+00:00,5327,111,0.0,1.0,0.4666666666666667,Vorlage zur Beschlussfassung (Gesetzentwurf),Menschen mit Behinderungen,"['Barrierefreiheit', 'Behinderter', 'Teilhabe behinderter Menschen', 'Vereinte Nationen']",[0.0014305  0.02453963 0.01569121 ... 0.02052835 0.00234483 0.00979226],"[(np.int64(35), np.float64(0.38821774278006477)), (np.int64(12), np.float64(0.3876732807648696)), (np.int64(28), np.float64(0.38153084388621505))]",35,0.38821774278006477,0.3333333333333333,3,65,1,9,1,92,79.0,1,100,1,111,,92.0,0.0,,0.0,,,,,,0.0,,,,,,,,,,,,,,,,,,,0.0,,,,,,,,,,,,,,,,,,,,,,,,,,,,,,,,,,,,,,,,,,,,,,,,,,,,,,,,,,,0.0,,,,,,,,,,,,,,0.0,,,,,,,,,,,,,,,,,,,,,,,,,,,,,,,,,,,,,,,,,,,,,,,,,,,,,,,-11,-19,-102,-46,-111.0,-8,-91,-35,-100.0,-83,-27,-92.0,56,-9.0,-65.0
107873,1.0,7,2021-06-08 02:00:00+00:00,5327,98,0.0,1.0,0.4,Vorlage zur Beschlussfassung (Gesetzentwurf),"['Ernährung', 'Dienstleistungen', 'Verbraucher']","['Gaststätte', 'Verbraucher']",[-0.00723649 -0.00750124 -0.00405949 ...  0.00691291  0.00242687   0.01264915],"[(np.int64(23), np.float64(0.38305096193214927)), (np.int64(26), np.float64(0.3530940698599974)), (np.int64(34), np.float64(0.3469377230502285))]",23,0.38305096193214927,1.0,2,71,1,9,1,78,78.0,1,86,1,98,,,0.0,,0.0,,,,,,0.0,,,,,,,,,,,,,,,,,,,0.0,,,,,,,,,,,,,,,,,,,,,,,,,,,,,,,,,,,,,,,,,,,,,,,,,,,,,,,,,,,0.0,,,,,,,,,,,,,,0.0,,,,,,,,,,,,,,,,,,,,,,,,,,,,,,,,,,,,,,,,,,,,,,,,,,,,,,,-12,-20,-89,-27,-98.0,-8,-77,-15,-86.0,-69,-7,-78.0,62,-9.0,-71.0
107879,1.0,8,2021-06-08 02:00:00+00:00,5327,111,0.0,0.3333333333333333,0.4666666666666667,Vorlage zur Beschlussfassung (Gesetzentwurf),Straßenverkehr,"['Dienstleistungswirtschaft', 'Kraftfahrzeug', 'Öffentliche Sicherheit und Ordnung', 'Verkehrspolitik', 'Zuständigkeit (Verwaltung)']",[ 0.02074352 -0.00719428  0.02338142 ... -0.00280277  0.01666676   0.00337232],"[(np.int64(5), np.float64(0.459553664168589)), (np.int64(34), np.float64(0.3900843078143782)), (np.int64(21), np.float64(0.3893906521969528))]",5,0.459553664168589,1.0,2,65,1,9,1,79,79.0,1,100,1,111,,,1.0,76.0,0.0,,,,,,0.0,,,,,,,,,,,,,,,,,,,0.0,,,,,,,,,,,,,,,,,,,,,,,,,,,,,,,,,,,,,,,,,,,,,,,,,,,,,,,,,,,0.0,,,,,,,,,,,,,,0.0,,,,,,,,,,,,,,,,,,,,,,,,,,,,,,,,,,,,,,,,,,,35.0,24.0,3.0,-67.0,-11.0,-76.0,,,,,,,-11,-32,-102,-46,-111.0,-21,-91,-35,-100.0,-70,-14,-79.0,56,-9.0,-65.0
107880,1.0,7,2021-06-08 02:00:00+00:00,5327,98,0.0,0.3333333333333333,0.6666666666666667,Vorlage zur Beschlussfassung (Gesetzentwurf),"['Pflege', 'Berufsausbildung']","['Berufsausbildung', 'Fachkraft']",[-0.00145201  0.02099152  0.02901076 ...  0.0080782  -0.00725269   0.01303125],"[(np.int64(20), np.float64(0.5007632690212587)), (np.int64(12), np.float64(0.4789505216797799)), (np.int64(28), np.float64(0.45925207266576107))]",20,0.5007632690212587,1.0,2,62,1,9,1,78,78.0,1,86,1,98,,,0.0,,0.0,,,,,,0.0,,,,,,,,,,,,,,,,,,,0.0,,,,,,,,,,,,,,,,,,,,,,,,,,,,,,,,,,,,,,,,,,,,,,,,,,,,,,,,,,,0.0,,,,,,,,,,,,,,0.0,,,,,,,,,,,,,,,,,,,,,,,,,,,,,,,,,,,,,,,,,,,,,,,,,,,,,,,-12,-20,-89,-36,-98.0,-8,-77,-24,-86.0,-69,-16,-78.0,53,-9.0,-62.0
107878,1.0,7,2021-06-08 02:00:00+00:00,5327,111,0.0,0.3333333333333333,0.5333333333333333,Vorlage zur Beschlussfassung (Gesetzentwurf),"['Öffentliche Verwaltung', 'Boden']","['Geoinformation', 'Vermessung']",[ 0.01718974  0.00462121 -0.01383421 ...  0.00248721  0.01248022   0.02448949],"[(np.int64(31), np.float64(0.3419207973028694)), (np.int64(8), np.float64(0.3264456739342203)), (np.int64(38), np.float64(0.31795978384504087))]",31,0.3419207973028694,0.6666666666666667,2,85,1,9,1,92,92.0,1,100,1,111,,,0.0,,0.0,,,,,,0.0,,,,,,,,,,,,,,,,,,,0.0,,,,,,,,,,,,,,,,,,,,,,,,,,,,,,,,,,,,,,,,,,,,,,,,,,,,,,,,,,,0.0,,,,,,,,,,,,,,0.0,,,,,,,,,,,,,,,,,,,,,,,,,,,,,,,,,,,,,,,,,,,,,,,,,,,,,,,-11,-19,-102,-26,-111.0,-8,-91,-15,-100.0,-83,-7,-92.0,76,-9.0,-85.0
108007,1.0,8,2021-06-15 02:00:00+00:00,5334,104,0.0,0.3333333333333333,0.4666666666666667,Vorlage zur Beschlussfassung (Gesetzentwurf),Schulen,"['Gymnasium', 'Mittlerer Schulabschluss']",[0.02104001 0.00586114 0.0050496  ... 0.00396754 0.01611063 0.00145777],"[(np.int64(10), np.float64(0.4037525140102029)), (np.int64(27), np.float64(0.37844499962889533)), (np.int64(19), np.float64(0.36535154545992526))]",10,0.4037525140102029,1.0,2,72,1,2,1,85,85.0,1,93,1,104,,,1.0,92.0,0.0,,,,,,0.0,,,,,,,,,,,,,,,,,,,0.0,,,,,,,,,,,,,,,,,,,,,,,,,,,,,,,,,,,,,,,,,,,,,,,,,,,,,,,,,,,0.0,,,,,,,,,,,,,,0.0,,,,,,,,,,,,,,,,,,,,,,,,,,,,,,,,,,,,,,,,,,,12.0,1.0,-7.0,-90.0,-20.0,-92.0,,,,,,,-11,-19,-102,-32,-104.0,-8,-91,-21,-93.0,-83,-13,-85.0,70,-2.0,-72.0
108224,1.0,7,2021-06-22 02:00:00+00:00,5341,84,0.0,0.3333333333333333,0.6666666666666667,Vorlage zur Beschlussfassung (Gesetzentwurf),"['Ausländer, Migranten', 'Öffentliche Verwaltung']","['Behördenaufbau', 'Flüchtling', 'Qualitätssicherung', 'Zuständigkeit (Verwaltung)']",[ 0.01384962  0.01384962 -0.00393112 ...  0.0130634   0.00136833   0.00889037],"[(np.int64(12), np.float64(0.518595894515042)), (np.int64(35), np.float64(0.4349249386321163)), (np.int64(38), np.float64(0.43479956496692995))]",12,0.518595894515042,1.0,2,51,1,58,1,64,64.0,1,72,1,84,,,0.0,,0.0,,,,,,0.0,,,,,,,,,,,,,,,,,,,0.0,,,,,,,,,,,,,,,,,,,,,,,,,,,,,,,,,,,,,,,,,,,,,,,,,,,,,,,,,,,0.0,,,,,,,,,,,,,,0.0,,,,,,,,,,,,,,,,,,,,,,,,,,,,,,,,,,,,,,,,,,,,,,,,,,,,,,,-12,-20,-26,-33,-84.0,-8,-14,-21,-72.0,-6,-13,-64.0,-7,-58.0,-51.0
108320,1.0,6,2021-07-06 02:00:00+00:00,5355,70,0.0,0.3333333333333333,0.6666666666666667,Vorlage zur Beschlussfassung (Gesetzentwurf),Glücksspiel,"['Spielhalle', 'Staatsvertrag']",[ 0.01108711 -0.00311088  0.00613329 ... -0.0040692  -0.00489484   0.00790251],"[(np.int64(34), np.float64(0.3979475900165379)), (np.int64(28), np.float64(0.3864296623393242)), (np.int64(19), np.float64(0.34839684825412565))]",34,0.3979475900165379,1.0,1,41,1,44,1,41,,1,58,1,70,,,0.0,,0.0,,,,,,0.0,,,,,,,,,,,,,,,,,,,0.0,,,,,,,,,,,,,,,,,,,,,,,,,,,,,,,,,,,,,,,,,,,,,,,,,,,,,,,,,,,0.0,,,,,,,,,,,,,,0.0,,,,,,,,,,,,,,,,,,,,,,,,,,,,,,,,,,,,,,,,,,,,,,,,,,,,,,,-12,-29,-26,-29,-70.0,-17,-14,-17,-58.0,3,0,-41.0,-3,-44.0,-41.0
108460,1.0,6,2021-07-20 02:00:00+00:00,5369,56,0.0,1.0,0.4333333333333333,Vorlage zur Beschlussfassung (Gesetzentwurf),Arzneimittel,[],[-0.0016527  -0.00125635  0.00021874 ...  0.02273401 -0.0090936  -0.00112922],"[(np.int64(28), np.float64(0.4087622615604487)), (np.int64(34), np.float64(0.40149923111584684)), (np.int64(31), np.float64(0.38809702282065295))]",28,0.4087622615604487,0.6666666666666667,1,20,1,30,1,20,,1,44,1,56,,,0.0,,0.0,,,,,,0.0,,,,,,,,,,,,,,,,,,,0.0,,,,,,,,,,,,,,,,,,,,,,,,,,,,,,,,,,,,,,,,,,,,,,,,,,,,,,,,,,,0.0,,,,,,,,,,,,,,0.0,,,,,,,,,,,,,,,,,,,,,,,,,,,,,,,,,,,,,,,,,,,,,,,,,,,,,,,-12,-36,-26,-36,-56.0,-24,-14,-24,-44.0,10,0,-20.0,-10,-30.0,-20.0
108622,0.0,6,2021-08-10 02:00:00+00:00,5390,48,,1.0,0.4,Antrag (Gesetzentwurf),Natur,"['Bezirksverwaltung', 'Freizeit und Erholung', 'Kulturveranstaltung', 'Naturschutz']",[-0.01612085  0.00947247 -0.00758974 ...  0.01765057 -0.00853111  -0.01941563],"[(np.int64(17), np.float64(0.3963309371619649)), (np.int64(19), np.float64(0.3604889150818023)), (np.int64(31), np.float64(0.3576982117120139))]",17,0.3963309371619649,1.0,1,16,1,9,1,16,,1,37,1,48,,,0.0,,1.0,0.0,,,,,0.0,,,,,,,,,,,,,,,,,,,0.0,,,,,,,,,,,,,,,,,,,,,,,,,,,,,,,,,,,,,,,,,,,,,,,,,,,,,,,,,,,0.0,,,,,,,,,,,,,,0.0,,,,,,,,,,,,,,,,,,,,,,,,,,,,,,,,,,,,,,,,,,,,,,,,,48.0,37.0,16.0,9.0,16.0,,-11,-32,-39,-32,,-21,-28,-21,,-7,0,,7,,
108626,1.0,6,2021-08-10 02:00:00+00:00,5390,35,0.0,0.6666666666666667,0.4666666666666667,Vorlage zur Beschlussfassung (Gesetzentwurf),Sport,[],[-0.01589485  0.00717061 -0.02210937 ...  0.01900211 -0.01804603   0.01278758],"[(np.int64(19), np.float64(0.3911318691080189)), (np.int64(31), np.float64(0.3909178369358657)), (np.int64(25), np.float64(0.3900982227985217))]",19,0.3911318691080189,0.6666666666666667,1,10,1,9,1,10,,1,23,1,35,,,0.0,,0.0,,,,,,0.0,,,,,,,,,,,,,,,,,,,0.0,,,,,,,,,,,,,,,,,,,,,,,,,,,,,,,,,,,,,,,,,,,,,,,,,,,,,,,,,,,0.0,,,,,,,,,,,,,,0.0,,,,,,,,,,,,,,,,,,,,,,,,,,,,,,,,,,,,,,,,,,,,,,,,,,,,,,,-12,-25,-26,-25,-35.0,-13,-14,-13,-23.0,-1,0,-10.0,1,-9.0,-10.0
108616,0.0,8,2021-08-10 02:00:00+00:00,5390,48,,0.3333333333333333,0.4,Antrag (Gesetzentwurf),"['Datenschutz', 'Verfassungsschutz, Spionage']","['Datenverarbeitung', 'Parlamentarische Kontrolle', 'Personenbezogene Daten', 'Verfassungsschutz']",[-0.00698259  0.01991658 -0.01661679 ...  0.01614539  0.00842625   0.02557336],"[(np.int64(26), np.float64(0.44889605526759785)), (np.int64(12), np.float64(0.40438458334684035)), (np.int64(28), np.float64(0.3978358501395321))]",26,0.44889605526759785,0.3333333333333333,3,29,1,9,1,36,34.0,1,37,1,48,,36.0,0.0,,1.0,0.0,,,,,0.0,,,,,,,,,,,,,,,,,,,0.0,,,,,,,,,,,,,,,,,,,,,,,,,,,,,,,,,,,,,,,,,,,,,,,,,,,,,,,,,,,0.0,,,,,,,,,,,,,,0.0,,,,,,,,,,,,,,,,,,,,,,,,,,,,,,,,,,,,,,,,,,,,,,,,,48.0,37.0,36.0,9.0,29.0,,-11,-12,-39,-19,,-1,-28,-8,,-27,-7,,20,,
108625,0.0,7,2021-08-10 02:00:00+00:00,5390,48,,1.0,0.4333333333333333,Antrag (Gesetzentwurf),Natur,[],[-0.02622134 -0.02019752  0.00493127 ...  0.01535484  0.00036357   0.00596476],"[(np.int64(28), np.float64(0.4631779490170089)), (np.int64(12), np.float64(0.4377909960698371)), (np.int64(38), np.float64(0.4267731182492016))]",28,0.4631779490170089,0.6666666666666667,2,10,1,9,1,16,16.0,1,37,1,48,,,0.0,,1.0,0.0,,,,,0.0,,,,,,,,,,,,,,,,,,,0.0,,,,,,,,,,,,,,,,,,,,,,,,,,,,,,,,,,,,,,,,,,,,,,,,,,,,,,,,,,,0.0,,,,,,,,,,,,,,0.0,,,,,,,,,,,,,,,,,,,,,,,,,,,,,,,,,,,,,,,,,,,,,,,,,48.0,37.0,16.0,9.0,10.0,,-11,-32,-39,-38,,-21,-28,-27,,-7,-6,,1,,
108666,0.0,8,2021-08-16 02:00:00+00:00,5396,45,,1.0,0.4666666666666667,Antrag (Gesetzentwurf),"['Tier, Tierschutz, Tierhaltung', 'Abgaben']","['Sozialhilfe', 'Steuerrecht']",[-3.01656500e-03 -4.10133973e-03  1.34928124e-02 ... -6.71668677e-03  -3.38992068e-05  2.43702792e-02],"[(np.int64(18), np.float64(0.43397623996716544)), (np.int64(17), np.float64(0.37376836686997694)), (np.int64(38), np.float64(0.36986203890296104))]",18,0.43397623996716544,0.3333333333333333,2,2,1,17,1,9,9.0,1,31,1,45,,,1.0,7.0,1.0,0.0,,,,,0.0,,,,,,,,,,,,,,,,,,,0.0,,,,,,,,,,,,,,,,,,,,,,,,,,,,,,,,,,,,,,,,,,,,,,,,,,,,,,,,,,,0.0,,,,,,,,,,,,,,0.0,,,,,,,,,,,,,,,,,,,,,,,,,,,,,,,,,,,,,,,,,,-7.0,38.0,24.0,2.0,10.0,-5.0,,45.0,31.0,9.0,17.0,2.0,,-14,-36,-28,-43,,-22,-14,-29,,8,-7,,-15,,
108681,1.0,6,2021-08-17 02:00:00+00:00,5397,41,0.0,0.3333333333333333,0.4,Vorlage zur Beschlussfassung (Gesetzentwurf),"['Datenschutz', 'Justiz']","['Datenaustausch', 'Datenverarbeitung', 'Justiz', 'Landgericht', 'Personenbezogene Daten', 'Rechtseinheit', 'Sicherungsverwahrung', 'Strafvollzug']",[8.43447354e-03 4.18159813e-02 4.75181639e-03 ... 1.63937658e-02  9.69853136e-05 2.72041485e-02],"[(np.int64(26), np.float64(0.40128778579366947)), (np.int64(12), np.float64(0.38632231749423573)), (np.int64(28), np.float64(0.3823522895782657))]",26,0.40128778579366947,0.3333333333333333,1,15,1,16,1,15,,1,30,1,41,,,0.0,,0.0,,,,,,0.0,,,,,,,,,,,,,,,,,,,0.0,,,,,,,,,,,,,,,,,,,,,,,,,,,,,,,,,,,,,,,,,,,,,,,,,,,,,,,,,,,0.0,,,,,,,,,,,,,,0.0,,,,,,,,,,,,,,,,,,,,,,,,,,,,,,,,,,,,,,,,,,,,,,,,,,,,,,,-11,-26,-25,-26,-41.0,-15,-14,-15,-30.0,1,0,-15.0,-1,-16.0,-15.0
108730,1.0,6,2021-08-24 02:00:00+00:00,5404,34,0.0,0.3333333333333333,0.4,Vorlage zur Beschlussfassung (Gesetzentwurf),Polizei,"['Besoldung', 'Laufbahn']",[-0.00771019  0.00108981 -0.00364751 ...  0.00116394 -0.01269217   0.0029358 ],"[(np.int64(26), np.float64(0.4641910716341825)), (np.int64(28), np.float64(0.4575553143109421)), (np.int64(33), np.float64(0.43493796560210096))]",26,0.4641910716341825,0.3333333333333333,1,6,1,9,1,6,,1,23,1,34,,,0.0,,0.0,,,,,,0.0,,,,,,,,,,,,,,,,,,,0.0,,,,,,,,,,,,,,,,,,,,,,,,,,,,,,,,,,,,,,,,,,,,,,,,,,,,,,,,,,,0.0,,,,,,,,,,,,,,0.0,,,,,,,,,,,,,,,,,,,,,,,,,,,,,,,,,,,,,,,,,,,,,,,,,,,,,,,-11,-28,-25,-28,-34.0,-17,-14,-17,-23.0,3,0,-6.0,-3,-9.0,-6.0
