case_id,Gesetzentwurf.count,event_count,start_time,start_time_rel,duration,Gesetzentwurf.start,case:DokTypLFirstDoc,case:VSysL,case:VorgangsDeskriptoren,case:embedding,case:top_topics,case:top_topic,case:top_topic_similarity_score,case:government_agreement_score,case:opposition_agreement_score,case:all_agreement_score,1. Lesung.count,1. Lesung.start,Sitzung.count,Sitzung.start,Sitzung:2.start,Öffentliche Anhörung.count,Öffentliche Anhörung.start,Sitzung:3.start,Sitzung:4.start,Beschlussempfehlung und Bericht.count,Beschlussempfehlung und Bericht.start,Änderungsantrag.count,Änderungsantrag.start,2. Lesung.count,2. Lesung.start,Änderungsantrag:2.start,Änderungsantrag:3.start,Änderungsantrag:4.start,Änderungsantrag:5.start,Änderungsantrag:6.start,Gesetz.count,Gesetz.start,Sitzung:5.start,Sitzung:6.start,Entschließungsantrag.count,Entschließungsantrag.start,Beschluss.count,Beschluss.start,Berichtigung.count,Berichtigung.start,Bekanntmachung.count,Bekanntmachung.start,Beschlussempfehlung und Bericht:2.start,Beschlussempfehlung und Bericht:3.start,3. Lesung.count,3. Lesung.start,Sitzung:7.start,Sitzung:8.start,Änderungsantrag:7.start,Information.count,Information.start,Beschlussempfehlung und Bericht:4.start,Beschlussempfehlung und Bericht:5.start,Beschlussempfehlung und Bericht:6.start,Beschlussempfehlung und Bericht:7.start,Beschlussempfehlung und Bericht:8.start,Beschlussempfehlung und Bericht:9.start,Beschlussempfehlung und Bericht:10.start,Beschlussempfehlung und Bericht:11.start,Beschlussempfehlung und Bericht:12.start,Beschlussempfehlung und Bericht:13.start,Beschlussempfehlung und Bericht:14.start,Beschlussempfehlung und Bericht:15.start,Beschlussempfehlung und Bericht:16.start,Lesung / Fortsetzung.count,Lesung / Fortsetzung.start,Beschlussempfehlung und Bericht:17.start,Sitzung:9.start,Sitzung:10.start,Sitzung:11.start,Sitzung:12.start,Sitzung:13.start,Sitzung:14.start,Sitzung:15.start,Öffentliche Anhörung:2.start,Sitzung:16.start,Sitzung:17.start,Sitzung:18.start,Sitzung:19.start,Sitzung:20.start,Öffentliche Anhörung:3.start,Sitzung:21.start,Sitzung:22.start,Sitzung:23.start,Sitzung:24.start,Sitzung:25.start,Sitzung:26.start,Sitzung:27.start,Sitzung:28.start,Sitzung:29.start,Sitzung:30.start,Änderungsantrag:8.start,Änderungsantrag:9.start,Anhörung.count,Anhörung.start,Stellungnahme.count,Stellungnahme.start,Zuschrift.count,Zuschrift.start,Änderungsantrag:10.start,Änderungsantrag:11.start,Änderungsantrag:12.start,Änderungsantrag:13.start,Änderungsantrag:14.start,Änderungsantrag:15.start,Änderungsantrag:16.start,Änderungsantrag:17.start,Änderungsantrag:18.start,Änderungsantrag:19.start,Änderungsantrag:20.start,Änderungsantrag:21.start,Änderungsantrag:22.start,Änderungsantrag:23.start,Änderungsantrag:24.start,Gesetzentwurf:2.start,Berichtigung:2.start,Mitteilung.count,Mitteilung.start,Zwischenbericht.count,Zwischenbericht.start,Beratung.count,Beratung.start,Entschließungsantrag:2.start,Sondersitzung.count,Sondersitzung.start,Anhörung:2.start,Bekanntmachung:2.start,Bekanntmachung:3.start,Information:2.start,Information:3.start,Entschließungsantrag:3.start,Entschließungsantrag:4.start,Beschluss:2.start,Beschluss:3.start,Plenarprotokoll.count,Plenarprotokoll.start,Plenarprotokoll:Beratung.delay,Plenarprotokoll:Zwischenbericht.delay,Plenarprotokoll:Sondersitzung.delay,Plenarprotokoll:Mitteilung.delay,Plenarprotokoll:Zuschrift.delay,Plenarprotokoll:Stellungnahme.delay,Plenarprotokoll:Anhörung.delay,Plenarprotokoll:Beschluss.delay,Plenarprotokoll:Berichtigung.delay,Plenarprotokoll:3. Lesung.delay,Plenarprotokoll:Lesung / Fortsetzung.delay,Plenarprotokoll:Bekanntmachung.delay,Plenarprotokoll:Information.delay,Plenarprotokoll:Entschließungsantrag.delay,Plenarprotokoll:Änderungsantrag.delay,Plenarprotokoll:Gesetz.delay,Plenarprotokoll:2. Lesung.delay,Plenarprotokoll:Beschlussempfehlung und Bericht.delay,Plenarprotokoll:Öffentliche Anhörung.delay,Plenarprotokoll:Sitzung.delay,Plenarprotokoll:1. Lesung.delay,Plenarprotokoll:Gesetzentwurf.delay,Beratung:Zwischenbericht.delay,Beratung:Sondersitzung.delay,Beratung:Mitteilung.delay,Beratung:Zuschrift.delay,Beratung:Stellungnahme.delay,Beratung:Anhörung.delay,Beratung:Beschluss.delay,Beratung:Berichtigung.delay,Beratung:3. Lesung.delay,Beratung:Lesung / Fortsetzung.delay,Beratung:Bekanntmachung.delay,Beratung:Information.delay,Beratung:Entschließungsantrag.delay,Beratung:Änderungsantrag.delay,Beratung:Gesetz.delay,Beratung:2. Lesung.delay,Beratung:Beschlussempfehlung und Bericht.delay,Beratung:Öffentliche Anhörung.delay,Beratung:Sitzung.delay,Beratung:1. Lesung.delay,Beratung:Gesetzentwurf.delay,Zwischenbericht:Sondersitzung.delay,Zwischenbericht:Mitteilung.delay,Zwischenbericht:Zuschrift.delay,Zwischenbericht:Stellungnahme.delay,Zwischenbericht:Anhörung.delay,Zwischenbericht:Beschluss.delay,Zwischenbericht:Berichtigung.delay,Zwischenbericht:3. Lesung.delay,Zwischenbericht:Lesung / Fortsetzung.delay,Zwischenbericht:Bekanntmachung.delay,Zwischenbericht:Information.delay,Zwischenbericht:Entschließungsantrag.delay,Zwischenbericht:Änderungsantrag.delay,Zwischenbericht:Gesetz.delay,Zwischenbericht:2. Lesung.delay,Zwischenbericht:Beschlussempfehlung und Bericht.delay,Zwischenbericht:Öffentliche Anhörung.delay,Zwischenbericht:Sitzung.delay,Zwischenbericht:1. Lesung.delay,Zwischenbericht:Gesetzentwurf.delay,Sondersitzung:Mitteilung.delay,Sondersitzung:Zuschrift.delay,Sondersitzung:Stellungnahme.delay,Sondersitzung:Anhörung.delay,Sondersitzung:Beschluss.delay,Sondersitzung:Berichtigung.delay,Sondersitzung:3. Lesung.delay,Sondersitzung:Lesung / Fortsetzung.delay,Sondersitzung:Bekanntmachung.delay,Sondersitzung:Information.delay,Sondersitzung:Entschließungsantrag.delay,Sondersitzung:Änderungsantrag.delay,Sondersitzung:Gesetz.delay,Sondersitzung:2. Lesung.delay,Sondersitzung:Beschlussempfehlung und Bericht.delay,Sondersitzung:Öffentliche Anhörung.delay,Sondersitzung:Sitzung.delay,Sondersitzung:1. Lesung.delay,Sondersitzung:Gesetzentwurf.delay,Mitteilung:Zuschrift.delay,Mitteilung:Stellungnahme.delay,Mitteilung:Anhörung.delay,Mitteilung:Beschluss.delay,Mitteilung:Berichtigung.delay,Mitteilung:3. Lesung.delay,Mitteilung:Lesung / Fortsetzung.delay,Mitteilung:Bekanntmachung.delay,Mitteilung:Information.delay,Mitteilung:Entschließungsantrag.delay,Mitteilung:Änderungsantrag.delay,Mitteilung:Gesetz.delay,Mitteilung:2. Lesung.delay,Mitteilung:Beschlussempfehlung und Bericht.delay,Mitteilung:Öffentliche Anhörung.delay,Mitteilung:Sitzung.delay,Mitteilung:1. Lesung.delay,Mitteilung:Gesetzentwurf.delay,Zuschrift:Stellungnahme.delay,Zuschrift:Anhörung.delay,Zuschrift:Beschluss.delay,Zuschrift:Berichtigung.delay,Zuschrift:3. Lesung.delay,Zuschrift:Lesung / Fortsetzung.delay,Zuschrift:Bekanntmachung.delay,Zuschrift:Information.delay,Zuschrift:Entschließungsantrag.delay,Zuschrift:Änderungsantrag.delay,Zuschrift:Gesetz.delay,Zuschrift:2. Lesung.delay,Zuschrift:Beschlussempfehlung und Bericht.delay,Zuschrift:Öffentliche Anhörung.delay,Zuschrift:Sitzung.delay,Zuschrift:1. Lesung.delay,Zuschrift:Gesetzentwurf.delay,Stellungnahme:Anhörung.delay,Stellungnahme:Beschluss.delay,Stellungnahme:Berichtigung.delay,Stellungnahme:3. Lesung.delay,Stellungnahme:Lesung / Fortsetzung.delay,Stellungnahme:Bekanntmachung.delay,Stellungnahme:Information.delay,Stellungnahme:Entschließungsantrag.delay,Stellungnahme:Änderungsantrag.delay,Stellungnahme:Gesetz.delay,Stellungnahme:2. Lesung.delay,Stellungnahme:Beschlussempfehlung und Bericht.delay,Stellungnahme:Öffentliche Anhörung.delay,Stellungnahme:Sitzung.delay,Stellungnahme:1. Lesung.delay,Stellungnahme:Gesetzentwurf.delay,Anhörung:Beschluss.delay,Anhörung:Berichtigung.delay,Anhörung:3. Lesung.delay,Anhörung:Lesung / Fortsetzung.delay,Anhörung:Bekanntmachung.delay,Anhörung:Information.delay,Anhörung:Entschließungsantrag.delay,Anhörung:Änderungsantrag.delay,Anhörung:Gesetz.delay,Anhörung:2. Lesung.delay,Anhörung:Beschlussempfehlung und Bericht.delay,Anhörung:Öffentliche Anhörung.delay,Anhörung:Sitzung.delay,Anhörung:1. Lesung.delay,Anhörung:Gesetzentwurf.delay,Beschluss:Berichtigung.delay,Beschluss:3. Lesung.delay,Beschluss:Lesung / Fortsetzung.delay,Beschluss:Bekanntmachung.delay,Beschluss:Information.delay,Beschluss:Entschließungsantrag.delay,Beschluss:Änderungsantrag.delay,Beschluss:Gesetz.delay,Beschluss:2. Lesung.delay,Beschluss:Beschlussempfehlung und Bericht.delay,Beschluss:Öffentliche Anhörung.delay,Beschluss:Sitzung.delay,Beschluss:1. Lesung.delay,Beschluss:Gesetzentwurf.delay,Berichtigung:3. Lesung.delay,Berichtigung:Lesung / Fortsetzung.delay,Berichtigung:Bekanntmachung.delay,Berichtigung:Information.delay,Berichtigung:Entschließungsantrag.delay,Berichtigung:Änderungsantrag.delay,Berichtigung:Gesetz.delay,Berichtigung:2. Lesung.delay,Berichtigung:Beschlussempfehlung und Bericht.delay,Berichtigung:Öffentliche Anhörung.delay,Berichtigung:Sitzung.delay,Berichtigung:1. Lesung.delay,Berichtigung:Gesetzentwurf.delay,3. Lesung:Lesung / Fortsetzung.delay,3. Lesung:Bekanntmachung.delay,3. Lesung:Information.delay,3. Lesung:Entschließungsantrag.delay,3. Lesung:Änderungsantrag.delay,3. Lesung:Gesetz.delay,3. Lesung:2. Lesung.delay,3. Lesung:Beschlussempfehlung und Bericht.delay,3. Lesung:Öffentliche Anhörung.delay,3. Lesung:Sitzung.delay,3. Lesung:1. Lesung.delay,3. Lesung:Gesetzentwurf.delay,Lesung / Fortsetzung:Bekanntmachung.delay,Lesung / Fortsetzung:Information.delay,Lesung / Fortsetzung:Entschließungsantrag.delay,Lesung / Fortsetzung:Änderungsantrag.delay,Lesung / Fortsetzung:Gesetz.delay,Lesung / Fortsetzung:2. Lesung.delay,Lesung / Fortsetzung:Beschlussempfehlung und Bericht.delay,Lesung / Fortsetzung:Öffentliche Anhörung.delay,Lesung / Fortsetzung:Sitzung.delay,Lesung / Fortsetzung:1. Lesung.delay,Lesung / Fortsetzung:Gesetzentwurf.delay,Bekanntmachung:Information.delay,Bekanntmachung:Entschließungsantrag.delay,Bekanntmachung:Änderungsantrag.delay,Bekanntmachung:Gesetz.delay,Bekanntmachung:2. Lesung.delay,Bekanntmachung:Beschlussempfehlung und Bericht.delay,Bekanntmachung:Öffentliche Anhörung.delay,Bekanntmachung:Sitzung.delay,Bekanntmachung:1. Lesung.delay,Bekanntmachung:Gesetzentwurf.delay,Information:Entschließungsantrag.delay,Information:Änderungsantrag.delay,Information:Gesetz.delay,Information:2. Lesung.delay,Information:Beschlussempfehlung und Bericht.delay,Information:Öffentliche Anhörung.delay,Information:Sitzung.delay,Information:1. Lesung.delay,Information:Gesetzentwurf.delay,Entschließungsantrag:Änderungsantrag.delay,Entschließungsantrag:Gesetz.delay,Entschließungsantrag:2. Lesung.delay,Entschließungsantrag:Beschlussempfehlung und Bericht.delay,Entschließungsantrag:Öffentliche Anhörung.delay,Entschließungsantrag:Sitzung.delay,Entschließungsantrag:1. Lesung.delay,Entschließungsantrag:Gesetzentwurf.delay,Änderungsantrag:Gesetz.delay,Änderungsantrag:2. Lesung.delay,Änderungsantrag:Beschlussempfehlung und Bericht.delay,Änderungsantrag:Öffentliche Anhörung.delay,Änderungsantrag:Sitzung.delay,Änderungsantrag:1. Lesung.delay,Änderungsantrag:Gesetzentwurf.delay,Gesetz:2. Lesung.delay,Gesetz:Beschlussempfehlung und Bericht.delay,Gesetz:Öffentliche Anhörung.delay,Gesetz:Sitzung.delay,Gesetz:1. Lesung.delay,Gesetz:Gesetzentwurf.delay,2. Lesung:Beschlussempfehlung und Bericht.delay,2. Lesung:Öffentliche Anhörung.delay,2. Lesung:Sitzung.delay,2. Lesung:1. Lesung.delay,2. Lesung:Gesetzentwurf.delay,Beschlussempfehlung und Bericht:Öffentliche Anhörung.delay,Beschlussempfehlung und Bericht:Sitzung.delay,Beschlussempfehlung und Bericht:1. Lesung.delay,Beschlussempfehlung und Bericht:Gesetzentwurf.delay,Öffentliche Anhörung:Sitzung.delay,Öffentliche Anhörung:1. Lesung.delay,Öffentliche Anhörung:Gesetzentwurf.delay,Sitzung:1. Lesung.delay,Sitzung:Gesetzentwurf.delay,1. Lesung:Gesetzentwurf.delay
21546,1,16,2004-10-14 02:00:00+00:00,0,68,0,Gesetzentwurf,"['Schulen', 'Öffentlicher Dienst']","['Besoldung', 'Besoldungsgesetz', 'Besoldungsrecht', 'Gesamtschule', 'Gesetz zur Einführung der Oberschule im Land Brandenburg', 'Oberschule', 'Realschule', 'Schule', 'Schulgesetz', 'Schulleiter/Schulleiterin', 'Schulrecht', 'Schulstrukturgesetz', 'Weiterführende Schule']",[ 0.01363317  0.00542363  0.01304043 ... -0.0009558   0.00128181   0.00583855],"[(np.int64(20), np.float64(0.46819136912582715)), (np.int64(29), np.float64(0.40434489975085464)), (np.int64(26), np.float64(0.4021593380117039))]",20,0.46819136912582715,0.5,1.0,0.6666666666666667,1,13,4.0,14.0,34.0,1.0,34.0,34.0,55.0,1.0,55.0,6.0,61.0,1.0,61.0,61.0,61.0,61.0,61.0,61.0,1,68,,,0.0,,0.0,,0.0,,0.0,,,,0.0,,,,,0.0,,,,,,,,,,,,,,,0.0,,,,,,,,,,,,,,,,,,,,,,,,,,,,,0.0,,0.0,,0.0,,,,,,,,,,,,,,,,,,,0.0,,0.0,,0.0,,,0.0,,,,,,,,,,,0.0,,,,,,,,,,,,,,,,,,,,,,,,,,,,,,,,,,,,,,,,,,,,,,,,,,,,,,,,,,,,,,,,,,,,,,,,,,,,,,,,,,,,,,,,,,,,,,,,,,,,,,,,,,,,,,,,,,,,,,,,,,,,,,,,,,,,,,,,,,,,,,,,,,,,,,,,,,,,,,,,,,,,,,,,,,,,,,,,,,,,,,,,,,,,,,,,,,,,,,,,,,,,,,,,,,,,,,,,,,,,,,,,,,,7.0,0.0,-6.0,-27.0,-47.0,-48.0,-61.0,-7.0,-13.0,-34.0,-54.0,-55,-68,-6.0,-27.0,-47.0,-48.0,-61.0,-21.0,-41.0,-42.0,-55.0,-20.0,-21.0,-34.0,-1.0,-14.0,-13
21547,1,12,2004-10-14 02:00:00+00:00,0,56,0,Gesetzentwurf,Sozialleistungen,"['Arbeitslosengeld II', 'Arbeitslosenhilfe', 'Arbeitsloser', 'Bundesmittel', 'Gesetz zur Ausführung des Zweiten Buches Sozialgesetzbuch im Land Brandenburg', 'Grundsicherung für Arbeitsuchende', 'Sozialhilfe', 'Wohngeld', 'Zweckgebundene Zuweisung an Kommunen']",[0.01448109 0.04042885 0.01690446 ... 0.00016901 0.00635395 0.00732921],"[(np.int64(29), np.float64(0.491829875543829)), (np.int64(34), np.float64(0.4737574665819394)), (np.int64(21), np.float64(0.4615003323377056))]",29,0.491829875543829,0.5,1.0,0.3333333333333333,1,13,6.0,14.0,20.0,1.0,26.0,26.0,26.0,1.0,35.0,0.0,,1.0,40.0,,,,,,1,56,27.0,33.0,0.0,,0.0,,0.0,,0.0,,,,0.0,,,,,0.0,,,,,,,,,,,,,,,0.0,,,,,,,,,,,,,,,,,,,,,,,,,,,,,0.0,,0.0,,0.0,,,,,,,,,,,,,,,,,,,0.0,,0.0,,0.0,,,0.0,,,,,,,,,,,0.0,,,,,,,,,,,,,,,,,,,,,,,,,,,,,,,,,,,,,,,,,,,,,,,,,,,,,,,,,,,,,,,,,,,,,,,,,,,,,,,,,,,,,,,,,,,,,,,,,,,,,,,,,,,,,,,,,,,,,,,,,,,,,,,,,,,,,,,,,,,,,,,,,,,,,,,,,,,,,,,,,,,,,,,,,,,,,,,,,,,,,,,,,,,,,,,,,,,,,,,,,,,,,,,,,,,,,,,,,,,,,,,,,,,,,,,,,,-16.0,-21.0,-30.0,-42.0,-43,-56,-5.0,-14.0,-26.0,-27.0,-40.0,-9.0,-21.0,-22.0,-35.0,-12.0,-13.0,-26.0,-1.0,-14.0,-13
21681,1,6,2004-11-11 01:00:00+00:00,27,41,0,Gesetzentwurf,Tierkrankheiten,"['Gesetz zur Ausführung des Tierische Nebenprodukte-Beseitigungsgesetzes', 'Gesetz zur Ausführung des Tierkörperbeseitigungsgesetzes', 'Tierische Nebenprodukte-Beseitigungsgesetz', 'Tierkörper', 'Tierkörperverwertung']",[ 0.00222127  0.01836251  0.02748454 ...  0.01320916 -0.002088   0.01587469],"[(np.int64(29), np.float64(0.3931230535416329)), (np.int64(19), np.float64(0.35858244953517937)), (np.int64(12), np.float64(0.3451288322627303))]",29,0.3931230535416329,0.5,1.0,0.3333333333333333,1,13,1.0,27.0,,0.0,,,,1.0,27.0,0.0,,1.0,34.0,,,,,,1,41,,,0.0,,0.0,,0.0,,0.0,,,,0.0,,,,,0.0,,,,,,,,,,,,,,,0.0,,,,,,,,,,,,,,,,,,,,,,,,,,,,,0.0,,0.0,,0.0,,,,,,,,,,,,,,,,,,,0.0,,0.0,,0.0,,,0.0,,,,,,,,,,,0.0,,,,,,,,,,,,,,,,,,,,,,,,,,,,,,,,,,,,,,,,,,,,,,,,,,,,,,,,,,,,,,,,,,,,,,,,,,,,,,,,,,,,,,,,,,,,,,,,,,,,,,,,,,,,,,,,,,,,,,,,,,,,,,,,,,,,,,,,,,,,,,,,,,,,,,,,,,,,,,,,,,,,,,,,,,,,,,,,,,,,,,,,,,,,,,,,,,,,,,,,,,,,,,,,,,,,,,,,,,,,,,,,,,,,,,,,,,-7.0,-14.0,,-14.0,-28,-41,-7.0,,-7.0,-21.0,-34.0,,0.0,-14.0,-27.0,,,,-14.0,-27.0,-13
21678,1,9,2004-11-11 01:00:00+00:00,27,61,0,Gesetzentwurf,Gerichte und Staatsanwaltschaften,"['Richter/Richterin', 'Richterwahl', 'Richterwahlausschuss', 'Richterwahlaussschuss-Vorschlagsverordnung', 'Wahlverfahren']",[ 0.0008364   0.005803    0.01871172 ...  0.01658001 -0.00888215   0.01586944],"[(np.int64(29), np.float64(0.43672744826109683)), (np.int64(19), np.float64(0.4158434301258316)), (np.int64(23), np.float64(0.38987590882857875))]",29,0.43672744826109683,0.5,1.0,0.3333333333333333,1,13,2.0,21.0,21.0,1.0,21.0,,,1.0,28.0,0.0,,1.0,34.0,,,,,,1,61,,,1.0,34.0,0.0,,0.0,,0.0,,,,0.0,,,,,0.0,,,,,,,,,,,,,,,0.0,,,,,,,,,,,,,,,,,,,,,,,,,,,,,0.0,,0.0,,0.0,,,,,,,,,,,,,,,,,,,0.0,,0.0,,0.0,,,0.0,,,,,,,,,,,0.0,,,,,,,,,,,,,,,,,,,,,,,,,,,,,,,,,,,,,,,,,,,,,,,,,,,,,,,,,,,,,,,,,,,,,,,,,,,,,,,,,,,,,,,,,,,,,,,,,,,,,,,,,,,,,,,,,,,,,,,,,,,,,,,,,,,,,,,,,,,,,,,,,,,,,,,,,,,,,,,,,,,,,,,,,,,,,,,,,,,,,,,,,,,,,,,,,,,,,,,,,,,,,,,,,,,,,,,,,,,,27.0,0.0,-6.0,-13.0,-13.0,-21.0,-34.0,,,,,,,,-27.0,-33.0,-40.0,-40.0,-48,-61,-6.0,-13.0,-13.0,-21.0,-34.0,-7.0,-7.0,-15.0,-28.0,0.0,-8.0,-21.0,-8.0,-21.0,-13
24588,1,15,2004-11-17 01:00:00+00:00,33,653,490,Sitzung,"['Abgeordnete', 'Parlament']","['Abgeordnetenrecht', 'Abgeordnetenversorgung', 'Abgeordneter/Abgeordnete', 'Altersversorgung', 'Aufwandsentschädigung', 'Behinderter', 'Diäten', 'Einkommen', 'Einkommensentwicklung', 'Entschädigung', 'Fraktionsgesetz', 'Fraktionsvorsitzender/Fraktionsvorsitzende', 'Geschäftsordnung des Landtags', 'Hinterbliebenenversorgung', 'Inkompatibilität von Mandaten', 'Kostenpauschale', 'Landtag Brandenburg', 'Landtagspräsident/Landtagspräsidentin', 'Landtagsvizepräsident/Landtagsvizepräsidentin', 'Mandat', 'Nebentätigkeit', 'Stellenzulage', 'Übergangszahlung', 'Unentgeltliche Beförderung', 'Verhaltensregeln für Abgeordnete', 'Versorgungsempfänger', 'Zuwendung (Rechtsgeschäft)']",[ 0.00512285  0.00331653  0.0005108  ... -0.00107343  0.00102901   0.02357102],"[(np.int64(29), np.float64(0.41961547249801884)), (np.int64(21), np.float64(0.33730075510476354)), (np.int64(19), np.float64(0.33540768204237525))]",29,0.41961547249801884,0.5,1.0,0.3333333333333333,1,504,5.0,0.0,505.0,0.0,,533.0,538.0,1.0,540.0,2.0,546.0,1.0,546.0,546.0,,,,,1,561,545.0,,1.0,545.0,1.0,546.0,1.0,653.0,0.0,,,,0.0,,,,,0.0,,,,,,,,,,,,,,,0.0,,,,,,,,,,,,,,,,,,,,,,,,,,,,,0.0,,0.0,,0.0,,,,,,,,,,,,,,,,,,,0.0,,0.0,,0.0,,,0.0,,,,,,,,,,,0.0,,,,,,,,,,,,,,,,,,,,,,,,,,,,,,,,,,,,,,,,,,,,,,,,,,,,,,,,,,,,,,,,,,,,,,,,,,,,,,,,,,,,,,,,,,,,,,,,,,,,,,,,,,,,,,,,,,,,,,,,,,,,,,,,,,,,,,,,,,,,,,,,,,,,,,107.0,,,,,-1.0,0.0,15.0,0.0,-6.0,,-546.0,-42.0,-56.0,,,,,-108.0,-107.0,-92.0,-107.0,-113.0,,-653.0,-149.0,-163.0,,,,,,,,,,,,,,,,,,,,,,,,,,,,,,,,,,,,,,,,,,,1.0,16.0,1.0,-5.0,,-545.0,-41.0,-55.0,15.0,0.0,-6.0,,-546.0,-42.0,-56.0,-15.0,-21.0,,-561.0,-57,-71,-6.0,,-546.0,-42.0,-56.0,,-540.0,-36.0,-50.0,,,,504.0,490.0,-14
21842,1,10,2004-11-30 01:00:00+00:00,46,71,0,Gesetzentwurf,Sozialleistungen,"['Bundessozialhilfegesetz', 'Freie Wohlfahrtspflege', 'Gesetz zur Ausführung des § 100 Abs. 1 des Bundessozialhilfegesetzes und des Zwölften Buches Sozialgesetzbuch', 'Gesetz zur Ausführung des Bundessozialhilfegesetzes', 'Gesundheitliche Versorgung', 'Grundsicherung für Arbeitsuchende', 'Kostenerstattung', 'Kostenerstattungspauschalierungsverordnung', 'Kostenpauschale', 'Sozialhilfe', 'Sozialhilfeträger', 'Verordnung']",[ 0.01041725  0.01571517  0.03238278 ...  0.00119798 -0.026311   0.02500141],"[(np.int64(29), np.float64(0.3784385296266518)), (np.int64(17), np.float64(0.35040987044592875)), (np.int64(21), np.float64(0.348035421981697))]",29,0.3784385296266518,0.5,1.0,0.3333333333333333,1,15,4.0,15.0,36.0,1.0,36.0,36.0,43.0,1.0,44.0,0.0,,1.0,50.0,,,,,,1,71,,,0.0,,0.0,,0.0,,0.0,,,,0.0,,,,,0.0,,,,,,,,,,,,,,,0.0,,,,,,,,,,,,,,,,,,,,,,,,,,,,,0.0,,0.0,,0.0,,,,,,,,,,,,,,,,,,,0.0,,0.0,,0.0,,,0.0,,,,,,,,,,,0.0,,,,,,,,,,,,,,,,,,,,,,,,,,,,,,,,,,,,,,,,,,,,,,,,,,,,,,,,,,,,,,,,,,,,,,,,,,,,,,,,,,,,,,,,,,,,,,,,,,,,,,,,,,,,,,,,,,,,,,,,,,,,,,,,,,,,,,,,,,,,,,,,,,,,,,,,,,,,,,,,,,,,,,,,,,,,,,,,,,,,,,,,,,,,,,,,,,,,,,,,,,,,,,,,,,,,,,,,,,,,,,,,,,,,,,,,,,-21.0,-27.0,-35.0,-56.0,-56,-71,-6.0,-14.0,-35.0,-35.0,-50.0,-8.0,-29.0,-29.0,-44.0,-21.0,-21.0,-36.0,0.0,-15.0,-15
21855,1,7,2004-11-30 01:00:00+00:00,46,150,0,Gesetzentwurf,"['Rundfunk Fernsehen', 'Informationsgesellschaft Medien']","['ARD-Staatsvertrag', 'Deutschlandradio-Staatsvertrag', 'GEZ', 'Jugendmedienschutz-Staatsvertrag', 'Mediendienste-Staatsvertrag', 'Rundfunkfinanzierungsstaatsvertrag', 'Rundfunkgebühren', 'Rundfunkgebührenstaatsvertrag', 'Rundfunkrecht', 'Staatsvertrag', 'ZDF-Staatsvertrag']",[ 0.01509077  0.00436218 -0.00041264 ...  0.00784013  0.01662343   0.01874557],"[(np.int64(29), np.float64(0.4144640211511086)), (np.int64(35), np.float64(0.39276204528972836)), (np.int64(12), np.float64(0.3864498541242142))]",29,0.4144640211511086,0.5,1.0,0.3333333333333333,1,16,1.0,65.0,,0.0,,,,1.0,70.0,0.0,,1.0,93.0,,,,,,1,111,,,0.0,,0.0,,0.0,,1.0,150.0,,,0.0,,,,,0.0,,,,,,,,,,,,,,,0.0,,,,,,,,,,,,,,,,,,,,,,,,,,,,,0.0,,0.0,,0.0,,,,,,,,,,,,,,,,,,,0.0,,0.0,,0.0,,,0.0,,,,,,,,,,,0.0,,,,,,,,,,,,,,,,,,,,,,,,,,,,,,,,,,,,,,,,,,,,,,,,,,,,,,,,,,,,,,,,,,,,,,,,,,,,,,,,,,,,,,,,,,,,,,,,,,,,,,,,,,,,,,,,,,,,,,,,,,,,,,,,,,,,,,,,,,,,,,,,,,,,,,,,,,,,,,,,,,,,,,,,,,,,,,,,,,,,,,,,,,,,,,,,,,,,,,,,,,,-39.0,-57.0,-80.0,,-85.0,-134.0,-150.0,,,,,,,,,,,,,,,,,,,,,,,,,-18.0,-41.0,,-46.0,-95,-111,-23.0,,-28.0,-77.0,-93.0,,-5.0,-54.0,-70.0,,,,-49.0,-65.0,-16
21854,1,6,2004-11-30 01:00:00+00:00,46,112,0,Gesetzentwurf,"['Justizvollzug', 'Ausländer/Migranten']","['Abschiebung', 'Abschiebungshaftvollzugsgesetz', 'Asylbewerber', 'Ausländer', 'Justizvollzugsanstalt', 'Landesorganisationsgesetz']",[ 0.00998174  0.00986291  0.00118088 ... -0.00760514 -0.00766455   0.00298561],"[(np.int64(22), np.float64(0.5485957455003881)), (np.int64(29), np.float64(0.37241394140860196)), (np.int64(19), np.float64(0.3602022088837214))]",22,0.5485957455003881,0.0,1.0,0.3333333333333333,1,15,1.0,44.0,,0.0,,,,1.0,56.0,0.0,,1.0,93.0,,,,,,1,112,,,0.0,,0.0,,0.0,,0.0,,,,0.0,,,,,0.0,,,,,,,,,,,,,,,0.0,,,,,,,,,,,,,,,,,,,,,,,,,,,,,0.0,,0.0,,0.0,,,,,,,,,,,,,,,,,,,0.0,,0.0,,0.0,,,0.0,,,,,,,,,,,0.0,,,,,,,,,,,,,,,,,,,,,,,,,,,,,,,,,,,,,,,,,,,,,,,,,,,,,,,,,,,,,,,,,,,,,,,,,,,,,,,,,,,,,,,,,,,,,,,,,,,,,,,,,,,,,,,,,,,,,,,,,,,,,,,,,,,,,,,,,,,,,,,,,,,,,,,,,,,,,,,,,,,,,,,,,,,,,,,,,,,,,,,,,,,,,,,,,,,,,,,,,,,,,,,,,,,,,,,,,,,,,,,,,,,,,,,,,,-19.0,-56.0,,-68.0,-97,-112,-37.0,,-49.0,-78.0,-93.0,,-12.0,-41.0,-56.0,,,,-29.0,-44.0,-15
22006,1,6,2005-01-03 01:00:00+00:00,80,78,0,Gesetzentwurf,Juristische Berufe,"['Erste Staatsprüfung', 'Gesetz zur Regelung der Prüfung der Wahlfachgruppen der Juristischen Fakultät der Universität Potsdam', 'Juristenausbildungsgesetz', 'Juristische Fakultät', 'Rechtsstudium', 'Universität Potsdam', 'Unterhaltsbeihilfe', 'Wahlfach']",[-0.00133066  0.00306051  0.0399788  ...  0.00588445 -0.01070438   0.01283343],"[(np.int64(29), np.float64(0.4666279350519702)), (np.int64(20), np.float64(0.39373303708459334)), (np.int64(28), np.float64(0.39243773917676483))]",29,0.4666279350519702,0.5,1.0,0.3333333333333333,1,17,1.0,38.0,,0.0,,,,1.0,44.0,0.0,,1.0,59.0,,,,,,1,78,,,0.0,,0.0,,0.0,,0.0,,,,0.0,,,,,0.0,,,,,,,,,,,,,,,0.0,,,,,,,,,,,,,,,,,,,,,,,,,,,,,0.0,,0.0,,0.0,,,,,,,,,,,,,,,,,,,0.0,,0.0,,0.0,,,0.0,,,,,,,,,,,0.0,,,,,,,,,,,,,,,,,,,,,,,,,,,,,,,,,,,,,,,,,,,,,,,,,,,,,,,,,,,,,,,,,,,,,,,,,,,,,,,,,,,,,,,,,,,,,,,,,,,,,,,,,,,,,,,,,,,,,,,,,,,,,,,,,,,,,,,,,,,,,,,,,,,,,,,,,,,,,,,,,,,,,,,,,,,,,,,,,,,,,,,,,,,,,,,,,,,,,,,,,,,,,,,,,,,,,,,,,,,,,,,,,,,,,,,,,,-19.0,-34.0,,-40.0,-61,-78,-15.0,,-21.0,-42.0,-59.0,,-6.0,-27.0,-44.0,,,,-21.0,-38.0,-17
22093,1,16,2005-01-04 01:00:00+00:00,81,174,0,Gesetzentwurf,"['Kommunale Angelegenheiten', 'Haushaltskontrolle', 'Öffentlicher Dienst']","['Akteneinsicht', 'Akteneinsichts- und Informationszugangsgesetz', 'Besoldung', 'Besoldungsgesetz', 'Besoldungsrecht', 'Gemeindeordnung', 'Gesetz zur Überleitung des mit der Aufgabe der überörtlichen Prüfung betrauten Personals des Landesrechnungshofes zum Ministerium des Innern', 'Haushaltsrecht', 'Informationszugangsrecht', 'Kommunalaufsicht', 'Kreisordnung', 'Landeshaushaltsordnung', 'Landesorganisationsgesetz', 'Landesrechnungshof', 'Landesrechnungshofgesetz', 'Ministerium des Innern', 'Rechnungsprüfungamt', 'Schriftguteinsicht']",[ 0.00486713 -0.00430325 -0.02825307 ...  0.0308647   0.01288008   0.00830973],"[(np.int64(19), np.float64(0.37849818534571517)), (np.int64(16), np.float64(0.37673845887460794)), (np.int64(29), np.float64(0.3655484488539916))]",19,0.37849818534571517,1.0,1.0,0.3333333333333333,1,15,6.0,30.0,65.0,1.0,65.0,91.0,140.0,3.0,150.0,1.0,155.0,1.0,155.0,,,,,,1,174,142.0,156.0,0.0,,0.0,,0.0,,0.0,,155.0,156.0,1.0,156.0,,,,0.0,,,,,,,,,,,,,,,0.0,,,,,,,,,,,,,,,,,,,,,,,,,,,,,0.0,,0.0,,0.0,,,,,,,,,,,,,,,,,,,0.0,,0.0,,0.0,,,0.0,,,,,,,,,,,0.0,,,,,,,,,,,,,,,,,,,,,,,,,,,,,,,,,,,,,,,,,,,,,,,,,,,,,,,,,,,,,,,,,,,,,,,,,,,,,,,,,,,,,,,,,,,,,,,,,,,,,,,,,,,,,,,,,,,,,,,,,,,,,,,,,,,,,,,,,,,,,,,,,,,,,,,,,,,,,,,,,,,,,,,,,,,,,,,,,,,,,-1.0,18.0,-1.0,-6.0,-91.0,-126.0,-141.0,-156.0,,,,,,,,,,,,,,,,,,,,,,,,,,,,,,,,,,,,,,,19.0,0.0,-5.0,-90.0,-125.0,-140.0,-155.0,-19.0,-24.0,-109.0,-144.0,-159,-174,-5.0,-90.0,-125.0,-140.0,-155.0,-85.0,-120.0,-135.0,-150.0,-35.0,-50.0,-65.0,-15.0,-30.0,-15
22007,1,7,2005-01-05 01:00:00+00:00,82,114,0,Gesetzentwurf,"['Kommunale Angelegenheiten', 'Abgaben']","['Jagdabgabe', 'Kommunalabgaben']",[-0.00708313  0.00200047  0.00678676 ...  0.02086411  0.00669785   0.02216812],"[(np.int64(23), np.float64(0.48843531083677694)), (np.int64(29), np.float64(0.47718841238285803)), (np.int64(19), np.float64(0.4421268555717228))]",23,0.48843531083677694,0.0,1.0,0.3333333333333333,1,15,2.0,35.0,64.0,0.0,,,,1.0,71.0,0.0,,1.0,98.0,,,,,,1,114,,,0.0,,0.0,,0.0,,0.0,,,,0.0,,,,,0.0,,,,,,,,,,,,,,,0.0,,,,,,,,,,,,,,,,,,,,,,,,,,,,,0.0,,0.0,,0.0,,,,,,,,,,,,,,,,,,,0.0,,0.0,,0.0,,,0.0,,,,,,,,,,,0.0,,,,,,,,,,,,,,,,,,,,,,,,,,,,,,,,,,,,,,,,,,,,,,,,,,,,,,,,,,,,,,,,,,,,,,,,,,,,,,,,,,,,,,,,,,,,,,,,,,,,,,,,,,,,,,,,,,,,,,,,,,,,,,,,,,,,,,,,,,,,,,,,,,,,,,,,,,,,,,,,,,,,,,,,,,,,,,,,,,,,,,,,,,,,,,,,,,,,,,,,,,,,,,,,,,,,,,,,,,,,,,,,,,,,,,,,,,-16.0,-43.0,,-79.0,-99,-114,-27.0,,-63.0,-83.0,-98.0,,-36.0,-56.0,-71.0,,,,-20.0,-35.0,-15
22264,1,21,2005-02-10 01:00:00+00:00,118,109,0,Gesetzentwurf,"['Öffentlicher Haushalt', 'Schulen', 'Abgeordnete']","['Abgeordnetengesetz', 'Abgeordnetenrecht', 'Abgeordneter/Abgeordnete', 'Finanzausgleichsgesetz', 'Gemeindeanteil am Steueraufkommen', 'Hinterbliebener', 'Landeshaushalt', 'Ministerium der Finanzen', 'Ministerium des Innern', 'Personalkosten', 'Schule', 'Schüler-Lehrer-Relation', 'Schulgesetz', 'Schulrecht', 'Überbrückungshilfe']",[ 0.02496947  0.01035464  0.01786915 ...  0.02118263 -0.00357975   0.01278058],"[(np.int64(29), np.float64(0.3810993347470385)), (np.int64(19), np.float64(0.3784959312610544)), (np.int64(34), np.float64(0.3706207369535027))]",29,0.3810993347470385,0.5,1.0,0.3333333333333333,1,20,8.0,35.0,35.0,1.0,56.0,56.0,56.0,1.0,91.0,7.0,89.0,1.0,98.0,89.0,89.0,89.0,89.0,89.0,1,109,56.0,56.0,0.0,,0.0,,0.0,,0.0,,,,0.0,,77.0,78.0,97.0,0.0,,,,,,,,,,,,,,,0.0,,,,,,,,,,,,,,,,,,,,,,,,,,,,,0.0,,0.0,,0.0,,,,,,,,,,,,,,,,,,,0.0,,0.0,,0.0,,,0.0,,,,,,,,,,,0.0,,,,,,,,,,,,,,,,,,,,,,,,,,,,,,,,,,,,,,,,,,,,,,,,,,,,,,,,,,,,,,,,,,,,,,,,,,,,,,,,,,,,,,,,,,,,,,,,,,,,,,,,,,,,,,,,,,,,,,,,,,,,,,,,,,,,,,,,,,,,,,,,,,,,,,,,,,,,,,,,,,,,,,,,,,,,,,,,,,,,,,,,,,,,,,,,,,,,,,,,,,,,,,,,,,,,,,,,,,,,,,,,,,,20.0,9.0,2.0,-33.0,-54.0,-69.0,-89.0,-11.0,-18.0,-53.0,-74.0,-89,-109,-7.0,-42.0,-63.0,-78.0,-98.0,-35.0,-56.0,-71.0,-91.0,-21.0,-36.0,-56.0,-15.0,-35.0,-20
22256,1,33,2005-02-10 01:00:00+00:00,118,137,0,Gesetzentwurf,Öffentlicher Haushalt,"['Einzelplan 01 - Landtag', 'Einzelplan 02 - Ministerpräsident und Staatskanzlei', 'Einzelplan 03 - Ministerium des Innern', 'Einzelplan 04 - Ministerium der Justiz', 'Einzelplan 05 - Ministerium für Bildung, Jugend und Sport', 'Einzelplan 06 - Ministerium für Wissenschaft, Forschung und Kultur', 'Einzelplan 07 - Ministerium für Arbeit, Soziales, Gesundheit und Familie', 'Einzelplan 08 - Ministerium für Wirtschaft', 'Einzelplan 10 - Ministerium für Ländliche Entwicklung, Umwelt und Verbraucherschutz', 'Einzelplan 11 - Ministerium für Infrastruktur und Raumordnung', 'Einzelplan 12 - Ministerium der Finanzen', 'Einzelplan 13 - Landesrechnungshof', 'Einzelplan 14 - Verfassungsgericht des Landes Brandenburg', 'Einzelplan 15 - Hochbaumaßnahmen des Landes Brandenburg', 'Einzelplan 20 - Allgemeine Finanzverwaltung', 'Finanzpolitik', 'Haushaltsjahr', 'Landeshaushalt', 'Landesregierung', 'Öffentlicher Haushalt']",[ 0.00366262  0.02135293 -0.0116848  ...  0.01399803 -0.01091372   0.03024999],"[(np.int64(34), np.float64(0.4615560046778386)), (np.int64(19), np.float64(0.4491922986528327)), (np.int64(23), np.float64(0.44027620110494303))]",34,0.4615560046778386,1.0,1.0,1.0,1,20,3.0,13.0,78.0,0.0,,98.0,,17.0,91.0,5.0,89.0,1.0,97.0,89.0,89.0,89.0,99.0,,1,109,,,0.0,,0.0,,1.0,137.0,0.0,,91.0,91.0,1.0,99.0,,,,1.0,13.0,91.0,91.0,91.0,91.0,91.0,91.0,91.0,91.0,91.0,91.0,91.0,91.0,91.0,1.0,98.0,98.0,,,,,,,,,,,,,,,,,,,,,,,,,,,0.0,,0.0,,0.0,,,,,,,,,,,,,,,,,,,0.0,,0.0,,0.0,,,0.0,,,,,,,,,,,0.0,,,,,,,,,,,,,,,,,,,,,,,,,,,,,,,,,,,,,,,,,,,,,,,,,,,,,,,,,,,,,,,,,,,,,,,,,,,,,,,,,,,,,,,,,,,,,,,,,,,,,,,,,,,,,,,,,,,,,,,,,,,,,,,,,,,,,,,,,,,,,,,,,,,,,,,,,,,,,,,,,,,,-38.0,-39.0,,-124.0,,-48.0,-28.0,-40.0,-46.0,,-124.0,-117.0,-137.0,-1.0,,-86.0,,-10.0,10.0,-2.0,-8.0,,-86.0,-79.0,-99.0,,-85.0,,-9.0,11.0,-1.0,-7.0,,-85.0,-78.0,-98.0,,,,,,,,,,,,76.0,96.0,84.0,78.0,,0.0,7.0,-13.0,,,,,,,,,20.0,8.0,2.0,,-76.0,-69.0,-89.0,-12.0,-18.0,,-96.0,-89,-109,-6.0,,-84.0,-77.0,-97.0,,-78.0,-71.0,-91.0,,,,7.0,-13.0,-20
22265,1,12,2005-02-10 01:00:00+00:00,118,131,0,Gesetzentwurf,Religionsgemeinschaften,"['Juden', 'Religionsgemeinschaft', 'Staatsvertrag', 'Vertrag']",[ 0.01050005  0.03696018 -0.00184501 ...  0.00061125  0.01512008   0.02892014],"[(np.int64(19), np.float64(0.47417293839404284)), (np.int64(29), np.float64(0.47115206640090623)), (np.int64(9), np.float64(0.44228738214877505))]",19,0.47417293839404284,1.0,1.0,0.3333333333333333,1,20,4.0,35.0,56.0,1.0,56.0,56.0,60.0,1.0,60.0,0.0,,1.0,62.0,,,,,,1,78,,,1.0,61.0,0.0,,0.0,,1.0,131.0,,,0.0,,,,,0.0,,,,,,,,,,,,,,,0.0,,,,,,,,,,,,,,,,,,,,,,,,,,,,,0.0,,0.0,,0.0,,,,,,,,,,,,,,,,,,,0.0,,0.0,,0.0,,,0.0,,,,,,,,,,,0.0,,,,,,,,,,,,,,,,,,,,,,,,,,,,,,,,,,,,,,,,,,,,,,,,,,,,,,,,,,,,,,,,,,,,,,,,,,,,,,,,,,,,,,,,,,,,,,,,,,,,,,,,,,,,,,,,,,,,,,,,,,,,,,,,,,,,,,,,,,,,,,,,,,,,,,,,,,,,,,,,,,,,,,,,,,,,,,,,,,,,,,,,,,,,,,,,,,,,,,,,,-70.0,,-53.0,-69.0,-71.0,-75.0,-96.0,-111.0,-131.0,,,,,,,,,,,17.0,1.0,-1.0,-5.0,-26.0,-41.0,-61.0,,,,,,,,-16.0,-18.0,-22.0,-43.0,-58,-78,-2.0,-6.0,-27.0,-42.0,-62.0,-4.0,-25.0,-40.0,-60.0,-21.0,-36.0,-56.0,-15.0,-35.0,-20
22336,1,8,2005-02-17 01:00:00+00:00,125,215,0,Gesetzentwurf,Ausländer/Migranten,"['Aufenthaltsrecht', 'Ausländer', 'Einwanderung', 'Flüchtling']",[ 0.01412851  0.02553773 -0.0113501  ... -0.00762585  0.00196558   0.01460143],"[(np.int64(29), np.float64(0.42369378290992865)), (np.int64(22), np.float64(0.4148517140180582)), (np.int64(12), np.float64(0.39821851001088504))]",29,0.42369378290992865,0.5,1.0,0.3333333333333333,1,13,1.0,48.0,,0.0,,,,1.0,49.0,1.0,54.0,1.0,55.0,,,,,,1,71,,,0.0,,0.0,,1.0,215.0,0.0,,,,0.0,,,,,0.0,,,,,,,,,,,,,,,0.0,,,,,,,,,,,,,,,,,,,,,,,,,,,,,0.0,,0.0,,0.0,,,,,,,,,,,,,,,,,,,0.0,,0.0,,0.0,,,0.0,,,,,,,,,,,0.0,,,,,,,,,,,,,,,,,,,,,,,,,,,,,,,,,,,,,,,,,,,,,,,,,,,,,,,,,,,,,,,,,,,,,,,,,,,,,,,,,,,,,,,,,,,,,,,,,,,,,,,,,,,,,,,,,,,,,,,,,,,,,,,,,,,,,,,,,,,,,,,,,,,,,,,,,,,,,,,,,,,,,,,,,-161.0,-144.0,-160.0,-166.0,,-167.0,-202.0,-215.0,,,,,,,,,,,,,,,,,,,,,,,,,,,,,,,,,,,,,,,,,,,,,,,,,,,17.0,1.0,-5.0,,-6.0,-41.0,-54.0,-16.0,-22.0,,-23.0,-58,-71,-6.0,,-7.0,-42.0,-55.0,,-1.0,-36.0,-49.0,,,,-35.0,-48.0,-13
22561,1,9,2005-03-24 01:00:00+00:00,160,95,0,Gesetzentwurf,Gerichte und Staatsanwaltschaften,"['Arbeitsgericht', 'Arbeitsgerichtsbarkeit', 'Gericht', 'Gesetz zur Errichtung der Arbeitsgerichtsbarkeit im Land Brandenburg', 'Gesetz zur Errichtung der Sozialgerichtsbarkeit im Land Brandenburg', 'Ministerium der Justiz', 'Sozialgericht', 'Sozialgerichtsbarkeit', 'Staatsvertrag über die Errichtung gemeinsamer Fachobergerichte der Länder Berlin und Brandenburg']",[-0.01376529  0.01720661  0.01625728 ...  0.02385193 -0.00433132   0.01352796],"[(np.int64(29), np.float64(0.46769932047310786)), (np.int64(19), np.float64(0.4268516676913753)), (np.int64(20), np.float64(0.4230677543255811))]",29,0.46769932047310786,0.5,1.0,0.3333333333333333,1,20,3.0,63.0,69.0,1.0,69.0,69.0,,1.0,71.0,0.0,,1.0,76.0,,,,,,1,95,,,0.0,,0.0,,0.0,,0.0,,,,0.0,,,,,0.0,,,,,,,,,,,,,,,0.0,,,,,,,,,,,,,,,,,,,,,,,,,,,,,0.0,,0.0,,0.0,,,,,,,,,,,,,,,,,,,0.0,,0.0,,0.0,,,0.0,,,,,,,,,,,0.0,,,,,,,,,,,,,,,,,,,,,,,,,,,,,,,,,,,,,,,,,,,,,,,,,,,,,,,,,,,,,,,,,,,,,,,,,,,,,,,,,,,,,,,,,,,,,,,,,,,,,,,,,,,,,,,,,,,,,,,,,,,,,,,,,,,,,,,,,,,,,,,,,,,,,,,,,,,,,,,,,,,,,,,,,,,,,,,,,,,,,,,,,,,,,,,,,,,,,,,,,,,,,,,,,,,,,,,,,,,,,,,,,,,,,,,,,,-19.0,-24.0,-26.0,-32.0,-75,-95,-5.0,-7.0,-13.0,-56.0,-76.0,-2.0,-8.0,-51.0,-71.0,-6.0,-49.0,-69.0,-43.0,-63.0,-20
22590,1,9,2005-03-30 02:00:00+00:00,167,89,0,Gesetzentwurf,Abfall,"['Abfallabgabe', 'Abfallbeseitigung', 'Abfallbeseitigungsanlage', 'Abfallrecht', 'Gebühren', 'Kosten', 'Mülldeponie', 'Siedlungsabfall', 'Stilllegung von Unternehmen']",[ 0.00727309  0.01294314  0.02897363 ...  0.01234942 -0.00135814   0.02279892],"[(np.int64(29), np.float64(0.47137546624075777)), (np.int64(4), np.float64(0.4360469205335711)), (np.int64(19), np.float64(0.42515409400541765))]",29,0.47137546624075777,0.5,1.0,0.3333333333333333,1,14,3.0,28.0,56.0,1.0,56.0,63.0,,1.0,64.0,0.0,,1.0,70.0,,,,,,1,89,,,0.0,,0.0,,0.0,,0.0,,,,0.0,,,,,0.0,,,,,,,,,,,,,,,0.0,,,,,,,,,,,,,,,,,,,,,,,,,,,,,0.0,,0.0,,0.0,,,,,,,,,,,,,,,,,,,0.0,,0.0,,0.0,,,0.0,,,,,,,,,,,0.0,,,,,,,,,,,,,,,,,,,,,,,,,,,,,,,,,,,,,,,,,,,,,,,,,,,,,,,,,,,,,,,,,,,,,,,,,,,,,,,,,,,,,,,,,,,,,,,,,,,,,,,,,,,,,,,,,,,,,,,,,,,,,,,,,,,,,,,,,,,,,,,,,,,,,,,,,,,,,,,,,,,,,,,,,,,,,,,,,,,,,,,,,,,,,,,,,,,,,,,,,,,,,,,,,,,,,,,,,,,,,,,,,,,,,,,,,,-19.0,-25.0,-33.0,-61.0,-75,-89,-6.0,-14.0,-42.0,-56.0,-70.0,-8.0,-36.0,-50.0,-64.0,-28.0,-42.0,-56.0,-14.0,-28.0,-14
22597,1,11,2005-03-31 02:00:00+00:00,168,88,0,Gesetzentwurf,Öffentlicher Dienst,"['Beamtenrecht', 'Beamter/Beamtin', 'Bundesreisekostengesetz', 'Bundesumzugskostengesetz', 'Reisekostenvergütung', 'Trennungsentschädigung', 'Trennungsgeld', 'Trennungsgeldverordnung', 'Umzugskosten', 'Verordnung']",[ 0.0056537  -0.00946251 -0.00025479 ...  0.00711176  0.00318393   0.01844893],"[(np.int64(16), np.float64(0.38301471320328145)), (np.int64(13), np.float64(0.35187083809910114)), (np.int64(29), np.float64(0.33516057248103054))]",16,0.38301471320328145,1.0,1.0,0.3333333333333333,1,13,4.0,29.0,56.0,1.0,56.0,56.0,63.0,1.0,68.0,0.0,,1.0,69.0,,,,,,1,88,,,1.0,69.0,0.0,,0.0,,0.0,,,,0.0,,,,,0.0,,,,,,,,,,,,,,,0.0,,,,,,,,,,,,,,,,,,,,,,,,,,,,,0.0,,0.0,,0.0,,,,,,,,,,,,,,,,,,,0.0,,0.0,,0.0,,,0.0,,,,,,,,,,,0.0,,,,,,,,,,,,,,,,,,,,,,,,,,,,,,,,,,,,,,,,,,,,,,,,,,,,,,,,,,,,,,,,,,,,,,,,,,,,,,,,,,,,,,,,,,,,,,,,,,,,,,,,,,,,,,,,,,,,,,,,,,,,,,,,,,,,,,,,,,,,,,,,,,,,,,,,,,,,,,,,,,,,,,,,,,,,,,,,,,,,,,,,,,,,,,,,,,,,,,,,,,,,,,,,,,,,,,,,,,,,19.0,0.0,-1.0,-13.0,-40.0,-56.0,-69.0,,,,,,,,-19.0,-20.0,-32.0,-59.0,-75,-88,-1.0,-13.0,-40.0,-56.0,-69.0,-12.0,-39.0,-55.0,-68.0,-27.0,-43.0,-56.0,-16.0,-29.0,-13
22816,1,6,2005-05-03 02:00:00+00:00,201,22,0,Gesetzentwurf,"['Tod', 'Ordnungsrecht']","['Gedenkstätte Sachsenhausen', 'Gesetz zu § 15 Abs. 2 Satz 1 Nr. 1 des Versammlungsgesetzes', 'Gesetz zur Ausführung des Gräbergesetzes im Land Brandenburg', 'Grab', 'Halbe, Gemeinde, Landkreis Dahme-Spreewald', 'Kriegsgrab', 'Mahn- und Gedenkstätte Ravensbrück', 'Soldatenfriedhof', 'Verordnung über Zuständigkeiten nach dem Gräbergesetz', 'Verordnung', 'Versammlungsgesetz', 'Versammlungsrecht']",[ 0.00608628  0.03190863 -0.01140438 ...  0.02091788 -0.00039701   0.02091788],"[(np.int64(32), np.float64(0.49041856217351526)), (np.int64(14), np.float64(0.4587103552669079)), (np.int64(29), np.float64(0.38186626038877763))]",32,0.49041856217351526,1.0,1.0,1.0,1,15,1.0,15.0,,0.0,,,,1.0,15.0,0.0,,1.0,17.0,,,,,,1,22,,,0.0,,0.0,,0.0,,0.0,,,,0.0,,,,,0.0,,,,,,,,,,,,,,,0.0,,,,,,,,,,,,,,,,,,,,,,,,,,,,,0.0,,0.0,,0.0,,,,,,,,,,,,,,,,,,,0.0,,0.0,,0.0,,,0.0,,,,,,,,,,,0.0,,,,,,,,,,,,,,,,,,,,,,,,,,,,,,,,,,,,,,,,,,,,,,,,,,,,,,,,,,,,,,,,,,,,,,,,,,,,,,,,,,,,,,,,,,,,,,,,,,,,,,,,,,,,,,,,,,,,,,,,,,,,,,,,,,,,,,,,,,,,,,,,,,,,,,,,,,,,,,,,,,,,,,,,,,,,,,,,,,,,,,,,,,,,,,,,,,,,,,,,,,,,,,,,,,,,,,,,,,,,,,,,,,,,,,,,,,-5.0,-7.0,,-7.0,-7,-22,-2.0,,-2.0,-2.0,-17.0,,0.0,0.0,-15.0,,,,0.0,-15.0,-15
22832,1,8,2005-05-06 02:00:00+00:00,204,104,0,Gesetzentwurf,Finanzmarkt,"['Sparkasse', 'Sparkassen- und Giroverband', 'OSGV-Staatsvertrag', 'Staatsvertrag']",[ 0.00089142 -0.0027931   0.00808217 ... -0.0019314   0.00710161   0.01503522],"[(np.int64(29), np.float64(0.41262751829380523)), (np.int64(19), np.float64(0.4101377650726932)), (np.int64(12), np.float64(0.3806354198891899))]",29,0.41262751829380523,0.5,1.0,0.3333333333333333,1,14,3.0,20.0,27.0,0.0,,104.0,,1.0,32.0,0.0,,1.0,33.0,,,,,,1,52,,,0.0,,0.0,,0.0,,0.0,,,,0.0,,,,,0.0,,,,,,,,,,,,,,,0.0,,,,,,,,,,,,,,,,,,,,,,,,,,,,,0.0,,0.0,,0.0,,,,,,,,,,,,,,,,,,,0.0,,0.0,,0.0,,,0.0,,,,,,,,,,,0.0,,,,,,,,,,,,,,,,,,,,,,,,,,,,,,,,,,,,,,,,,,,,,,,,,,,,,,,,,,,,,,,,,,,,,,,,,,,,,,,,,,,,,,,,,,,,,,,,,,,,,,,,,,,,,,,,,,,,,,,,,,,,,,,,,,,,,,,,,,,,,,,,,,,,,,,,,,,,,,,,,,,,,,,,,,,,,,,,,,,,,,,,,,,,,,,,,,,,,,,,,,,,,,,,,,,,,,,,,,,,,,,,,,,,,,,,,,-19.0,-20.0,,-32.0,-38,-52,-1.0,,-13.0,-19.0,-33.0,,-12.0,-18.0,-32.0,,,,-6.0,-20.0,-14
22841,1,6,2005-05-17 02:00:00+00:00,215,155,0,Gesetzentwurf,Öffentliche Schulden,"['Altschulden', 'Zweites Altschuldenrefinanzierungsgesetz', 'Einkommensteuer', 'Gemeinde', 'Kreis (Gebietskörperschaft)']",[ 0.04390946  0.01699721 -0.00106233 ...  0.01180362 -0.00323124   0.00442636],"[(np.int64(21), np.float64(0.37198525395611376)), (np.int64(23), np.float64(0.3602499619582657)), (np.int64(13), np.float64(0.3456597514614398))]",21,0.37198525395611376,0.5,1.0,0.3333333333333333,1,22,1.0,100.0,,0.0,,,,1.0,107.0,0.0,,1.0,134.0,,,,,,1,155,,,0.0,,0.0,,0.0,,0.0,,,,0.0,,,,,0.0,,,,,,,,,,,,,,,0.0,,,,,,,,,,,,,,,,,,,,,,,,,,,,,0.0,,0.0,,0.0,,,,,,,,,,,,,,,,,,,0.0,,0.0,,0.0,,,0.0,,,,,,,,,,,0.0,,,,,,,,,,,,,,,,,,,,,,,,,,,,,,,,,,,,,,,,,,,,,,,,,,,,,,,,,,,,,,,,,,,,,,,,,,,,,,,,,,,,,,,,,,,,,,,,,,,,,,,,,,,,,,,,,,,,,,,,,,,,,,,,,,,,,,,,,,,,,,,,,,,,,,,,,,,,,,,,,,,,,,,,,,,,,,,,,,,,,,,,,,,,,,,,,,,,,,,,,,,,,,,,,,,,,,,,,,,,,,,,,,,,,,,,,,-21.0,-48.0,,-55.0,-133,-155,-27.0,,-34.0,-112.0,-134.0,,-7.0,-85.0,-107.0,,,,-78.0,-100.0,-22
23106,1,6,2005-05-31 02:00:00+00:00,229,112,0,Gesetzentwurf,Bauwesen,"['Abstandsfläche', 'Baurecht', 'Erlass (Vorschrift)', 'Gebäude']",[-0.00800388  0.02395234  0.01541487 ...  0.01067184 -0.00026124   0.01292478],"[(np.int64(29), np.float64(0.5095228636049963)), (np.int64(4), np.float64(0.47267135610085953)), (np.int64(19), np.float64(0.4522773779038552))]",29,0.5095228636049963,0.5,1.0,0.3333333333333333,1,8,1.0,86.0,,0.0,,,,1.0,90.0,0.0,,1.0,92.0,,,,,,1,112,,,0.0,,0.0,,0.0,,0.0,,,,0.0,,,,,0.0,,,,,,,,,,,,,,,0.0,,,,,,,,,,,,,,,,,,,,,,,,,,,,,0.0,,0.0,,0.0,,,,,,,,,,,,,,,,,,,0.0,,0.0,,0.0,,,0.0,,,,,,,,,,,0.0,,,,,,,,,,,,,,,,,,,,,,,,,,,,,,,,,,,,,,,,,,,,,,,,,,,,,,,,,,,,,,,,,,,,,,,,,,,,,,,,,,,,,,,,,,,,,,,,,,,,,,,,,,,,,,,,,,,,,,,,,,,,,,,,,,,,,,,,,,,,,,,,,,,,,,,,,,,,,,,,,,,,,,,,,,,,,,,,,,,,,,,,,,,,,,,,,,,,,,,,,,,,,,,,,,,,,,,,,,,,,,,,,,,,,,,,,,-20.0,-22.0,,-26.0,-104,-112,-2.0,,-6.0,-84.0,-92.0,,-4.0,-82.0,-90.0,,,,-78.0,-86.0,-8
23104,1,7,2005-06-27 02:00:00+00:00,256,178,0,Gesetzentwurf,Ordnungsrecht,"['Datenübertragung', 'Elektronischer Geschäftsverkehr', 'Gesetz zur Regelung der Zuständigkeit und des Verfahrens nach dem Lebenspartnerschaftsgesetz', 'Lebenspartnerschaftsgesetz', 'Meldepflicht', 'Melderecht', 'Melderegister', 'Meldewesen']",[0.00748084 0.01178981 0.00068824 ... 0.00855808 0.00760053 0.0146026 ],"[(np.int64(29), np.float64(0.4501271341807337)), (np.int64(12), np.float64(0.4000363089070952)), (np.int64(19), np.float64(0.39728486627614285))]",29,0.4501271341807337,0.5,1.0,0.3333333333333333,1,65,2.0,115.0,128.0,0.0,,,,1.0,157.0,0.0,,1.0,169.0,,,,,,1,178,,,0.0,,0.0,,0.0,,0.0,,,,0.0,,,,,0.0,,,,,,,,,,,,,,,0.0,,,,,,,,,,,,,,,,,,,,,,,,,,,,,0.0,,0.0,,0.0,,,,,,,,,,,,,,,,,,,0.0,,0.0,,0.0,,,0.0,,,,,,,,,,,0.0,,,,,,,,,,,,,,,,,,,,,,,,,,,,,,,,,,,,,,,,,,,,,,,,,,,,,,,,,,,,,,,,,,,,,,,,,,,,,,,,,,,,,,,,,,,,,,,,,,,,,,,,,,,,,,,,,,,,,,,,,,,,,,,,,,,,,,,,,,,,,,,,,,,,,,,,,,,,,,,,,,,,,,,,,,,,,,,,,,,,,,,,,,,,,,,,,,,,,,,,,,,,,,,,,,,,,,,,,,,,,,,,,,,,,,,,,,-9.0,-21.0,,-63.0,-113,-178,-12.0,,-54.0,-104.0,-169.0,,-42.0,-92.0,-157.0,,,,-50.0,-115.0,-65
23128,1,8,2005-07-12 02:00:00+00:00,271,287,0,Gesetzentwurf,"['Mitbestimmung', 'Medizinische Berufe']","['Berufsorganisation', 'Gesetz zur Errichtung einer Landespsychotherapeutenkammer', 'Heilberuf', 'Heilberufsgesetz', 'Kammer (Körperschaft)', 'Nichtärztlicher Heilberuf', 'Ostdeutsche Psychotherapeutenkammer', 'Psychotherapeut/Psychotherapeutin', 'Staatsvertrag über die gemeinsame Berufsvertretung der Psychologischen Psychotherapeuten und der Kinder- und Jugendlichenpsychotherapeuten', 'Staatsvertrag']",[-0.03393327 -0.00100777 -0.01474052 ...  0.00866381 -0.00688893   0.01510151],"[(np.int64(29), np.float64(0.36700664874165145)), (np.int64(12), np.float64(0.33688146249719697)), (np.int64(16), np.float64(0.32381156696073715))]",29,0.36700664874165145,0.5,1.0,0.3333333333333333,1,50,2.0,71.0,100.0,0.0,,,,1.0,105.0,0.0,,1.0,119.0,,,,,,1,140,,,0.0,,0.0,,0.0,,1.0,287.0,,,0.0,,,,,0.0,,,,,,,,,,,,,,,0.0,,,,,,,,,,,,,,,,,,,,,,,,,,,,,0.0,,0.0,,0.0,,,,,,,,,,,,,,,,,,,0.0,,0.0,,0.0,,,0.0,,,,,,,,,,,0.0,,,,,,,,,,,,,,,,,,,,,,,,,,,,,,,,,,,,,,,,,,,,,,,,,,,,,,,,,,,,,,,,,,,,,,,,,,,,,,,,,,,,,,,,,,,,,,,,,,,,,,,,,,,,,,,,,,,,,,,,,,,,,,,,,,,,,,,,,,,,,,,,,,,,,,,,,,,,,,,,,,,,,,,,,,,,,,,,,,,,,,,,,,,,,,,,,,,,,,,,,,,-147.0,-168.0,-182.0,,-216.0,-237.0,-287.0,,,,,,,,,,,,,,,,,,,,,,,,,-21.0,-35.0,,-69.0,-90,-140,-14.0,,-48.0,-69.0,-119.0,,-34.0,-55.0,-105.0,,,,-21.0,-71.0,-50
23314,1,7,2005-08-19 02:00:00+00:00,309,125,0,Gesetzentwurf,Lebensgemeinschaften,"['Beurkundung', 'Eingetragene Lebenspartnerschaft', 'Gemeinde', 'Gesetz zur Regelung der Zuständigkeit und des Verfahrens nach dem Lebenspartnerschaftsgesetz', 'Kind', 'Lebenspartnerschaftsname', 'Namensänderung']",[ 0.02428478  0.01405646  0.01040776 ...  0.00678897 -0.01914071   0.01070683],"[(np.int64(12), np.float64(0.3945891126275657)), (np.int64(29), np.float64(0.3660253825482116)), (np.int64(16), np.float64(0.3592402701832779))]",12,0.3945891126275657,0.0,1.0,0.3333333333333333,1,12,2.0,62.0,75.0,0.0,,,,1.0,104.0,0.0,,1.0,116.0,,,,,,1,125,,,0.0,,0.0,,0.0,,0.0,,,,0.0,,,,,0.0,,,,,,,,,,,,,,,0.0,,,,,,,,,,,,,,,,,,,,,,,,,,,,,0.0,,0.0,,0.0,,,,,,,,,,,,,,,,,,,0.0,,0.0,,0.0,,,0.0,,,,,,,,,,,0.0,,,,,,,,,,,,,,,,,,,,,,,,,,,,,,,,,,,,,,,,,,,,,,,,,,,,,,,,,,,,,,,,,,,,,,,,,,,,,,,,,,,,,,,,,,,,,,,,,,,,,,,,,,,,,,,,,,,,,,,,,,,,,,,,,,,,,,,,,,,,,,,,,,,,,,,,,,,,,,,,,,,,,,,,,,,,,,,,,,,,,,,,,,,,,,,,,,,,,,,,,,,,,,,,,,,,,,,,,,,,,,,,,,,,,,,,,,-9.0,-21.0,,-63.0,-113,-125,-12.0,,-54.0,-104.0,-116.0,,-42.0,-92.0,-104.0,,,,-50.0,-62.0,-12
23322,1,7,2005-08-23 02:00:00+00:00,313,315,0,Gesetzentwurf,Kunst Kultur,"['Staatsvertrag über die von Berlin und Brandenburg getragene Akademie der Künste', 'Akademie der Künste', 'Staatsvertrag über die Auflösung der von Berlin und Brandenburg getragenen Akademie der Künste', 'Staatsvertrag']",[0.0157524  0.01358795 0.01172412 ... 0.00184129 0.00980016 0.02934036],"[(np.int64(19), np.float64(0.5809986330386883)), (np.int64(29), np.float64(0.5094894471337568)), (np.int64(12), np.float64(0.44692318837871675))]",19,0.5809986330386883,1.0,1.0,0.3333333333333333,1,8,1.0,58.0,,0.0,,,,1.0,63.0,0.0,,1.0,77.0,,,,,,1,98,,,0.0,,0.0,,0.0,,1.0,315.0,,,0.0,,,,,0.0,,,,,,,,,,,,,,,0.0,,,,,,,,,,,,,,,,,,,,,,,,,,,,,0.0,,0.0,,0.0,,,,,,,,,,,,,,,,,,,0.0,,0.0,,0.0,,,0.0,,,,,,,,,,,0.0,,,,,,,,,,,,,,,,,,,,,,,,,,,,,,,,,,,,,,,,,,,,,,,,,,,,,,,,,,,,,,,,,,,,,,,,,,,,,,,,,,,,,,,,,,,,,,,,,,,,,,,,,,,,,,,,,,,,,,,,,,,,,,,,,,,,,,,,,,,,,,,,,,,,,,,,,,,,,,,,,,,,,,,,,,,,,,,,,,,,,,,,,,,,,,,,,,,,,,,,,,,-217.0,-238.0,-252.0,,-257.0,-307.0,-315.0,,,,,,,,,,,,,,,,,,,,,,,,,-21.0,-35.0,,-40.0,-90,-98,-14.0,,-19.0,-69.0,-77.0,,-5.0,-55.0,-63.0,,,,-50.0,-58.0,-8
23599,1,6,2005-09-15 02:00:00+00:00,336,75,0,Gesetzentwurf,Hochschulwesen,"['Hochschule', 'Hochschulrecht', 'Körperschaft des öffentlichen Rechts', 'Rechtsform', 'Stiftung', 'Stiftungshochschule']",[-0.00889884  0.01625522  0.01050064 ... -0.00072674 -0.00539863   0.00142381],"[(np.int64(29), np.float64(0.4463153843214156)), (np.int64(28), np.float64(0.4414082490176327)), (np.int64(19), np.float64(0.4358619101521809))]",29,0.4463153843214156,0.5,1.0,0.3333333333333333,1,13,1.0,47.0,,0.0,,,,1.0,48.0,0.0,,1.0,54.0,,,,,,1,75,,,0.0,,0.0,,0.0,,0.0,,,,0.0,,,,,0.0,,,,,,,,,,,,,,,0.0,,,,,,,,,,,,,,,,,,,,,,,,,,,,,0.0,,0.0,,0.0,,,,,,,,,,,,,,,,,,,0.0,,0.0,,0.0,,,0.0,,,,,,,,,,,0.0,,,,,,,,,,,,,,,,,,,,,,,,,,,,,,,,,,,,,,,,,,,,,,,,,,,,,,,,,,,,,,,,,,,,,,,,,,,,,,,,,,,,,,,,,,,,,,,,,,,,,,,,,,,,,,,,,,,,,,,,,,,,,,,,,,,,,,,,,,,,,,,,,,,,,,,,,,,,,,,,,,,,,,,,,,,,,,,,,,,,,,,,,,,,,,,,,,,,,,,,,,,,,,,,,,,,,,,,,,,,,,,,,,,,,,,,,,-21.0,-27.0,,-28.0,-62,-75,-6.0,,-7.0,-41.0,-54.0,,-1.0,-35.0,-48.0,,,,-34.0,-47.0,-13
23600,1,11,2005-09-15 02:00:00+00:00,336,75,0,Gesetzentwurf,Recht,"['Gütestellengesetz', 'Schiedsperson', 'Schiedsstellengesetz', 'Schlichtungsgesetz', 'Schlichtungsrecht']",[ 0.00494815 -0.02275555  0.04527407 ...  0.01991111 -0.00435555  -0.00226667],"[(np.int64(29), np.float64(0.4877940501298732)), (np.int64(19), np.float64(0.4488689669867582)), (np.int64(4), np.float64(0.420519690988666))]",29,0.4877940501298732,0.5,1.0,0.3333333333333333,1,13,4.0,13.0,35.0,1.0,46.0,46.0,46.0,1.0,52.0,0.0,,1.0,54.0,,,,,,1,75,,,1.0,53.0,0.0,,0.0,,0.0,,,,0.0,,,,,0.0,,,,,,,,,,,,,,,0.0,,,,,,,,,,,,,,,,,,,,,,,,,,,,,0.0,,0.0,,0.0,,,,,,,,,,,,,,,,,,,0.0,,0.0,,0.0,,,0.0,,,,,,,,,,,0.0,,,,,,,,,,,,,,,,,,,,,,,,,,,,,,,,,,,,,,,,,,,,,,,,,,,,,,,,,,,,,,,,,,,,,,,,,,,,,,,,,,,,,,,,,,,,,,,,,,,,,,,,,,,,,,,,,,,,,,,,,,,,,,,,,,,,,,,,,,,,,,,,,,,,,,,,,,,,,,,,,,,,,,,,,,,,,,,,,,,,,,,,,,,,,,,,,,,,,,,,,,,,,,,,,,,,,,,,,,,,22.0,1.0,-1.0,-7.0,-40.0,-40.0,-53.0,,,,,,,,-21.0,-23.0,-29.0,-62.0,-62,-75,-2.0,-8.0,-41.0,-41.0,-54.0,-6.0,-39.0,-39.0,-52.0,-33.0,-33.0,-46.0,0.0,-13.0,-13
23602,1,6,2005-09-16 02:00:00+00:00,337,68,0,Gesetzentwurf,Öffentlicher Dienst,"['Beamter/Beamtin', 'Beihilfe für Bedienstete', 'Besoldung', 'Besoldungsrecht', 'Personalkosten', 'Sonderzahlungsgesetz', 'Teilzeitarbeit', 'Urlaubsgeld', 'Weihnachtsgratifikation']",[ 0.00039973  0.00027458  0.03347276 ...  0.00714285 -0.00382546   0.01841002],"[(np.int64(29), np.float64(0.45310122099990713)), (np.int64(17), np.float64(0.4076666218487388)), (np.int64(5), np.float64(0.40749761985740984))]",29,0.45310122099990713,0.5,1.0,0.3333333333333333,1,12,1.0,34.0,,0.0,,,,1.0,46.0,0.0,,1.0,53.0,,,,,,1,68,,,0.0,,0.0,,0.0,,0.0,,,,0.0,,,,,0.0,,,,,,,,,,,,,,,0.0,,,,,,,,,,,,,,,,,,,,,,,,,,,,,0.0,,0.0,,0.0,,,,,,,,,,,,,,,,,,,0.0,,0.0,,0.0,,,0.0,,,,,,,,,,,0.0,,,,,,,,,,,,,,,,,,,,,,,,,,,,,,,,,,,,,,,,,,,,,,,,,,,,,,,,,,,,,,,,,,,,,,,,,,,,,,,,,,,,,,,,,,,,,,,,,,,,,,,,,,,,,,,,,,,,,,,,,,,,,,,,,,,,,,,,,,,,,,,,,,,,,,,,,,,,,,,,,,,,,,,,,,,,,,,,,,,,,,,,,,,,,,,,,,,,,,,,,,,,,,,,,,,,,,,,,,,,,,,,,,,,,,,,,,-15.0,-22.0,,-34.0,-56,-68,-7.0,,-19.0,-41.0,-53.0,,-12.0,-34.0,-46.0,,,,-22.0,-34.0,-12
23640,1,6,2005-09-22 02:00:00+00:00,343,89,0,Gesetzentwurf,Bauwesen,"['Baurecht', 'Brandschutz', 'Gebäude', 'Rückbau', 'Schlussabnahme']",[-0.00473765  0.02771526  0.02807059 ...  0.01646334  0.0108966   0.00728414],"[(np.int64(19), np.float64(0.511196282735555)), (np.int64(4), np.float64(0.5087904629631197)), (np.int64(29), np.float64(0.5078463871246025))]",19,0.511196282735555,1.0,1.0,0.3333333333333333,1,6,1.0,62.0,,0.0,,,,1.0,68.0,0.0,,1.0,82.0,,,,,,1,89,,,0.0,,0.0,,0.0,,0.0,,,,0.0,,,,,0.0,,,,,,,,,,,,,,,0.0,,,,,,,,,,,,,,,,,,,,,,,,,,,,,0.0,,0.0,,0.0,,,,,,,,,,,,,,,,,,,0.0,,0.0,,0.0,,,0.0,,,,,,,,,,,0.0,,,,,,,,,,,,,,,,,,,,,,,,,,,,,,,,,,,,,,,,,,,,,,,,,,,,,,,,,,,,,,,,,,,,,,,,,,,,,,,,,,,,,,,,,,,,,,,,,,,,,,,,,,,,,,,,,,,,,,,,,,,,,,,,,,,,,,,,,,,,,,,,,,,,,,,,,,,,,,,,,,,,,,,,,,,,,,,,,,,,,,,,,,,,,,,,,,,,,,,,,,,,,,,,,,,,,,,,,,,,,,,,,,,,,,,,,,-7.0,-21.0,,-27.0,-83,-89,-14.0,,-20.0,-76.0,-82.0,,-6.0,-62.0,-68.0,,,,-56.0,-62.0,-6
23759,1,7,2005-10-24 02:00:00+00:00,375,50,0,Gesetzentwurf,"['Sport', 'Glücksspiel']","['Fußballweltmeisterschaft', 'Gemeinnützigkeit', 'Oddset-Wette', 'Sportwette', 'Staatsvertrag über die Bereitstellung von Mitteln aus den Oddset-Sportwetten für gemeinnützige Zwecke im Zusammenhang mit der Veranstaltung der FIFA Fußball-Weltmeisterschaft Deutschland 2006', 'Staatsvertrag']",[-0.0024598   0.01552936 -0.01102466 ...  0.01126175 -0.00989848   0.01932279],"[(np.int64(29), np.float64(0.3689092155398525)), (np.int64(13), np.float64(0.3632637762581839)), (np.int64(12), np.float64(0.3578889519355575))]",29,0.3689092155398525,0.5,1.0,0.3333333333333333,1,15,2.0,36.0,37.0,0.0,,,,1.0,41.0,0.0,,1.0,50.0,,,,,,1,50,,,0.0,,0.0,,0.0,,0.0,,,,0.0,,,,,0.0,,,,,,,,,,,,,,,0.0,,,,,,,,,,,,,,,,,,,,,,,,,,,,,0.0,,0.0,,0.0,,,,,,,,,,,,,,,,,,,0.0,,0.0,,0.0,,,0.0,,,,,,,,,,,0.0,,,,,,,,,,,,,,,,,,,,,,,,,,,,,,,,,,,,,,,,,,,,,,,,,,,,,,,,,,,,,,,,,,,,,,,,,,,,,,,,,,,,,,,,,,,,,,,,,,,,,,,,,,,,,,,,,,,,,,,,,,,,,,,,,,,,,,,,,,,,,,,,,,,,,,,,,,,,,,,,,,,,,,,,,,,,,,,,,,,,,,,,,,,,,,,,,,,,,,,,,,,,,,,,,,,,,,,,,,,,,,,,,,,,,,,,,,0.0,-9.0,,-14.0,-35,-50,-9.0,,-14.0,-35.0,-50.0,,-5.0,-26.0,-41.0,,,,-21.0,-36.0,-15
23758,1,7,2005-10-24 02:00:00+00:00,375,57,0,Gesetzentwurf,"['Bauwesen', 'Öffentlicher Dienst', 'Kommunale Angelegenheiten']","['Baubehörde', 'Bauverwaltung', 'Besoldung', 'Besoldungsgesetz', 'Besoldungsrecht', 'Brandenburgische Boden Gesellschaft für Grundstücksverwaltung und -verwertung mbH', 'Brandenburgischer Landesbetrieb für Liegenschaften und Bauen', 'Gesetz zur Auflösung der Liegenschafts- und Bauämter Bernau, Cottbus, Frankfurt (Oder) und Potsdam', 'Landesorganisationsgesetz', 'Öffentliches Unternehmen']",[ 0.00352203 -0.00540244  0.00396975 ...  0.01241665  0.00576061   0.02793746],"[(np.int64(19), np.float64(0.5087799436192485)), (np.int64(16), np.float64(0.41680321096570794)), (np.int64(29), np.float64(0.4110170773219623))]",19,0.5087799436192485,1.0,1.0,0.3333333333333333,1,15,2.0,22.0,36.0,0.0,,,,1.0,49.0,0.0,,1.0,50.0,,,,,,1,57,,,0.0,,0.0,,0.0,,0.0,,,,0.0,,,,,0.0,,,,,,,,,,,,,,,0.0,,,,,,,,,,,,,,,,,,,,,,,,,,,,,0.0,,0.0,,0.0,,,,,,,,,,,,,,,,,,,0.0,,0.0,,0.0,,,0.0,,,,,,,,,,,0.0,,,,,,,,,,,,,,,,,,,,,,,,,,,,,,,,,,,,,,,,,,,,,,,,,,,,,,,,,,,,,,,,,,,,,,,,,,,,,,,,,,,,,,,,,,,,,,,,,,,,,,,,,,,,,,,,,,,,,,,,,,,,,,,,,,,,,,,,,,,,,,,,,,,,,,,,,,,,,,,,,,,,,,,,,,,,,,,,,,,,,,,,,,,,,,,,,,,,,,,,,,,,,,,,,,,,,,,,,,,,,,,,,,,,,,,,,,-7.0,-8.0,,-35.0,-42,-57,-1.0,,-28.0,-35.0,-50.0,,-27.0,-34.0,-49.0,,,,-7.0,-22.0,-15
23768,1,10,2005-10-26 02:00:00+00:00,377,138,0,Gesetzentwurf,Bauwesen,"['Architekt/Architektin', 'Architektenkammer', 'Architektenkammer-Aufgabenzuweisungsverordnung', 'Berufsbezeichnung', 'Gesellschaft', 'Partnerschaft', 'Richtlinie der EU', 'Studienzeit', 'Verordnung']",[-0.015385    0.02579946  0.02733795 ...  0.00952686  0.00121305   0.01266303],"[(np.int64(29), np.float64(0.4582192169142486)), (np.int64(19), np.float64(0.4294768278723462)), (np.int64(10), np.float64(0.4174084084120017))]",29,0.4582192169142486,0.5,1.0,0.3333333333333333,1,13,3.0,35.0,77.0,1.0,35.0,112.0,,1.0,117.0,1.0,117.0,1.0,118.0,,,,,,1,138,,,0.0,,0.0,,0.0,,0.0,,,,0.0,,,,,0.0,,,,,,,,,,,,,,,0.0,,,,,,,,,,,,,,,,,,,,,,,,,,,,,0.0,,0.0,,0.0,,,,,,,,,,,,,,,,,,,0.0,,0.0,,0.0,,,0.0,,,,,,,,,,,0.0,,,,,,,,,,,,,,,,,,,,,,,,,,,,,,,,,,,,,,,,,,,,,,,,,,,,,,,,,,,,,,,,,,,,,,,,,,,,,,,,,,,,,,,,,,,,,,,,,,,,,,,,,,,,,,,,,,,,,,,,,,,,,,,,,,,,,,,,,,,,,,,,,,,,,,,,,,,,,,,,,,,,,,,,,,,,,,,,,,,,,,,,,,,,,,,,,,,,,,,,,,,,,,,,,,,,,,,,,,,,,,,,,,,21.0,1.0,0.0,-82.0,-82.0,-104.0,-117.0,-20.0,-21.0,-103.0,-103.0,-125,-138,-1.0,-83.0,-83.0,-105.0,-118.0,-82.0,-82.0,-104.0,-117.0,0.0,-22.0,-35.0,-22.0,-35.0,-13
23778,1,8,2005-10-27 02:00:00+00:00,378,105,0,Gesetzentwurf,Raumordnung,"['Landesplanungsvertrag', 'Raumordnungsplan', 'Staatsvertrag über die Änderung des Landesplanungsvertrages', 'Staatsvertrag']",[-0.00131353 -0.00425053 -0.00177843 ...  0.00214002  0.01239737   0.00861912],"[(np.int64(29), np.float64(0.4089339133761444)), (np.int64(12), np.float64(0.39225782174273166)), (np.int64(33), np.float64(0.37446708849869037))]",29,0.4089339133761444,0.5,1.0,0.3333333333333333,1,12,2.0,27.0,34.0,0.0,,,,1.0,38.0,0.0,,1.0,47.0,,,,,,1,54,,,0.0,,0.0,,0.0,,1.0,105.0,,,0.0,,,,,0.0,,,,,,,,,,,,,,,0.0,,,,,,,,,,,,,,,,,,,,,,,,,,,,,0.0,,0.0,,0.0,,,,,,,,,,,,,,,,,,,0.0,,0.0,,0.0,,,0.0,,,,,,,,,,,0.0,,,,,,,,,,,,,,,,,,,,,,,,,,,,,,,,,,,,,,,,,,,,,,,,,,,,,,,,,,,,,,,,,,,,,,,,,,,,,,,,,,,,,,,,,,,,,,,,,,,,,,,,,,,,,,,,,,,,,,,,,,,,,,,,,,,,,,,,,,,,,,,,,,,,,,,,,,,,,,,,,,,,,,,,,,,,,,,,,,,,,,,,,,,,,,,,,,,,,,,,,,,-51.0,-58.0,-67.0,,-78.0,-93.0,-105.0,,,,,,,,,,,,,,,,,,,,,,,,,-7.0,-16.0,,-27.0,-42,-54,-9.0,,-20.0,-35.0,-47.0,,-11.0,-26.0,-38.0,,,,-15.0,-27.0,-12
23970,1,6,2005-11-30 01:00:00+00:00,411,72,0,Gesetzentwurf,Mitbestimmung,"['Berufsbezeichnung', 'Brandenburgische Ingenieurkammer', 'Ingenieur/Ingenieurin', 'Ingenieurkammer', 'Ingenieurkammergesetz']",[-0.01617562 -0.00131353  0.01959965 ...  0.01027211 -0.00401439   0.01830088],"[(np.int64(29), np.float64(0.4484025819738542)), (np.int64(4), np.float64(0.41117109907766614)), (np.int64(19), np.float64(0.4029494327039324))]",29,0.4484025819738542,0.5,1.0,0.3333333333333333,1,14,1.0,49.0,,0.0,,,,1.0,56.0,0.0,,1.0,56.0,,,,,,1,72,,,0.0,,0.0,,0.0,,0.0,,,,0.0,,,,,0.0,,,,,,,,,,,,,,,0.0,,,,,,,,,,,,,,,,,,,,,,,,,,,,,0.0,,0.0,,0.0,,,,,,,,,,,,,,,,,,,0.0,,0.0,,0.0,,,0.0,,,,,,,,,,,0.0,,,,,,,,,,,,,,,,,,,,,,,,,,,,,,,,,,,,,,,,,,,,,,,,,,,,,,,,,,,,,,,,,,,,,,,,,,,,,,,,,,,,,,,,,,,,,,,,,,,,,,,,,,,,,,,,,,,,,,,,,,,,,,,,,,,,,,,,,,,,,,,,,,,,,,,,,,,,,,,,,,,,,,,,,,,,,,,,,,,,,,,,,,,,,,,,,,,,,,,,,,,,,,,,,,,,,,,,,,,,,,,,,,,,,,,,,,-16.0,-16.0,,-23.0,-58,-72,0.0,,-7.0,-42.0,-56.0,,-7.0,-42.0,-56.0,,,,-35.0,-49.0,-14
24087,1,10,2005-12-16 01:00:00+00:00,427,200,0,Gesetzentwurf,Parlament,"['Amtsgericht', 'Behördenzusammenlegung', 'Berlin', 'Mahngerichtsvertrag', 'Mahnverfahren', 'Ordentliche Gerichtsbarkeit', 'Staatsvertrag zwischen dem Land Berlin und dem Land Brandenburg über die Zuständigkeit des Landgerichts Berlin für Rechtsstreitigkeiten über technische Schutzrechte', 'Staatsvertrag', 'Zentrales Mahngericht Berlin-Brandenburg']",[ 0.02183238 -0.0077373   0.02711054 ...  0.00953667  0.02051284   0.01871347],"[(np.int64(29), np.float64(0.4381803894121963)), (np.int64(19), np.float64(0.43063733866689263)), (np.int64(9), np.float64(0.38867808638245266))]",29,0.4381803894121963,0.5,1.0,0.3333333333333333,1,40,3.0,62.0,97.0,1.0,97.0,97.0,,1.0,104.0,0.0,,1.0,110.0,,,,,,1,130,,,0.0,,0.0,,0.0,,1.0,200.0,,,0.0,,,,,0.0,,,,,,,,,,,,,,,0.0,,,,,,,,,,,,,,,,,,,,,,,,,,,,,0.0,,0.0,,0.0,,,,,,,,,,,,,,,,,,,0.0,,0.0,,0.0,,,0.0,,,,,,,,,,,0.0,,,,,,,,,,,,,,,,,,,,,,,,,,,,,,,,,,,,,,,,,,,,,,,,,,,,,,,,,,,,,,,,,,,,,,,,,,,,,,,,,,,,,,,,,,,,,,,,,,,,,,,,,,,,,,,,,,,,,,,,,,,,,,,,,,,,,,,,,,,,,,,,,,,,,,,,,,,,,,,,,,,,,,,,,,,,,,,,,,,,,,,,,,,,,,,,,,,,,,,,,,,-70.0,-90.0,-96.0,-103.0,-138.0,-160.0,-200.0,,,,,,,,,,,,,,,,,,,,,,,,,-20.0,-26.0,-33.0,-68.0,-90,-130,-6.0,-13.0,-48.0,-70.0,-110.0,-7.0,-42.0,-64.0,-104.0,-35.0,-57.0,-97.0,-22.0,-62.0,-40
24089,1,7,2006-01-04 01:00:00+00:00,446,328,0,Gesetzentwurf,Statistik,"['Abfallgesetz', 'Agrarstatistik', 'Amt für Statistik Berlin-Brandenburg', 'Amtsordnung (Kommunalrecht)', 'Arbeitsschutzzuständigkeitsverordnung', 'Bekanntmachungsverordnung', 'Besoldung', 'Besoldungsgesetz', 'Datenschutz', 'Datenschutzverordnung Schulwesen', 'Ersatzschulzuschussverordnung', 'Gemeindeordnung', 'Gesetz über die Umwandlung der Landesoberbehörde ""Landesamt für Datenverarbeitung und Statistik"" in einen Landesbetrieb', 'Gesetz zur rechtlichen Stabilisierung der Zweckverbände für Wasserversorgung und Abwasserbeseitigung', 'Hochschule', 'Hochschulgesetz', 'Hochschulrecht', 'Kindertagesstätte', 'Kindertagesstättengesetz', 'Kommunalwahl', 'Kommunalwahlgesetz', 'Kommunalwahlverordnung', 'Landesbetrieb für Datenverarbeitung und Statistik', 'Landeswahlgesetz', 'Landeswahlverordnung', 'Leichenschaudokumentations-Verordnung', 'ÖPNV-Finanzierungsverordnung', 'Schule', 'Schulgesetz', 'Schulrecht', 'Schulwesen', 'Staatsvertrag zwischen dem Land Berlin und dem Land Brandenburg über die Errichtung eines Amtes für Statistik Berlin-Brandenburg', 'Staatsvertrag', 'Statistik', 'Statistikgesetz', 'Stellenobergrenze', 'Stellenobergrenzenverordnung für Kommunen', 'Verordnung über den gemeinsamen Landesentwicklungsplan für den engeren Verflechtungsraum Brandenburg-Berlin', 'Verordnung über die Durchführung des Agrarstatistikgesetzes', 'Verordnung über Kostensätze für Ausgleichszahlungen nach § 45a des Personenbeförderungsgesetzes', 'Verordnung zur Durchführung der Gebäude- und Wohnungszählung 1995 gemäß § 1 Nr. 1 des Wohnungsstatistikgesetzes', 'Verordnung', 'Volksabstimmungsgesetz', 'Volksentscheidsverfahrensverordnung', 'Wahl', 'Wahlrecht', 'Zweckverband']",[ 0.01716083  0.00658637 -0.01051403 ... -0.00098191  0.00351978   0.03021273],"[(np.int64(29), np.float64(0.4553235815598565)), (np.int64(19), np.float64(0.4465032453578261)), (np.int64(21), np.float64(0.41734274810412236))]",29,0.4553235815598565,0.5,1.0,0.3333333333333333,1,21,1.0,78.0,,0.0,,,,1.0,85.0,0.0,,1.0,91.0,,,,,,1,111,,,0.0,,0.0,,0.0,,1.0,328.0,,,0.0,,,,,0.0,,,,,,,,,,,,,,,0.0,,,,,,,,,,,,,,,,,,,,,,,,,,,,,0.0,,0.0,,0.0,,,,,,,,,,,,,,,,,,,0.0,,0.0,,0.0,,,0.0,,,,,,,,,,,0.0,,,,,,,,,,,,,,,,,,,,,,,,,,,,,,,,,,,,,,,,,,,,,,,,,,,,,,,,,,,,,,,,,,,,,,,,,,,,,,,,,,,,,,,,,,,,,,,,,,,,,,,,,,,,,,,,,,,,,,,,,,,,,,,,,,,,,,,,,,,,,,,,,,,,,,,,,,,,,,,,,,,,,,,,,,,,,,,,,,,,,,,,,,,,,,,,,,,,,,,,,,,-217.0,-237.0,-243.0,,-250.0,-307.0,-328.0,,,,,,,,,,,,,,,,,,,,,,,,,-20.0,-26.0,,-33.0,-90,-111,-6.0,,-13.0,-70.0,-91.0,,-7.0,-64.0,-85.0,,,,-57.0,-78.0,-21
24088,1,8,2006-01-05 01:00:00+00:00,447,147,0,Gesetzentwurf,"['Sozialversicherung', 'Öffentlicher Dienst']","['Ausbildung', 'Deutsche Rentenversicherung Berlin-Brandenburg', 'Gesetz zur Bestimmung des Mitgliedes in der Arbeitsgruppe Personalvertretung der Deutschen Rentenversicherung', 'Landesversicherungsanstalt', 'Laufbahn', 'Mitglied', 'Personalvertretung', 'Prüfung', 'Staatsvertrag über die Bestimmung der Aufsicht über die Deutsche Rentenversicherung Berlin-Brandenburg', 'Staatsvertrag', 'Verordnung über die Ausbildung und Prüfung für die Laufbahn des gehobenen nichttechnischen Dienstes bei der Deutschen Rentenversicherung Berlin-Brandenburg', 'Verordnung']",[0.0115355  0.01402008 0.01419754 ... 0.01029322 0.02638377 0.02247944],"[(np.int64(30), np.float64(0.41766047233590964)), (np.int64(29), np.float64(0.41677548851018653)), (np.int64(19), np.float64(0.40511834556353454))]",30,0.41766047233590964,1.0,1.0,0.3333333333333333,1,20,2.0,41.0,42.0,0.0,,,,1.0,42.0,0.0,,1.0,48.0,,,,,,1,68,,,0.0,,0.0,,0.0,,1.0,147.0,,,0.0,,,,,0.0,,,,,,,,,,,,,,,0.0,,,,,,,,,,,,,,,,,,,,,,,,,,,,,0.0,,0.0,,0.0,,,,,,,,,,,,,,,,,,,0.0,,0.0,,0.0,,,0.0,,,,,,,,,,,0.0,,,,,,,,,,,,,,,,,,,,,,,,,,,,,,,,,,,,,,,,,,,,,,,,,,,,,,,,,,,,,,,,,,,,,,,,,,,,,,,,,,,,,,,,,,,,,,,,,,,,,,,,,,,,,,,,,,,,,,,,,,,,,,,,,,,,,,,,,,,,,,,,,,,,,,,,,,,,,,,,,,,,,,,,,,,,,,,,,,,,,,,,,,,,,,,,,,,,,,,,,,,-79.0,-99.0,-105.0,,-106.0,-127.0,-147.0,,,,,,,,,,,,,,,,,,,,,,,,,-20.0,-26.0,,-27.0,-48,-68,-6.0,,-7.0,-28.0,-48.0,,-1.0,-22.0,-42.0,,,,-21.0,-41.0,-20
24126,1,6,2006-01-16 01:00:00+00:00,458,101,0,Gesetzentwurf,Kommunale Angelegenheiten,"['Gebühren', 'Gesetz über die Verweigerung der Zulassung von Fahrzeugen bei rückständigen Gebühren und Auslagen', 'Kommunaler Haushalt', 'Kommunalverwaltung', 'Kraftfahrzeugsteuer', 'Kreis (Gebietskörperschaft)', 'Kreisfreie Stadt']",[0.02893686 0.00809051 0.01210624 ... 0.00454722 0.00279034 0.01210624],"[(np.int64(12), np.float64(0.37725515355234807)), (np.int64(23), np.float64(0.35099286600035995)), (np.int64(17), np.float64(0.34743953188138654))]",12,0.37725515355234807,0.0,1.0,0.3333333333333333,1,9,1.0,73.0,,0.0,,,,1.0,74.0,0.0,,1.0,79.0,,,,,,1,101,,,0.0,,0.0,,0.0,,0.0,,,,0.0,,,,,0.0,,,,,,,,,,,,,,,0.0,,,,,,,,,,,,,,,,,,,,,,,,,,,,,0.0,,0.0,,0.0,,,,,,,,,,,,,,,,,,,0.0,,0.0,,0.0,,,0.0,,,,,,,,,,,0.0,,,,,,,,,,,,,,,,,,,,,,,,,,,,,,,,,,,,,,,,,,,,,,,,,,,,,,,,,,,,,,,,,,,,,,,,,,,,,,,,,,,,,,,,,,,,,,,,,,,,,,,,,,,,,,,,,,,,,,,,,,,,,,,,,,,,,,,,,,,,,,,,,,,,,,,,,,,,,,,,,,,,,,,,,,,,,,,,,,,,,,,,,,,,,,,,,,,,,,,,,,,,,,,,,,,,,,,,,,,,,,,,,,,,,,,,,,-22.0,-27.0,,-28.0,-92,-101,-5.0,,-6.0,-70.0,-79.0,,-1.0,-65.0,-74.0,,,,-64.0,-73.0,-9
24376,1,6,2006-02-09 01:00:00+00:00,482,77,0,Gesetzentwurf,Gesundheitsschutz,"['Arzt/Ärztin', 'Brustkrebs', 'Frau', 'Früherkennung von Krankheiten', 'Gesetz zur Einführung einer Meldepflicht für Krebserkrankungen', 'Gesetz zur Umsetzung des Brustkrebs-Früherkennungsprogramms', 'Krebsprophylaxe', 'Krebsregister', 'Krebsvorsorgeuntersuchung', 'Mammographie-Screening', 'Meldepflicht']",[-0.03024355  0.01045529  0.00903762 ...  0.03922211 -0.00339649   0.01494457],"[(np.int64(29), np.float64(0.38937926025789493)), (np.int64(12), np.float64(0.3785650591998487)), (np.int64(16), np.float64(0.30934444292720675))]",29,0.38937926025789493,0.5,1.0,0.3333333333333333,1,13,1.0,48.0,,0.0,,,,1.0,50.0,0.0,,1.0,55.0,,,,,,1,77,,,0.0,,0.0,,0.0,,0.0,,,,0.0,,,,,0.0,,,,,,,,,,,,,,,0.0,,,,,,,,,,,,,,,,,,,,,,,,,,,,,0.0,,0.0,,0.0,,,,,,,,,,,,,,,,,,,0.0,,0.0,,0.0,,,0.0,,,,,,,,,,,0.0,,,,,,,,,,,,,,,,,,,,,,,,,,,,,,,,,,,,,,,,,,,,,,,,,,,,,,,,,,,,,,,,,,,,,,,,,,,,,,,,,,,,,,,,,,,,,,,,,,,,,,,,,,,,,,,,,,,,,,,,,,,,,,,,,,,,,,,,,,,,,,,,,,,,,,,,,,,,,,,,,,,,,,,,,,,,,,,,,,,,,,,,,,,,,,,,,,,,,,,,,,,,,,,,,,,,,,,,,,,,,,,,,,,,,,,,,,-22.0,-27.0,,-29.0,-64,-77,-5.0,,-7.0,-42.0,-55.0,,-2.0,-37.0,-50.0,,,,-35.0,-48.0,-13
24641,1,44,2006-03-28 02:00:00+00:00,530,94,0,Gesetzentwurf,"['Öffentliche Verwaltung', 'Kommunale Angelegenheiten', 'Bauwesen', 'Jagd Fischerei', 'Wald Forsten', 'Umwelt', 'Abfall', 'Tier/Tierschutz/Tierhaltung', 'Kommunale Angelegenheiten', 'Öffentlicher Haushalt', 'Schulen', 'Öffentlicher Dienst']","['Abfall', 'Abfallgesetz', 'Abgaben', 'Amtszeitgesetz', 'Arbeitsschutzzuständigkeitsverordnung', 'Barnim, Landkreis', 'Baugebührenordnung', 'Baugenehmigung', 'Bauordnung', 'Baurecht', 'Behördliches Genehmigungsverfahren', 'Brandenburg an der Havel, kreisfreie Stadt', 'Bürokratie', 'Cottbus, kreisfreie Stadt', 'Experimentierklausel', 'Fischerei', 'Fischereigesetz', 'Fischereischein', 'Futtermittel', 'Gebrauchtwarenverordnung', 'Gebühren', 'Gebührenordnung des Ministeriums für Ländliche Entwicklung, Umwelt und Verbraucherschutz', 'Gemeinde', 'Gemeindeordnung', 'Gesetz über die Verwertung der Liegenschaften der Westgruppe der Truppen', 'Gesetz zur Ausführung des Fleischhygienegesetzes', 'Gesetz zur Ausführung des Geflügelfleischhygienegesetzes', 'Gesetz zur Ausführung des Grundstücksverkehrsgesetzes', 'Gesetz zur Ausführung des Lebensmittel- und Bedarfsgegenständegesetzes des Landes Brandenburg', 'Gesetz zur Ausführung des Lebensmittel- und Futtermittelgesetzbuches und weiterer Vorschriften', 'Gesetz zur Ausführung des Tierseuchengesetzes', 'Grundstücksverkehr', 'Grundstückverkehrsgesetz', 'Immissionsschutz', 'Ingenieur/Ingenieurin', 'Ingenieurgesetz', 'Ingenieurkammer', 'Ladenschluss', 'Ladenschluss-Ausnahmeverordnung', 'Landesamt für Verbraucherschutz, Landwirtschaft und Flurneuordnung', 'Landeshaushaltsordnung', 'Landesimmissionsschutzgesetz', 'Landschaftspflege', 'Laufbahnverordnung', 'Lebensmittel- und Bedarfsgegenständegesetz', 'Lebensmittelkontrolle', 'Liegenschaftsverwaltung', 'Märkisch-Oderland, Landkreis', 'Ministerium für Ländliche Entwicklung, Umwelt und Verbraucherschutz', 'Modellregion', 'Naturschutz', 'Naturschutzgesetz', 'Oberhavel, Landkreis', 'Ordnungswidrigkeit', 'Prignitz, Landkreis', 'Region', 'Sammlungsgesetz', 'Schule', 'Schulgesetz', 'Schulträger', 'Schwarzarbeit', 'Schwarzarbeitsgesetzzuständigkeitsverordnung', 'Sicherheitstechnische Gebäudeausrüstungs-Prüfverordnung', 'Sperrungsverordnung', 'Spree-Neiße, Landkreis', 'Standardabbau', 'Standarderprobungsgesetz', 'Straßenverkehrsrechtszuständigkeitsverordnung', 'Teltow-Fläming, Landkreis', 'Tierseuchengesetz', 'Vergnügungssteuergesetz', 'Vermessungs- und Liegenschaftsgesetz', 'Verordnung über die Durchführung der amtlichen Lebensmittelüberwachung', 'Verordnung zur Durchführung des Gesetzes zur Ausführung des Fleischhygienegesetzes', 'Verordnung zur Regelung von Zuständigkeiten auf dem Gebiet des Futtermittelrechts', 'Verordnung', 'Verwaltungszustellungsgesetz', 'Wald', 'Waldgesetz']",[-0.00227836  0.00057699 -0.00946849 ...  0.01497205 -0.00353589   0.00680548],"[(np.int64(29), np.float64(0.5264403849980019)), (np.int64(19), np.float64(0.46324509380852896)), (np.int64(1), np.float64(0.4607993106211591))]",29,0.5264403849980019,0.5,1.0,0.3333333333333333,1,50,30.0,1.0,1.0,3.0,56.0,15.0,29.0,2.0,83.0,5.0,84.0,1.0,85.0,84.0,84.0,84.0,84.0,,1,94,30.0,30.0,0.0,,0.0,,0.0,,0.0,,85.0,,0.0,,30.0,36.0,,0.0,,,,,,,,,,,,,,,0.0,,,37.0,43.0,44.0,56.0,56.0,57.0,57.0,57.0,57.0,57.0,59.0,71.0,71.0,71.0,71.0,71.0,72.0,72.0,77.0,77.0,77.0,78.0,78.0,79.0,,,0.0,,0.0,,0.0,,,,,,,,,,,,,,,,,,,0.0,,0.0,,0.0,,,0.0,,,,,,,,,,,0.0,,,,,,,,,,,,,,,,,,,,,,,,,,,,,,,,,,,,,,,,,,,,,,,,,,,,,,,,,,,,,,,,,,,,,,,,,,,,,,,,,,,,,,,,,,,,,,,,,,,,,,,,,,,,,,,,,,,,,,,,,,,,,,,,,,,,,,,,,,,,,,,,,,,,,,,,,,,,,,,,,,,,,,,,,,,,,,,,,,,,,,,,,,,,,,,,,,,,,,,,,,,,,,,,,,,,,,,,,,,,,,,,,,,10.0,1.0,-1.0,-28.0,-83.0,-34.0,-84.0,-9.0,-11.0,-38.0,-93.0,-44,-94,-2.0,-29.0,-84.0,-35.0,-85.0,-27.0,-82.0,-33.0,-83.0,-55.0,-6.0,-56.0,49.0,-1.0,-50
24678,1,8,2006-03-31 02:00:00+00:00,533,255,0,Gesetzentwurf,Bergbau Bodenschätze,"['Bergbehörde', 'Berlin', 'Brandenburg', 'Landesamt für Bergbau, Geologie und Rohstoffe', 'Staatsvertrag zwischen dem Land Berlin und dem Land Brandenburg über die Bergbehörde und energieaufsichtliche Zuständigkeiten', 'Staatsvertrag zwischen dem Land Berlin und dem Land Brandenburg über die Bergbehörden', 'Staatsvertrag']",[ 0.00073759  0.00196192 -0.01833123 ... -0.00524177  0.01078308   0.02611901],"[(np.int64(16), np.float64(0.46067517691674353)), (np.int64(29), np.float64(0.45511816378660225)), (np.int64(19), np.float64(0.43977105231915103))]",16,0.46067517691674353,1.0,1.0,0.3333333333333333,1,47,2.0,89.0,160.0,0.0,,,,1.0,161.0,0.0,,1.0,166.0,,,,,,1,194,,,0.0,,0.0,,0.0,,1.0,255.0,,,0.0,,,,,0.0,,,,,,,,,,,,,,,0.0,,,,,,,,,,,,,,,,,,,,,,,,,,,,,0.0,,0.0,,0.0,,,,,,,,,,,,,,,,,,,0.0,,0.0,,0.0,,,0.0,,,,,,,,,,,0.0,,,,,,,,,,,,,,,,,,,,,,,,,,,,,,,,,,,,,,,,,,,,,,,,,,,,,,,,,,,,,,,,,,,,,,,,,,,,,,,,,,,,,,,,,,,,,,,,,,,,,,,,,,,,,,,,,,,,,,,,,,,,,,,,,,,,,,,,,,,,,,,,,,,,,,,,,,,,,,,,,,,,,,,,,,,,,,,,,,,,,,,,,,,,,,,,,,,,,,,,,,,-61.0,-89.0,-94.0,,-166.0,-208.0,-255.0,,,,,,,,,,,,,,,,,,,,,,,,,-28.0,-33.0,,-105.0,-147,-194,-5.0,,-77.0,-119.0,-166.0,,-72.0,-114.0,-161.0,,,,-42.0,-89.0,-47
24835,1,7,2006-04-25 02:00:00+00:00,558,129,0,Gesetzentwurf,Versicherungen,"['Abwicklung von Rechtsverhältnissen', 'Feuersozietät Berlin Brandenburg', 'Haftung', 'Öffentliche Lebensversicherung Berlin Brandenburg', 'Staatsvertrag über die Feuersozietät Berlin Brandenburg und die öffentliche Lebensversicherung Berlin Brandenburg', 'Staatsvertrag zur Abwicklung der Feuersozietät Berlin Brandenburg und zur Haftungsregelung für die Öffentliche Lebensversicherung Berlin Brandenburg', 'Staatsvertrag']",[ 0.01029105  0.01998724 -0.00600807 ...  0.00963671  0.00669216   0.01772678],"[(np.int64(19), np.float64(0.5043423247082044)), (np.int64(29), np.float64(0.49313701819374534)), (np.int64(21), np.float64(0.42603558261343577))]",19,0.5043423247082044,1.0,1.0,0.3333333333333333,1,22,1.0,51.0,,0.0,,,,1.0,56.0,0.0,,1.0,58.0,,,,,,1,70,,,0.0,,0.0,,0.0,,1.0,129.0,,,0.0,,,,,0.0,,,,,,,,,,,,,,,0.0,,,,,,,,,,,,,,,,,,,,,,,,,,,,,0.0,,0.0,,0.0,,,,,,,,,,,,,,,,,,,0.0,,0.0,,0.0,,,0.0,,,,,,,,,,,0.0,,,,,,,,,,,,,,,,,,,,,,,,,,,,,,,,,,,,,,,,,,,,,,,,,,,,,,,,,,,,,,,,,,,,,,,,,,,,,,,,,,,,,,,,,,,,,,,,,,,,,,,,,,,,,,,,,,,,,,,,,,,,,,,,,,,,,,,,,,,,,,,,,,,,,,,,,,,,,,,,,,,,,,,,,,,,,,,,,,,,,,,,,,,,,,,,,,,,,,,,,,,-59.0,-71.0,-73.0,,-78.0,-107.0,-129.0,,,,,,,,,,,,,,,,,,,,,,,,,-12.0,-14.0,,-19.0,-48,-70,-2.0,,-7.0,-36.0,-58.0,,-5.0,-34.0,-56.0,,,,-29.0,-51.0,-22
24854,1,7,2006-05-04 02:00:00+00:00,567,439,0,Gesetzentwurf,Raumordnung,"['Braunkohle', 'Braunkohlen- und Sanierungsplanung', 'Braunkohlenbergbau', 'Gesetz zur Regionalplanung und zur Braunkohlen- und Sanierungsplanung', 'Landesplanungsgesetz', 'Landesplanungsvertrag', 'Raumordnungsplan', 'Regionalplanung', 'Richtlinie der EU', 'Sanierung', 'Staatsvertrag über die Änderung des Landesplanungsvertrages', 'Staatsvertrag', 'Umweltprüfung']",[-0.01291499  0.01817665  0.00373697 ...  0.01757873  0.01865498   0.01159957],"[(np.int64(38), np.float64(0.4482221545882106)), (np.int64(7), np.float64(0.4103642248311746)), (np.int64(29), np.float64(0.40769607169070293))]",38,0.4482221545882106,1.0,1.0,0.3333333333333333,1,14,1.0,35.0,,0.0,,,,1.0,43.0,0.0,,1.0,48.0,,,,,,1,61,,,0.0,,0.0,,0.0,,1.0,439.0,,,0.0,,,,,0.0,,,,,,,,,,,,,,,0.0,,,,,,,,,,,,,,,,,,,,,,,,,,,,,0.0,,0.0,,0.0,,,,,,,,,,,,,,,,,,,0.0,,0.0,,0.0,,,0.0,,,,,,,,,,,0.0,,,,,,,,,,,,,,,,,,,,,,,,,,,,,,,,,,,,,,,,,,,,,,,,,,,,,,,,,,,,,,,,,,,,,,,,,,,,,,,,,,,,,,,,,,,,,,,,,,,,,,,,,,,,,,,,,,,,,,,,,,,,,,,,,,,,,,,,,,,,,,,,,,,,,,,,,,,,,,,,,,,,,,,,,,,,,,,,,,,,,,,,,,,,,,,,,,,,,,,,,,,-378.0,-391.0,-396.0,,-404.0,-425.0,-439.0,,,,,,,,,,,,,,,,,,,,,,,,,-13.0,-18.0,,-26.0,-47,-61,-5.0,,-13.0,-34.0,-48.0,,-8.0,-29.0,-43.0,,,,-21.0,-35.0,-14
24853,1,7,2006-05-04 02:00:00+00:00,567,120,0,Gesetzentwurf,Luftverkehr,"['Berlin', 'Brandenburg', 'Gemeinsame Obere Luftfahrtbehörde Berlin-Brandenburg', 'Landesamt für Bauen und Verkehr', 'Luftfahrt', 'Luftfahrtstaatsvertrag', 'Staatsvertrag']",[ 0.00998888 -0.00670851  0.01678604 ...  0.00325082  0.02139629   0.01306238],"[(np.int64(29), np.float64(0.4597417390172456)), (np.int64(19), np.float64(0.4400348207959831)), (np.int64(4), np.float64(0.426905606096468))]",29,0.4597417390172456,0.5,1.0,0.3333333333333333,1,14,1.0,35.0,,0.0,,,,1.0,43.0,0.0,,1.0,48.0,,,,,,1,61,,,0.0,,0.0,,0.0,,1.0,120.0,,,0.0,,,,,0.0,,,,,,,,,,,,,,,0.0,,,,,,,,,,,,,,,,,,,,,,,,,,,,,0.0,,0.0,,0.0,,,,,,,,,,,,,,,,,,,0.0,,0.0,,0.0,,,0.0,,,,,,,,,,,0.0,,,,,,,,,,,,,,,,,,,,,,,,,,,,,,,,,,,,,,,,,,,,,,,,,,,,,,,,,,,,,,,,,,,,,,,,,,,,,,,,,,,,,,,,,,,,,,,,,,,,,,,,,,,,,,,,,,,,,,,,,,,,,,,,,,,,,,,,,,,,,,,,,,,,,,,,,,,,,,,,,,,,,,,,,,,,,,,,,,,,,,,,,,,,,,,,,,,,,,,,,,,-59.0,-72.0,-77.0,,-85.0,-106.0,-120.0,,,,,,,,,,,,,,,,,,,,,,,,,-13.0,-18.0,,-26.0,-47,-61,-5.0,,-13.0,-34.0,-48.0,,-8.0,-29.0,-43.0,,,,-21.0,-35.0,-14
25015,1,8,2006-06-01 02:00:00+00:00,595,258,0,Gesetzentwurf,Bildung,"['Soziale Berufe-Durchführungsverordnung', 'Sozialpädagogisches Fortbildungsinstitut Berlin-Brandenburg', 'Sozialpädagogisches Fortbildungswerk Brandenburg', 'Staatsvertrag über die Errichtung eines gemeinsamen Sozialpädagogischen Fortbildungsinstituts Berlin-Brandenburg (SFBB)', 'Staatsvertrag', 'Verordnung']",[-0.02331849  0.01677504  0.01915447 ...  0.01255153 -0.00639474   0.0152284 ],"[(np.int64(29), np.float64(0.4464826569888495)), (np.int64(20), np.float64(0.44329686686542463)), (np.int64(19), np.float64(0.4371251544189799))]",29,0.4464826569888495,0.5,1.0,0.3333333333333333,1,20,1.0,112.0,,0.0,,,,1.0,137.0,0.0,,1.0,146.0,,,,,,1,164,,,0.0,,0.0,,1.0,258.0,1.0,258.0,,,0.0,,,,,0.0,,,,,,,,,,,,,,,0.0,,,,,,,,,,,,,,,,,,,,,,,,,,,,,0.0,,0.0,,0.0,,,,,,,,,,,,,,,,,,,0.0,,0.0,,0.0,,,0.0,,,,,,,,,,,0.0,,,,,,,,,,,,,,,,,,,,,,,,,,,,,,,,,,,,,,,,,,,,,,,,,,,,,,,,,,,,,,,,,,,,,,,,,,,,,,,,,,,,,,,,,,,,,,,,,,,,,,,,,,,,,,,,,,,,,,,,,,,,,,,,,,,,,,,,,,,,,,,,,,,,,,,,,,,,,,,,,,,,,,0.0,,,,-94.0,-112.0,-121.0,,-146.0,-238.0,-258.0,,,,,,,,,,,,,,,,,,,,,,,,,,,-94.0,-112.0,-121.0,,-146.0,-238.0,-258.0,,,,,,,,,,,,,,,,,,,,,,,,,-18.0,-27.0,,-52.0,-144,-164,-9.0,,-34.0,-126.0,-146.0,,-25.0,-117.0,-137.0,,,,-92.0,-112.0,-20
25013,1,7,2006-06-01 02:00:00+00:00,595,258,0,Gesetzentwurf,"['Schulen', 'Öffentlicher Dienst']","['Besoldung', 'Besoldungsgesetz', 'Besoldungsrecht', 'Datenschutz', 'Datenschutzverordnung Schulwesen', 'Gesetz zur Errichtung eines Brandenburgischen Landesinstitutes für Schule und Medien', 'Landesinstitut für Schule und Medien Brandenburg', 'LISUM-Aufgabenverordnung', 'Schule', 'Schulgesetz', 'Schulwesen', 'Staatsvertrag über die Errichtung eines gemeinsamen Landesinstituts für Schule und Medien Berlin-Brandenburg (LISUM)', 'Staatsvertrag', 'Verordnung', 'Weiterbildung', 'Weiterbildungsgesetz']",[ 0.00673511  0.01358943 -0.00959605 ...  0.01823845  0.01364903   0.02527157],"[(np.int64(19), np.float64(0.44076494664451393)), (np.int64(2), np.float64(0.4285098433423106)), (np.int64(29), np.float64(0.42719366334378495))]",19,0.44076494664451393,1.0,1.0,0.3333333333333333,1,20,1.0,112.0,,0.0,,,,1.0,137.0,0.0,,1.0,146.0,,,,,,1,164,,,0.0,,0.0,,0.0,,1.0,258.0,,,0.0,,,,,0.0,,,,,,,,,,,,,,,0.0,,,,,,,,,,,,,,,,,,,,,,,,,,,,,0.0,,0.0,,0.0,,,,,,,,,,,,,,,,,,,0.0,,0.0,,0.0,,,0.0,,,,,,,,,,,0.0,,,,,,,,,,,,,,,,,,,,,,,,,,,,,,,,,,,,,,,,,,,,,,,,,,,,,,,,,,,,,,,,,,,,,,,,,,,,,,,,,,,,,,,,,,,,,,,,,,,,,,,,,,,,,,,,,,,,,,,,,,,,,,,,,,,,,,,,,,,,,,,,,,,,,,,,,,,,,,,,,,,,,,,,,,,,,,,,,,,,,,,,,,,,,,,,,,,,,,,,,,,-94.0,-112.0,-121.0,,-146.0,-238.0,-258.0,,,,,,,,,,,,,,,,,,,,,,,,,-18.0,-27.0,,-52.0,-144,-164,-9.0,,-34.0,-126.0,-146.0,,-25.0,-117.0,-137.0,,,,-92.0,-112.0,-20
25012,1,8,2006-06-01 02:00:00+00:00,595,811,0,Gesetzentwurf,Bauwesen,"['Anstalt des öffentlichen Rechts', 'Abkommen über das Deutsche Institut für Bautechnik', 'Völkerrechtlicher Vertrag']",[ 7.56039331e-03 -3.40368296e-03  1.88256799e-05 ...  2.63559516e-03  -5.48203802e-03  1.45183643e-02],"[(np.int64(29), np.float64(0.3815488269445543)), (np.int64(19), np.float64(0.3723612672146005)), (np.int64(12), np.float64(0.3566651051886413))]",29,0.3815488269445543,0.5,1.0,0.3333333333333333,1,20,2.0,119.0,153.0,0.0,,,,1.0,158.0,0.0,,1.0,173.0,,,,,,1,193,,,0.0,,0.0,,0.0,,1.0,811.0,,,0.0,,,,,0.0,,,,,,,,,,,,,,,0.0,,,,,,,,,,,,,,,,,,,,,,,,,,,,,0.0,,0.0,,0.0,,,,,,,,,,,,,,,,,,,0.0,,0.0,,0.0,,,0.0,,,,,,,,,,,0.0,,,,,,,,,,,,,,,,,,,,,,,,,,,,,,,,,,,,,,,,,,,,,,,,,,,,,,,,,,,,,,,,,,,,,,,,,,,,,,,,,,,,,,,,,,,,,,,,,,,,,,,,,,,,,,,,,,,,,,,,,,,,,,,,,,,,,,,,,,,,,,,,,,,,,,,,,,,,,,,,,,,,,,,,,,,,,,,,,,,,,,,,,,,,,,,,,,,,,,,,,,,-618.0,-638.0,-653.0,,-692.0,-791.0,-811.0,,,,,,,,,,,,,,,,,,,,,,,,,-20.0,-35.0,,-74.0,-173,-193,-15.0,,-54.0,-153.0,-173.0,,-39.0,-138.0,-158.0,,,,-99.0,-119.0,-20
25049,1,34,2006-06-07 02:00:00+00:00,601,295,0,Gesetzentwurf,"['Schulen', 'Öffentlicher Dienst']","['Abendschule', 'Abitur', 'Begabtenförderung', 'Behördliches Genehmigungsverfahren', 'Bekenntnisunterricht', 'Besoldung', 'Besoldungsgesetz', 'Besoldungsrecht', 'Bildungsgang', 'Datenschutz', 'Ergänzungsschule', 'Fachhochschulreife', 'Fachoberschulreife', 'Fachschule', 'Ganztagsschule', 'Gesamtschule', 'Grundschule', 'Gutachten', 'Gymnasiale Oberstufe', 'Gymnasium', 'Hochschulreife', 'Kollegschule', 'Landespersonalvertretungsgesetz', 'Lehrer/Lehrerin', 'Lehrerrat', 'Oberschule', 'Personalrat', 'Personalvertretung', 'Personalvertretungsrecht', 'Personenbezogene Daten', 'Rauchverbot', 'Realschule', 'Schulabschluss', 'Schulamt', 'Schulbesuch', 'Schule', 'Schüler/Schülerin', 'Schulleiter/Schulleiterin', 'Schulpflicht', 'Schulrecht', 'Schulstandort', 'Schulträger', 'Schulversuch', 'Schulversuchsverordnung', 'Schulwahl', 'Schulzeit', 'Sekundarstufe I', 'Sekundarstufe II', 'Sonderpädagogik', 'Sonderschule', 'Spezialklasse', 'Spezialschule', 'Studienkolleg', 'Verordnung', 'Zweiter Bildungsweg']",[ 0.00408456  0.02130024  0.01839566 ... -0.00343406  0.00496199   0.01216292],"[(np.int64(20), np.float64(0.5169845371682718)), (np.int64(29), np.float64(0.4963643174188117)), (np.int64(26), np.float64(0.4531448144950827))]",20,0.5169845371682718,0.5,1.0,0.6666666666666667,1,14,14.0,83.0,92.0,3.0,106.0,106.0,106.0,3.0,181.0,9.0,187.0,1.0,190.0,187.0,187.0,187.0,187.0,187.0,1,216,113.0,113.0,0.0,,0.0,,1.0,295.0,0.0,,183.0,186.0,0.0,,134.0,134.0,187.0,0.0,,,,,,,,,,,,,,,0.0,,,147.0,147.0,161.0,172.0,175.0,266.0,,113.0,,,,,,134.0,,,,,,,,,,,188.0,188.0,0.0,,0.0,,0.0,,,,,,,,,,,,,,,,,,,0.0,,0.0,,0.0,,,0.0,,,,,,,,,,,0.0,,,,,,,,,,,,,,,,,,,,,,,,,,,,,,,,,,,,,,,,,,,,,,,,,,,,,,,,,,,,,,,,,,,,,,,,,,,,,,,,,,,,,,,,,,,,,,,,,,,,,,,,,,,,,,,,,,,,,,,,,,,,,,,,,,,,,,,,,,,,,,,,,,,,,,,,,,,,,,,,,,,,,,,,,-108.0,-79.0,-105.0,-114.0,-189.0,-212.0,-281.0,-295.0,,,,,,,,,,,,,,,,,,,,,,,,,,,,,,,,,,,,,,,,,,,,,,,,,,,29.0,3.0,-6.0,-81.0,-104.0,-173.0,-187.0,-26.0,-35.0,-110.0,-133.0,-202,-216,-9.0,-84.0,-107.0,-176.0,-190.0,-75.0,-98.0,-167.0,-181.0,-23.0,-92.0,-106.0,-69.0,-83.0,-14
25037,1,10,2006-06-07 02:00:00+00:00,601,161,0,Gesetzentwurf,Umwelt,"['Artenschutz', 'Fischerei', 'Flora-Fauna-Habitat-Richtlinie', 'Forstwirtschaft', 'Fremdenverkehr', 'Hochwasserschutz', 'Landschaftsschutz', 'Landschaftsschutzgebiet', 'Landwirtschaft', 'Nationalpark', 'Nationalparkgesetz Unteres Odertal', 'NATURA 2000', 'Naturschutz', 'Naturschutzbehörde', 'Naturschutzgebiet', 'Sanfter Tourismus', 'Schutzzone', 'Vogelschutz', 'Wasserwirtschaft']",[-0.02796031 -0.00894493 -0.01575729 ...  0.01682358  0.0093596   0.00805636],"[(np.int64(33), np.float64(0.45705721824213597)), (np.int64(1), np.float64(0.38366072097730297)), (np.int64(7), np.float64(0.375847919012368))]",33,0.45705721824213597,0.5,1.0,0.3333333333333333,1,14,4.0,0.0,89.0,1.0,89.0,105.0,133.0,1.0,133.0,0.0,,1.0,140.0,,,,,,1,161,,,0.0,,0.0,,0.0,,0.0,,,,0.0,,,,,0.0,,,,,,,,,,,,,,,0.0,,,,,,,,,,,,,,,,,,,,,,,,,,,,,0.0,,0.0,,0.0,,,,,,,,,,,,,,,,,,,0.0,,0.0,,0.0,,,0.0,,,,,,,,,,,0.0,,,,,,,,,,,,,,,,,,,,,,,,,,,,,,,,,,,,,,,,,,,,,,,,,,,,,,,,,,,,,,,,,,,,,,,,,,,,,,,,,,,,,,,,,,,,,,,,,,,,,,,,,,,,,,,,,,,,,,,,,,,,,,,,,,,,,,,,,,,,,,,,,,,,,,,,,,,,,,,,,,,,,,,,,,,,,,,,,,,,,,,,,,,,,,,,,,,,,,,,,,,,,,,,,,,,,,,,,,,,,,,,,,,,,,,,,,-21.0,-28.0,-72.0,-161.0,-147,-161,-7.0,-51.0,-140.0,-126.0,-140.0,-44.0,-133.0,-119.0,-133.0,-89.0,-75.0,-89.0,14.0,0.0,-14
25038,1,6,2006-06-08 02:00:00+00:00,602,125,0,Gesetzentwurf,Mitbestimmung,"['Altersgrenze', 'Kammer (Körperschaft)', 'Mitgliedschaft', 'Steuerberater/Steuerberaterin', 'Steuerberaterkammer', 'Steuerberatung', 'Steuerberatungsgesetz', 'Steuerbevollmächtigter/Steuerbevollmächtigte', 'Versorgung', 'Versorgungsempfänger']",[-0.00182829  0.01450595 -0.00230229 ...  0.01432538  0.00659088   0.03129915],"[(np.int64(23), np.float64(0.49354191534186953)), (np.int64(29), np.float64(0.4786667474040195)), (np.int64(19), np.float64(0.4438682518107435))]",23,0.49354191534186953,0.0,1.0,0.3333333333333333,1,13,1.0,91.0,,0.0,,,,1.0,92.0,0.0,,1.0,97.0,,,,,,1,125,,,0.0,,0.0,,0.0,,0.0,,,,0.0,,,,,0.0,,,,,,,,,,,,,,,0.0,,,,,,,,,,,,,,,,,,,,,,,,,,,,,0.0,,0.0,,0.0,,,,,,,,,,,,,,,,,,,0.0,,0.0,,0.0,,,0.0,,,,,,,,,,,0.0,,,,,,,,,,,,,,,,,,,,,,,,,,,,,,,,,,,,,,,,,,,,,,,,,,,,,,,,,,,,,,,,,,,,,,,,,,,,,,,,,,,,,,,,,,,,,,,,,,,,,,,,,,,,,,,,,,,,,,,,,,,,,,,,,,,,,,,,,,,,,,,,,,,,,,,,,,,,,,,,,,,,,,,,,,,,,,,,,,,,,,,,,,,,,,,,,,,,,,,,,,,,,,,,,,,,,,,,,,,,,,,,,,,,,,,,,,-28.0,-33.0,,-34.0,-112,-125,-5.0,,-6.0,-84.0,-97.0,,-1.0,-79.0,-92.0,,,,-78.0,-91.0,-13
25305,1,8,2006-07-24 02:00:00+00:00,648,139,0,Gesetzentwurf,Medizinische Berufe,"['Arzt/Ärztin', 'Ärztekammer', 'Bereitschaftsdienst', 'Berufliche Bildung', 'Berufsfreiheit', 'Berufsordnung', 'Datenschutz', 'Ethikkommission', 'Gesundheitliche Versorgung', 'Grundrecht', 'Heilberuf', 'Heilberufsausweis', 'Landesärztekammer', 'Landestierärztekammer', 'Landeszahnärztekammer', 'Medizinisches Versorgungszentrum', 'Niedergelassener Arzt/Niedergelassene Ärztin', 'Niederlassungsfreiheit', 'Notfalldienst', 'Tierarzt/Tierärztin', 'Weiterbildung', 'Zahnarzt/Zahnärztin']",[ 0.01079315  0.01073319  0.00356774 ...  0.00734534 -0.00728538   0.01894797],"[(np.int64(29), np.float64(0.41383406920780086)), (np.int64(12), np.float64(0.36189861293270764)), (np.int64(16), np.float64(0.31795467596460614))]",29,0.41383406920780086,0.5,1.0,0.3333333333333333,1,51,3.0,58.0,86.0,0.0,,106.0,,1.0,114.0,0.0,,1.0,120.0,,,,,,1,139,,,0.0,,0.0,,0.0,,0.0,,,,0.0,,,,,0.0,,,,,,,,,,,,,,,0.0,,,,,,,,,,,,,,,,,,,,,,,,,,,,,0.0,,0.0,,0.0,,,,,,,,,,,,,,,,,,,0.0,,0.0,,0.0,,,0.0,,,,,,,,,,,0.0,,,,,,,,,,,,,,,,,,,,,,,,,,,,,,,,,,,,,,,,,,,,,,,,,,,,,,,,,,,,,,,,,,,,,,,,,,,,,,,,,,,,,,,,,,,,,,,,,,,,,,,,,,,,,,,,,,,,,,,,,,,,,,,,,,,,,,,,,,,,,,,,,,,,,,,,,,,,,,,,,,,,,,,,,,,,,,,,,,,,,,,,,,,,,,,,,,,,,,,,,,,,,,,,,,,,,,,,,,,,,,,,,,,,,,,,,,-19.0,-25.0,,-81.0,-88,-139,-6.0,,-62.0,-69.0,-120.0,,-56.0,-63.0,-114.0,,,,-7.0,-58.0,-51
25302,1,36,2006-07-24 02:00:00+00:00,648,150,0,Gesetzentwurf,Öffentlicher Haushalt,"['Einzelplan 01 - Landtag', 'Einzelplan 02 - Ministerpräsident und Staatskanzlei', 'Einzelplan 03 - Ministerium des Innern', 'Einzelplan 04 - Ministerium der Justiz', 'Einzelplan 05 - Ministerium für Bildung, Jugend und Sport', 'Einzelplan 06 - Ministerium für Wissenschaft, Forschung und Kultur', 'Einzelplan 07 - Ministerium für Arbeit, Soziales, Gesundheit und Familie', 'Einzelplan 08 - Ministerium für Wirtschaft', 'Einzelplan 10 - Ministerium für Ländliche Entwicklung, Umwelt und Verbraucherschutz', 'Einzelplan 11 - Ministerium für Infrastruktur und Raumordnung', 'Einzelplan 12 - Ministerium der Finanzen', 'Einzelplan 13 - Landesrechnungshof', 'Einzelplan 14 - Verfassungsgericht des Landes Brandenburg', 'Einzelplan 15 - Hochbaumaßnahmen des Landes Brandenburg', 'Einzelplan 20 - Allgemeine Finanzverwaltung', 'Finanzpolitik', 'Haushaltsjahr', 'Landeshaushalt', 'Landesregierung', 'Öffentlicher Haushalt']",[ 0.00217195  0.02427822 -0.00705139 ...  0.00493895 -0.00743818   0.02761052],"[(np.int64(34), np.float64(0.4621281989174669)), (np.int64(19), np.float64(0.4589150541533004)), (np.int64(29), np.float64(0.4436548038600556))]",34,0.4621281989174669,1.0,1.0,1.0,1,52,4.0,45.0,59.0,0.0,,128.0,142.0,17.0,136.0,8.0,132.0,1.0,141.0,132.0,132.0,132.0,139.0,139.0,1,150,,,0.0,,0.0,,0.0,,0.0,,136.0,136.0,1.0,143.0,,,139.0,1.0,52.0,136.0,136.0,136.0,136.0,136.0,136.0,136.0,136.0,136.0,136.0,136.0,136.0,136.0,1.0,142.0,142.0,,,,,,,,,,,,,,,,,,,,,,,,,142.0,,0.0,,0.0,,0.0,,,,,,,,,,,,,,,,,,,0.0,,0.0,,0.0,,,0.0,,,,,,,,,,,0.0,,,,,,,,,,,,,,,,,,,,,,,,,,,,,,,,,,,,,,,,,,,,,,,,,,,,,,,,,,,,,,,,,,,,,,,,,,,,,,,,,,,,,,,,,,,,,,,,,,,,,,,,,,,,,,,,,,,,,,,,,,,,,,,,,,,,,,,,,,,,,,,,,,,,,,,,,,,,,,,,,,,,,,,,,,,,,,,,,-1.0,,-91.0,,-11.0,7.0,-2.0,-7.0,,-98.0,-91.0,-143.0,,-90.0,,-10.0,8.0,-1.0,-6.0,,-97.0,-90.0,-142.0,,,,,,,,,,,,80.0,98.0,89.0,84.0,,-7.0,0.0,-52.0,,,,,,,,,18.0,9.0,4.0,,-87.0,-80.0,-132.0,-9.0,-14.0,,-105.0,-98,-150,-5.0,,-96.0,-89.0,-141.0,,-91.0,-84.0,-136.0,,,,7.0,-45.0,-52
25231,1,10,2006-08-09 02:00:00+00:00,664,123,0,Gesetzentwurf,"['Sozialleistungen', 'Finanzausgleich']","['Behinderter', 'Eingliederungshilfe gem. Sozialgesetzbuch XII', 'Eingliederungshilfe', 'Finanzausgleichsgesetz', 'Gesetz zur Ausführung des Zwölften Buches Sozialgesetzbuch', 'Landesamt für Soziales und Versorgung', 'Öffentliche Mittel', 'Sozialhilfe', 'Sozialhilfeträger', 'Sozialleistung', 'Überörtlicher Sozialhilfeträger']",[ 0.01267089  0.02605229  0.02048657 ... -0.0006143  -0.01107222   0.0200129 ],"[(np.int64(29), np.float64(0.4202389545663919)), (np.int64(21), np.float64(0.40968682601916095)), (np.int64(34), np.float64(0.4016496702582075))]",29,0.4202389545663919,0.5,1.0,0.3333333333333333,1,35,4.0,42.0,70.0,1.0,70.0,71.0,97.0,1.0,102.0,0.0,,1.0,105.0,,,,,,1,123,,,0.0,,0.0,,0.0,,0.0,,,,0.0,,,,,0.0,,,,,,,,,,,,,,,0.0,,,,,,,,,,,,,,,,,,,,,,,,,,,,,0.0,,0.0,,0.0,,,,,,,,,,,,,,,,,,,0.0,,0.0,,0.0,,,0.0,,,,,,,,,,,0.0,,,,,,,,,,,,,,,,,,,,,,,,,,,,,,,,,,,,,,,,,,,,,,,,,,,,,,,,,,,,,,,,,,,,,,,,,,,,,,,,,,,,,,,,,,,,,,,,,,,,,,,,,,,,,,,,,,,,,,,,,,,,,,,,,,,,,,,,,,,,,,,,,,,,,,,,,,,,,,,,,,,,,,,,,,,,,,,,,,,,,,,,,,,,,,,,,,,,,,,,,,,,,,,,,,,,,,,,,,,,,,,,,,,,,,,,,,-18.0,-21.0,-53.0,-81.0,-88,-123,-3.0,-35.0,-63.0,-70.0,-105.0,-32.0,-60.0,-67.0,-102.0,-28.0,-35.0,-70.0,-7.0,-42.0,-35
25360,1,15,2006-08-10 02:00:00+00:00,665,82,0,Gesetzentwurf,Finanzausgleich,"['Gemeinde', 'Kommunaler Finanzausgleich', 'Kommunaler Haushalt', 'Landesentwicklungsplan Zentrale-Orte-System', 'Landeshaushalt', 'Landesplanung', 'Öffentlicher Haushalt', 'Schlüsselzuweisung an Kommunen']",[0.00740952 0.0176643  0.00823939 ... 0.01944258 0.00192648 0.01434483],"[(np.int64(21), np.float64(0.43989927404647133)), (np.int64(34), np.float64(0.4359471193753949)), (np.int64(29), np.float64(0.43081254248110334))]",21,0.43989927404647133,0.5,1.0,0.3333333333333333,1,35,5.0,28.0,42.0,1.0,67.0,67.0,70.0,1.0,71.0,4.0,76.0,1.0,77.0,76.0,76.0,76.0,,,1,82,70.0,,0.0,,0.0,,0.0,,0.0,,,,0.0,,,,,0.0,,,,,,,,,,,,,,,0.0,,,,,,,,,,,,,,,,,,,,,,,,,,,,,0.0,,0.0,,0.0,,,,,,,,,,,,,,,,,,,0.0,,0.0,,0.0,,,0.0,,,,,,,,,,,0.0,,,,,,,,,,,,,,,,,,,,,,,,,,,,,,,,,,,,,,,,,,,,,,,,,,,,,,,,,,,,,,,,,,,,,,,,,,,,,,,,,,,,,,,,,,,,,,,,,,,,,,,,,,,,,,,,,,,,,,,,,,,,,,,,,,,,,,,,,,,,,,,,,,,,,,,,,,,,,,,,,,,,,,,,,,,,,,,,,,,,,,,,,,,,,,,,,,,,,,,,,,,,,,,,,,,,,,,,,,,,,,,,,,,6.0,1.0,-5.0,-9.0,-48.0,-41.0,-76.0,-5.0,-11.0,-15.0,-54.0,-47,-82,-6.0,-10.0,-49.0,-42.0,-77.0,-4.0,-43.0,-36.0,-71.0,-39.0,-32.0,-67.0,7.0,-28.0,-35
25380,1,7,2006-08-18 02:00:00+00:00,673,608,0,Gesetzentwurf,Gesundheit,"['Datenerfassung', 'Datenübertragung', 'Europäisches Netzwerk der Krebsregister', 'Früherkennung von Krankheiten', 'Krebsregistergesetz', 'Ratifikation', 'Staatsvertrag über das Gemeinsame Krebsregister der Länder Berlin, Brandenburg, Mecklenburg-Vorpommern, Sachsen-Anhalt und der Freistaaten Sachsen und Thüringen', 'Staatsvertrag']",[-0.00686929 -0.00165127 -0.01209466 ...  0.02465901 -0.01027459   0.0206666 ],"[(np.int64(29), np.float64(0.356213798639479)), (np.int64(12), np.float64(0.353315168647618)), (np.int64(19), np.float64(0.31235184401328686))]",29,0.356213798639479,0.5,1.0,0.3333333333333333,1,26,1.0,33.0,,0.0,,,,1.0,59.0,0.0,,1.0,68.0,,,,,,1,86,,,0.0,,0.0,,0.0,,1.0,608.0,,,0.0,,,,,0.0,,,,,,,,,,,,,,,0.0,,,,,,,,,,,,,,,,,,,,,,,,,,,,,0.0,,0.0,,0.0,,,,,,,,,,,,,,,,,,,0.0,,0.0,,0.0,,,0.0,,,,,,,,,,,0.0,,,,,,,,,,,,,,,,,,,,,,,,,,,,,,,,,,,,,,,,,,,,,,,,,,,,,,,,,,,,,,,,,,,,,,,,,,,,,,,,,,,,,,,,,,,,,,,,,,,,,,,,,,,,,,,,,,,,,,,,,,,,,,,,,,,,,,,,,,,,,,,,,,,,,,,,,,,,,,,,,,,,,,,,,,,,,,,,,,,,,,,,,,,,,,,,,,,,,,,,,,,-522.0,-540.0,-549.0,,-575.0,-582.0,-608.0,,,,,,,,,,,,,,,,,,,,,,,,,-18.0,-27.0,,-53.0,-60,-86,-9.0,,-35.0,-42.0,-68.0,,-26.0,-33.0,-59.0,,,,-7.0,-33.0,-26
25404,1,16,2006-08-29 02:00:00+00:00,684,63,0,Gesetzentwurf,Öffentlicher Haushalt,"['Einzelplan 20 - Allgemeine Finanzverwaltung', 'Haushaltsgesetz', 'Haushaltsplan', 'Landeshaushalt', 'Nachtragshaushalt', 'Öffentliche Ausgaben', 'Öffentliche Einnahmen', 'Öffentlicher Haushalt']",[ 0.01956996  0.00360265  0.00306893 ...  0.00029837 -0.0103187   0.01980717],"[(np.int64(29), np.float64(0.36076144524382603)), (np.int64(13), np.float64(0.3553902663997909)), (np.int64(12), np.float64(0.3517468003447922))]",29,0.36076144524382603,0.5,1.0,0.3333333333333333,1,16,5.0,9.0,23.0,1.0,48.0,48.0,51.0,1.0,52.0,3.0,52.0,1.0,58.0,52.0,57.0,,,,1,63,51.0,,1.0,57.0,0.0,,0.0,,0.0,,,,1.0,58.0,,,,0.0,,,,,,,,,,,,,,,0.0,,,,,,,,,,,,,,,,,,,,,,,,,,,,,0.0,,0.0,,0.0,,,,,,,,,,,,,,,,,,,0.0,,0.0,,0.0,,,0.0,,,,,,,,,,,0.0,,,,,,,,,,,,,,,,,,,,,,,,,,,,,,,,,,,,,,,,,,,,,,,,,,,,,,,,,,,,,,,,,,,,,,,,,,,,,,,,,,,,,,,,,,,,,,,,,,,,,,,,,,,,,,,,,,,,,,,,,,,,,,,,,,,,,,,,,,,,,,,,,,,,,,,,,,,,,,,,,,,,,,,,,,,,,,,,,,,,-1.0,-6.0,5.0,0.0,-6.0,-10.0,-49.0,-42.0,-58.0,,,,,,,,,,,,,,,,,,,,,,,,,,,,,,,-5.0,6.0,1.0,-5.0,-9.0,-48.0,-41.0,-57.0,11.0,6.0,0.0,-4.0,-43.0,-36.0,-52.0,-5.0,-11.0,-15.0,-54.0,-47,-63,-6.0,-10.0,-49.0,-42.0,-58.0,-4.0,-43.0,-36.0,-52.0,-39.0,-32.0,-48.0,7.0,-9.0,-16
25415,1,9,2006-08-29 02:00:00+00:00,684,61,0,Gesetzentwurf,"['Tod', 'Ordnungsrecht']","['Bannmeile', 'Friedhof', 'Grab', 'Gräbergesetz', 'Gräberstätten-Versammlungsgesetz', 'Grundrecht', 'Halbe, Gemeinde, Landkreis Dahme-Spreewald', 'Kriegsgrab', 'Rechtsradikalismus', 'Soldatenfriedhof', 'Verordnung zur Übertragung der Zuständigkeiten nach dem Versammlungsgesetz', 'Verordnung', 'Versammlungsfreiheit', 'Versammlungsrecht']",[ 0.01740083  0.02916139 -0.00990047 ...  0.02844136 -0.00483023   0.02976142],"[(np.int64(12), np.float64(0.41986495211320185)), (np.int64(29), np.float64(0.40511501711681136)), (np.int64(19), np.float64(0.3785102307649594))]",12,0.41986495211320185,0.0,1.0,0.3333333333333333,1,15,3.0,23.0,44.0,1.0,44.0,51.0,,1.0,52.0,0.0,,1.0,57.0,,,,,,1,61,,,0.0,,0.0,,0.0,,0.0,,,,0.0,,,,,0.0,,,,,,,,,,,,,,,0.0,,,,,,,,,,,,,,,,,,,,,,,,,,,,,0.0,,0.0,,0.0,,,,,,,,,,,,,,,,,,,0.0,,0.0,,0.0,,,0.0,,,,,,,,,,,0.0,,,,,,,,,,,,,,,,,,,,,,,,,,,,,,,,,,,,,,,,,,,,,,,,,,,,,,,,,,,,,,,,,,,,,,,,,,,,,,,,,,,,,,,,,,,,,,,,,,,,,,,,,,,,,,,,,,,,,,,,,,,,,,,,,,,,,,,,,,,,,,,,,,,,,,,,,,,,,,,,,,,,,,,,,,,,,,,,,,,,,,,,,,,,,,,,,,,,,,,,,,,,,,,,,,,,,,,,,,,,,,,,,,,,,,,,,,-4.0,-9.0,-17.0,-38.0,-46,-61,-5.0,-13.0,-34.0,-42.0,-57.0,-8.0,-29.0,-37.0,-52.0,-21.0,-29.0,-44.0,-8.0,-23.0,-15
25414,1,8,2006-08-30 02:00:00+00:00,685,551,0,Gesetzentwurf,Hochschulwesen,"['Staatsvertrag über die Vergabe von Studienplätzen', 'Staatsvertrag']",[ 0.03222016  0.00305025  0.01249716 ... -0.01077954  0.00096986   0.02925874],"[(np.int64(29), np.float64(0.4158603105468157)), (np.int64(16), np.float64(0.40567630458249865)), (np.int64(13), np.float64(0.4002654426192498))]",29,0.4158603105468157,0.5,1.0,0.3333333333333333,1,14,2.0,49.0,63.0,0.0,,,,1.0,68.0,0.0,,1.0,83.0,,,,,,1,103,,,0.0,,0.0,,0.0,,1.0,551.0,,,0.0,,,,,0.0,,,,,,,,,,,,,,,0.0,,,,,,,,,,,,,,,,,,,,,,,,,,,,,0.0,,0.0,,0.0,,,,,,,,,,,,,,,,,,,0.0,,0.0,,0.0,,,0.0,,,,,,,,,,,0.0,,,,,,,,,,,,,,,,,,,,,,,,,,,,,,,,,,,,,,,,,,,,,,,,,,,,,,,,,,,,,,,,,,,,,,,,,,,,,,,,,,,,,,,,,,,,,,,,,,,,,,,,,,,,,,,,,,,,,,,,,,,,,,,,,,,,,,,,,,,,,,,,,,,,,,,,,,,,,,,,,,,,,,,,,,,,,,,,,,,,,,,,,,,,,,,,,,,,,,,,,,,-448.0,-468.0,-483.0,,-502.0,-537.0,-551.0,,,,,,,,,,,,,,,,,,,,,,,,,-20.0,-35.0,,-54.0,-89,-103,-15.0,,-34.0,-69.0,-83.0,,-19.0,-54.0,-68.0,,,,-35.0,-49.0,-14
25627,1,21,2006-10-06 02:00:00+00:00,722,74,0,Gesetzentwurf,Polizei,"['Akustische Überwachung', 'Datenerfassung', 'Datenschutz', 'Erhebung (Ermittlung)', 'Fahndung', 'Gefahrenabwehr', 'Grundgesetz: Art. 10', 'Grundgesetz: Art. 13', 'Grundgesetz: Art. 2', 'Grundrecht', 'Grundrechtsbeschränkung', 'Grundrechtsbeschränkung', 'Kennzeichenfahndung', 'Kraftfahrzeugkennzeichen', 'Landesverfassung: Art. 11', 'Landesverfassung: Art. 15', 'Landesverfassung: Art. 16', 'Landesverfassung: Art. 9', 'Ordnungsbehörde', 'Ordnungsbehördengesetz', 'Ordnungswidrigkeit', 'Organisierte Kriminalität', 'Personenbezogene Daten', 'Polizei', 'Polizeirecht', 'Rasterfahndung', 'Straftat', 'Strafverfolgung', 'Telekommunikation', 'Telekommunikationsüberwachung', 'Videoüberwachung', 'Wohnraumüberwachung']",[-0.01518541  0.0180106  -0.01147734 ...  0.0136551  -0.00201589   0.02719248],"[(np.int64(24), np.float64(0.5077713536877589)), (np.int64(31), np.float64(0.4690905234745344)), (np.int64(19), np.float64(0.4052010094450764))]",24,0.5077713536877589,1.0,1.0,0.3333333333333333,1,20,5.0,13.0,40.0,1.0,40.0,40.0,40.0,2.0,61.0,9.0,67.0,1.0,68.0,67.0,67.0,67.0,67.0,67.0,1,74,54.0,,0.0,,0.0,,0.0,,0.0,,65.0,,0.0,,,,67.0,0.0,,,,,,,,,,,,,,,0.0,,,,,,,,,,,,,,,,,,,,,,,,,,,67.0,67.0,0.0,,0.0,,0.0,,,,,,,,,,,,,,,,,,,0.0,,0.0,,0.0,,,0.0,,,,,,,,,,,0.0,,,,,,,,,,,,,,,,,,,,,,,,,,,,,,,,,,,,,,,,,,,,,,,,,,,,,,,,,,,,,,,,,,,,,,,,,,,,,,,,,,,,,,,,,,,,,,,,,,,,,,,,,,,,,,,,,,,,,,,,,,,,,,,,,,,,,,,,,,,,,,,,,,,,,,,,,,,,,,,,,,,,,,,,,,,,,,,,,,,,,,,,,,,,,,,,,,,,,,,,,,,,,,,,,,,,,,,,,,,,,,,,,,,7.0,1.0,-6.0,-27.0,-54.0,-47.0,-67.0,-6.0,-13.0,-34.0,-61.0,-54,-74,-7.0,-28.0,-55.0,-48.0,-68.0,-21.0,-48.0,-41.0,-61.0,-27.0,-20.0,-40.0,7.0,-13.0,-20
25629,1,8,2006-10-10 02:00:00+00:00,726,33,0,Gesetzentwurf,Abgeordnete,"['Abgeordnetenrecht', 'Abgeordnetenversorgung', 'Abgeordneter/Abgeordnete', 'Altersversorgung', 'Diäten', 'Einkommen', 'Einkommensentwicklung', 'Hinterbliebenenversorgung', 'Kostenpauschale', 'Landtag Brandenburg', 'Landtagspräsidium', 'Richtlinie', 'Sonderzuwendung', 'Unentgeltliche Beförderung', 'Versorgungsempfänger']",[0.00179869 0.00834948 0.00131756 ... 0.0036714  0.00361219 0.0132052 ],"[(np.int64(29), np.float64(0.4196291186673162)), (np.int64(23), np.float64(0.3483036236818187)), (np.int64(21), np.float64(0.34736843761131764))]",29,0.4196291186673162,0.5,1.0,0.3333333333333333,1,15,1.0,15.0,,0.0,,,,1.0,15.0,2.0,7.0,1.0,16.0,16.0,,,,,1,33,,,0.0,,0.0,,0.0,,0.0,,,,0.0,,,,,0.0,,,,,,,,,,,,,,,0.0,,,,,,,,,,,,,,,,,,,,,,,,,,,,,0.0,,0.0,,0.0,,,,,,,,,,,,,,,,,,,0.0,,0.0,,0.0,,,0.0,,,,,,,,,,,0.0,,,,,,,,,,,,,,,,,,,,,,,,,,,,,,,,,,,,,,,,,,,,,,,,,,,,,,,,,,,,,,,,,,,,,,,,,,,,,,,,,,,,,,,,,,,,,,,,,,,,,,,,,,,,,,,,,,,,,,,,,,,,,,,,,,,,,,,,,,,,,,,,,,,,,,,,,,,,,,,,,,,,,,,,,,,,,,,,,,,,,,,,,,,,,,,,,,,,,,,,,,,,,,,,,,,,,,,,,,,,,,,,,,,26.0,9.0,8.0,,8.0,8.0,-7.0,-17.0,-18.0,,-18.0,-18,-33,-1.0,,-1.0,-1.0,-16.0,,0.0,0.0,-15.0,,,,0.0,-15.0,-15
25642,1,9,2006-10-13 02:00:00+00:00,729,89,0,Gesetzentwurf,Öffentlicher Personenverkehr,"['Bürgerbus', 'Landesnahverkehrsplan', 'Öffentlicher Personennahverkehr', 'Regionalisierungsmittel', 'Regionalverkehr', 'Verkehrsfinanzierung', 'Verkehrsleistung']",[ 0.00344285 -0.00195886  0.02315021 ...  0.00700442 -0.0070341   0.00010759],"[(np.int64(5), np.float64(0.4576932904914006)), (np.int64(29), np.float64(0.3984487012094208)), (np.int64(21), np.float64(0.3696681532170548))]",5,0.4576932904914006,1.0,1.0,0.3333333333333333,1,13,2.0,26.0,47.0,1.0,26.0,,,1.0,52.0,0.0,,1.0,61.0,,,,,,1,67,,,0.0,,0.0,,1.0,89.0,0.0,,,,0.0,,,,,0.0,,,,,,,,,,,,,,,0.0,,,,,,,,,,,,,,,,,,,,,,,,,,,,,0.0,,0.0,,0.0,,,,,,,,,,,,,,,,,,,0.0,,0.0,,0.0,,,0.0,,,,,,,,,,,0.0,,,,,,,,,,,,,,,,,,,,,,,,,,,,,,,,,,,,,,,,,,,,,,,,,,,,,,,,,,,,,,,,,,,,,,,,,,,,,,,,,,,,,,,,,,,,,,,,,,,,,,,,,,,,,,,,,,,,,,,,,,,,,,,,,,,,,,,,,,,,,,,,,,,,,,,,,,,,,,,,,,,,,,,,,,-22.0,-28.0,-37.0,-63.0,-63.0,-76.0,-89.0,,,,,,,,,,,,,,,,,,,,,,,,,,,,,,,,,,,,,,,,,,,,,,,,,,,,,,,,,,-6.0,-15.0,-41.0,-41.0,-54,-67,-9.0,-35.0,-35.0,-48.0,-61.0,-26.0,-26.0,-39.0,-52.0,0.0,-13.0,-26.0,-13.0,-26.0,-13
25769,1,16,2006-10-24 02:00:00+00:00,740,34,0,Gesetzentwurf,Handel,"['Apotheke', 'Arbeitsschutzzuständigkeitsverordnung', 'Feiertag', 'Handel', 'Ladenschluss', 'Ladenschluss-Ausnahmeverordnung', 'Ladenschlussgesetz', 'Sonntag', 'Sonntagsarbeit', 'Tankstelle', 'Verordnung']",[-0.01913986 -0.00671678  0.00784616 ...  0.01604895 -0.00301661   0.01604895],"[(np.int64(29), np.float64(0.4603549618732874)), (np.int64(19), np.float64(0.4229037043056754)), (np.int64(4), np.float64(0.4094678783951563))]",29,0.4603549618732874,0.5,1.0,0.3333333333333333,1,2,4.0,14.0,14.0,1.0,21.0,21.0,21.0,1.0,26.0,6.0,27.0,1.0,29.0,27.0,27.0,27.0,27.0,27.0,1,34,,,0.0,,0.0,,0.0,,0.0,,,,0.0,,,,,0.0,,,,,,,,,,,,,,,0.0,,,,,,,,,,,,,,,,,,,,,,,,,,,,,0.0,,0.0,,0.0,,,,,,,,,,,,,,,,,,,0.0,,0.0,,0.0,,,0.0,,,,,,,,,,,0.0,,,,,,,,,,,,,,,,,,,,,,,,,,,,,,,,,,,,,,,,,,,,,,,,,,,,,,,,,,,,,,,,,,,,,,,,,,,,,,,,,,,,,,,,,,,,,,,,,,,,,,,,,,,,,,,,,,,,,,,,,,,,,,,,,,,,,,,,,,,,,,,,,,,,,,,,,,,,,,,,,,,,,,,,,,,,,,,,,,,,,,,,,,,,,,,,,,,,,,,,,,,,,,,,,,,,,,,,,,,,,,,,,,,7.0,2.0,-1.0,-6.0,-13.0,-25.0,-27.0,-5.0,-8.0,-13.0,-20.0,-32,-34,-3.0,-8.0,-15.0,-27.0,-29.0,-5.0,-12.0,-24.0,-26.0,-7.0,-19.0,-21.0,-12.0,-14.0,-2
25836,1,6,2006-11-08 01:00:00+00:00,754,42,0,Gesetzentwurf,Recht,"['Schiedsperson', 'Schlichtungsgesetz', 'Schlichtungsrecht']",[ 0.00676026 -0.00472333  0.03920363 ...  0.00832487 -0.00755733  -0.00162364],"[(np.int64(29), np.float64(0.49060447817771036)), (np.int64(19), np.float64(0.43852499227271347)), (np.int64(4), np.float64(0.4086146844278267))]",29,0.49060447817771036,0.5,1.0,0.3333333333333333,1,14,1.0,29.0,,0.0,,,,1.0,29.0,0.0,,1.0,36.0,,,,,,1,42,,,0.0,,0.0,,0.0,,0.0,,,,0.0,,,,,0.0,,,,,,,,,,,,,,,0.0,,,,,,,,,,,,,,,,,,,,,,,,,,,,,0.0,,0.0,,0.0,,,,,,,,,,,,,,,,,,,0.0,,0.0,,0.0,,,0.0,,,,,,,,,,,0.0,,,,,,,,,,,,,,,,,,,,,,,,,,,,,,,,,,,,,,,,,,,,,,,,,,,,,,,,,,,,,,,,,,,,,,,,,,,,,,,,,,,,,,,,,,,,,,,,,,,,,,,,,,,,,,,,,,,,,,,,,,,,,,,,,,,,,,,,,,,,,,,,,,,,,,,,,,,,,,,,,,,,,,,,,,,,,,,,,,,,,,,,,,,,,,,,,,,,,,,,,,,,,,,,,,,,,,,,,,,,,,,,,,,,,,,,,,-6.0,-13.0,,-13.0,-28,-42,-7.0,,-7.0,-22.0,-36.0,,0.0,-15.0,-29.0,,,,-15.0,-29.0,-14
25846,1,9,2006-11-09 01:00:00+00:00,755,139,0,Gesetzentwurf,Öffentlicher Dienst,"['Beamter/Beamtin', 'Besoldung', 'Besoldungsrecht', 'Kind', 'Kindergeld', 'Minister/Ministerin', 'Ministergesetz', 'Richter/Richterin', 'Sonderzahlungsgesetz', 'Urlaubsgeld', 'Versorgungsempfänger', 'Weihnachtsgratifikation']",[ 0.00252382  0.00679946  0.02185329 ...  0.00124706 -0.00896698   0.01359892],"[(np.int64(29), np.float64(0.4751515281192854)), (np.int64(5), np.float64(0.4325944238595543)), (np.int64(19), np.float64(0.42458780111043726))]",29,0.4751515281192854,0.5,1.0,0.3333333333333333,1,13,4.0,7.0,21.0,0.0,,35.0,112.0,1.0,117.0,0.0,,1.0,118.0,,,,,,1,139,,,0.0,,0.0,,0.0,,0.0,,,,0.0,,,,,0.0,,,,,,,,,,,,,,,0.0,,,,,,,,,,,,,,,,,,,,,,,,,,,,,0.0,,0.0,,0.0,,,,,,,,,,,,,,,,,,,0.0,,0.0,,0.0,,,0.0,,,,,,,,,,,0.0,,,,,,,,,,,,,,,,,,,,,,,,,,,,,,,,,,,,,,,,,,,,,,,,,,,,,,,,,,,,,,,,,,,,,,,,,,,,,,,,,,,,,,,,,,,,,,,,,,,,,,,,,,,,,,,,,,,,,,,,,,,,,,,,,,,,,,,,,,,,,,,,,,,,,,,,,,,,,,,,,,,,,,,,,,,,,,,,,,,,,,,,,,,,,,,,,,,,,,,,,,,,,,,,,,,,,,,,,,,,,,,,,,,,,,,,,,-21.0,-22.0,,-132.0,-126,-139,-1.0,,-111.0,-105.0,-118.0,,-110.0,-104.0,-117.0,,,,6.0,-7.0,-13
25853,1,7,2006-11-10 01:00:00+00:00,756,227,0,Gesetzentwurf,"['Rundfunk Fernsehen', 'Informationsgesellschaft Medien']","['ARD-Staatsvertrag', 'Deutschlandradio-Staatsvertrag', 'Jugendmedienschutz-Staatsvertrag', 'Medien', 'Medienanstalt Berlin-Brandenburg', 'Medienaufsicht', 'Medienaufsichtsgesetz', 'Mediendienste-Staatsvertrag', 'Medienrecht', 'Rundfunkfinanzierungsstaatsvertrag', 'Rundfunkgebührenstaatsvertrag', 'Rundfunkrecht', 'Staatsvertrag', 'ZDF-Staatsvertrag']",[-0.00343179 -0.00119302 -0.00742326 ...  0.01885273  0.0099566   0.02333025],"[(np.int64(29), np.float64(0.3844336132480225)), (np.int64(12), np.float64(0.35876842008973414)), (np.int64(2), np.float64(0.3587320906448782))]",29,0.3844336132480225,0.5,1.0,0.3333333333333333,1,12,1.0,20.0,,0.0,,,,1.0,24.0,0.0,,1.0,34.0,,,,,,1,62,,,0.0,,0.0,,0.0,,1.0,227.0,,,0.0,,,,,0.0,,,,,,,,,,,,,,,0.0,,,,,,,,,,,,,,,,,,,,,,,,,,,,,0.0,,0.0,,0.0,,,,,,,,,,,,,,,,,,,0.0,,0.0,,0.0,,,0.0,,,,,,,,,,,0.0,,,,,,,,,,,,,,,,,,,,,,,,,,,,,,,,,,,,,,,,,,,,,,,,,,,,,,,,,,,,,,,,,,,,,,,,,,,,,,,,,,,,,,,,,,,,,,,,,,,,,,,,,,,,,,,,,,,,,,,,,,,,,,,,,,,,,,,,,,,,,,,,,,,,,,,,,,,,,,,,,,,,,,,,,,,,,,,,,,,,,,,,,,,,,,,,,,,,,,,,,,,-165.0,-193.0,-203.0,,-207.0,-215.0,-227.0,,,,,,,,,,,,,,,,,,,,,,,,,-28.0,-38.0,,-42.0,-50,-62,-10.0,,-14.0,-22.0,-34.0,,-4.0,-12.0,-24.0,,,,-8.0,-20.0,-12
26019,1,6,2006-11-29 01:00:00+00:00,775,21,0,Gesetzentwurf,Haushaltskontrolle,"['Amtszeit', 'Beamter/Beamtin auf Lebenszeit', 'Landesrechnungshof', 'Präsident/Präsidentin', 'Richteramt', 'Vizepräsident/Vizepräsidentin', 'Wahl']",[ 0.01990552 -0.00761629 -0.00971001 ...  0.00825351  0.01650701   0.02524602],"[(np.int64(19), np.float64(0.43607162406787037)), (np.int64(29), np.float64(0.4251885021437108)), (np.int64(1), np.float64(0.3954134986300899))]",19,0.43607162406787037,1.0,1.0,0.3333333333333333,1,14,1.0,14.0,,0.0,,,,1.0,14.0,0.0,,1.0,16.0,,,,,,1,21,,,0.0,,0.0,,0.0,,0.0,,,,0.0,,,,,0.0,,,,,,,,,,,,,,,0.0,,,,,,,,,,,,,,,,,,,,,,,,,,,,,0.0,,0.0,,0.0,,,,,,,,,,,,,,,,,,,0.0,,0.0,,0.0,,,0.0,,,,,,,,,,,0.0,,,,,,,,,,,,,,,,,,,,,,,,,,,,,,,,,,,,,,,,,,,,,,,,,,,,,,,,,,,,,,,,,,,,,,,,,,,,,,,,,,,,,,,,,,,,,,,,,,,,,,,,,,,,,,,,,,,,,,,,,,,,,,,,,,,,,,,,,,,,,,,,,,,,,,,,,,,,,,,,,,,,,,,,,,,,,,,,,,,,,,,,,,,,,,,,,,,,,,,,,,,,,,,,,,,,,,,,,,,,,,,,,,,,,,,,,,-5.0,-7.0,,-7.0,-7,-21,-2.0,,-2.0,-2.0,-16.0,,0.0,0.0,-14.0,,,,0.0,-14.0,-14
26026,1,7,2006-12-01 01:00:00+00:00,777,628,0,Gesetzentwurf,"['Informations- und Kommunikationstechnologien', 'Handel']","['Handelsgesetzbuch', 'Handelsregister', 'Internetportal', 'Staatsvertrag zwischen dem Land Brandenburg und dem Land Nordrhein-Westfalen über die Übertragung von Aufgaben nach § 9 Abs. 1 und § 10 des Handelsgesetzbuches zur Errichtung und zum Betrieb eines gemeinsamen Registerportals der Länder', 'Staatsvertrag', 'Unternehmensregister']",[ 0.00421728 -0.01865105  0.00250958 ...  0.00540524 -0.0004789   0.02518486],"[(np.int64(29), np.float64(0.4047120071748855)), (np.int64(21), np.float64(0.3949066411728243)), (np.int64(19), np.float64(0.38642881286485437))]",29,0.4047120071748855,0.5,1.0,0.3333333333333333,1,13,1.0,48.0,,0.0,,,,1.0,48.0,0.0,,1.0,54.0,,,,,,1,76,,,0.0,,0.0,,0.0,,1.0,628.0,,,0.0,,,,,0.0,,,,,,,,,,,,,,,0.0,,,,,,,,,,,,,,,,,,,,,,,,,,,,,0.0,,0.0,,0.0,,,,,,,,,,,,,,,,,,,0.0,,0.0,,0.0,,,0.0,,,,,,,,,,,0.0,,,,,,,,,,,,,,,,,,,,,,,,,,,,,,,,,,,,,,,,,,,,,,,,,,,,,,,,,,,,,,,,,,,,,,,,,,,,,,,,,,,,,,,,,,,,,,,,,,,,,,,,,,,,,,,,,,,,,,,,,,,,,,,,,,,,,,,,,,,,,,,,,,,,,,,,,,,,,,,,,,,,,,,,,,,,,,,,,,,,,,,,,,,,,,,,,,,,,,,,,,,-552.0,-574.0,-580.0,,-580.0,-615.0,-628.0,,,,,,,,,,,,,,,,,,,,,,,,,-22.0,-28.0,,-28.0,-63,-76,-6.0,,-6.0,-41.0,-54.0,,0.0,-35.0,-48.0,,,,-35.0,-48.0,-13
26025,1,6,2006-12-01 01:00:00+00:00,777,118,0,Gesetzentwurf,Umwelt,"['Informationsfreiheit', 'Informationszugangsrecht', 'Kommunalverwaltung', 'Landesverwaltung', 'Öffentliche Verwaltung', 'Richtlinie der EU', 'Umweltbehörde', 'Umweltinformation', 'Umweltinformationsrichtlinie']",[-0.00680996 -0.00063751 -0.00678048 ...  0.025471    0.01674483   0.02040039],"[(np.int64(29), np.float64(0.48447590797701734)), (np.int64(1), np.float64(0.4558948521864101)), (np.int64(19), np.float64(0.44565917775131847))]",29,0.48447590797701734,0.5,1.0,0.3333333333333333,1,13,1.0,89.0,,0.0,,,,1.0,89.0,0.0,,1.0,96.0,,,,,,1,118,,,0.0,,0.0,,0.0,,0.0,,,,0.0,,,,,0.0,,,,,,,,,,,,,,,0.0,,,,,,,,,,,,,,,,,,,,,,,,,,,,,0.0,,0.0,,0.0,,,,,,,,,,,,,,,,,,,0.0,,0.0,,0.0,,,0.0,,,,,,,,,,,0.0,,,,,,,,,,,,,,,,,,,,,,,,,,,,,,,,,,,,,,,,,,,,,,,,,,,,,,,,,,,,,,,,,,,,,,,,,,,,,,,,,,,,,,,,,,,,,,,,,,,,,,,,,,,,,,,,,,,,,,,,,,,,,,,,,,,,,,,,,,,,,,,,,,,,,,,,,,,,,,,,,,,,,,,,,,,,,,,,,,,,,,,,,,,,,,,,,,,,,,,,,,,,,,,,,,,,,,,,,,,,,,,,,,,,,,,,,,-22.0,-29.0,,-29.0,-105,-118,-7.0,,-7.0,-83.0,-96.0,,0.0,-76.0,-89.0,,,,-76.0,-89.0,-13
26234,1,14,2007-01-12 01:00:00+00:00,819,122,0,Gesetzentwurf,Hochschulwesen,"['Berufung (Hochschulrecht)', 'Evaluation', 'Frauenförderung', 'Hochschule', 'Hochschullehrer/Hochschullehrerin', 'Hochschulrecht', 'Private Hochschule', 'Professor/Professorin', 'Universität']",[-0.00968612 -0.00017626  0.01299358 ...  0.00171279 -0.00080472   0.00375042],"[(np.int64(29), np.float64(0.4983823609860225)), (np.int64(28), np.float64(0.4689116649732935)), (np.int64(34), np.float64(0.4611277195686253))]",29,0.4983823609860225,0.5,1.0,0.3333333333333333,1,13,3.0,40.0,70.0,0.0,,96.0,,1.0,98.0,5.0,102.0,1.0,104.0,102.0,102.0,102.0,102.0,,1,122,,,0.0,,0.0,,0.0,,0.0,,,,0.0,,,,,0.0,,,,,,,,,,,,,,,0.0,,,,,,,,,,,,,,,,,,,,,,,,,,,,,1.0,70.0,0.0,,0.0,,,,,,,,,,,,,,,,,,,0.0,,0.0,,0.0,,,0.0,,,,,,,,,,,0.0,,,,,,,,,,,,,,,,,,,,,,,,,,,,,,,,,,,,,,,,,,,,,,,,,,,,,,,,,,,,,,,,,,,,,,,,,,,,,,,,,,,,,,,,,,,,,,,,,,,,,,,,,,,,,,,,,,,,,,,,,,,,,,,,,,,,,,,,,,,,,,32.0,52.0,34.0,28.0,,-30.0,-57.0,-70.0,,,,,,,,,,,,,,,,,,,,,,,,,,,,,,,,,,,,,,,,,,,,,,,,,,,,,,,,,,,,,,,,,,,,,,,,,,,,,,20.0,2.0,-4.0,,-62.0,-89.0,-102.0,-18.0,-24.0,,-82.0,-109,-122,-6.0,,-64.0,-91.0,-104.0,,-58.0,-85.0,-98.0,,,,-27.0,-40.0,-13
26235,1,7,2007-01-12 01:00:00+00:00,819,164,0,Gesetzentwurf,"['Rundfunk Fernsehen', 'Informationsgesellschaft Medien']","['Berlin', 'Brandenburg', 'Medienstaatsvertrag Berlin-Brandenburg', 'Rundfunk', 'Rundfunkrecht', 'Staatsvertrag']",[-0.00392396  0.01557782  0.00199148 ...  0.01545981  0.01321755   0.017112  ],"[(np.int64(29), np.float64(0.47830937932732104)), (np.int64(35), np.float64(0.45749410284463243)), (np.int64(19), np.float64(0.44252475867798635))]",29,0.47830937932732104,0.5,1.0,0.3333333333333333,1,12,1.0,40.0,,0.0,,,,1.0,46.0,0.0,,1.0,54.0,,,,,,1,76,,,0.0,,0.0,,0.0,,1.0,164.0,,,0.0,,,,,0.0,,,,,,,,,,,,,,,0.0,,,,,,,,,,,,,,,,,,,,,,,,,,,,,0.0,,0.0,,0.0,,,,,,,,,,,,,,,,,,,0.0,,0.0,,0.0,,,0.0,,,,,,,,,,,0.0,,,,,,,,,,,,,,,,,,,,,,,,,,,,,,,,,,,,,,,,,,,,,,,,,,,,,,,,,,,,,,,,,,,,,,,,,,,,,,,,,,,,,,,,,,,,,,,,,,,,,,,,,,,,,,,,,,,,,,,,,,,,,,,,,,,,,,,,,,,,,,,,,,,,,,,,,,,,,,,,,,,,,,,,,,,,,,,,,,,,,,,,,,,,,,,,,,,,,,,,,,,-88.0,-110.0,-118.0,,-124.0,-152.0,-164.0,,,,,,,,,,,,,,,,,,,,,,,,,-22.0,-30.0,,-36.0,-64,-76,-8.0,,-14.0,-42.0,-54.0,,-6.0,-34.0,-46.0,,,,-28.0,-40.0,-12
26408,1,16,2007-02-14 01:00:00+00:00,852,89,0,Gesetzentwurf,"['Lehrer', 'Öffentlicher Dienst']","['Bachelor', 'Bachelor-Master-Abschlussverordnung', 'Besoldungsgesetz', 'Besoldungsrecht', 'EG-Lehramtsanerkennungsverordnung', 'Gesetz zur Errichtung eines Landesinstituts für Lehrerbildung', 'Landesinstitut für Lehrerbildung', 'Laufbahn', 'Lehramt an Schulen', 'Lehramtsprüfungsordnung', 'Lehrer/Lehrerin', 'Lehrerbildung', 'Lehrerfortbildung', 'Master (Hochschule)', 'Personenbezogene Daten', 'Studienseminar', 'V- Errichtung Studienseminar Sekundarstufe II / Neuruppin', 'V- Umwandlung Studienseminar Sekundarstufe II / Cottbus', 'Verordnung', 'Vorbereitungsdienst für das Lehramt']",[ 0.00131282  0.01497803  0.01450065 ...  0.00602702 -0.00489322   0.01861811],"[(np.int64(20), np.float64(0.3979911815882186)), (np.int64(29), np.float64(0.39604605755435035)), (np.int64(26), np.float64(0.3816961032961893))]",20,0.3979911815882186,0.5,1.0,0.6666666666666667,1,21,4.0,15.0,36.0,1.0,36.0,36.0,43.0,1.0,62.0,6.0,63.0,1.0,71.0,63.0,63.0,63.0,63.0,69.0,1,89,,,0.0,,0.0,,0.0,,0.0,,,,0.0,,,,,0.0,,,,,,,,,,,,,,,0.0,,,,,,,,,,,,,,,,,,,,,,,,,,,,,0.0,,0.0,,0.0,,,,,,,,,,,,,,,,,,,0.0,,0.0,,0.0,,,0.0,,,,,,,,,,,0.0,,,,,,,,,,,,,,,,,,,,,,,,,,,,,,,,,,,,,,,,,,,,,,,,,,,,,,,,,,,,,,,,,,,,,,,,,,,,,,,,,,,,,,,,,,,,,,,,,,,,,,,,,,,,,,,,,,,,,,,,,,,,,,,,,,,,,,,,,,,,,,,,,,,,,,,,,,,,,,,,,,,,,,,,,,,,,,,,,,,,,,,,,,,,,,,,,,,,,,,,,,,,,,,,,,,,,,,,,,,,,,,,,,,26.0,8.0,-1.0,-27.0,-48.0,-42.0,-63.0,-18.0,-27.0,-53.0,-74.0,-68,-89,-9.0,-35.0,-56.0,-50.0,-71.0,-26.0,-47.0,-41.0,-62.0,-21.0,-15.0,-36.0,6.0,-15.0,-21
26469,1,8,2007-02-22 01:00:00+00:00,860,123,0,Gesetzentwurf,Lebensgemeinschaften,"['Aufenthaltsort', 'Eingetragene Lebenspartnerschaft', 'Gesetz zur Regelung der Zuständigkeit und des Verfahrens nach dem Lebenspartnerschaftsgesetz', 'Wohnort']",[ 0.0185507   0.01022667  0.00903752 ...  0.00986992 -0.00327016   0.01099961],"[(np.int64(29), np.float64(0.3764954226103409)), (np.int64(16), np.float64(0.3678990922298252)), (np.int64(12), np.float64(0.36168684601932655))]",29,0.3764954226103409,0.5,1.0,0.3333333333333333,1,13,3.0,35.0,77.0,0.0,,119.0,,1.0,90.0,0.0,,1.0,104.0,,,,,,1,123,,,0.0,,0.0,,0.0,,0.0,,,,0.0,,,,,0.0,,,,,,,,,,,,,,,0.0,,,,,,,,,,,,,,,,,,,,,,,,,,,,,0.0,,0.0,,0.0,,,,,,,,,,,,,,,,,,,0.0,,0.0,,0.0,,,0.0,,,,,,,,,,,0.0,,,,,,,,,,,,,,,,,,,,,,,,,,,,,,,,,,,,,,,,,,,,,,,,,,,,,,,,,,,,,,,,,,,,,,,,,,,,,,,,,,,,,,,,,,,,,,,,,,,,,,,,,,,,,,,,,,,,,,,,,,,,,,,,,,,,,,,,,,,,,,,,,,,,,,,,,,,,,,,,,,,,,,,,,,,,,,,,,,,,,,,,,,,,,,,,,,,,,,,,,,,,,,,,,,,,,,,,,,,,,,,,,,,,,,,,,,-19.0,-33.0,,-88.0,-110,-123,-14.0,,-69.0,-91.0,-104.0,,-55.0,-77.0,-90.0,,,,-22.0,-35.0,-13
26481,1,6,2007-02-23 01:00:00+00:00,861,122,0,Gesetzentwurf,"['Umwelt', 'Wald Forsten']","['Aufforstung', 'Gesetz über die Umweltverträglichkeitsprüfung', 'Richtlinie der EU', 'Rodung', 'Strategische Umweltprüfung', 'Umweltprüfung', 'Umweltrecht', 'Wald', 'Waldbau', 'Waldgesetz']",[-0.00046259 -0.00377447  0.03562158 ...  0.01521584  0.002477   0.01191318],"[(np.int64(33), np.float64(0.46675892194463653)), (np.int64(7), np.float64(0.46421708903909364)), (np.int64(1), np.float64(0.44960666826031226))]",33,0.46675892194463653,0.5,1.0,0.3333333333333333,1,12,1.0,75.0,,0.0,,,,1.0,87.0,0.0,,1.0,103.0,,,,,,1,122,,,0.0,,0.0,,0.0,,0.0,,,,0.0,,,,,0.0,,,,,,,,,,,,,,,0.0,,,,,,,,,,,,,,,,,,,,,,,,,,,,,0.0,,0.0,,0.0,,,,,,,,,,,,,,,,,,,0.0,,0.0,,0.0,,,0.0,,,,,,,,,,,0.0,,,,,,,,,,,,,,,,,,,,,,,,,,,,,,,,,,,,,,,,,,,,,,,,,,,,,,,,,,,,,,,,,,,,,,,,,,,,,,,,,,,,,,,,,,,,,,,,,,,,,,,,,,,,,,,,,,,,,,,,,,,,,,,,,,,,,,,,,,,,,,,,,,,,,,,,,,,,,,,,,,,,,,,,,,,,,,,,,,,,,,,,,,,,,,,,,,,,,,,,,,,,,,,,,,,,,,,,,,,,,,,,,,,,,,,,,,-19.0,-35.0,,-47.0,-110,-122,-16.0,,-28.0,-91.0,-103.0,,-12.0,-75.0,-87.0,,,,-63.0,-75.0,-12
26477,1,13,2007-02-23 01:00:00+00:00,861,122,0,Gesetzentwurf,Frühkindliche Bildung,"['Bildung', 'Gesundheitsvorsorge', 'Impfschutz', 'Impfung', 'Kind', 'Kinder- und Jugendhilfe', 'Kinderbetreuung', 'Kindertagesstätte', 'Rechtsanspruch', 'Sprachförderung', 'Tagespflege (Kinderbetreuung)']",[-0.00325217  0.01485854  0.01706643 ... -0.00877191 -0.01241195   0.02816558],"[(np.int64(29), np.float64(0.3806465787209744)), (np.int64(12), np.float64(0.3421981680273385)), (np.int64(20), np.float64(0.3153418900011996))]",29,0.3806465787209744,0.5,1.0,0.3333333333333333,1,12,3.0,54.0,69.0,1.0,69.0,76.0,,1.0,76.0,4.0,102.0,1.0,103.0,102.0,102.0,102.0,,,1,122,,,0.0,,0.0,,0.0,,0.0,,,,0.0,,,,,0.0,,,,,,,,,,,,,,,0.0,,,,,,,,,,,,,,,,,,,,,,,,,,,,,0.0,,0.0,,0.0,,,,,,,,,,,,,,,,,,,0.0,,0.0,,0.0,,,0.0,,,,,,,,,,,0.0,,,,,,,,,,,,,,,,,,,,,,,,,,,,,,,,,,,,,,,,,,,,,,,,,,,,,,,,,,,,,,,,,,,,,,,,,,,,,,,,,,,,,,,,,,,,,,,,,,,,,,,,,,,,,,,,,,,,,,,,,,,,,,,,,,,,,,,,,,,,,,,,,,,,,,,,,,,,,,,,,,,,,,,,,,,,,,,,,,,,,,,,,,,,,,,,,,,,,,,,,,,,,,,,,,,,,,,,,,,,,,,,,,,20.0,1.0,-26.0,-33.0,-48.0,-90.0,-102.0,-19.0,-46.0,-53.0,-68.0,-110,-122,-27.0,-34.0,-49.0,-91.0,-103.0,-7.0,-22.0,-64.0,-76.0,-15.0,-57.0,-69.0,-42.0,-54.0,-12
26480,1,10,2007-02-23 01:00:00+00:00,861,143,0,Gesetzentwurf,"['Sozialleistungen', 'Kinder Jugendliche']","['Amtsvormundschaft', 'Beistandschaft', 'Erstes Gesetz zur Ausführung des Achten Buches Sozialgesetzbuch - Kinder- und Jugendhilfe', 'Jugendamt', 'Jugendarbeit', 'Jugendhilfeausschuss', 'Jugendhilfeausschuss', 'Jugendlicher', 'Kind', 'Kinderbetreuung', 'Kinderschutz', 'Kindesmisshandlung', 'Kindeswohl', 'Landesjugendhilfeausschuss', 'Sozialgesetzbuch', 'Tagesbetreuungsausbaugesetz', 'Tagespflege (Kinderbetreuung)', 'Unterhaltsvorschussgesetz', 'Verordnung zur Aberkennung der Stellung als örtlicher Träger der Jugendhilfe', 'Verordnung zur Durchführung des Unterhaltsvorschussgesetzes', 'Verordnung']",[ 0.01169903  0.03064316 -0.00158857 ...  0.00944237 -0.0109864   0.04845895],"[(np.int64(29), np.float64(0.35577230004482574)), (np.int64(16), np.float64(0.3111589821009137)), (np.int64(17), np.float64(0.3020982809637387))]",29,0.35577230004482574,0.5,1.0,0.3333333333333333,1,12,2.0,76.0,111.0,0.0,,,,1.0,123.0,3.0,123.0,1.0,131.0,123.0,123.0,,,,1,143,,,0.0,,0.0,,0.0,,0.0,,,,0.0,,,,,0.0,,,,,,,,,,,,,,,0.0,,,,,,,,,,,,,,,,,,,,,,,,,,,,,0.0,,0.0,,0.0,,,,,,,,,,,,,,,,,,,0.0,,0.0,,0.0,,,0.0,,,,,,,,,,,0.0,,,,,,,,,,,,,,,,,,,,,,,,,,,,,,,,,,,,,,,,,,,,,,,,,,,,,,,,,,,,,,,,,,,,,,,,,,,,,,,,,,,,,,,,,,,,,,,,,,,,,,,,,,,,,,,,,,,,,,,,,,,,,,,,,,,,,,,,,,,,,,,,,,,,,,,,,,,,,,,,,,,,,,,,,,,,,,,,,,,,,,,,,,,,,,,,,,,,,,,,,,,,,,,,,,,,,,,,,,,,,,,,,,,20.0,8.0,0.0,,-47.0,-111.0,-123.0,-12.0,-20.0,,-67.0,-131,-143,-8.0,,-55.0,-119.0,-131.0,,-47.0,-111.0,-123.0,,,,-64.0,-76.0,-12
26665,1,6,2007-03-19 01:00:00+00:00,885,319,0,Gesetzentwurf,Landwirtschaft,"['Abgaben', 'Milchabgabenverordnung', 'Milchmarktordnung', 'Staatsvertrag', 'Übertragungsstelle Ost']",[ 0.00030307 -0.01951448  0.00384376 ...  0.01318706  0.01774044   0.01880486],"[(np.int64(29), np.float64(0.42773266380050606)), (np.int64(1), np.float64(0.42298491760598717)), (np.int64(21), np.float64(0.4020683354077871))]",29,0.42773266380050606,0.5,1.0,0.3333333333333333,1,37,0.0,,,0.0,,,,1.0,78.0,0.0,,1.0,80.0,,,,,,1,84,,,0.0,,0.0,,0.0,,1.0,319.0,,,0.0,,,,,0.0,,,,,,,,,,,,,,,0.0,,,,,,,,,,,,,,,,,,,,,,,,,,,,,0.0,,0.0,,0.0,,,,,,,,,,,,,,,,,,,0.0,,0.0,,0.0,,,0.0,,,,,,,,,,,0.0,,,,,,,,,,,,,,,,,,,,,,,,,,,,,,,,,,,,,,,,,,,,,,,,,,,,,,,,,,,,,,,,,,,,,,,,,,,,,,,,,,,,,,,,,,,,,,,,,,,,,,,,,,,,,,,,,,,,,,,,,,,,,,,,,,,,,,,,,,,,,,,,,,,,,,,,,,,,,,,,,,,,,,,,,,,,,,,,,,,,,,,,,,,,,,,,,,,,,,,,,,,-235.0,-239.0,-241.0,,,-282.0,-319.0,,,,,,,,,,,,,,,,,,,,,,,,,-4.0,-6.0,,,-47,-84,-2.0,,,-43.0,-80.0,,,-41.0,-78.0,,,,,,-37
26699,1,5,2007-03-29 02:00:00+00:00,896,46,5,Sitzung,Polizei,"['Datenschutz', 'Erhebung (Ermittlung)', 'Polizei', 'Polizeirecht', 'Rasterfahndung', 'Telekommunikation', 'Wohnraumüberwachung']",[-0.01689579  0.01546798 -0.01546798 ...  0.02629556 -0.00295974   0.02165517],"[(np.int64(24), np.float64(0.5258747798209826)), (np.int64(31), np.float64(0.5128419999685868)), (np.int64(19), np.float64(0.46677110190495896))]",24,0.5258747798209826,1.0,1.0,0.3333333333333333,1,27,1.0,0.0,,0.0,,,,0.0,,0.0,,1.0,28.0,,,,,,1,46,,,0.0,,0.0,,0.0,,0.0,,,,0.0,,,,,0.0,,,,,,,,,,,,,,,0.0,,,,,,,,,,,,,,,,,,,,,,,,,,,,,0.0,,0.0,,0.0,,,,,,,,,,,,,,,,,,,0.0,,0.0,,0.0,,,0.0,,,,,,,,,,,0.0,,,,,,,,,,,,,,,,,,,,,,,,,,,,,,,,,,,,,,,,,,,,,,,,,,,,,,,,,,,,,,,,,,,,,,,,,,,,,,,,,,,,,,,,,,,,,,,,,,,,,,,,,,,,,,,,,,,,,,,,,,,,,,,,,,,,,,,,,,,,,,,,,,,,,,,,,,,,,,,,,,,,,,,,,,,,,,,,,,,,,,,,,,,,,,,,,,,,,,,,,,,,,,,,,,,,,,,,,,,,,,,,,,,,,,,,,,-18.0,,,-46.0,-19,-41,,,-28.0,-1.0,-23.0,,,,,,,,27.0,5.0,-22
26719,1,10,2007-04-11 02:00:00+00:00,909,96,0,Gesetzentwurf,Frauen/Männer,"['Anonyme Geburt', 'Babyklappe', 'Beratungsstelle', 'Brandenburgisches Gesetz zur Ausführung des Schwangerschaftskonfliktgesetzes', 'Fördermittel', 'Personalkosten', 'Sachkosten', 'Schwangere', 'Schwangerschaftsabbruch', 'Schwangerschaftskonfliktgesetz']",[0.01032351 0.01766335 0.01945355 ... 0.0034909  0.00393845 0.02625633],"[(np.int64(29), np.float64(0.6419422422592868)), (np.int64(34), np.float64(0.47394842004956356)), (np.int64(19), np.float64(0.4677868734174521))]",29,0.6419422422592868,0.5,1.0,0.3333333333333333,1,14,3.0,28.0,49.0,0.0,,70.0,,1.0,71.0,2.0,76.0,1.0,84.0,83.0,,,,,1,96,,,0.0,,0.0,,0.0,,0.0,,,,0.0,,,,,0.0,,,,,,,,,,,,,,,0.0,,,,,,,,,,,,,,,,,,,,,,,,,,,,,0.0,,0.0,,0.0,,,,,,,,,,,,,,,,,,,0.0,,0.0,,0.0,,,0.0,,,,,,,,,,,0.0,,,,,,,,,,,,,,,,,,,,,,,,,,,,,,,,,,,,,,,,,,,,,,,,,,,,,,,,,,,,,,,,,,,,,,,,,,,,,,,,,,,,,,,,,,,,,,,,,,,,,,,,,,,,,,,,,,,,,,,,,,,,,,,,,,,,,,,,,,,,,,,,,,,,,,,,,,,,,,,,,,,,,,,,,,,,,,,,,,,,,,,,,,,,,,,,,,,,,,,,,,,,,,,,,,,,,,,,,,,,,,,,,,,20.0,8.0,-5.0,,-48.0,-62.0,-76.0,-12.0,-25.0,,-68.0,-82,-96,-13.0,,-56.0,-70.0,-84.0,,-43.0,-57.0,-71.0,,,,-14.0,-28.0,-14
26766,1,4,2007-04-17 02:00:00+00:00,915,27,0,Gesetzentwurf,Jagd Fischerei,"['Angelkarte', 'Fischerei', 'Fischereischein', 'Jugendlicher', 'Kind']",[-0.01696305  0.00379593  0.00424076 ...  0.01014224  0.00016867  -0.00375144],"[(np.int64(29), np.float64(0.4928851492588354)), (np.int64(19), np.float64(0.43518626510506314)), (np.int64(1), np.float64(0.43414058051049387))]",29,0.4928851492588354,0.5,1.0,0.3333333333333333,1,8,0.0,,,0.0,,,,0.0,,0.0,,1.0,9.0,,,,,,1,27,,,0.0,,0.0,,0.0,,0.0,,,,0.0,,,,,0.0,,,,,,,,,,,,,,,0.0,,,,,,,,,,,,,,,,,,,,,,,,,,,,,0.0,,0.0,,0.0,,,,,,,,,,,,,,,,,,,0.0,,0.0,,0.0,,,0.0,,,,,,,,,,,0.0,,,,,,,,,,,,,,,,,,,,,,,,,,,,,,,,,,,,,,,,,,,,,,,,,,,,,,,,,,,,,,,,,,,,,,,,,,,,,,,,,,,,,,,,,,,,,,,,,,,,,,,,,,,,,,,,,,,,,,,,,,,,,,,,,,,,,,,,,,,,,,,,,,,,,,,,,,,,,,,,,,,,,,,,,,,,,,,,,,,,,,,,,,,,,,,,,,,,,,,,,,,,,,,,,,,,,,,,,,,,,,,,,,,,,,,,,,-18.0,,,,-19,-27,,,,-1.0,-9.0,,,,,,,,,,-8
27032,1,11,2007-05-22 02:00:00+00:00,950,55,0,Gesetzentwurf,Öffentliche Verwaltung,"['Baumschutzverordnung', 'Behördliches Genehmigungsverfahren', 'Bürgernahe Verwaltung', 'Bürokratieabbau', 'Denkmalschutzgesetz', 'E-Government', 'Experimentierklausel', 'Gemeinde', 'Gemeindeverband', 'Grundschule', 'Naturschutzgesetz', 'Schulbesuch', 'Schule', 'Schulgesetz', 'Schulträger', 'Staatsaufgaben', 'Standardabbau', 'Straßenverkehrsrechtszuständigkeitsverordnung', 'Verordnung', 'Verwaltungsaufgabe', 'Verwaltungsmodernisierung', 'Zuständigkeit', 'Zuständigkeitsverlagerung', 'Zweckverband']",[ 0.01378969 -0.0091734   0.01941209 ...  0.02911814  0.01775497   0.00085076],"[(np.int64(29), np.float64(0.49143427394710676)), (np.int64(19), np.float64(0.4716532069800636)), (np.int64(33), np.float64(0.46473851077796435))]",29,0.49143427394710676,0.5,1.0,0.3333333333333333,1,15,4.0,22.0,22.0,1.0,22.0,22.0,29.0,1.0,31.0,0.0,,1.0,43.0,,,,,,1,55,,,0.0,,0.0,,0.0,,0.0,,,,0.0,,,,,0.0,,,,,,,,,,,,,,,0.0,,,,,,,,,,,,,,,,,,,,,,,,,,,,,0.0,,1.0,23.0,0.0,,,,,,,,,,,,,,,,,,,0.0,,0.0,,0.0,,,0.0,,,,,,,,,,,0.0,,,,,,,,,,,,,,,,,,,,,,,,,,,,,,,,,,,,,,,,,,,,,,,,,,,,,,,,,,,,,,,,,,,,,,,,,,,,,,,,,,,,,,,,,,,,,,,,,,,,,,,,,,,,,,,,,,,,,,,,,,,,,,,,32.0,20.0,8.0,-1.0,-1.0,-8.0,-23.0,,,,,,,,,,,,,,,,,,,,,,,,,,,,,,,,,,,,,,,,,,,,,,,,,,,,,,,,,,,,,,,,,,,,,,,,,,,,,,,,,,,,,,,,,,,,,,,,,,,,-12.0,-24.0,-33.0,-33.0,-40,-55,-12.0,-21.0,-21.0,-28.0,-43.0,-9.0,-9.0,-16.0,-31.0,0.0,-7.0,-22.0,-7.0,-22.0,-15
27215,1,19,2007-06-22 02:00:00+00:00,981,165,0,Gesetzentwurf,"['Datenschutz', 'Schulen', 'Verfassungsschutz Spionage']","['Abrufverfahren', 'Akteneinsicht', 'Akteneinsichts- und Informationszugangsgesetz', 'Automatisierte zentrale Schülerdatei', 'Bürokratieabbau', 'Datenschutz', 'Datensicherheit', 'Datenübertragung', 'Landesgleichstellungsgesetz', 'Landesbeauftragter/Landesbeauftragte für den Datenschutz und für das Recht auf Akteneinsicht', 'Landesbeauftragter/Landesbeauftragte für den Datenschutz', 'Landesverfassung: Art. 11', 'Personenbezogene Daten', 'Richtlinie der EU', 'Schule', 'Schüler/Schülerin', 'Schülerdatei', 'Schülerlaufbahnstatistik', 'Schülernummer', 'Schulgesetz', 'Schulrecht', 'Schulstatistik', 'Statistik', 'Verfassungsschutz', 'Verfassungsschutzgesetz', 'Videoüberwachung']",[-0.00414071  0.01786419 -0.01478824 ...  0.02235981 -0.00263231   0.03075953],"[(np.int64(29), np.float64(0.46452570289231754)), (np.int64(19), np.float64(0.45879444116084767)), (np.int64(2), np.float64(0.419896188597567))]",29,0.46452570289231754,0.5,1.0,0.3333333333333333,1,12,6.0,76.0,90.0,1.0,104.0,104.0,104.0,2.0,143.0,6.0,143.0,1.0,145.0,143.0,143.0,143.0,143.0,143.0,1,165,125.0,138.0,0.0,,0.0,,0.0,,0.0,,145.0,,0.0,,,,,0.0,,,,,,,,,,,,,,,0.0,,,,,,,,,,,,,,,,,,,,,,,,,,,,,0.0,,0.0,,0.0,,,,,,,,,,,,,,,,,,,0.0,,0.0,,0.0,,,0.0,,,,,,,,,,,0.0,,,,,,,,,,,,,,,,,,,,,,,,,,,,,,,,,,,,,,,,,,,,,,,,,,,,,,,,,,,,,,,,,,,,,,,,,,,,,,,,,,,,,,,,,,,,,,,,,,,,,,,,,,,,,,,,,,,,,,,,,,,,,,,,,,,,,,,,,,,,,,,,,,,,,,,,,,,,,,,,,,,,,,,,,,,,,,,,,,,,,,,,,,,,,,,,,,,,,,,,,,,,,,,,,,,,,,,,,,,,,,,,,,,22.0,2.0,0.0,-39.0,-67.0,-131.0,-143.0,-20.0,-22.0,-61.0,-89.0,-153,-165,-2.0,-41.0,-69.0,-133.0,-145.0,-39.0,-67.0,-131.0,-143.0,-28.0,-92.0,-104.0,-64.0,-76.0,-12
27375,1,12,2007-07-23 02:00:00+00:00,1012,156,0,Gesetzentwurf,Rauschmittel,"['Behörde', 'Diskothek', 'Fachhochschule', 'Gaststätte', 'Geldbuße', 'Gesundheitsamt', 'Gesundheitsbehörde', 'Gesundheitsschutz', 'Grundrecht', 'Heim', 'Hochschule', 'Jugendlicher', 'Jugendschutz', 'Kindertagesstätte', 'Krankenhaus', 'Nichtrauchendenschutzgesetz', 'Nichtraucher', 'Nichtraucherschutz', 'Öffentliche Verwaltung', 'Öffentliches Gebäude', 'Ordnungswidrigkeit', 'Rauchen', 'Rauchverbot', 'Schule', 'Schüler/Schülerin', 'Schwimmbad', 'Spielplatz', 'Sporthalle', 'Tabak', 'Universität']",[-0.01366885  0.03660876  0.01224254 ...  0.00968706 -0.00203547   0.0303092 ],"[(np.int64(29), np.float64(0.44258252163994216)), (np.int64(3), np.float64(0.42835856123214994)), (np.int64(12), np.float64(0.4242342102917792))]",29,0.44258252163994216,0.5,1.0,0.3333333333333333,1,51,4.0,44.0,65.0,1.0,106.0,106.0,127.0,1.0,132.0,2.0,140.0,1.0,143.0,140.0,,,,,1,156,,,0.0,,0.0,,0.0,,0.0,,,,0.0,,,,,0.0,,,,,,,,,,,,,,,0.0,,,,,,,,,,,,,,,,,,,,,,,,,,,,,0.0,,0.0,,0.0,,,,,,,,,,,,,,,,,,,0.0,,0.0,,0.0,,,0.0,,,,,,,,,,,0.0,,,,,,,,,,,,,,,,,,,,,,,,,,,,,,,,,,,,,,,,,,,,,,,,,,,,,,,,,,,,,,,,,,,,,,,,,,,,,,,,,,,,,,,,,,,,,,,,,,,,,,,,,,,,,,,,,,,,,,,,,,,,,,,,,,,,,,,,,,,,,,,,,,,,,,,,,,,,,,,,,,,,,,,,,,,,,,,,,,,,,,,,,,,,,,,,,,,,,,,,,,,,,,,,,,,,,,,,,,,,,,,,,,,16.0,3.0,-8.0,-34.0,-96.0,-89.0,-140.0,-13.0,-24.0,-50.0,-112.0,-105,-156,-11.0,-37.0,-99.0,-92.0,-143.0,-26.0,-88.0,-81.0,-132.0,-62.0,-55.0,-106.0,7.0,-44.0,-51
27414,1,6,2007-08-02 02:00:00+00:00,1022,87,0,Gesetzentwurf,"['Polizei', 'Öffentlicher Dienst']","['Bachelor', 'Besoldung', 'Besoldungsgesetz', 'Fachhochschule', 'Gehobener Dienst', 'Laufbahnverordnung der Polizei', 'Leistungsbezügeverordnung FHPol', 'Master (Hochschule)', 'Polizeifachhochschulgesetz', 'Prüfungsordnung Polizei - höherer Dienst']",[-0.01180718  0.01613846 -0.00174289 ... -0.01151052 -0.01459581   0.01026453],"[(np.int64(24), np.float64(0.46908829043982636)), (np.int64(31), np.float64(0.433693086650218)), (np.int64(28), np.float64(0.4281481382359551))]",24,0.46908829043982636,1.0,1.0,0.3333333333333333,1,41,1.0,63.0,,0.0,,,,1.0,67.0,0.0,,1.0,69.0,,,,,,1,87,,,0.0,,0.0,,0.0,,0.0,,,,0.0,,,,,0.0,,,,,,,,,,,,,,,0.0,,,,,,,,,,,,,,,,,,,,,,,,,,,,,0.0,,0.0,,0.0,,,,,,,,,,,,,,,,,,,0.0,,0.0,,0.0,,,0.0,,,,,,,,,,,0.0,,,,,,,,,,,,,,,,,,,,,,,,,,,,,,,,,,,,,,,,,,,,,,,,,,,,,,,,,,,,,,,,,,,,,,,,,,,,,,,,,,,,,,,,,,,,,,,,,,,,,,,,,,,,,,,,,,,,,,,,,,,,,,,,,,,,,,,,,,,,,,,,,,,,,,,,,,,,,,,,,,,,,,,,,,,,,,,,,,,,,,,,,,,,,,,,,,,,,,,,,,,,,,,,,,,,,,,,,,,,,,,,,,,,,,,,,,-18.0,-20.0,,-24.0,-46,-87,-2.0,,-6.0,-28.0,-69.0,,-4.0,-26.0,-67.0,,,,-22.0,-63.0,-41
27415,1,37,2007-08-02 02:00:00+00:00,1022,139,0,Gesetzentwurf,Öffentlicher Haushalt,"['Einzelplan 01 - Landtag', 'Einzelplan 02 - Ministerpräsident und Staatskanzlei', 'Einzelplan 03 - Ministerium des Innern', 'Einzelplan 04 - Ministerium der Justiz', 'Einzelplan 05 - Ministerium für Bildung, Jugend und Sport', 'Einzelplan 06 - Ministerium für Wissenschaft, Forschung und Kultur', 'Einzelplan 07 - Ministerium für Arbeit, Soziales, Gesundheit und Familie', 'Einzelplan 08 - Ministerium für Wirtschaft', 'Einzelplan 10 - Ministerium für Ländliche Entwicklung, Umwelt und Verbraucherschutz', 'Einzelplan 11 - Ministerium für Infrastruktur und Raumordnung', 'Einzelplan 12 - Ministerium der Finanzen', 'Einzelplan 13 - Landesrechnungshof', 'Einzelplan 14 - Verfassungsgericht des Landes Brandenburg', 'Einzelplan 20 - Allgemeine Finanzverwaltung', 'Finanzpolitik', 'Haushaltsjahr', 'Landeshaushalt', 'Landesregierung', 'Öffentlicher Haushalt', 'Terminplan']",[ 7.87160825e-03  2.40291208e-02 -1.05941193e-02 ...  1.91759486e-02  -4.64694931e-05  2.00045388e-02],"[(np.int64(34), np.float64(0.45432656804134075)), (np.int64(19), np.float64(0.43600849201398945)), (np.int64(29), np.float64(0.43129328533923084))]",34,0.45432656804134075,1.0,1.0,1.0,1,41,3.0,55.0,115.0,0.0,,132.0,,16.0,126.0,9.0,118.0,1.0,131.0,118.0,118.0,118.0,118.0,124.0,1,139,,,1.0,131.0,1.0,133.0,0.0,,0.0,,126.0,126.0,1.0,133.0,,,124.0,1.0,59.0,126.0,126.0,126.0,126.0,126.0,126.0,126.0,126.0,126.0,126.0,126.0,126.0,132.0,1.0,132.0,,,,,,,,,,,,,,,,,,,,,,,,,,124.0,124.0,0.0,,0.0,,0.0,,,,,,,,,,,,,,,,,,,0.0,,0.0,,0.0,,,0.0,,,,,,,,,,,0.0,,,,,,,,,,,,,,,,,,,,,,,,,,,,,,,,,,,,,,,,,,,,,,,,,,,,,,,,,,,,,,,,,,,,,,,,,,,,,,,,,,,,,,,,,,,,,,,,,,,,,,,,,,,,,,,,,,,,,,,,,,,,,,,,,,,,,,,,,,,,,,,,,,,,,,,0.0,-1.0,,-74.0,-2.0,-15.0,6.0,-2.0,-7.0,,-78.0,-92.0,-133.0,,,,,,,,,,,,,,-1.0,,-74.0,-2.0,-15.0,6.0,-2.0,-7.0,,-78.0,-92.0,-133.0,,-73.0,-1.0,-14.0,7.0,-1.0,-6.0,,-77.0,-91.0,-132.0,,,,,,,,,,,72.0,59.0,80.0,72.0,67.0,,-4.0,-18.0,-59.0,-13.0,8.0,0.0,-5.0,,-76.0,-90.0,-131.0,21.0,13.0,8.0,,-63.0,-77.0,-118.0,-8.0,-13.0,,-84.0,-98,-139,-5.0,,-76.0,-90.0,-131.0,,-71.0,-85.0,-126.0,,,,-14.0,-55.0,-41
27476,1,9,2007-08-20 02:00:00+00:00,1040,128,0,Gesetzentwurf,Justizvollzug,"['Akteneinsicht', 'Arbeit', 'Ärztliche Behandlung', 'Ausbildung', 'Beirat', 'Beschwerde (Rechtsbehelf)', 'Besuche', 'Datenschutz', 'Disziplinarmaßnahme', 'Droge', 'Drogenabhängigkeit', 'Erziehungsmaßregel', 'Fesselung', 'Freistellung von der Arbeit', 'Freizeit', 'Gefangenenmitverantwortung', 'Gefangener', 'Gesundheitliche Versorgung', 'Grundrechtsbeschränkung', 'Haftentlassung', 'Hafturlaub', 'Hausordnung', 'Jugenderziehung', 'Jugendgerichtsgesetz', 'Jugendlicher', 'Jugendstrafanstalt', 'Jugendstrafe', 'Jugendstraftat', 'Jugendstrafvollzug', 'Kind', 'Kriminologie', 'Maßregeln der Besserung und Sicherung', 'Offener Vollzug', 'Öffentliche Sicherheit und Ordnung', 'Personalkosten', 'Personenbezogene Daten', 'Religion', 'Sachkosten', 'Schriftverkehr', 'Schule', 'Sicherheit und Ordnung', 'Sozialtherapie', 'Sport', 'Strafgefangener', 'Strafrecht', 'Straftat', 'Telefongespräch', 'Unmittelbarer Zwang', 'Vollstreckungsplan', 'Waffengebrauch', 'Weiterbildung']",[-0.0068475   0.05192194  0.01845849 ...  0.01679127  0.00416805   0.01524314],"[(np.int64(29), np.float64(0.4800964540126758)), (np.int64(22), np.float64(0.4324681544113379)), (np.int64(24), np.float64(0.42298742849600834))]",29,0.4800964540126758,0.5,1.0,0.3333333333333333,1,23,3.0,17.0,79.0,1.0,79.0,93.0,,1.0,101.0,0.0,,1.0,114.0,,,,,,1,128,,,0.0,,0.0,,0.0,,0.0,,,,0.0,,,,,0.0,,,,,,,,,,,,,,,0.0,,,,,,,,,,,,,,,,,,,,,,,,,,,,,0.0,,0.0,,0.0,,,,,,,,,,,,,,,,,,,0.0,,0.0,,0.0,,,0.0,,,,,,,,,,,0.0,,,,,,,,,,,,,,,,,,,,,,,,,,,,,,,,,,,,,,,,,,,,,,,,,,,,,,,,,,,,,,,,,,,,,,,,,,,,,,,,,,,,,,,,,,,,,,,,,,,,,,,,,,,,,,,,,,,,,,,,,,,,,,,,,,,,,,,,,,,,,,,,,,,,,,,,,,,,,,,,,,,,,,,,,,,,,,,,,,,,,,,,,,,,,,,,,,,,,,,,,,,,,,,,,,,,,,,,,,,,,,,,,,,,,,,,,,-14.0,-27.0,-49.0,-111.0,-105,-128,-13.0,-35.0,-97.0,-91.0,-114.0,-22.0,-84.0,-78.0,-101.0,-62.0,-56.0,-79.0,6.0,-17.0,-23
27507,1,14,2007-08-29 02:00:00+00:00,1049,244,0,Gesetzentwurf,"['Wasser', 'Umwelt']","['Abwasser', 'Abwasserbeseitigung', 'Abwasseremissionserklärungsverordnung', 'Anzeigeverfahren', 'Behördliches Genehmigungsverfahren', 'Bürokratieabbau', 'Deich', 'Deregulierung', 'Fähre', 'Gebührenordnung', 'Gemeinschaftsrecht der EU', 'Gesetz über die Bildung von Gewässerunterhaltungsverbänden', 'Gewässer', 'Gewässerschutz', 'Gewässerunterhaltung', 'Gewässerunterhaltungsverband', 'Grundwasser', 'Hafen', 'Hochwasserschutz', 'Ministerium für Ländliche Entwicklung, Umwelt und Verbraucherschutz', 'Planfeststellung', 'Überschwemmungsgebiet', 'Untersuchungsstellen-Zulassungsverordnung', 'Wasser- und Bodenverband', 'Wasserbehörde', 'Wasserbuch', 'Wassernutzungsentgelt', 'Wasserrecht', 'Wasserschutzgebiet', 'Wasserwirtschaft']",[ 0.01089833 -0.02108201 -0.00535983 ...  0.03287365  0.01048145   0.01893808],"[(np.int64(29), np.float64(0.43971793617141114)), (np.int64(7), np.float64(0.4274341512484558)), (np.int64(19), np.float64(0.40310548331700574))]",29,0.43971793617141114,0.5,1.0,0.3333333333333333,1,15,4.0,28.0,56.0,1.0,56.0,90.0,195.0,1.0,215.0,2.0,223.0,1.0,224.0,223.0,,,,,1,244,,,1.0,223.0,0.0,,0.0,,0.0,,,,0.0,,,,,0.0,,,,,,,,,,,,,,,0.0,,,,,,,,,,,,,,,,,,,,,,,,,,,,,0.0,,0.0,,1.0,36.0,,,,,,,,,,,,,,,,,,0.0,,0.0,,0.0,,,0.0,,,,,,,,,,,0.0,,,,,,,,,,,,,,,,,,,,,,,,,,,,,,,,,,,,,,,,,,,,,,,,,,,,,,,,,,,,,,,,,,,,,,,,,,,,,,,,,,,,,,,,,,,,,,,,,,,,,,,,,,,,,,187.0,187.0,208.0,188.0,179.0,20.0,-8.0,-21.0,-36.0,,,,,,,,,,,,,,,,,,,,,,,,,,,,,,,,,,,,,,,,,,,,,,,,,,,,,,,,,,,,,,,,,,,,,,,,,,,,,,,,,,,,,,,,,,,,,,,,,,,,,0.0,21.0,1.0,-8.0,-167.0,-195.0,-208.0,-223.0,21.0,1.0,-8.0,-167.0,-195.0,-208.0,-223.0,-20.0,-29.0,-188.0,-216.0,-229,-244,-9.0,-168.0,-196.0,-209.0,-224.0,-159.0,-187.0,-200.0,-215.0,-28.0,-41.0,-56.0,-13.0,-28.0,-15
27500,1,6,2007-08-29 02:00:00+00:00,1049,97,0,Gesetzentwurf,Zivilrecht,"['Berlin', 'Bürgerliches Gesetzbuch', 'Nachbarrecht', 'Verjährung']",[0.00156627 0.00397876 0.01336151 ... 0.02802947 0.00129161 0.02494148],"[(np.int64(29), np.float64(0.4759530663747595)), (np.int64(4), np.float64(0.44974514991495035)), (np.int64(10), np.float64(0.439783888591072))]",29,0.4759530663747595,0.5,1.0,0.3333333333333333,1,15,1.0,57.0,,0.0,,,,1.0,57.0,0.0,,1.0,76.0,,,,,,1,97,,,0.0,,0.0,,0.0,,0.0,,,,0.0,,,,,0.0,,,,,,,,,,,,,,,0.0,,,,,,,,,,,,,,,,,,,,,,,,,,,,,0.0,,0.0,,0.0,,,,,,,,,,,,,,,,,,,0.0,,0.0,,0.0,,,0.0,,,,,,,,,,,0.0,,,,,,,,,,,,,,,,,,,,,,,,,,,,,,,,,,,,,,,,,,,,,,,,,,,,,,,,,,,,,,,,,,,,,,,,,,,,,,,,,,,,,,,,,,,,,,,,,,,,,,,,,,,,,,,,,,,,,,,,,,,,,,,,,,,,,,,,,,,,,,,,,,,,,,,,,,,,,,,,,,,,,,,,,,,,,,,,,,,,,,,,,,,,,,,,,,,,,,,,,,,,,,,,,,,,,,,,,,,,,,,,,,,,,,,,,,-21.0,-40.0,,-40.0,-82,-97,-19.0,,-19.0,-61.0,-76.0,,0.0,-42.0,-57.0,,,,-42.0,-57.0,-15
27499,1,16,2007-08-29 02:00:00+00:00,1049,113,0,Gesetzentwurf,"['Wahlen', 'Kommunale Angelegenheiten']","['Altersgrenze', 'Bürgermeister/Bürgermeisterin', 'Direkte Wahl', 'Europawahl', 'Gemeinde', 'Inkompatibilität von Mandaten', 'Kommunaler Wahlbeamter/Kommunale Wahlbeamtin', 'Kommunalwahl', 'Landrat/Landrätin', 'Mandatsverzicht', 'Ortsbeirat', 'Ortsvorsteher', 'Standardabbau', 'Wahl', 'Wahlausschuss', 'Wahlbeteiligung', 'Wahldurchführungsgesetz 1993', 'Wahleinspruch', 'Wählerverzeichnis', 'Wahlprüfung', 'Wahlprüfungsausschuss', 'Wahlrecht', 'Wahltermin', 'Wahlvorschlag']",[ 0.00757107  0.01983324 -0.00739293 ...  0.02387114 -0.00754138   0.02125838],"[(np.int64(29), np.float64(0.4428607828659049)), (np.int64(19), np.float64(0.39773745978940733)), (np.int64(4), np.float64(0.3781948407193551))]",29,0.4428607828659049,0.5,1.0,0.3333333333333333,1,14,4.0,8.0,70.0,1.0,70.0,70.0,91.0,1.0,99.0,5.0,97.0,1.0,105.0,97.0,97.0,102.0,102.0,,1,113,,,1.0,96.0,0.0,,0.0,,0.0,,,,0.0,,,,,0.0,,,,,,,,,,,,,,,0.0,,,,,,,,,,,,,,,,,,,,,,,,,,,,,0.0,,0.0,,0.0,,,,,,,,,,,,,,,,,,,0.0,,0.0,,0.0,,,0.0,,,,,,,,,,,0.0,,,,,,,,,,,,,,,,,,,,,,,,,,,,,,,,,,,,,,,,,,,,,,,,,,,,,,,,,,,,,,,,,,,,,,,,,,,,,,,,,,,,,,,,,,,,,,,,,,,,,,,,,,,,,,,,,,,,,,,,,,,,,,,,,,,,,,,,,,,,,,,,,,,,,,,,,,,,,,,,,,,,,,,,,,,,,,,,,,,,,,,,,,,,,,,,,,,,,,,,,,,,,,,,,,,,,,,,,,,1.0,17.0,9.0,3.0,-26.0,-88.0,-82.0,-96.0,16.0,8.0,2.0,-27.0,-89.0,-83.0,-97.0,-8.0,-14.0,-43.0,-105.0,-99,-113,-6.0,-35.0,-97.0,-91.0,-105.0,-29.0,-91.0,-85.0,-99.0,-62.0,-56.0,-70.0,6.0,-8.0,-14
27516,1,37,2007-08-29 02:00:00+00:00,1049,113,0,Gesetzentwurf,"['Kommunale Angelegenheiten', 'Öffentlicher Dienst']","['Amtsordnung (Kommunalrecht)', 'Beamter/Beamtin auf Zeit', 'Beamter/Beamtin', 'Beigeordneter/Beigeordnete', 'Bürger/Bürgerin', 'Bürgerbeteiligung', 'Bürgermeister/Bürgermeisterin', 'Direkte Wahl', 'Doppelte Buchführung', 'Einwohner', 'Gemeinde', 'Gemeindeordnung', 'Gemeindeverband', 'Gemeindevertretung', 'Haushaltswirtschaft', 'Kommunalaufsicht', 'Kommunale Selbstverwaltung', 'Kommunaler Haushalt', 'Kommunaler Wahlbeamter/Kommunale Wahlbeamtin', 'Kommunales Finanzmanagement', 'Kommunales Unternehmen', 'Kommunales Verfassungsrecht', 'Kommunales Wirtschaftsrecht', 'Kommunalrecht', 'Kommunalrechtsreformgesetz', 'Kreis (Gebietskörperschaft)', 'Kreisordnung', 'Landesbeamtengesetz', 'Landrat/Landrätin', 'Ortsteil', 'Rechnungsprüfung', 'Rederecht im Parlament', 'Sondervermögen']",[ 0.01398643  0.02275759 -0.01363085 ...  0.04101107 -0.00405962   0.02370582],"[(np.int64(16), np.float64(0.3952044533621158)), (np.int64(21), np.float64(0.38271536871820516)), (np.int64(29), np.float64(0.36047290205228577))]",16,0.3952044533621158,1.0,1.0,0.3333333333333333,1,14,6.0,7.0,8.0,1.0,57.0,57.0,57.0,2.0,99.0,24.0,96.0,1.0,105.0,96.0,96.0,96.0,96.0,96.0,1,113,70.0,91.0,0.0,,0.0,,0.0,,0.0,,104.0,,0.0,,,,96.0,0.0,,,,,,,,,,,,,,,0.0,,,,,,,,,,,,,,,,,,,,,,,,,,,96.0,96.0,0.0,,0.0,,0.0,,96.0,96.0,96.0,97.0,97.0,97.0,97.0,97.0,97.0,97.0,97.0,97.0,97.0,103.0,105.0,,,0.0,,0.0,,0.0,,,0.0,,,,,,,,,,,0.0,,,,,,,,,,,,,,,,,,,,,,,,,,,,,,,,,,,,,,,,,,,,,,,,,,,,,,,,,,,,,,,,,,,,,,,,,,,,,,,,,,,,,,,,,,,,,,,,,,,,,,,,,,,,,,,,,,,,,,,,,,,,,,,,,,,,,,,,,,,,,,,,,,,,,,,,,,,,,,,,,,,,,,,,,,,,,,,,,,,,,,,,,,,,,,,,,,,,,,,,,,,,,,,,,,,,,,,,,,,,,,,,,,,17.0,9.0,3.0,-39.0,-89.0,-82.0,-96.0,-8.0,-14.0,-56.0,-106.0,-99,-113,-6.0,-48.0,-98.0,-91.0,-105.0,-42.0,-92.0,-85.0,-99.0,-50.0,-43.0,-57.0,7.0,-7.0,-14
27565,1,7,2007-09-10 02:00:00+00:00,1061,220,0,Gesetzentwurf,Justiz,"['Amtsanwaltsprüfung', 'Anwaltsdienst', 'Beamter/Beamtin', 'Prüfungsamt', 'Staatsvertrag über die Einrichtung eines gemeinsamen Studienganges für den Amtsanwaltsdienst und die Errichtung eines gemeinsamen Prüfungsamtes für die Abnahme der Amtsanwaltsprüfung', 'Staatsvertrag', 'Studiengang']",[-0.00132992  0.00293658  0.01519028 ... -0.00114542  0.00507368   0.02533763],"[(np.int64(16), np.float64(0.38955084257313494)), (np.int64(29), np.float64(0.38398369723492154)), (np.int64(19), np.float64(0.3798773773849795))]",16,0.38955084257313494,1.0,1.0,0.3333333333333333,1,30,1.0,51.0,,0.0,,,,1.0,51.0,0.0,,1.0,64.0,,,,,,1,85,,,0.0,,0.0,,0.0,,1.0,220.0,,,0.0,,,,,0.0,,,,,,,,,,,,,,,0.0,,,,,,,,,,,,,,,,,,,,,,,,,,,,,0.0,,0.0,,0.0,,,,,,,,,,,,,,,,,,,0.0,,0.0,,0.0,,,0.0,,,,,,,,,,,0.0,,,,,,,,,,,,,,,,,,,,,,,,,,,,,,,,,,,,,,,,,,,,,,,,,,,,,,,,,,,,,,,,,,,,,,,,,,,,,,,,,,,,,,,,,,,,,,,,,,,,,,,,,,,,,,,,,,,,,,,,,,,,,,,,,,,,,,,,,,,,,,,,,,,,,,,,,,,,,,,,,,,,,,,,,,,,,,,,,,,,,,,,,,,,,,,,,,,,,,,,,,,-135.0,-156.0,-169.0,,-169.0,-190.0,-220.0,,,,,,,,,,,,,,,,,,,,,,,,,-21.0,-34.0,,-34.0,-55,-85,-13.0,,-13.0,-34.0,-64.0,,0.0,-21.0,-51.0,,,,-21.0,-51.0,-30
27671,1,6,2007-09-25 02:00:00+00:00,1076,61,0,Gesetzentwurf,Öffentlicher Dienst,"['Beamter/Beamtin', 'Besoldung', 'Besoldungsrecht', 'Kommunalbeamter/Kommunalbeamtin', 'Sonderzahlungsgesetz', 'Steuermehreinnahmen', 'Versorgungsempfänger', 'Weihnachtsgratifikation']",[-0.00025626  0.00574624  0.02549892 ...  0.01316846 -0.00184059   0.01592186],"[(np.int64(29), np.float64(0.45157832602916115)), (np.int64(5), np.float64(0.4314290225591662)), (np.int64(23), np.float64(0.4294411149005732))]",29,0.45157832602916115,0.5,1.0,0.3333333333333333,1,15,1.0,36.0,,0.0,,,,1.0,41.0,0.0,,1.0,50.0,,,,,,1,61,,,0.0,,0.0,,0.0,,0.0,,,,0.0,,,,,0.0,,,,,,,,,,,,,,,0.0,,,,,,,,,,,,,,,,,,,,,,,,,,,,,0.0,,0.0,,0.0,,,,,,,,,,,,,,,,,,,0.0,,0.0,,0.0,,,0.0,,,,,,,,,,,0.0,,,,,,,,,,,,,,,,,,,,,,,,,,,,,,,,,,,,,,,,,,,,,,,,,,,,,,,,,,,,,,,,,,,,,,,,,,,,,,,,,,,,,,,,,,,,,,,,,,,,,,,,,,,,,,,,,,,,,,,,,,,,,,,,,,,,,,,,,,,,,,,,,,,,,,,,,,,,,,,,,,,,,,,,,,,,,,,,,,,,,,,,,,,,,,,,,,,,,,,,,,,,,,,,,,,,,,,,,,,,,,,,,,,,,,,,,,-11.0,-20.0,,-25.0,-46,-61,-9.0,,-14.0,-35.0,-50.0,,-5.0,-26.0,-41.0,,,,-21.0,-36.0,-15
27672,1,6,2007-09-25 02:00:00+00:00,1076,61,0,Gesetzentwurf,"['Öffentlicher Dienst', 'Landesregierung']","['Beamtenversorgungsergänzungsgesetz', 'Beamtenversorgungsgesetz', 'Beamter/Beamtin', 'Besoldung', 'Besoldungs- und Versorgungsanpassungsgesetz', 'Besoldungsrecht', 'Besoldungszulage', 'Kommunalbeamter/Kommunalbeamtin', 'Minister/Ministerin', 'Ministergesetz', 'Richter/Richterin', 'Ruhegehalt']",[-0.00402864  0.01289166  0.01647268 ...  0.00653536 -0.00273053   0.02244104],"[(np.int64(21), np.float64(0.3975128305512711)), (np.int64(29), np.float64(0.3798976959780054)), (np.int64(19), np.float64(0.35778776859771577))]",21,0.3975128305512711,0.5,1.0,0.3333333333333333,1,15,1.0,36.0,,0.0,,,,1.0,41.0,0.0,,1.0,50.0,,,,,,1,61,,,0.0,,0.0,,0.0,,0.0,,,,0.0,,,,,0.0,,,,,,,,,,,,,,,0.0,,,,,,,,,,,,,,,,,,,,,,,,,,,,,0.0,,0.0,,0.0,,,,,,,,,,,,,,,,,,,0.0,,0.0,,0.0,,,0.0,,,,,,,,,,,0.0,,,,,,,,,,,,,,,,,,,,,,,,,,,,,,,,,,,,,,,,,,,,,,,,,,,,,,,,,,,,,,,,,,,,,,,,,,,,,,,,,,,,,,,,,,,,,,,,,,,,,,,,,,,,,,,,,,,,,,,,,,,,,,,,,,,,,,,,,,,,,,,,,,,,,,,,,,,,,,,,,,,,,,,,,,,,,,,,,,,,,,,,,,,,,,,,,,,,,,,,,,,,,,,,,,,,,,,,,,,,,,,,,,,,,,,,,,-11.0,-20.0,,-25.0,-46,-61,-9.0,,-14.0,-35.0,-50.0,,-5.0,-26.0,-41.0,,,,-21.0,-36.0,-15
27690,1,19,2007-09-26 02:00:00+00:00,1077,81,2,Sitzung,Universitäten,"['Europa-Universität Viadrina Frankfurt (Oder)', 'Gesetz über die Errichtung der ""Stiftung Europa-Universität Viadrina Frankfurt (Oder)""', 'Hochschule', 'Stellenplan', 'Stiftung', 'Stiftungshochschule', 'Stiftungsrat', 'Stiftungsvermögen']",[-0.00354815  0.0018044   0.00921912 ...  0.00527674 -0.01134195   0.00806673],"[(np.int64(19), np.float64(0.3892935457903134)), (np.int64(20), np.float64(0.3813243177048575)), (np.int64(29), np.float64(0.3801202279731143))]",19,0.3892935457903134,1.0,1.0,0.3333333333333333,1,14,6.0,0.0,28.0,1.0,41.0,41.0,61.0,2.0,42.0,5.0,47.0,1.0,48.0,47.0,47.0,47.0,47.0,,1,81,61.0,69.0,0.0,,0.0,,0.0,,0.0,,69.0,,1.0,77.0,,,,0.0,,,,,,,,,,,,,,,0.0,,,,,,,,,,,,,,,,,,,,,,,,,,,,,0.0,,0.0,,0.0,,,,,,,,,,,,,,,,,,,0.0,,0.0,,0.0,,,0.0,,,,,,,,,,,0.0,,,,,,,,,,,,,,,,,,,,,,,,,,,,,,,,,,,,,,,,,,,,,,,,,,,,,,,,,,,,,,,,,,,,,,,,,,,,,,,,,,,,,,,,,,,,,,,,,,,,,,,,,,,,,,,,,,,,,,,,,,,,,,,,,,,,,,,,,,,,,,,,,,,,,,,,,,,,,,,,,,,,,,,,,,,,,,,,,,,,,-30.0,4.0,-29.0,-35.0,-36.0,-77.0,-63.0,-75.0,,,,,,,,,,,,,,,,,,,,,,,,,,,,,,,,,,,,,,,34.0,1.0,-5.0,-6.0,-47.0,-33.0,-45.0,-33.0,-39.0,-40.0,-81.0,-67,-79,-6.0,-7.0,-48.0,-34.0,-46.0,-1.0,-42.0,-28.0,-40.0,-41.0,-27.0,-39.0,14.0,2.0,-12
27673,1,4,2007-09-27 02:00:00+00:00,1078,31,0,Gesetzentwurf,Abgeordnete,"['Abgeordnetenrecht', 'Abgeordnetenversorgung', 'Abgeordneter/Abgeordnete', 'Ausbildung', 'Diäten', 'Einkommen', 'Einkommensentwicklung', 'Entschädigung', 'Kostenpauschale', 'Landtag Brandenburg']",[-0.00122897  0.01189228 -0.00229603 ...  0.0015822  -0.00287004   0.01477704],"[(np.int64(29), np.float64(0.42044054366123584)), (np.int64(5), np.float64(0.37360510494292265)), (np.int64(23), np.float64(0.35095038004389423))]",29,0.42044054366123584,0.5,1.0,0.3333333333333333,1,13,0.0,,,0.0,,,,0.0,,0.0,,1.0,14.0,,,,,,1,31,,,0.0,,0.0,,0.0,,0.0,,,,0.0,,,,,0.0,,,,,,,,,,,,,,,0.0,,,,,,,,,,,,,,,,,,,,,,,,,,,,,0.0,,0.0,,0.0,,,,,,,,,,,,,,,,,,,0.0,,0.0,,0.0,,,0.0,,,,,,,,,,,0.0,,,,,,,,,,,,,,,,,,,,,,,,,,,,,,,,,,,,,,,,,,,,,,,,,,,,,,,,,,,,,,,,,,,,,,,,,,,,,,,,,,,,,,,,,,,,,,,,,,,,,,,,,,,,,,,,,,,,,,,,,,,,,,,,,,,,,,,,,,,,,,,,,,,,,,,,,,,,,,,,,,,,,,,,,,,,,,,,,,,,,,,,,,,,,,,,,,,,,,,,,,,,,,,,,,,,,,,,,,,,,,,,,,,,,,,,,,-17.0,,,,-18,-31,,,,-1.0,-14.0,,,,,,,,,,-13
27689,1,10,2007-09-28 02:00:00+00:00,1079,80,0,Gesetzentwurf,Glücksspiel,"['Glücksspiel', 'Glücksspielstaatsvertrag', 'Lotterie', 'Lotterie- und Sportwettengesetz', 'Spielbank', 'Spielbankgesetz', 'Spielsucht', 'Sportwette', 'Staatsvertrag', 'Suchtprävention']",[ 0.00666654  0.01196406  0.00331839 ...  0.00741058 -0.00797604   0.02654712],"[(np.int64(29), np.float64(0.4618566253831534)), (np.int64(19), np.float64(0.40709362851083486)), (np.int64(9), np.float64(0.40485273218328854))]",29,0.4618566253831534,0.5,1.0,0.3333333333333333,1,12,5.0,33.0,40.0,0.0,,61.0,68.0,1.0,74.0,0.0,,1.0,75.0,,,,,,1,80,75.0,,0.0,,0.0,,0.0,,0.0,,,,0.0,,,,,0.0,,,,,,,,,,,,,,,0.0,,,,,,,,,,,,,,,,,,,,,,,,,,,,,0.0,,0.0,,0.0,,,,,,,,,,,,,,,,,,,0.0,,0.0,,0.0,,,0.0,,,,,,,,,,,0.0,,,,,,,,,,,,,,,,,,,,,,,,,,,,,,,,,,,,,,,,,,,,,,,,,,,,,,,,,,,,,,,,,,,,,,,,,,,,,,,,,,,,,,,,,,,,,,,,,,,,,,,,,,,,,,,,,,,,,,,,,,,,,,,,,,,,,,,,,,,,,,,,,,,,,,,,,,,,,,,,,,,,,,,,,,,,,,,,,,,,,,,,,,,,,,,,,,,,,,,,,,,,,,,,,,,,,,,,,,,,,,,,,,,,,,,,,,-5.0,-6.0,,-47.0,-68,-80,-1.0,,-42.0,-63.0,-75.0,,-41.0,-62.0,-74.0,,,,-21.0,-33.0,-12
27808,1,8,2007-10-22 02:00:00+00:00,1103,143,0,Gesetzentwurf,Raumordnung,"['Berlin', 'Brandenburg', 'Landesentwicklungsplan Berlin-Brandenburg', 'Landesentwicklungsplan', 'Landesplanung', 'Landesplanungsvertrag', 'Staatsvertrag über die Änderung des Landesplanungsvertrages', 'Staatsvertrag']",[0.00383871 0.00224924 0.01073639 ... 0.00449849 0.00560811 0.02027318],"[(np.int64(29), np.float64(0.48183730593267793)), (np.int64(9), np.float64(0.4606284570575544)), (np.int64(19), np.float64(0.4477567794671176))]",29,0.48183730593267793,0.5,1.0,0.3333333333333333,1,22,2.0,37.0,44.0,0.0,,,,1.0,44.0,0.0,,1.0,51.0,,,,,,1,56,,,0.0,,0.0,,0.0,,1.0,143.0,,,0.0,,,,,0.0,,,,,,,,,,,,,,,0.0,,,,,,,,,,,,,,,,,,,,,,,,,,,,,0.0,,0.0,,0.0,,,,,,,,,,,,,,,,,,,0.0,,0.0,,0.0,,,0.0,,,,,,,,,,,0.0,,,,,,,,,,,,,,,,,,,,,,,,,,,,,,,,,,,,,,,,,,,,,,,,,,,,,,,,,,,,,,,,,,,,,,,,,,,,,,,,,,,,,,,,,,,,,,,,,,,,,,,,,,,,,,,,,,,,,,,,,,,,,,,,,,,,,,,,,,,,,,,,,,,,,,,,,,,,,,,,,,,,,,,,,,,,,,,,,,,,,,,,,,,,,,,,,,,,,,,,,,,-87.0,-92.0,-99.0,,-106.0,-121.0,-143.0,,,,,,,,,,,,,,,,,,,,,,,,,-5.0,-12.0,,-19.0,-34,-56,-7.0,,-14.0,-29.0,-51.0,,-7.0,-22.0,-44.0,,,,-15.0,-37.0,-22
27855,1,16,2007-10-30 01:00:00+00:00,1110,182,0,Gesetzentwurf,Gesundheitsschutz,"['Behinderter', 'Datenschutz', 'Früherkennung von Krankheiten', 'Gesundheitsbehörde', 'Gesundheitshilfe', 'Gesundheitsschutz', 'Gesundheitsuntersuchung', 'Gesundheitsvorsorge', 'Gesundheitswesen', 'Grundgesetz: Art. 13', 'Grundgesetz: Art. 15', 'Hygiene', 'Infektionsschutz', 'Infektionsschutzgesetz', 'Jugendlicher', 'Kind', 'Kinderschutz', 'Krankenhaus', 'Krankenhausbedarfsplan', 'Krankenhausfinanzierungsgesetz', 'Krankenhausgesetz', 'Krankenhausplanung', 'Landesverfassung: Art. 11', 'Landesverfassung: Art. 49', 'Öffentlicher Gesundheitsdienst', 'Personenbezogene Daten', 'Psychische Krankheit', 'Vorsorgeuntersuchung']",[-0.00974497  0.03161172 -0.00071676 ...  0.03612768  0.00831887   0.03089867],"[(np.int64(3), np.float64(0.481205239812632)), (np.int64(29), np.float64(0.42943048879460644)), (np.int64(19), np.float64(0.39435854292898964))]",3,0.481205239812632,0.5,1.0,0.6666666666666667,1,15,8.0,8.0,29.0,1.0,78.0,36.0,78.0,1.0,140.0,1.0,161.0,1.0,163.0,,,,,,1,182,78.0,106.0,1.0,154.0,0.0,,0.0,,0.0,,,,0.0,,112.0,134.0,,0.0,,,,,,,,,,,,,,,0.0,,,,,,,,,,,,,,,,,,,,,,,,,,,,,0.0,,0.0,,0.0,,,,,,,,,,,,,,,,,,,0.0,,0.0,,0.0,,,0.0,,,,,,,,,,,0.0,,,,,,,,,,,,,,,,,,,,,,,,,,,,,,,,,,,,,,,,,,,,,,,,,,,,,,,,,,,,,,,,,,,,,,,,,,,,,,,,,,,,,,,,,,,,,,,,,,,,,,,,,,,,,,,,,,,,,,,,,,,,,,,,,,,,,,,,,,,,,,,,,,,,,,,,,,,,,,,,,,,,,,,,,,,,,,,,,,,,,,,,,,,,,,,,,,,,,,,,,,,,,,,,,,,,,,,,,,,7.0,28.0,9.0,-14.0,-76.0,-146.0,-139.0,-154.0,21.0,2.0,-21.0,-83.0,-153.0,-146.0,-161.0,-19.0,-42.0,-104.0,-174.0,-167,-182,-23.0,-85.0,-155.0,-148.0,-163.0,-62.0,-132.0,-125.0,-140.0,-70.0,-63.0,-78.0,7.0,-8.0,-15
27858,2,5,2007-11-14 01:00:00+00:00,1125,36,0,Gesetzentwurf,Sport,"['Freizeitsport', 'Konzessionsabgabe', 'Lotterie', 'Lottomittel', 'Schulsport', 'Sport', 'Sportförderung', 'Sportstätte', 'Sportwette']",[ 6.83936430e-03  5.18203451e-05  1.56833697e-02 ...  6.55930431e-04  -7.51740485e-03  4.05350263e-04],"[(np.int64(29), np.float64(0.4883074401780907)), (np.int64(20), np.float64(0.44718047603038236)), (np.int64(9), np.float64(0.43671918645841645))]",29,0.4883074401780907,0.5,1.0,0.3333333333333333,1,0,0.0,,,0.0,,,,0.0,,0.0,,1.0,29.0,,,,,,1,36,,,0.0,,0.0,,0.0,,0.0,,,,0.0,,,,,0.0,,,,,,,,,,,,,,,0.0,,,,,,,,,,,,,,,,,,,,,,,,,,,,,0.0,,0.0,,0.0,,,,,,,,,,,,,,,,,28.0,,0.0,,0.0,,0.0,,,0.0,,,,,,,,,,,0.0,,,,,,,,,,,,,,,,,,,,,,,,,,,,,,,,,,,,,,,,,,,,,,,,,,,,,,,,,,,,,,,,,,,,,,,,,,,,,,,,,,,,,,,,,,,,,,,,,,,,,,,,,,,,,,,,,,,,,,,,,,,,,,,,,,,,,,,,,,,,,,,,,,,,,,,,,,,,,,,,,,,,,,,,,,,,,,,,,,,,,,,,,,,,,,,,,,,,,,,,,,,,,,,,,,,,,,,,,,,,,,,,,,,,,,,,,,-7.0,,,,-36,-36,,,,-29.0,-29.0,,,,,,,,,,0
28157,1,6,2007-12-19 01:00:00+00:00,1160,86,0,Gesetzentwurf,Öffentliche Verwaltung,[],[ 0.00147946 -0.02248187  0.00719658 ...  0.01028932  0.01582057   0.01011089],"[(np.int64(29), np.float64(0.5522159784090204)), (np.int64(19), np.float64(0.5326964699484095)), (np.int64(1), np.float64(0.5023240807062288))]",29,0.5522159784090204,0.5,1.0,0.3333333333333333,1,35,1.0,57.0,,0.0,,,,1.0,63.0,0.0,,1.0,70.0,,,,,,1,86,,,0.0,,0.0,,0.0,,0.0,,,,0.0,,,,,0.0,,,,,,,,,,,,,,,0.0,,,,,,,,,,,,,,,,,,,,,,,,,,,,,0.0,,0.0,,0.0,,,,,,,,,,,,,,,,,,,0.0,,0.0,,0.0,,,0.0,,,,,,,,,,,0.0,,,,,,,,,,,,,,,,,,,,,,,,,,,,,,,,,,,,,,,,,,,,,,,,,,,,,,,,,,,,,,,,,,,,,,,,,,,,,,,,,,,,,,,,,,,,,,,,,,,,,,,,,,,,,,,,,,,,,,,,,,,,,,,,,,,,,,,,,,,,,,,,,,,,,,,,,,,,,,,,,,,,,,,,,,,,,,,,,,,,,,,,,,,,,,,,,,,,,,,,,,,,,,,,,,,,,,,,,,,,,,,,,,,,,,,,,,-16.0,-23.0,,-29.0,-51,-86,-7.0,,-13.0,-35.0,-70.0,,-6.0,-28.0,-63.0,,,,-22.0,-57.0,-35
28156,1,11,2007-12-21 01:00:00+00:00,1162,207,0,Gesetzentwurf,Bauwesen,"['Architekt/Architektin', 'Architektengesetz', 'Architektenkammer', 'Baugenehmigung', 'Baurecht', 'Bautechnischer Nachweis', 'Bauvorlagenberechtigung', 'Beratender Ingenieur/Beratende Ingenieurin', 'Brandenburgische Ingenieurkammer', 'Gebäude', 'Ingenieurgesetz', 'Ingenieurkammer']",[-0.0347679   0.01111627  0.01365882 ...  0.01235798 -0.01170756   0.00623812],"[(np.int64(10), np.float64(0.4400131066392011)), (np.int64(29), np.float64(0.41440647345881504)), (np.int64(4), np.float64(0.39507405369726395))]",10,0.4400131066392011,1.0,1.0,1.0,1,33,4.0,55.0,83.0,1.0,83.0,83.0,188.0,1.0,196.0,0.0,,1.0,201.0,,,,,,1,207,,,0.0,,1.0,201.0,0.0,,0.0,,,,0.0,,,,,0.0,,,,,,,,,,,,,,,0.0,,,,,,,,,,,,,,,,,,,,,,,,,,,,,0.0,,0.0,,0.0,,,,,,,,,,,,,,,,,,,0.0,,0.0,,0.0,,,0.0,,,,,,,,,,,0.0,,,,,,,,,,,,,,,,,,,,,,,,,,,,,,,,,,,,,,,,,,,,,,,,,,,,,,,,,,,,,,,,,,,,,,,,,,,,,,,,,,,,,,,,,,,,,,,,,,,,,,,,,,,,,,,,,,,,,,,,,,,,,,,,,,,,,,,,,,,,,,,,,,,,,,,,,,,,,6.0,0.0,-5.0,-118.0,-146.0,-168.0,-201.0,,,,,,,,,,,,,,,,,,,,,,,,,,,,,,,,,,,,,,,,,,,,,,,,,,,,,,,,,,,,,,,,,,,,,,,-6.0,-11.0,-124.0,-152.0,-174,-207,-5.0,-118.0,-146.0,-168.0,-201.0,-113.0,-141.0,-163.0,-196.0,-28.0,-50.0,-83.0,-22.0,-55.0,-33
28222,1,19,2008-01-11 01:00:00+00:00,1183,487,0,Gesetzentwurf,"['Verkehrswegebau', 'Umwelt']","['Gesetz über die Umweltverträglichkeitsprüfung', 'Naturschutz', 'Naturschutzgesetz', 'Planfeststellung', 'Straße', 'Straßen- und Wegerecht', 'Straßenbau', 'Straßenbaubehörde', 'Straßenbaulast', 'Umweltrecht', 'Umweltverträglichkeitsprüfung', 'Verwaltungsmodernisierung']",[-0.01518016 -0.00592324  0.00976293 ...  0.02035928  0.01012011   0.00523865],"[(np.int64(29), np.float64(0.4378064120036873)), (np.int64(7), np.float64(0.4262331799064167)), (np.int64(1), np.float64(0.42335077896681167))]",29,0.4378064120036873,0.5,1.0,0.3333333333333333,1,12,9.0,6.0,34.0,2.0,97.0,97.0,97.0,1.0,270.0,1.0,277.0,1.0,278.0,,,,,,1,299,97.0,131.0,0.0,,0.0,,2.0,332.0,0.0,,,,0.0,,243.0,258.0,,0.0,,,,,,,,,,,,,,,0.0,,,398.0,,,,,,,97.0,,,,,,,,,,,,,,,,,,,0.0,,0.0,,0.0,,,,,,,,,,,,,,,,,,487.0,0.0,,0.0,,0.0,,,0.0,,,,,,,,,,,0.0,,,,,,,,,,,,,,,,,,,,,,,,,,,,,,,,,,,,,,,,,,,,,,,,,,,,,,,,,,,,,,,,,,,,,,,,,,,,,,,,,,,,,,,,,,,,,,,,,,,,,,,,,,,,,,,,,,,,,,,,,,,,,,,,,,,,,,,,,,,,,,,,,,,,,,,,,,,,,,,,,,,,,,,,,-55.0,-33.0,-54.0,-62.0,-235.0,-326.0,-320.0,-332.0,,,,,,,,,,,,,,,,,,,,,,,,,,,,,,,,,,,,,,,,,,,,,,,,,,,22.0,1.0,-7.0,-180.0,-271.0,-265.0,-277.0,-21.0,-29.0,-202.0,-293.0,-287,-299,-8.0,-181.0,-272.0,-266.0,-278.0,-173.0,-264.0,-258.0,-270.0,-91.0,-85.0,-97.0,6.0,-6.0,-12
28334,1,5,2008-01-23 01:00:00+00:00,1195,97,0,Gesetzentwurf,Jagd Fischerei,"['Beleihung', 'Jagd', 'Jagdbehörde', 'Jagdrecht', 'Jäger/Jägerin', 'Jägerprüfung', 'Landesjagdverband e.V.']",[-0.00744385 -0.00330673  0.00076366 ...  0.01209996 -0.00048934   0.03748615],"[(np.int64(29), np.float64(0.5023432730801571)), (np.int64(19), np.float64(0.4799418274564175)), (np.int64(1), np.float64(0.469643081666625))]",29,0.5023432730801571,0.5,1.0,0.3333333333333333,1,35,1.0,49.0,,0.0,,,,0.0,,0.0,,1.0,77.0,,,,,,1,97,,,0.0,,0.0,,0.0,,0.0,,,,0.0,,,,,0.0,,,,,,,,,,,,,,,0.0,,,,,,,,,,,,,,,,,,,,,,,,,,,,,0.0,,0.0,,0.0,,,,,,,,,,,,,,,,,,,0.0,,0.0,,0.0,,,0.0,,,,,,,,,,,0.0,,,,,,,,,,,,,,,,,,,,,,,,,,,,,,,,,,,,,,,,,,,,,,,,,,,,,,,,,,,,,,,,,,,,,,,,,,,,,,,,,,,,,,,,,,,,,,,,,,,,,,,,,,,,,,,,,,,,,,,,,,,,,,,,,,,,,,,,,,,,,,,,,,,,,,,,,,,,,,,,,,,,,,,,,,,,,,,,,,,,,,,,,,,,,,,,,,,,,,,,,,,,,,,,,,,,,,,,,,,,,,,,,,,,,,,,,,-20.0,,,-48.0,-62,-97,,,-28.0,-42.0,-77.0,,,,,,,,-14.0,-49.0,-35
28405,1,6,2008-02-12 01:00:00+00:00,1215,77,0,Gesetzentwurf,Stiftung,"['Brandenburgisches Haupt- und Landgestüt Neustadt (Dosse)', 'Kuratorium', 'Landstallmeister/Landstallmeisterin', 'Pferdezucht', 'Stiftung', 'Stiftungsrat', 'Tierhaltung']",[-0.01128441 -0.01033415  0.01360069 ...  0.01288799 -0.00757243   0.02910191],"[(np.int64(29), np.float64(0.437275415325334)), (np.int64(1), np.float64(0.4156267051899213)), (np.int64(19), np.float64(0.40573470564400016))]",29,0.437275415325334,0.5,1.0,0.3333333333333333,1,15,1.0,29.0,,0.0,,,,1.0,52.0,0.0,,1.0,57.0,,,,,,1,77,,,0.0,,0.0,,0.0,,0.0,,,,0.0,,,,,0.0,,,,,,,,,,,,,,,0.0,,,,,,,,,,,,,,,,,,,,,,,,,,,,,0.0,,0.0,,0.0,,,,,,,,,,,,,,,,,,,0.0,,0.0,,0.0,,,0.0,,,,,,,,,,,0.0,,,,,,,,,,,,,,,,,,,,,,,,,,,,,,,,,,,,,,,,,,,,,,,,,,,,,,,,,,,,,,,,,,,,,,,,,,,,,,,,,,,,,,,,,,,,,,,,,,,,,,,,,,,,,,,,,,,,,,,,,,,,,,,,,,,,,,,,,,,,,,,,,,,,,,,,,,,,,,,,,,,,,,,,,,,,,,,,,,,,,,,,,,,,,,,,,,,,,,,,,,,,,,,,,,,,,,,,,,,,,,,,,,,,,,,,,,-20.0,-25.0,,-48.0,-62,-77,-5.0,,-28.0,-42.0,-57.0,,-23.0,-37.0,-52.0,,,,-14.0,-29.0,-15
28416,1,7,2008-02-14 01:00:00+00:00,1217,124,0,Gesetzentwurf,Medizinische Berufe,"['Akademischer Grad', 'Ambulante Pflege-Weiterbildungsverordnung', 'Apotheker/Apothekerin', 'Arzt/Ärztin', 'Ausbildungsordnung', 'Berufsbezeichnung', 'Berufsordnung für Hebammen und Entbindungspfleger im Land Brandenburg', 'Berufsordnung', 'Berufsrecht', 'Dienstleistung', 'Entbindungspfleger/Hebamme', 'Europäische Union', 'Gerontopsychiatrische Fachkraft-Weiterbildungsverordnung', 'Gesetz über die Weiterbildung in den Fachberufen des Gesundheitswesens', 'Gesundheits- und Krankenpflegehelfer/Gesundheits- und Krankenpflegehelferin', 'Gesundheitsberufeanerkennungsgesetz', 'Gesundheitshilfe', 'Gesundheitswesen', 'Gesetz über die Ausübung des Berufes der Hebamme und des Entbindungspflegers im Land Brandenburg', 'Heilberufsgesetz', 'Intensivpflege- und Anästhesie-Weiterbildungsverordnung', 'Krankenpflegehilfegesetz', 'Krankenpfleger/Krankenschwester', 'Nichtärztlicher Heilberuf', 'Onkologische Pflege-Weiterbildungsverordnung', 'Operationsdienst-Weiterbildungsverordnung', 'Prüfungsordnung', 'Richtlinie der EU', 'Verordnung', 'Weiterbildung', 'Zahnarzt/Zahnärztin']",[ 0.00202982  0.01707435  0.01695495 ...  0.00805957 -0.00453724   0.00841778],"[(np.int64(36), np.float64(0.4466233935426969)), (np.int64(29), np.float64(0.3771945182954216)), (np.int64(3), np.float64(0.3103662751047664))]",36,0.4466233935426969,1.0,1.0,1.0,1,13,2.0,27.0,62.0,0.0,,,,1.0,68.0,0.0,,1.0,104.0,,,,,,1,124,,,0.0,,0.0,,0.0,,0.0,,,,0.0,,,,,0.0,,,,,,,,,,,,,,,0.0,,,,,,,,,,,,,,,,,,,,,,,,,,,,,0.0,,0.0,,0.0,,,,,,,,,,,,,,,,,,,0.0,,0.0,,0.0,,,0.0,,,,,,,,,,,0.0,,,,,,,,,,,,,,,,,,,,,,,,,,,,,,,,,,,,,,,,,,,,,,,,,,,,,,,,,,,,,,,,,,,,,,,,,,,,,,,,,,,,,,,,,,,,,,,,,,,,,,,,,,,,,,,,,,,,,,,,,,,,,,,,,,,,,,,,,,,,,,,,,,,,,,,,,,,,,,,,,,,,,,,,,,,,,,,,,,,,,,,,,,,,,,,,,,,,,,,,,,,,,,,,,,,,,,,,,,,,,,,,,,,,,,,,,,-20.0,-56.0,,-97.0,-111,-124,-36.0,,-77.0,-91.0,-104.0,,-41.0,-55.0,-68.0,,,,-14.0,-27.0,-13
28563,1,7,2008-03-03 01:00:00+00:00,1235,217,0,Gesetzentwurf,"['Rundfunk Fernsehen', 'Informationsgesellschaft Medien']","['Digitaler Hörfunk', 'Gremienvorsitzendenkonferenz', 'Jugendmedienschutz-Staatsvertrag', 'Kommission für Jugendmedienschutz der Landesmedienanstalten', 'Kommission für Zulassung und Aufsicht', 'Kommission zur Ermittlung von Konzentrationen im Medienbereich', 'Landesmedienanstalt', 'Medienaufsicht', 'Rundfunkstaatsvertrag', 'Rundfunkrecht', 'Staatsvertrag']",[ 0.01215125 -0.00774344 -0.0219199  ... -0.00184651  0.01250864   0.0207286 ],"[(np.int64(2), np.float64(0.35892489073372236)), (np.int64(29), np.float64(0.33148426483980387)), (np.int64(12), np.float64(0.3226751328513032))]",2,0.35892489073372236,1.0,1.0,1.0,1,37,1.0,52.0,,0.0,,,,1.0,53.0,0.0,,1.0,86.0,,,,,,1,106,,,0.0,,0.0,,0.0,,1.0,217.0,,,0.0,,,,,0.0,,,,,,,,,,,,,,,0.0,,,,,,,,,,,,,,,,,,,,,,,,,,,,,0.0,,0.0,,0.0,,,,,,,,,,,,,,,,,,,0.0,,0.0,,0.0,,,0.0,,,,,,,,,,,0.0,,,,,,,,,,,,,,,,,,,,,,,,,,,,,,,,,,,,,,,,,,,,,,,,,,,,,,,,,,,,,,,,,,,,,,,,,,,,,,,,,,,,,,,,,,,,,,,,,,,,,,,,,,,,,,,,,,,,,,,,,,,,,,,,,,,,,,,,,,,,,,,,,,,,,,,,,,,,,,,,,,,,,,,,,,,,,,,,,,,,,,,,,,,,,,,,,,,,,,,,,,,-111.0,-131.0,-164.0,,-165.0,-180.0,-217.0,,,,,,,,,,,,,,,,,,,,,,,,,-20.0,-53.0,,-54.0,-69,-106,-33.0,,-34.0,-49.0,-86.0,,-1.0,-16.0,-53.0,,,,-15.0,-52.0,-37
28557,1,15,2008-03-03 01:00:00+00:00,1235,136,0,Gesetzentwurf,Rettungswesen,"['Arzt/Ärztin', 'Deutsche Lebens-Rettungs-Gesellschaft', 'Gebühren', 'Krankenhaus', 'Krankentransport', 'Ländlicher Raum', 'Luftrettung', 'Notarzt/Notärztin', 'Notfallpatient', 'Notfallrettung', 'Notfallversorgung', 'Personenbezogene Daten', 'Rettungsdienst', 'Rettungsfahrzeug', 'Rettungsleitstelle', 'Rettungswache', 'Vergütung', 'Wasserrettung']",[0.0217078  0.01037681 0.02385473 ... 0.02027652 0.0090648  0.01956088],"[(np.int64(29), np.float64(0.4916914091815545)), (np.int64(21), np.float64(0.4413893980123452)), (np.int64(5), np.float64(0.427930172682623))]",29,0.4916914091815545,0.5,1.0,0.3333333333333333,1,38,5.0,44.0,65.0,1.0,65.0,65.0,93.0,1.0,120.0,4.0,127.0,1.0,128.0,127.0,127.0,127.0,,,1,136,114.0,,0.0,,0.0,,0.0,,0.0,,,,0.0,,,,,0.0,,,,,,,,,,,,,,,0.0,,,,,,,,,,,,,,,,,,,,,,,,,,,,,0.0,,0.0,,0.0,,,,,,,,,,,,,,,,,,,0.0,,0.0,,0.0,,,0.0,,,,,,,,,,,0.0,,,,,,,,,,,,,,,,,,,,,,,,,,,,,,,,,,,,,,,,,,,,,,,,,,,,,,,,,,,,,,,,,,,,,,,,,,,,,,,,,,,,,,,,,,,,,,,,,,,,,,,,,,,,,,,,,,,,,,,,,,,,,,,,,,,,,,,,,,,,,,,,,,,,,,,,,,,,,,,,,,,,,,,,,,,,,,,,,,,,,,,,,,,,,,,,,,,,,,,,,,,,,,,,,,,,,,,,,,,,,,,,,,,9.0,1.0,-7.0,-62.0,-83.0,-89.0,-127.0,-8.0,-16.0,-71.0,-92.0,-98,-136,-8.0,-63.0,-84.0,-90.0,-128.0,-55.0,-76.0,-82.0,-120.0,-21.0,-27.0,-65.0,-6.0,-44.0,-38
28658,1,8,2008-03-17 01:00:00+00:00,1249,192,0,Gesetzentwurf,Wasserbau,"['Elbe', 'Havel', 'Hochwasser', 'Polder', 'Schiedsstelle', 'Staatsvertrag über die Flutung der Havelpolder und die Einrichtung einer gemeinsamen Schiedsstelle', 'Staatsvertrag']",[-0.00119332 -0.02040575 -0.00510144 ...  0.01288784 -0.01342484   0.02243439],"[(np.int64(7), np.float64(0.47243581126107165)), (np.int64(29), np.float64(0.42269724843764317)), (np.int64(19), np.float64(0.39809527331372907))]",7,0.47243581126107165,0.5,1.0,0.3333333333333333,1,23,2.0,65.0,108.0,0.0,,,,1.0,108.0,0.0,,1.0,114.0,,,,,,1,122,,,0.0,,0.0,,0.0,,1.0,192.0,,,0.0,,,,,0.0,,,,,,,,,,,,,,,0.0,,,,,,,,,,,,,,,,,,,,,,,,,,,,,0.0,,0.0,,0.0,,,,,,,,,,,,,,,,,,,0.0,,0.0,,0.0,,,0.0,,,,,,,,,,,0.0,,,,,,,,,,,,,,,,,,,,,,,,,,,,,,,,,,,,,,,,,,,,,,,,,,,,,,,,,,,,,,,,,,,,,,,,,,,,,,,,,,,,,,,,,,,,,,,,,,,,,,,,,,,,,,,,,,,,,,,,,,,,,,,,,,,,,,,,,,,,,,,,,,,,,,,,,,,,,,,,,,,,,,,,,,,,,,,,,,,,,,,,,,,,,,,,,,,,,,,,,,,-70.0,-78.0,-84.0,,-127.0,-169.0,-192.0,,,,,,,,,,,,,,,,,,,,,,,,,-8.0,-14.0,,-57.0,-99,-122,-6.0,,-49.0,-91.0,-114.0,,-43.0,-85.0,-108.0,,,,-42.0,-65.0,-23
28966,1,14,2008-05-15 02:00:00+00:00,1309,61,0,Gesetzentwurf,Öffentlicher Haushalt,"['Einzelplan 05 - Ministerium für Bildung, Jugend und Sport', 'Einzelplan 06 - Ministerium für Wissenschaft, Forschung und Kultur', 'Einzelplan 08 - Ministerium für Wirtschaft', 'Einzelplan 11 - Ministerium für Infrastruktur und Raumordnung', 'Einzelplan 20 - Allgemeine Finanzverwaltung', 'Haushaltsgesetz', 'Haushaltsplan', 'Landeshaushalt', 'Mobilitätsticket', 'Monatsticket', 'Nachtragshaushalt', 'Öffentliche Ausgaben', 'Öffentliche Einnahmen', 'Öffentlicher Haushalt', 'Schülerbeförderung', 'Schulsozialfonds', 'Sozialleistung']",[ 0.02464384  0.00117913 -0.00465757 ...  0.00347844 -0.00238774   0.00837183],"[(np.int64(5), np.float64(0.48821105509097934)), (np.int64(13), np.float64(0.3608567449029277)), (np.int64(12), np.float64(0.3560958817034554))]",5,0.48821105509097934,1.0,1.0,0.3333333333333333,1,13,2.0,21.0,55.0,0.0,,,,2.0,47.0,5.0,48.0,1.0,55.0,48.0,48.0,48.0,48.0,,1,61,,,0.0,,0.0,,0.0,,0.0,,55.0,,1.0,56.0,,,,0.0,,,,,,,,,,,,,,,0.0,,,,,,,,,,,,,,,,,,,,,,,,,,,,,0.0,,0.0,,0.0,,,,,,,,,,,,,,,,,,,0.0,,0.0,,0.0,,,0.0,,,,,,,,,,,0.0,,,,,,,,,,,,,,,,,,,,,,,,,,,,,,,,,,,,,,,,,,,,,,,,,,,,,,,,,,,,,,,,,,,,,,,,,,,,,,,,,,,,,,,,,,,,,,,,,,,,,,,,,,,,,,,,,,,,,,,,,,,,,,,,,,,,,,,,,,,,,,,,,,,,,,,,,,,,,,,,,,,,,,,,,,,,,,,,,,,,,-8.0,5.0,-1.0,-9.0,,-35.0,-43.0,-56.0,,,,,,,,,,,,,,,,,,,,,,,,,,,,,,,,,,,,,,,13.0,7.0,-1.0,,-27.0,-35.0,-48.0,-6.0,-14.0,,-40.0,-48,-61,-8.0,,-34.0,-42.0,-55.0,,-26.0,-34.0,-47.0,,,,-8.0,-21.0,-13
29143,1,8,2008-06-06 02:00:00+00:00,1331,404,0,Gesetzentwurf,Ordnungsrecht,"['Datenspeicherung', 'Elektronischer Geschäftsverkehr', 'Elektronisches Meldedatenauskunftsregister', 'Gebühren', 'Grundrecht', 'Landesbetrieb für Datenverarbeitung und IT-Serviceaufgaben', 'Meldebehörde', 'Melderecht', 'Melderegister', 'Meldewesen', 'Öffentliche Sicherheit und Ordnung', 'Online Melderegisterauskunft', 'Personenbezogene Daten']",[ 0.00595784  0.00530897 -0.00914322 ...  0.00625278  0.00430616   0.00654773],"[(np.int64(29), np.float64(0.4532807506382045)), (np.int64(24), np.float64(0.43756619270357544)), (np.int64(19), np.float64(0.4349418967360454))]",29,0.4532807506382045,0.5,1.0,0.3333333333333333,1,33,3.0,118.0,377.0,0.0,,389.0,,1.0,389.0,0.0,,1.0,391.0,,,,,,1,404,,,0.0,,0.0,,0.0,,0.0,,,,0.0,,,,,0.0,,,,,,,,,,,,,,,0.0,,,,,,,,,,,,,,,,,,,,,,,,,,,,,0.0,,0.0,,0.0,,,,,,,,,,,,,,,,,,,0.0,,0.0,,0.0,,,0.0,,,,,,,,,,,0.0,,,,,,,,,,,,,,,,,,,,,,,,,,,,,,,,,,,,,,,,,,,,,,,,,,,,,,,,,,,,,,,,,,,,,,,,,,,,,,,,,,,,,,,,,,,,,,,,,,,,,,,,,,,,,,,,,,,,,,,,,,,,,,,,,,,,,,,,,,,,,,,,,,,,,,,,,,,,,,,,,,,,,,,,,,,,,,,,,,,,,,,,,,,,,,,,,,,,,,,,,,,,,,,,,,,,,,,,,,,,,,,,,,,,,,,,,,-13.0,-15.0,,-286.0,-371,-404,-2.0,,-273.0,-358.0,-391.0,,-271.0,-356.0,-389.0,,,,-85.0,-118.0,-33
29213,1,8,2008-06-23 02:00:00+00:00,1348,105,0,Gesetzentwurf,Öffentliches Recht,"['Alkohol', 'Alkoholfreies Getränk', 'Alkoholisches Getränk', 'Anzeige (Bekanntmachung)', 'Gaststätte', 'Gaststätten- und Beherbergungsgewerbe', 'Gaststättenverordnung', 'Gesellschaft', 'Gewerbe', 'Gewerbezulassung', 'Lärmschutz', 'Verein']",[-0.01154895  0.01148973  0.02345326 ...  0.0076993  -0.00568564   0.02759904],"[(np.int64(29), np.float64(0.4805944919963098)), (np.int64(19), np.float64(0.4411741382743386)), (np.int64(4), np.float64(0.43246978766008015))]",29,0.4805944919963098,0.5,1.0,0.3333333333333333,1,16,1.0,79.0,,0.0,,,,2.0,80.0,1.0,85.0,1.0,86.0,,,,,,1,105,,,0.0,,0.0,,0.0,,0.0,,81.0,,0.0,,,,,0.0,,,,,,,,,,,,,,,0.0,,,,,,,,,,,,,,,,,,,,,,,,,,,,,0.0,,0.0,,0.0,,,,,,,,,,,,,,,,,,,0.0,,0.0,,0.0,,,0.0,,,,,,,,,,,0.0,,,,,,,,,,,,,,,,,,,,,,,,,,,,,,,,,,,,,,,,,,,,,,,,,,,,,,,,,,,,,,,,,,,,,,,,,,,,,,,,,,,,,,,,,,,,,,,,,,,,,,,,,,,,,,,,,,,,,,,,,,,,,,,,,,,,,,,,,,,,,,,,,,,,,,,,,,,,,,,,,,,,,,,,,,,,,,,,,,,,,,,,,,,,,,,,,,,,,,,,,,,,,,,,,,,,,,,,,,,,,,,,,,,20.0,1.0,-5.0,,-6.0,-69.0,-85.0,-19.0,-25.0,,-26.0,-89,-105,-6.0,,-7.0,-70.0,-86.0,,-1.0,-64.0,-80.0,,,,-63.0,-79.0,-16
29220,1,12,2008-06-25 02:00:00+00:00,1350,103,0,Gesetzentwurf,"['Kommunale Angelegenheiten', 'Abgaben']","['Abwasserbeseitigung', 'Altanschließer', 'Anliegerbeitrag', 'Anschluss- und Benutzungszwang', 'Beitrag', 'Erschließungsbeitrag', 'Kommunalabgaben', 'Kommunale Satzung', 'Kommunalrecht', 'Steuer', 'Wasserversorgung']",[ 0.01422049  0.00269237  0.01273299 ...  0.02189598 -0.00035514   0.02487098],"[(np.int64(29), np.float64(0.4510700451430043)), (np.int64(21), np.float64(0.4252210940750416)), (np.int64(23), np.float64(0.4135462177189302))]",29,0.4510700451430043,0.5,1.0,0.3333333333333333,1,14,2.0,8.0,78.0,0.0,,,,1.0,82.0,2.0,12.0,1.0,84.0,85.0,,,,,1,103,,,1.0,83.0,1.0,85.0,0.0,,0.0,,,,1.0,85.0,,,,0.0,,,,,,,,,,,,,,,0.0,,,,,,,,,,,,,,,,,,,,,,,,,,,,,0.0,,0.0,,0.0,,,,,,,,,,,,,,,,,,,0.0,,0.0,,0.0,,,0.0,,,,,,,,,,,0.0,,,,,,,,,,,,,,,,,,,,,,,,,,,,,,,,,,,,,,,,,,,,,,,,,,,,,,,,,,,,,,,,,,,,,,,,,,,,,,,,,,,,,,,,,,,,,,,,,,,,,,,,,,,,,,,,,,,,,,,,,,,,,,,,,,,,,,,,,,,,,,,,,,,,,,,0.0,,,,-2.0,-73.0,18.0,-1.0,-3.0,,-77.0,-71.0,-85.0,,,,,,,,,,,,,,,,,-2.0,-73.0,18.0,-1.0,-3.0,,-77.0,-71.0,-85.0,,,,,,,,,,,,,,,,,,,,,,,,,,,,,,,-71.0,20.0,1.0,-1.0,,-75.0,-69.0,-83.0,91.0,72.0,70.0,,-4.0,2.0,-12.0,-19.0,-21.0,,-95.0,-89,-103,-2.0,,-76.0,-70.0,-84.0,,-74.0,-68.0,-82.0,,,,6.0,-8.0,-14
29217,1,20,2008-06-25 02:00:00+00:00,1350,176,0,Gesetzentwurf,Hochschulwesen,"['Akademischer Grad', 'Akademischer Mitarbeiter/Akademische Mitarbeiterin', 'Bachelor', 'Berufsakademie', 'Brandenburgische Technische Universität Cottbus', 'Dekan/Dekanin', 'Exmatrikulation', 'Fachbereich', 'Fachhochschule Brandenburg', 'Fachhochschule Eberswalde', 'Fachhochschule Potsdam', 'Fachhochschule', 'Fakultät', 'Frauenförderung', 'Gesetz über die Errichtung der ""Stiftung Europa-Universität Viadrina Frankfurt (Oder)""', 'Gleichstellung', 'Habilitation', 'Hochschulautonomie', 'Hochschulbibliothek', 'Hochschule für Film und Fernsehen ""Konrad Wolf""', 'Hochschule Lausitz (FH)', 'Hochschule', 'Hochschulforschung', 'Hochschullehre', 'Hochschullehrer/Hochschullehrerin', 'Hochschulpersonal', 'Hochschulpersonalzuständigkeitsverordnung', 'Hochschulprüfung', 'Hochschulprüfungsverordnung', 'Hochschulrecht', 'Immatrikulation', 'Juniorprofessor/Juniorprofessorin', 'Justizkostengesetz', 'Kapazitätsverordnung', 'Künstlerischer Mitarbeiter/Künstlerische Mitarbeiterin', 'Landeshochschulrat', 'Lehrveranstaltung an Hochschulen', 'Lehrverpflichtungsverordnung', 'Master (Hochschule)', 'Mentor', 'Polizei', 'Polizeifachhochschulgesetz', 'Polizeischule', 'Präsident/Präsidentin', 'Professor/Professorin', 'Promotion', 'Prüfung', 'Qualitätssicherung', 'Stiftung Europa-Universität Viadrina Frankfurt (Oder)', 'Stiftung', 'Studentenschaft', 'Studentenwerk', 'Studium', 'Technische Fachhochschule Wildau', 'Universität Potsdam', 'Universität', 'Verordnung über die Anzahl der Prodekane am Fachbereich ""Informatik, Elektronik, Maschinenbau"" der Fachhochschule Lausitz', 'Verordnung über die Leitung wissenschaftlicher Einrichtungen und über die Wahl der Dekane und Prodekane an der Universität Potsdam', 'Verordnung über die Wahl der Dekane und der Prodekane an der Fachhochschule Eberswalde', 'Verordnung über die Wahl der Dekane und der Prodekane an der Fachhochschule Potsdam', 'Verordnung über die Wahl der Dekane und der Prodekane an der Hochschule für Film und Fernsehen ""Konrad Wolf"" Potsdam-Babelsberg', 'Verordnung über die Wahl der Dekane und Prodekane an der Fachhochschule Lausitz', 'Verordnung über die Wahl hauptamtlicher Vizepräsidentinnen und Vizepräsidenten an der Universität Potsdam', 'Verordnung', 'Vizepräsident/Vizepräsidentin', 'Wissenschaftliche Einrichtung', 'Wissenschaftliche Hilfskraft', 'Wissenschaftlicher Mitarbeiter/Wissenschaftliche Mitarbeiterin', 'Zulassung zum Studium']",[ 0.0198625   0.00865956 -0.01350408 ...  0.01156627 -0.01229295   0.00738788],"[(np.int64(29), np.float64(0.4871529778608589)), (np.int64(28), np.float64(0.46724912157934734)), (np.int64(19), np.float64(0.4420637689355673))]",29,0.4871529778608589,0.5,1.0,0.3333333333333333,1,14,6.0,7.0,63.0,1.0,63.0,63.0,105.0,2.0,140.0,6.0,145.0,1.0,146.0,146.0,146.0,146.0,146.0,146.0,1,176,139.0,167.0,0.0,,0.0,,0.0,,0.0,,168.0,,1.0,174.0,,,,0.0,,,,,,,,,,,,,,,0.0,,,,,,,,,,,,,,,,,,,,,,,,,,,,,0.0,,0.0,,0.0,,,,,,,,,,,,,,,,,,,0.0,,0.0,,0.0,,,0.0,,,,,,,,,,,0.0,,,,,,,,,,,,,,,,,,,,,,,,,,,,,,,,,,,,,,,,,,,,,,,,,,,,,,,,,,,,,,,,,,,,,,,,,,,,,,,,,,,,,,,,,,,,,,,,,,,,,,,,,,,,,,,,,,,,,,,,,,,,,,,,,,,,,,,,,,,,,,,,,,,,,,,,,,,,,,,,,,,,,,,,,,,,,,,,,,,,,-29.0,2.0,-28.0,-34.0,-111.0,-167.0,-160.0,-174.0,,,,,,,,,,,,,,,,,,,,,,,,,,,,,,,,,,,,,,,31.0,1.0,-5.0,-82.0,-138.0,-131.0,-145.0,-30.0,-36.0,-113.0,-169.0,-162,-176,-6.0,-83.0,-139.0,-132.0,-146.0,-77.0,-133.0,-126.0,-140.0,-56.0,-49.0,-63.0,7.0,-7.0,-14
29219,1,6,2008-06-25 02:00:00+00:00,1350,92,0,Gesetzentwurf,"['Kommunale Angelegenheiten', 'Abgaben']","['Abfall', 'Abfallgesetz', 'Akteneinsicht', 'Akteneinsichts- und Informationszugangsgesetz', 'Anhörungsverordnung', 'Ausländer- und Asyl-Zuständigkeitsverordnung', 'Baugesetzbuchzuständigkeitsverordnung', 'Beihilfe für Bedienstete', 'Belegungsbindungsgesetz', 'Bienenzucht', 'Bienenzuchtgesetz', 'Brand- und Katastrophenschutzgesetz', 'Brandschutz', 'Bundeselterngeld- und Elternzeitgesetz', 'Disziplinarrecht', 'Ernährungswirtschaftsmeldeverordnung', 'Erstes Gesetz zur Ausführung des Achten Buches Sozialgesetzbuch - Kinder- und Jugendhilfe', 'Feuerbestattung', 'Feuerbestattungsanlagenverordnung', 'Fischetikettierungszuständigkeitsverordnung', 'Flora-Fauna-Habitat-Richtlinie', 'Funktionalreform', 'Funktionalreformgrundsätzegesetz', 'Gemeindeordnung', 'Gesetz über den Kommunalen Versorgungsverband Brandenburg', 'Gesetz über die Bildung von Gewässerunterhaltungsverbänden', 'Gesetz über kommunale Gemeinschaftsarbeit im Land Brandenburg', 'Gesetz zur Ausführung des Gräbergesetzes im Land Brandenburg', 'Gesetz zur Ausführung des Zweiten Buches Sozialgesetzbuch im Land Brandenburg', 'Gewässerunterhaltung', 'Gewässerunterhaltungsverband', 'Gutachterausschussverordnung', 'Handwerksordnung', 'Katastrophenschutz', 'Kindergeld', 'Kommunalabgaben', 'Kommunalabgabengesetz', 'Kommunale Gemeinschaftsarbeit', 'Kommunaler Versorgungsverband', 'Kommunalrechtsreformgesetz', 'Kommunalverfassung', 'Kommunalwahl', 'Kommunalwahlgesetz', 'Krankenhaus', 'Krankenhausgesetz', 'Kreisordnung', 'Landesdisziplinargesetz', 'Landesgleichstellungsgesetz', 'Landesorganisationsgesetz', 'Landespflegegesetz', 'Meldegesetz', 'Meldewesen', 'Milchabgabenverordnung', 'Ministerium des Innern', 'Namensrecht', 'Naturschutz', 'Naturschutzgesetz', 'Obstbaumrodung', 'Ordnungsbehörde', 'Ordnungsbehördengesetz', 'Personenbezogene Daten', 'Pflegeinvestitionsverordnung', 'Rechtsaufsicht', 'Schiedsstelle', 'Schiedsstellengesetz', 'Schule', 'Schulgesetz', 'Schulrecht', 'Sorben', 'Sorben(Wenden)-Gesetz', 'Sozialgesetzbuch', 'Sparkasse', 'Sparkassengesetz', 'Stiftung', 'Stiftungsgesetz', 'Straße', 'Straßen- und Wegerecht', 'Straßengesetz', 'Umlegungsausschussverordnung', 'Vermögensgesetzdurchführungsverordnung', 'Verordnung über die Ausbildung und Prüfung für Laufbahnen des gehobenen nichttechnischen Verwaltungsdienstes im Land Brandenburg', 'Verordnung über die zuständigen Behörden nach der Ernährungswirtschaftsmeldeverordnung', 'Verordnung über die Zuständigkeit in Namensänderungsangelegenheiten', 'Verordnung über die Zuständigkeiten der Landkreise und kreisfreien Städte im Bereich der Obstbaumrodung', 'Verordnung über die Zuständigkeiten nach der Handwerksordnung', 'Verordnung über die Zuständigkeiten zur Durchführung der Verordnung (EWG) Nr. 2078/92 des Rates für umweltgerechte und den natürlichen Lebensraum schützende landwirtschaftliche Produktionsverfahren', 'Verordnung über die Zuständigkeiten zur Durchführung des Bundeselterngeld- und Elternzeitgesetzes', 'Verordnung über Zuständigkeiten nach der Milchabgabenverordnung', 'Verordnung zur Regelung der Zuständigkeiten der Landkreise und kreisfreien Städte zur Durchführung von Landesprogrammen zur Förderung von landwirtschaftlichen Maßnahmen', 'Verordnung zur vorläufigen Regelung der zuständigen Behörden für den Vollzug des Artikels 6 Abs. 3 und 4 der FFH-Richtlinie', 'Verordnung', 'Versicherungsaufsicht', 'Versorgung der Beamten', 'Versorgungsrücklage', 'Versorgungsrücklagengesetz', 'Verwaltungsvollstreckung', 'Verwaltungsvollstreckungsgesetz für das Land Brandenburg', 'Zusatzversorgungskasse']",[ 0.00245212  0.00644816 -0.01114048 ...  0.02700356  0.00222507   0.01319905],"[(np.int64(21), np.float64(0.5527988150163)), (np.int64(29), np.float64(0.4747892239796089)), (np.int64(19), np.float64(0.42592044710190635))]",21,0.5527988150163,0.5,1.0,0.3333333333333333,1,14,1.0,83.0,,0.0,,,,1.0,83.0,0.0,,1.0,85.0,,,,,,1,92,,,0.0,,0.0,,0.0,,0.0,,,,0.0,,,,,0.0,,,,,,,,,,,,,,,0.0,,,,,,,,,,,,,,,,,,,,,,,,,,,,,0.0,,0.0,,0.0,,,,,,,,,,,,,,,,,,,0.0,,0.0,,0.0,,,0.0,,,,,,,,,,,0.0,,,,,,,,,,,,,,,,,,,,,,,,,,,,,,,,,,,,,,,,,,,,,,,,,,,,,,,,,,,,,,,,,,,,,,,,,,,,,,,,,,,,,,,,,,,,,,,,,,,,,,,,,,,,,,,,,,,,,,,,,,,,,,,,,,,,,,,,,,,,,,,,,,,,,,,,,,,,,,,,,,,,,,,,,,,,,,,,,,,,,,,,,,,,,,,,,,,,,,,,,,,,,,,,,,,,,,,,,,,,,,,,,,,,,,,,,,-7.0,-9.0,,-9.0,-78,-92,-2.0,,-2.0,-71.0,-85.0,,0.0,-69.0,-83.0,,,,-69.0,-83.0,-14
29444,1,7,2008-07-30 02:00:00+00:00,1385,130,0,Gesetzentwurf,Hochschulwesen,"['Hochschule', 'Staatsvertrag über die Errichtung einer gemeinsamen Einrichtung für Hochschulzulassung', 'Staatsvertrag', 'Stiftung für Hochschulzulassung', 'Stiftung', 'Studiengang', 'Studienplatz', 'Vergabeverfahren', 'Zentralstelle der Länder zur Vergabe von Studienplätzen', 'Zulassungsbeschränkung an Hochschulen']",[ 0.02506359  0.00917399 -0.00587615 ...  0.00308798 -0.00343275   0.01558979],"[(np.int64(28), np.float64(0.4244657198142595)), (np.int64(12), np.float64(0.42018923439771155)), (np.int64(29), np.float64(0.4076041315783916))]",28,0.4244657198142595,0.5,1.0,0.3333333333333333,1,49,2.0,70.0,104.0,0.0,,,,1.0,109.0,0.0,,1.0,111.0,,,,,,1,130,,,0.0,,0.0,,0.0,,0.0,,,,0.0,,,,,0.0,,,,,,,,,,,,,,,0.0,,,,,,,,,,,,,,,,,,,,,,,,,,,,,0.0,,0.0,,0.0,,,,,,,,,,,,,,,,,,,0.0,,0.0,,0.0,,,0.0,,,,,,,,,,,0.0,,,,,,,,,,,,,,,,,,,,,,,,,,,,,,,,,,,,,,,,,,,,,,,,,,,,,,,,,,,,,,,,,,,,,,,,,,,,,,,,,,,,,,,,,,,,,,,,,,,,,,,,,,,,,,,,,,,,,,,,,,,,,,,,,,,,,,,,,,,,,,,,,,,,,,,,,,,,,,,,,,,,,,,,,,,,,,,,,,,,,,,,,,,,,,,,,,,,,,,,,,,,,,,,,,,,,,,,,,,,,,,,,,,,,,,,,,-19.0,-21.0,,-60.0,-81,-130,-2.0,,-41.0,-62.0,-111.0,,-39.0,-60.0,-109.0,,,,-21.0,-70.0,-49
29488,1,8,2008-08-18 02:00:00+00:00,1404,171,0,Gesetzentwurf,"['Rundfunk Fernsehen', 'Informationsgesellschaft Medien']","['Jugendmedienschutz-Staatsvertrag', 'Rundfunk', 'Rundfunkstaatsvertrag', 'Rundfunkanstalt', 'Rundfunkfinanzierungsstaatsvertrag', 'Rundfunkgebühren', 'Rundfunkrecht', 'Staatsvertrag']",[ 0.01666743  0.01282565 -0.00490566 ...  0.00082377  0.01388953   0.0190316 ],"[(np.int64(29), np.float64(0.3877383994679835)), (np.int64(12), np.float64(0.37181480787289767)), (np.int64(35), np.float64(0.3645551586915648))]",29,0.3877383994679835,0.5,1.0,0.3333333333333333,1,30,2.0,51.0,85.0,0.0,,,,1.0,90.0,0.0,,1.0,92.0,,,,,,1,111,,,0.0,,0.0,,0.0,,1.0,171.0,,,0.0,,,,,0.0,,,,,,,,,,,,,,,0.0,,,,,,,,,,,,,,,,,,,,,,,,,,,,,0.0,,0.0,,0.0,,,,,,,,,,,,,,,,,,,0.0,,0.0,,0.0,,,0.0,,,,,,,,,,,0.0,,,,,,,,,,,,,,,,,,,,,,,,,,,,,,,,,,,,,,,,,,,,,,,,,,,,,,,,,,,,,,,,,,,,,,,,,,,,,,,,,,,,,,,,,,,,,,,,,,,,,,,,,,,,,,,,,,,,,,,,,,,,,,,,,,,,,,,,,,,,,,,,,,,,,,,,,,,,,,,,,,,,,,,,,,,,,,,,,,,,,,,,,,,,,,,,,,,,,,,,,,,-60.0,-79.0,-81.0,,-120.0,-141.0,-171.0,,,,,,,,,,,,,,,,,,,,,,,,,-19.0,-21.0,,-60.0,-81,-111,-2.0,,-41.0,-62.0,-92.0,,-39.0,-60.0,-90.0,,,,-21.0,-51.0,-30
29487,1,6,2008-08-18 02:00:00+00:00,1404,78,0,Gesetzentwurf,Juristische Berufe,"['Examen', 'Juristenausbildung', 'Prüfung', 'Rechtsstudium', 'Referendar/Referendarin', 'Staatsprüfung', 'Zweite Staatsprüfung']",[ 0.00908984  0.01913025  0.01877378 ...  0.01544678 -0.00412904   0.01746675],"[(np.int64(29), np.float64(0.48938619652888515)), (np.int64(19), np.float64(0.4322052858132244)), (np.int64(9), np.float64(0.4204944671370502))]",29,0.48938619652888515,0.5,1.0,0.3333333333333333,1,30,1.0,52.0,,0.0,,,,1.0,52.0,0.0,,1.0,58.0,,,,,,1,78,,,0.0,,0.0,,0.0,,0.0,,,,0.0,,,,,0.0,,,,,,,,,,,,,,,0.0,,,,,,,,,,,,,,,,,,,,,,,,,,,,,0.0,,0.0,,0.0,,,,,,,,,,,,,,,,,,,0.0,,0.0,,0.0,,,0.0,,,,,,,,,,,0.0,,,,,,,,,,,,,,,,,,,,,,,,,,,,,,,,,,,,,,,,,,,,,,,,,,,,,,,,,,,,,,,,,,,,,,,,,,,,,,,,,,,,,,,,,,,,,,,,,,,,,,,,,,,,,,,,,,,,,,,,,,,,,,,,,,,,,,,,,,,,,,,,,,,,,,,,,,,,,,,,,,,,,,,,,,,,,,,,,,,,,,,,,,,,,,,,,,,,,,,,,,,,,,,,,,,,,,,,,,,,,,,,,,,,,,,,,,-20.0,-26.0,,-26.0,-48,-78,-6.0,,-6.0,-28.0,-58.0,,0.0,-22.0,-52.0,,,,-22.0,-52.0,-30
29494,1,6,2008-08-26 02:00:00+00:00,1412,70,0,Gesetzentwurf,Justiz,"['Akten', 'Archivalien', 'Frist', 'Gericht', 'Justiz', 'Justizkommunikationsgesetz', 'Justizverwaltung', 'Ordentliche Gerichtsbarkeit', 'Personenbezogene Daten', 'Rechtsverordnung', 'Schriftgut', 'Staatsanwaltschaft']",[0.00558562 0.00824401 0.00588431 ... 0.02353724 0.0010529  0.03106438],"[(np.int64(29), np.float64(0.45903207598105605)), (np.int64(19), np.float64(0.4380331025613222)), (np.int64(9), np.float64(0.3931915322702498))]",29,0.45903207598105605,0.5,1.0,0.3333333333333333,1,22,1.0,44.0,,0.0,,,,1.0,44.0,0.0,,1.0,50.0,,,,,,1,70,,,0.0,,0.0,,0.0,,0.0,,,,0.0,,,,,0.0,,,,,,,,,,,,,,,0.0,,,,,,,,,,,,,,,,,,,,,,,,,,,,,0.0,,0.0,,0.0,,,,,,,,,,,,,,,,,,,0.0,,0.0,,0.0,,,0.0,,,,,,,,,,,0.0,,,,,,,,,,,,,,,,,,,,,,,,,,,,,,,,,,,,,,,,,,,,,,,,,,,,,,,,,,,,,,,,,,,,,,,,,,,,,,,,,,,,,,,,,,,,,,,,,,,,,,,,,,,,,,,,,,,,,,,,,,,,,,,,,,,,,,,,,,,,,,,,,,,,,,,,,,,,,,,,,,,,,,,,,,,,,,,,,,,,,,,,,,,,,,,,,,,,,,,,,,,,,,,,,,,,,,,,,,,,,,,,,,,,,,,,,,-20.0,-26.0,,-26.0,-48,-70,-6.0,,-6.0,-28.0,-50.0,,0.0,-22.0,-44.0,,,,-22.0,-44.0,-22
29513,1,12,2008-09-03 02:00:00+00:00,1420,106,0,Gesetzentwurf,Polizei,"['Gefahrenabwehr', 'IMSI-Catcher', 'Kennzeichenfahndung', 'Kraftfahrzeugkennzeichen', 'Mobilfunk', 'Mobiltelefon', 'Polizei', 'Polizeirecht', 'Straftat', 'Telekommunikation', 'Telekommunikationsüberwachung']",[-0.02375948  0.00839265 -0.01914943 ...  0.01548504 -0.00531929   0.00862907],"[(np.int64(24), np.float64(0.5440565232999693)), (np.int64(31), np.float64(0.5068988392900607)), (np.int64(19), np.float64(0.4330654702413296))]",24,0.5440565232999693,1.0,1.0,0.3333333333333333,1,14,3.0,29.0,63.0,1.0,63.0,91.0,,1.0,92.0,1.0,98.0,1.0,104.0,,,,,,1,106,,,1.0,91.0,1.0,104.0,0.0,,0.0,,,,0.0,,,,,0.0,,,,,,,,,,,,,,,0.0,,,,,,,,,,,,,,,,,,,,,,,,,,,,,0.0,,0.0,,0.0,,,,,,,,,,,,,,,,,,,0.0,,0.0,,0.0,,,0.0,,,,,,,,,,,0.0,,,,,,,,,,,,,,,,,,,,,,,,,,,,,,,,,,,,,,,,,,,,,,,,,,,,,,,,,,,,,,,,,,,,,,,,,,,,,,,,,,,,,,,,,,,,,,,,,,,,,,,,,,,,,,,,,,,,,,,,,,,,,,,,,,,,,,,,,,,,,,,,,,,,,,,,,,,-13.0,-6.0,2.0,0.0,-12.0,-41.0,-75.0,-90.0,-104.0,,,,,,,,,,,,,,,,,,,,,,,,,,,,,,,,,,,,,,,,,,,,,,,,,,,,,,,,7.0,15.0,13.0,1.0,-28.0,-62.0,-77.0,-91.0,8.0,6.0,-6.0,-35.0,-69.0,-84.0,-98.0,-2.0,-14.0,-43.0,-77.0,-92,-106,-12.0,-41.0,-75.0,-90.0,-104.0,-29.0,-63.0,-78.0,-92.0,-34.0,-49.0,-63.0,-15.0,-29.0,-14
29514,1,7,2008-09-03 02:00:00+00:00,1420,62,0,Gesetzentwurf,Ausländer/Migranten,"['Aufenthalt', 'Aufenthaltsgesetz', 'Aufenthaltsrecht', 'Ausländer', 'Einwanderung', 'Flüchtling']",[ 0.02068293  0.0218716  -0.009866   ... -0.00200589  0.00078007   0.01248108],"[(np.int64(29), np.float64(0.45374760850869783)), (np.int64(22), np.float64(0.44311960545566126)), (np.int64(12), np.float64(0.41540458859721624))]",29,0.45374760850869783,0.5,1.0,0.3333333333333333,1,14,1.0,28.0,,0.0,,,,1.0,34.0,1.0,13.0,1.0,42.0,,,,,,1,62,,,0.0,,0.0,,0.0,,0.0,,,,0.0,,,,,0.0,,,,,,,,,,,,,,,0.0,,,,,,,,,,,,,,,,,,,,,,,,,,,,,0.0,,0.0,,0.0,,,,,,,,,,,,,,,,,,,0.0,,0.0,,0.0,,,0.0,,,,,,,,,,,0.0,,,,,,,,,,,,,,,,,,,,,,,,,,,,,,,,,,,,,,,,,,,,,,,,,,,,,,,,,,,,,,,,,,,,,,,,,,,,,,,,,,,,,,,,,,,,,,,,,,,,,,,,,,,,,,,,,,,,,,,,,,,,,,,,,,,,,,,,,,,,,,,,,,,,,,,,,,,,,,,,,,,,,,,,,,,,,,,,,,,,,,,,,,,,,,,,,,,,,,,,,,,,,,,,,,,,,,,,,,,,,,,,,,,49.0,29.0,21.0,,15.0,1.0,-13.0,-20.0,-28.0,,-34.0,-48,-62,-8.0,,-14.0,-28.0,-42.0,,-6.0,-20.0,-34.0,,,,-14.0,-28.0,-14
29515,1,6,2008-09-03 02:00:00+00:00,1420,62,0,Gesetzentwurf,Öffentlicher Dienst,"['Beamtenrecht', 'Beamtenverhältnis', 'Beamter/Beamtin auf Probe', 'Beamter/Beamtin auf Zeit', 'Beamter/Beamtin', 'Führungskraft', 'Leitungsfunktion', 'Probezeit', 'Versetzung von Beamten']",[ 0.01021314 -0.00060846  0.01164656 ...  0.01284108  0.00830191   0.02986298],"[(np.int64(16), np.float64(0.5006495694730135)), (np.int64(12), np.float64(0.3853698751605751)), (np.int64(29), np.float64(0.36962449233848016))]",16,0.5006495694730135,1.0,1.0,0.3333333333333333,1,14,1.0,29.0,,0.0,,,,1.0,34.0,0.0,,1.0,43.0,,,,,,1,62,,,0.0,,0.0,,0.0,,0.0,,,,0.0,,,,,0.0,,,,,,,,,,,,,,,0.0,,,,,,,,,,,,,,,,,,,,,,,,,,,,,0.0,,0.0,,0.0,,,,,,,,,,,,,,,,,,,0.0,,0.0,,0.0,,,0.0,,,,,,,,,,,0.0,,,,,,,,,,,,,,,,,,,,,,,,,,,,,,,,,,,,,,,,,,,,,,,,,,,,,,,,,,,,,,,,,,,,,,,,,,,,,,,,,,,,,,,,,,,,,,,,,,,,,,,,,,,,,,,,,,,,,,,,,,,,,,,,,,,,,,,,,,,,,,,,,,,,,,,,,,,,,,,,,,,,,,,,,,,,,,,,,,,,,,,,,,,,,,,,,,,,,,,,,,,,,,,,,,,,,,,,,,,,,,,,,,,,,,,,,,-19.0,-28.0,,-33.0,-48,-62,-9.0,,-14.0,-29.0,-43.0,,-5.0,-20.0,-34.0,,,,-15.0,-29.0,-14
29516,1,8,2008-09-03 02:00:00+00:00,1420,95,0,Gesetzentwurf,"['Hochschulen für angewandte Wissenschaften', 'Soziales']","['Bachelor', 'Berufliche Gleichstellung', 'Erzieher/Erzieherin', 'Fachhochschule', 'Fachschule', 'Gemeinschaftsrecht der EU', 'Heilerziehungspfleger/Heilerziehungspflegerin', 'Heilpädagoge/Heilpädagogin', 'Sonderpädagoge/Sonderpädagogin', 'Sonderpädagogik', 'Sozialarbeiter/Sozialarbeiterin', 'Sozialberuf', 'Staatliche Anerkennung', 'Studiengang', 'Studium', 'Weiterbildung']",[-0.00893097  0.01667903  0.01525954 ...  0.00470207 -0.00473164   0.01100106],"[(np.int64(29), np.float64(0.4881171617249478)), (np.int64(20), np.float64(0.4760092448913427)), (np.int64(26), np.float64(0.4596216756574832))]",29,0.4881171617249478,0.5,1.0,0.3333333333333333,1,14,3.0,28.0,36.0,0.0,,68.0,,1.0,70.0,0.0,,1.0,76.0,,,,,,1,95,,,0.0,,0.0,,0.0,,0.0,,,,0.0,,,,,0.0,,,,,,,,,,,,,,,0.0,,,,,,,,,,,,,,,,,,,,,,,,,,,,,0.0,,0.0,,0.0,,,,,,,,,,,,,,,,,,,0.0,,0.0,,0.0,,,0.0,,,,,,,,,,,0.0,,,,,,,,,,,,,,,,,,,,,,,,,,,,,,,,,,,,,,,,,,,,,,,,,,,,,,,,,,,,,,,,,,,,,,,,,,,,,,,,,,,,,,,,,,,,,,,,,,,,,,,,,,,,,,,,,,,,,,,,,,,,,,,,,,,,,,,,,,,,,,,,,,,,,,,,,,,,,,,,,,,,,,,,,,,,,,,,,,,,,,,,,,,,,,,,,,,,,,,,,,,,,,,,,,,,,,,,,,,,,,,,,,,,,,,,,,-19.0,-25.0,,-67.0,-81,-95,-6.0,,-48.0,-62.0,-76.0,,-42.0,-56.0,-70.0,,,,-14.0,-28.0,-14
29517,1,12,2008-09-03 02:00:00+00:00,1420,274,0,Gesetzentwurf,Vermessungs- und Katasterwesen,"['Bauordnung', 'Berufsordnung', 'Geoinformation', 'Geoinformations- und Vermessungsgesetz', 'Grenze', 'Grundstück', 'Informationssystem', 'Kataster', 'Landesvermessung und Geobasisinformation Brandenburg', 'Landesvermessung', 'Liegenschaftskataster-Datenübermittlungsverordnung', 'Liegenschaftsvermessungsverordnung', 'ÖbVI-Berufsordnung', 'ÖbVI-Geschäftsabschlussverordnung', 'Offenlegungsverordnung', 'Straßen- und Wegerecht', 'Straßengesetz', 'Vermessungs- und Liegenschaftsgesetz', 'Vermessungs- und Liegenschaftsgesetzzuständigkeitsverordnung', 'Vermessungsingenieur/Vermessungsingenieurin', 'Verordnung', 'Zulassungsprüfungsverordnung-ÖbVI']",[-0.00483697 -0.00778635 -0.01663447 ...  0.0051614   0.01592662   0.00457153],"[(np.int64(19), np.float64(0.38140655823940456)), (np.int64(29), np.float64(0.3798692916404913)), (np.int64(12), np.float64(0.354347825397055))]",19,0.38140655823940456,1.0,1.0,0.3333333333333333,1,14,6.0,29.0,84.0,1.0,84.0,84.0,91.0,1.0,244.0,0.0,,1.0,252.0,,,,,,1,274,203.0,232.0,0.0,,0.0,,0.0,,0.0,,,,0.0,,,,,0.0,,,,,,,,,,,,,,,0.0,,,,,,,,,,,,,,,,,,,,,,,,,,,,,0.0,,0.0,,0.0,,,,,,,,,,,,,,,,,,,0.0,,0.0,,0.0,,,0.0,,,,,,,,,,,0.0,,,,,,,,,,,,,,,,,,,,,,,,,,,,,,,,,,,,,,,,,,,,,,,,,,,,,,,,,,,,,,,,,,,,,,,,,,,,,,,,,,,,,,,,,,,,,,,,,,,,,,,,,,,,,,,,,,,,,,,,,,,,,,,,,,,,,,,,,,,,,,,,,,,,,,,,,,,,,,,,,,,,,,,,,,,,,,,,,,,,,,,,,,,,,,,,,,,,,,,,,,,,,,,,,,,,,,,,,,,,,,,,,,,,,,,,,,-22.0,-30.0,-190.0,-245.0,-260,-274,-8.0,-168.0,-223.0,-238.0,-252.0,-160.0,-215.0,-230.0,-244.0,-55.0,-70.0,-84.0,-15.0,-29.0,-14
29684,1,5,2008-09-30 02:00:00+00:00,1447,68,0,Gesetzentwurf,Wald Forsten,"['Fahrrad', 'Gespannfahren', 'Krankenfahrstuhl', 'Radfahrer', 'Reitweg', 'Wald', 'Waldbetretungsrecht', 'Waldweg']",[-0.01011981 -0.01455832  0.02994516 ...  0.00288503 -0.00683531   0.01680716],"[(np.int64(29), np.float64(0.4668376192784515)), (np.int64(33), np.float64(0.4587332957670233)), (np.int64(1), np.float64(0.44338053298693264))]",29,0.4668376192784515,0.5,1.0,0.3333333333333333,1,15,0.0,,,0.0,,,,0.0,,1.0,41.0,1.0,49.0,,,,,,1,68,,,0.0,,0.0,,0.0,,0.0,,,,0.0,,,,,0.0,,,,,,,,,,,,,,,0.0,,,,,,,,,,,,,,,,,,,,,,,,,,,,,0.0,,0.0,,0.0,,,,,,,,,,,,,,,,,,,0.0,,0.0,,0.0,,,0.0,,,,,,,,,,,0.0,,,,,,,,,,,,,,,,,,,,,,,,,,,,,,,,,,,,,,,,,,,,,,,,,,,,,,,,,,,,,,,,,,,,,,,,,,,,,,,,,,,,,,,,,,,,,,,,,,,,,,,,,,,,,,,,,,,,,,,,,,,,,,,,,,,,,,,,,,,,,,,,,,,,,,,,,,,,,,,,,,,,,,,,,,,,,,,,,,,,,,,,,,,,,,,,,,,,,,,,,,,,,,,,,,,,,,,,,,,,,,,,,,,27.0,8.0,,,,-26.0,-41.0,-19.0,,,,-53,-68,,,,-34.0,-49.0,,,,,,,,,,-15
29688,1,7,2008-10-01 02:00:00+00:00,1448,81,0,Gesetzentwurf,"['Öffentlicher Dienst', 'Landesregierung']","['Beamtenrecht', 'Beamtenversorgungsergänzungsgesetz', 'Beamtenversorgungsgesetz', 'Beamter/Beamtin', 'Besoldung', 'Besoldungs- und Versorgungsanpassungsgesetz', 'Besoldungs-Übergangsverordnung', 'Besoldungsrecht', 'Eingetragene Lebenspartnerschaft', 'Erwerbseinkommen', 'Familienzuschlag', 'Gesetz zur Anpassung des Familienzuschlags für dritte und weitere Kinder für das Jahr 2007', 'Kind', 'Landesbeamtengesetz', 'Ruhegehalt', 'Versorgungsbezüge', 'Zweites Beamtenversorgungsergänzungsgesetz']",[ 0.00679842  0.0241062   0.02303746 ... -0.00801561  0.00143242   0.01816872],"[(np.int64(29), np.float64(0.39987196313746276)), (np.int64(21), np.float64(0.3618021547540604)), (np.int64(19), np.float64(0.35230446775691127))]",29,0.39987196313746276,0.5,1.0,0.3333333333333333,1,14,2.0,42.0,70.0,0.0,,,,1.0,71.0,0.0,,1.0,77.0,,,,,,1,81,,,0.0,,0.0,,0.0,,0.0,,,,0.0,,,,,0.0,,,,,,,,,,,,,,,0.0,,,,,,,,,,,,,,,,,,,,,,,,,,,,,0.0,,0.0,,0.0,,,,,,,,,,,,,,,,,,,0.0,,0.0,,0.0,,,0.0,,,,,,,,,,,0.0,,,,,,,,,,,,,,,,,,,,,,,,,,,,,,,,,,,,,,,,,,,,,,,,,,,,,,,,,,,,,,,,,,,,,,,,,,,,,,,,,,,,,,,,,,,,,,,,,,,,,,,,,,,,,,,,,,,,,,,,,,,,,,,,,,,,,,,,,,,,,,,,,,,,,,,,,,,,,,,,,,,,,,,,,,,,,,,,,,,,,,,,,,,,,,,,,,,,,,,,,,,,,,,,,,,,,,,,,,,,,,,,,,,,,,,,,,-4.0,-10.0,,-39.0,-67,-81,-6.0,,-35.0,-63.0,-77.0,,-29.0,-57.0,-71.0,,,,-28.0,-42.0,-14
29689,1,7,2008-10-01 02:00:00+00:00,1448,127,0,Gesetzentwurf,Öffentliche Verwaltung,"['Anstalt des öffentlichen Rechts', 'Berlin', 'Brandenburg', 'Gesetz zur Ausführung des Lebensmittel- und Futtermittelgesetzbuches und weiterer Vorschriften', 'Gesetz zur Ausführung des Tierseuchengesetzes', 'Grenzüberschreitende Zusammenarbeit', 'Laboratorium', 'Landeslabor Brandenburg', 'Lebensmittel- und Futtermittelgesetzbuch', 'Staatsvertrag zwischen dem Land Berlin und dem Land Brandenburg über die Errichtung eines Landeslabors Berlin-Brandenburg', 'Staatsvertrag', 'Verordnung zur Durchführung des Gesetzes zur Ausführung des Tierseuchengesetzes']",[ 0.00541816  0.01107449 -0.00244115 ...  0.00267931  0.01059816   0.02060092],"[(np.int64(29), np.float64(0.42621418273403794)), (np.int64(19), np.float64(0.4169379230563247)), (np.int64(9), np.float64(0.41446839821814285))]",29,0.42621418273403794,0.5,1.0,0.3333333333333333,1,14,1.0,41.0,,0.0,,,,1.0,46.0,0.0,,1.0,48.0,,,,,,1,67,,,0.0,,0.0,,0.0,,1.0,127.0,,,0.0,,,,,0.0,,,,,,,,,,,,,,,0.0,,,,,,,,,,,,,,,,,,,,,,,,,,,,,0.0,,0.0,,0.0,,,,,,,,,,,,,,,,,,,0.0,,0.0,,0.0,,,0.0,,,,,,,,,,,0.0,,,,,,,,,,,,,,,,,,,,,,,,,,,,,,,,,,,,,,,,,,,,,,,,,,,,,,,,,,,,,,,,,,,,,,,,,,,,,,,,,,,,,,,,,,,,,,,,,,,,,,,,,,,,,,,,,,,,,,,,,,,,,,,,,,,,,,,,,,,,,,,,,,,,,,,,,,,,,,,,,,,,,,,,,,,,,,,,,,,,,,,,,,,,,,,,,,,,,,,,,,,-60.0,-79.0,-81.0,,-86.0,-113.0,-127.0,,,,,,,,,,,,,,,,,,,,,,,,,-19.0,-21.0,,-26.0,-53,-67,-2.0,,-7.0,-34.0,-48.0,,-5.0,-32.0,-46.0,,,,-27.0,-41.0,-14
29690,1,7,2008-10-01 02:00:00+00:00,1448,245,0,Gesetzentwurf,Glücksspiel,"['NKL Nordwestdeutsche Klassenlotterie', 'Nordwestdeutsche Klassenlotterie-Staatsvertrag', 'Staatsvertrag']",[ 0.01378346  0.00914885 -0.00385215 ... -0.00246778 -0.01149625   0.02022376],"[(np.int64(29), np.float64(0.4049389619964995)), (np.int64(13), np.float64(0.38728412835298975)), (np.int64(12), np.float64(0.3856275070183073))]",29,0.4049389619964995,0.5,1.0,0.3333333333333333,1,14,1.0,41.0,,0.0,,,,1.0,46.0,0.0,,1.0,48.0,,,,,,1,67,,,0.0,,0.0,,0.0,,1.0,245.0,,,0.0,,,,,0.0,,,,,,,,,,,,,,,0.0,,,,,,,,,,,,,,,,,,,,,,,,,,,,,0.0,,0.0,,0.0,,,,,,,,,,,,,,,,,,,0.0,,0.0,,0.0,,,0.0,,,,,,,,,,,0.0,,,,,,,,,,,,,,,,,,,,,,,,,,,,,,,,,,,,,,,,,,,,,,,,,,,,,,,,,,,,,,,,,,,,,,,,,,,,,,,,,,,,,,,,,,,,,,,,,,,,,,,,,,,,,,,,,,,,,,,,,,,,,,,,,,,,,,,,,,,,,,,,,,,,,,,,,,,,,,,,,,,,,,,,,,,,,,,,,,,,,,,,,,,,,,,,,,,,,,,,,,,-178.0,-197.0,-199.0,,-204.0,-231.0,-245.0,,,,,,,,,,,,,,,,,,,,,,,,,-19.0,-21.0,,-26.0,-53,-67,-2.0,,-7.0,-34.0,-48.0,,-5.0,-32.0,-46.0,,,,-27.0,-41.0,-14
29687,1,11,2008-10-01 02:00:00+00:00,1448,81,0,Gesetzentwurf,Wald Forsten,"['Amt für Forstwirtschaft', 'Besoldung', 'Besoldungsgesetz', 'Besoldungsrecht', 'Forst', 'Forstamt', 'Forstarbeiter/Forstarbeiterin', 'Forstbetrieb', 'Forstreform', 'Forstvermehrungsgutgesetz', 'Gesetz zur Errichtung des Landesbetriebs ""Forst Brandenburg"" und zur Auflösung der Ämter für Forstwirtschaft des Landes Brandenburg und der Landesforstanstalt Eberswalde', 'Jagdgesetz', 'Jagdrecht', 'Landesamt', 'Landesbetrieb Forst Brandenburg', 'Landesforstanstalt Eberswalde', 'Landesforstverwaltung', 'Landesorganisationsgesetz', 'Landesverwaltung', 'Landeswald', 'Öffentliches Unternehmen', 'Personaleinsparung', 'Verordnung zur Durchführung des Forstvermehrungsgutgesetzes im Land Brandenburg', 'Verordnung', 'Wald', 'Waldgesetz']",[-0.0014282  -0.00465268  0.01130777 ...  0.00532997  0.01060104   0.01919965],"[(np.int64(33), np.float64(0.4896088513806226)), (np.int64(19), np.float64(0.4559094390848324)), (np.int64(1), np.float64(0.4180871945874245))]",33,0.4896088513806226,0.5,1.0,0.3333333333333333,1,14,3.0,41.0,62.0,1.0,62.0,69.0,,1.0,71.0,1.0,75.0,1.0,76.0,,,,,,1,81,,,1.0,75.0,0.0,,0.0,,0.0,,,,0.0,,,,,0.0,,,,,,,,,,,,,,,0.0,,,,,,,,,,,,,,,,,,,,,,,,,,,,,0.0,,0.0,,0.0,,,,,,,,,,,,,,,,,,,0.0,,0.0,,0.0,,,0.0,,,,,,,,,,,0.0,,,,,,,,,,,,,,,,,,,,,,,,,,,,,,,,,,,,,,,,,,,,,,,,,,,,,,,,,,,,,,,,,,,,,,,,,,,,,,,,,,,,,,,,,,,,,,,,,,,,,,,,,,,,,,,,,,,,,,,,,,,,,,,,,,,,,,,,,,,,,,,,,,,,,,,,,,,,,,,,,,,,,,,,,,,,,,,,,,,,,,,,,,,,,,,,,,,,,,,,,,,,,,,,,,,,,,,,,,,0.0,6.0,1.0,-4.0,-13.0,-34.0,-61.0,-75.0,6.0,1.0,-4.0,-13.0,-34.0,-61.0,-75.0,-5.0,-10.0,-19.0,-40.0,-67,-81,-5.0,-14.0,-35.0,-62.0,-76.0,-9.0,-30.0,-57.0,-71.0,-21.0,-48.0,-62.0,-27.0,-41.0,-14
29699,1,8,2008-10-02 02:00:00+00:00,1449,80,0,Gesetzentwurf,Öffentlicher Dienst,"['Abgeordnetenversorgung', 'Abgeordneter/Abgeordnete', 'Anlageausschuss', 'Beamter/Beamtin', 'Haushaltsmittel', 'Hinterbliebenenversorgung', 'Hinterbliebener', 'Sondervermögen', 'Versorgung der Beamten', 'Versorgung', 'Versorgungsempfänger', 'Versorgungsfonds des Landes Brandenburg', 'Versorgungsrücklage', 'Versorgungsrücklagengesetz']",[-0.00689019  0.02043298  0.02233372 ...  0.0163939   0.00504885   0.02566002],"[(np.int64(29), np.float64(0.4749972219790373)), (np.int64(21), np.float64(0.4697833660572518)), (np.int64(34), np.float64(0.45140002246467736))]",29,0.4749972219790373,0.5,1.0,0.3333333333333333,1,13,2.0,41.0,69.0,0.0,,,,1.0,70.0,1.0,74.0,1.0,76.0,,,,,,1,80,,,0.0,,0.0,,0.0,,0.0,,,,0.0,,,,,0.0,,,,,,,,,,,,,,,0.0,,,,,,,,,,,,,,,,,,,,,,,,,,,,,0.0,,0.0,,0.0,,,,,,,,,,,,,,,,,,,0.0,,0.0,,0.0,,,0.0,,,,,,,,,,,0.0,,,,,,,,,,,,,,,,,,,,,,,,,,,,,,,,,,,,,,,,,,,,,,,,,,,,,,,,,,,,,,,,,,,,,,,,,,,,,,,,,,,,,,,,,,,,,,,,,,,,,,,,,,,,,,,,,,,,,,,,,,,,,,,,,,,,,,,,,,,,,,,,,,,,,,,,,,,,,,,,,,,,,,,,,,,,,,,,,,,,,,,,,,,,,,,,,,,,,,,,,,,,,,,,,,,,,,,,,,,,,,,,,,,6.0,2.0,-4.0,,-33.0,-61.0,-74.0,-4.0,-10.0,,-39.0,-67,-80,-6.0,,-35.0,-63.0,-76.0,,-29.0,-57.0,-70.0,,,,-28.0,-41.0,-13
29831,1,7,2008-10-27 01:00:00+00:00,1473,53,0,Gesetzentwurf,Abgeordnete,"['Abgeordnetenrecht', 'Abgeordnetenversorgung', 'Abgeordneter/Abgeordnete', 'Diäten', 'Einkommen', 'Einkommensentwicklung', 'Entschädigung', 'Kostenpauschale', 'Landtag Brandenburg']",[ 0.00726906  0.00762365 -0.00323562 ... -0.01051945  0.00296968   0.02021153],"[(np.int64(29), np.float64(0.42831298835104625)), (np.int64(23), np.float64(0.37263235098218417)), (np.int64(34), np.float64(0.3594131105163221))]",29,0.42831298835104625,0.5,1.0,0.3333333333333333,1,23,1.0,44.0,,0.0,,,,1.0,45.0,1.0,43.0,1.0,51.0,,,,,,1,53,,,0.0,,0.0,,0.0,,0.0,,,,0.0,,,,,0.0,,,,,,,,,,,,,,,0.0,,,,,,,,,,,,,,,,,,,,,,,,,,,,,0.0,,0.0,,0.0,,,,,,,,,,,,,,,,,,,0.0,,0.0,,0.0,,,0.0,,,,,,,,,,,0.0,,,,,,,,,,,,,,,,,,,,,,,,,,,,,,,,,,,,,,,,,,,,,,,,,,,,,,,,,,,,,,,,,,,,,,,,,,,,,,,,,,,,,,,,,,,,,,,,,,,,,,,,,,,,,,,,,,,,,,,,,,,,,,,,,,,,,,,,,,,,,,,,,,,,,,,,,,,,,,,,,,,,,,,,,,,,,,,,,,,,,,,,,,,,,,,,,,,,,,,,,,,,,,,,,,,,,,,,,,,,,,,,,,,10.0,8.0,2.0,,1.0,-20.0,-43.0,-2.0,-8.0,,-9.0,-30,-53,-6.0,,-7.0,-28.0,-51.0,,-1.0,-22.0,-45.0,,,,-21.0,-44.0,-23
29852,1,6,2008-10-30 01:00:00+00:00,1476,53,0,Gesetzentwurf,Umwelt,"['Informationsfreiheit', 'Informationszugangsrecht', 'Kommunalverwaltung', 'Landesverwaltung', 'Öffentliche Verwaltung', 'Richtlinie der EU', 'Umweltbehörde', 'Umweltinformation', 'Umweltinformationsrichtlinie']",[-0.01081224 -0.0021742  -0.00752156 ...  0.02209458  0.00769784   0.02209458],"[(np.int64(29), np.float64(0.47776692496726436)), (np.int64(1), np.float64(0.43930264368054683)), (np.int64(19), np.float64(0.4328374378859746))]",29,0.47776692496726436,0.5,1.0,0.3333333333333333,1,20,1.0,41.0,,0.0,,,,1.0,43.0,0.0,,1.0,48.0,,,,,,1,53,,,0.0,,0.0,,0.0,,0.0,,,,0.0,,,,,0.0,,,,,,,,,,,,,,,0.0,,,,,,,,,,,,,,,,,,,,,,,,,,,,,0.0,,0.0,,0.0,,,,,,,,,,,,,,,,,,,0.0,,0.0,,0.0,,,0.0,,,,,,,,,,,0.0,,,,,,,,,,,,,,,,,,,,,,,,,,,,,,,,,,,,,,,,,,,,,,,,,,,,,,,,,,,,,,,,,,,,,,,,,,,,,,,,,,,,,,,,,,,,,,,,,,,,,,,,,,,,,,,,,,,,,,,,,,,,,,,,,,,,,,,,,,,,,,,,,,,,,,,,,,,,,,,,,,,,,,,,,,,,,,,,,,,,,,,,,,,,,,,,,,,,,,,,,,,,,,,,,,,,,,,,,,,,,,,,,,,,,,,,,,-5.0,-10.0,,-12.0,-33,-53,-5.0,,-7.0,-28.0,-48.0,,-2.0,-23.0,-43.0,,,,-21.0,-41.0,-20
29853,1,6,2008-11-04 01:00:00+00:00,1481,48,0,Gesetzentwurf,Religionsgemeinschaften,"['Kirche', 'Kirchensteuer', 'Kirchgeld', 'Religionsgemeinschaft', 'Steuer', 'Steuerschuld']",[0.00312793 0.02395098 0.00539195 ... 0.00344072 0.0189463  0.03002809],"[(np.int64(23), np.float64(0.5266246710330874)), (np.int64(29), np.float64(0.44978670339842475)), (np.int64(19), np.float64(0.4133646790943437))]",23,0.5266246710330874,0.0,1.0,0.3333333333333333,1,16,1.0,37.0,,0.0,,,,1.0,38.0,0.0,,1.0,43.0,,,,,,1,48,,,0.0,,0.0,,0.0,,0.0,,,,0.0,,,,,0.0,,,,,,,,,,,,,,,0.0,,,,,,,,,,,,,,,,,,,,,,,,,,,,,0.0,,0.0,,0.0,,,,,,,,,,,,,,,,,,,0.0,,0.0,,0.0,,,0.0,,,,,,,,,,,0.0,,,,,,,,,,,,,,,,,,,,,,,,,,,,,,,,,,,,,,,,,,,,,,,,,,,,,,,,,,,,,,,,,,,,,,,,,,,,,,,,,,,,,,,,,,,,,,,,,,,,,,,,,,,,,,,,,,,,,,,,,,,,,,,,,,,,,,,,,,,,,,,,,,,,,,,,,,,,,,,,,,,,,,,,,,,,,,,,,,,,,,,,,,,,,,,,,,,,,,,,,,,,,,,,,,,,,,,,,,,,,,,,,,,,,,,,,,-5.0,-10.0,,-11.0,-32,-48,-5.0,,-6.0,-27.0,-43.0,,-1.0,-22.0,-38.0,,,,-21.0,-37.0,-16
30034,1,11,2008-12-01 01:00:00+00:00,1508,162,0,Gesetzentwurf,Psychiatrie,"['Besuchskommission', 'Datenschutz', 'Datenübertragung', 'Geistig Behinderter', 'Krankenhaus', 'Maßregeln der Besserung und Sicherung', 'Maßregelvollzug', 'Personenbezogene Daten', 'Psychiatrie', 'Psychiatrisches Krankenhaus', 'Psychische Krankheit', 'Sozialpsychiatrischer Dienst']",[-0.00909449  0.01569245  0.01093716 ...  0.04921724  0.00903505   0.03566467],"[(np.int64(29), np.float64(0.47004386425255074)), (np.int64(19), np.float64(0.4233900429035531)), (np.int64(22), np.float64(0.4182080071342965))]",29,0.47004386425255074,0.5,1.0,0.3333333333333333,1,17,3.0,44.0,72.0,0.0,,72.0,,1.0,115.0,3.0,120.0,1.0,121.0,120.0,120.0,,,,1,162,,,0.0,,0.0,,0.0,,0.0,,,,0.0,,,,,0.0,,,,,,,,,,,,,,,0.0,,,,,,,,,,,,,,,,,,,,,,,,,,,,,0.0,,0.0,,0.0,,,,,,,,,,,,,,,,,,,0.0,,0.0,,0.0,,,0.0,,,,,,,,,,,0.0,,,,,,,,,,,,,,,,,,,,,,,,,,,,,,,,,,,,,,,,,,,,,,,,,,,,,,,,,,,,,,,,,,,,,,,,,,,,,,,,,,,,,,,,,,,,,,,,,,,,,,,,,,,,,,,,,,,,,,,,,,,,,,,,,,,,,,,,,,,,,,,,,,,,,,,,,,,,,,,,,,,,,,,,,,,,,,,,,,,,,,,,,,,,,,,,,,,,,,,,,,,,,,,,,,,,,,,,,,,,,,,,,,,42.0,1.0,-5.0,,-76.0,-103.0,-120.0,-41.0,-47.0,,-118.0,-145,-162,-6.0,,-77.0,-104.0,-121.0,,-71.0,-98.0,-115.0,,,,-27.0,-44.0,-17
30035,1,7,2008-12-01 01:00:00+00:00,1508,226,0,Gesetzentwurf,Abgaben,"['Abgaben', 'Auslagen', 'Dienstleistungsrichtlinie', 'Gebühren', 'Gebührenbefreiung', 'Gebührenordnung', 'Öffentliche Leistung', 'Verwaltungsgebühren']",[0.01783417 0.00036355 0.0166531  ... 0.00499003 0.01110207 0.02787328],"[(np.int64(29), np.float64(0.4777657388347534)), (np.int64(5), np.float64(0.46151677157036364)), (np.int64(23), np.float64(0.4445130517321374))]",29,0.4777657388347534,0.5,1.0,0.3333333333333333,1,17,2.0,157.0,199.0,0.0,,,,1.0,205.0,0.0,,1.0,213.0,,,,,,1,226,,,0.0,,0.0,,0.0,,0.0,,,,0.0,,,,,0.0,,,,,,,,,,,,,,,0.0,,,,,,,,,,,,,,,,,,,,,,,,,,,,,0.0,,0.0,,0.0,,,,,,,,,,,,,,,,,,,0.0,,0.0,,0.0,,,0.0,,,,,,,,,,,0.0,,,,,,,,,,,,,,,,,,,,,,,,,,,,,,,,,,,,,,,,,,,,,,,,,,,,,,,,,,,,,,,,,,,,,,,,,,,,,,,,,,,,,,,,,,,,,,,,,,,,,,,,,,,,,,,,,,,,,,,,,,,,,,,,,,,,,,,,,,,,,,,,,,,,,,,,,,,,,,,,,,,,,,,,,,,,,,,,,,,,,,,,,,,,,,,,,,,,,,,,,,,,,,,,,,,,,,,,,,,,,,,,,,,,,,,,,,-13.0,-21.0,,-69.0,-209,-226,-8.0,,-56.0,-196.0,-213.0,,-48.0,-188.0,-205.0,,,,-140.0,-157.0,-17
30053,2,20,2008-12-04 01:00:00+00:00,1511,125,0,Gesetzentwurf,Öffentlicher Dienst,"['Abordnung von Beamten', 'Altersteilzeit', 'Arbeitnehmer/Arbeitnehmerin', 'Arbeitszeit', 'Beamtenrechtsneuordnungsgesetz', 'Beamtenverhältnis', 'Beamtenversorgungsergänzungsgesetz', 'Beamter/Beamtin auf Probe', 'Beamter/Beamtin auf Zeit', 'Beamter/Beamtin', 'Beurlaubung', 'Dienstbefreiung', 'Dienstunfähigkeit', 'Disziplinarrecht', 'Ehrenbeamter/Ehrenbeamtin', 'Ernennung zum Beamten', 'Ernennungsverordnung', 'Feuerwehr', 'Funktionalreform', 'Funktionalreformgrundsätzegesetz', 'Gerichtszuständigkeitsverordnung', 'Gesetz über die Errichtung der ""Stiftung Europa-Universität Viadrina Frankfurt (Oder)""', 'Gesetzliche Rentenversicherung', 'Gleichberechtigung', 'Haushaltsgesetz', 'Hochschule', 'Hochschulgesetz', 'Hochschulrecht', 'Jugendstrafvollzugsgesetz', 'Juristenausbildung', 'Juristenausbildungsgesetz', 'Justizvollzugsbeamter/Justizvollzugsbeamtin', 'Justizvollzugsdienst', 'Kommunalwahl', 'Kommunalwahlgesetz', 'Landesbeamtengesetz', 'Landesdisziplinargesetz', 'Landesgleichstellungsgesetz', 'Landespersonalausschuss', 'Landespersonalvertretungsgesetz', 'Landesrechnungshof', 'Landesrechnungshofgesetz', 'Laufbahn', 'Lehrerbildung', 'Lehrerbildungsgesetz', 'Nebentätigkeit', 'Öffentlicher Dienst', 'Öffentlicher Haushalt', 'Personalakte', 'Personalvertretung', 'Personalvertretungsergänzungsgesetz', 'Personalvertretungsrecht', 'Politischer Beamter/Politische Beamtin', 'Polizei', 'Polizeibeamter/Polizeibeamtin', 'Polizeifachhochschulgesetz', 'Polizeirecht', 'Polizeivollzugsbeamter/Polizeivollzugsbeamtin', 'Richter/Richterin', 'Richtergesetz', 'Staatsvertrag über die Bestimmung der Aufsicht über die Deutsche Rentenversicherung Berlin-Brandenburg', 'Staatsvertrag', 'Stiftung Europa-Universität Viadrina Frankfurt (Oder)', 'Stiftung', 'Strafvollzug', 'Strafvollzugsgesetz', 'Teilzeitarbeit', 'Urlaub', 'Verordnung', 'Versetzung in den einstweiligen Ruhestand', 'Versetzung in den Ruhestand', 'Versetzung von Beamten', 'Versorgung der Beamten', 'Verwaltungsgericht', 'Verwaltungsgerichtsgesetz', 'Wahlordnung zum Landespersonalvertretungsgesetz', 'Zweites Beamtenversorgungsergänzungsgesetz']",[-0.00165397  0.02658542  0.00548782 ...  0.00399391  0.00399391   0.02121956],"[(np.int64(29), np.float64(0.4683155130064601)), (np.int64(19), np.float64(0.4563670816424224)), (np.int64(9), np.float64(0.4326007539717668))]",29,0.4683155130064601,0.5,1.0,0.3333333333333333,1,14,4.0,0.0,42.0,1.0,91.0,91.0,112.0,1.0,116.0,9.0,117.0,1.0,118.0,117.0,117.0,117.0,117.0,117.0,1,125,,,0.0,,0.0,,0.0,,0.0,,,,0.0,,,,117.0,0.0,,,,,,,,,,,,,,,0.0,,,,,,,,,,,,,,,,,,,,,,,,,,,117.0,118.0,0.0,,0.0,,0.0,,,,,,,,,,,,,,,,,8.0,,0.0,,0.0,,0.0,,,0.0,,,,,,,,,,,0.0,,,,,,,,,,,,,,,,,,,,,,,,,,,,,,,,,,,,,,,,,,,,,,,,,,,,,,,,,,,,,,,,,,,,,,,,,,,,,,,,,,,,,,,,,,,,,,,,,,,,,,,,,,,,,,,,,,,,,,,,,,,,,,,,,,,,,,,,,,,,,,,,,,,,,,,,,,,,,,,,,,,,,,,,,,,,,,,,,,,,,,,,,,,,,,,,,,,,,,,,,,,,,,,,,,,,,,,,,,,,,,,,,,,8.0,1.0,-1.0,-26.0,-117.0,-103.0,-117.0,-7.0,-9.0,-34.0,-125.0,-111,-125,-2.0,-27.0,-118.0,-104.0,-118.0,-25.0,-116.0,-102.0,-116.0,-91.0,-77.0,-91.0,14.0,0.0,-14
30055,1,9,2008-12-04 01:00:00+00:00,1511,218,0,Gesetzentwurf,Finanzmarkt,"['Abschlussprüferrichtlinie', 'Richtlinie der EU', 'Sparkasse', 'OSGV-Staatsvertrag', 'Staatsvertrag']",[1.14068901e-03 3.86556530e-05 6.37008157e-03 ... 6.51822251e-04  1.25623932e-02 1.44586032e-02],"[(np.int64(29), np.float64(0.4088000023546007)), (np.int64(19), np.float64(0.4017154397666081)), (np.int64(12), np.float64(0.3741084500586632))]",29,0.4088000023546007,0.5,1.0,0.3333333333333333,1,13,3.0,42.0,70.0,0.0,,76.0,,1.0,76.0,0.0,,1.0,83.0,,,,,,1,99,,,0.0,,0.0,,0.0,,1.0,218.0,,,0.0,,,,,0.0,,,,,,,,,,,,,,,0.0,,,,,,,,,,,,,,,,,,,,,,,,,,,,,0.0,,0.0,,0.0,,,,,,,,,,,,,,,,,,,0.0,,0.0,,0.0,,,0.0,,,,,,,,,,,0.0,,,,,,,,,,,,,,,,,,,,,,,,,,,,,,,,,,,,,,,,,,,,,,,,,,,,,,,,,,,,,,,,,,,,,,,,,,,,,,,,,,,,,,,,,,,,,,,,,,,,,,,,,,,,,,,,,,,,,,,,,,,,,,,,,,,,,,,,,,,,,,,,,,,,,,,,,,,,,,,,,,,,,,,,,,,,,,,,,,,,,,,,,,,,,,,,,,,,,,,,,,,-119.0,-135.0,-142.0,,-176.0,-205.0,-218.0,,,,,,,,,,,,,,,,,,,,,,,,,-16.0,-23.0,,-57.0,-86,-99,-7.0,,-41.0,-70.0,-83.0,,-34.0,-63.0,-76.0,,,,-29.0,-42.0,-13
30245,1,10,2009-01-08 01:00:00+00:00,1546,146,0,Gesetzentwurf,Medizinische Berufe,"['Altenpflege', 'Altenpflegehelfer/Altenpflegehelferin', 'Altenpflegehilfe', 'Altenpfleger/Altenpflegerin', 'Alter Mensch', 'Berufsausbildung', 'Berufsbezeichnung', 'Personalbedarf', 'Pflegeberuf']",[ 0.00218486  0.01171203  0.02413749 ...  0.0069856  -0.00496424   0.02948817],"[(np.int64(36), np.float64(0.508082976873419)), (np.int64(29), np.float64(0.49070662441011303)), (np.int64(1), np.float64(0.4365529274810561))]",36,0.508082976873419,1.0,1.0,1.0,1,13,4.0,34.0,49.0,1.0,76.0,76.0,104.0,1.0,110.0,0.0,,1.0,125.0,,,,,,1,146,,,0.0,,0.0,,0.0,,0.0,,,,0.0,,,,,0.0,,,,,,,,,,,,,,,0.0,,,,,,,,,,,,,,,,,,,,,,,,,,,,,0.0,,0.0,,0.0,,,,,,,,,,,,,,,,,,,0.0,,0.0,,0.0,,,0.0,,,,,,,,,,,0.0,,,,,,,,,,,,,,,,,,,,,,,,,,,,,,,,,,,,,,,,,,,,,,,,,,,,,,,,,,,,,,,,,,,,,,,,,,,,,,,,,,,,,,,,,,,,,,,,,,,,,,,,,,,,,,,,,,,,,,,,,,,,,,,,,,,,,,,,,,,,,,,,,,,,,,,,,,,,,,,,,,,,,,,,,,,,,,,,,,,,,,,,,,,,,,,,,,,,,,,,,,,,,,,,,,,,,,,,,,,,,,,,,,,,,,,,,,-21.0,-36.0,-70.0,-112.0,-133,-146,-15.0,-49.0,-91.0,-112.0,-125.0,-34.0,-76.0,-97.0,-110.0,-42.0,-63.0,-76.0,-21.0,-34.0,-13
30407,1,7,2009-02-03 01:00:00+00:00,1572,157,0,Gesetzentwurf,"['Rundfunk Fernsehen', 'Informationsgesellschaft Medien']","['Berlin', 'Brandenburg', 'Medienstaatsvertrag Berlin-Brandenburg', 'Rundfunk', 'Rundfunkrecht', 'Staatsvertrag']",[-0.00970856  0.01272768  0.00435109 ...  0.01349727  0.02131147   0.02095628],"[(np.int64(29), np.float64(0.4742295175465342)), (np.int64(35), np.float64(0.45697438964261783)), (np.int64(19), np.float64(0.44143429046993843))]",29,0.4742295175465342,0.5,1.0,0.3333333333333333,1,22,1.0,50.0,,0.0,,,,1.0,52.0,0.0,,1.0,57.0,,,,,,1,78,,,0.0,,0.0,,0.0,,1.0,157.0,,,0.0,,,,,0.0,,,,,,,,,,,,,,,0.0,,,,,,,,,,,,,,,,,,,,,,,,,,,,,0.0,,0.0,,0.0,,,,,,,,,,,,,,,,,,,0.0,,0.0,,0.0,,,0.0,,,,,,,,,,,0.0,,,,,,,,,,,,,,,,,,,,,,,,,,,,,,,,,,,,,,,,,,,,,,,,,,,,,,,,,,,,,,,,,,,,,,,,,,,,,,,,,,,,,,,,,,,,,,,,,,,,,,,,,,,,,,,,,,,,,,,,,,,,,,,,,,,,,,,,,,,,,,,,,,,,,,,,,,,,,,,,,,,,,,,,,,,,,,,,,,,,,,,,,,,,,,,,,,,,,,,,,,,-79.0,-100.0,-105.0,,-107.0,-135.0,-157.0,,,,,,,,,,,,,,,,,,,,,,,,,-21.0,-26.0,,-28.0,-56,-78,-5.0,,-7.0,-35.0,-57.0,,-2.0,-30.0,-52.0,,,,-28.0,-50.0,-22
30432,1,10,2009-02-11 01:00:00+00:00,1580,112,0,Gesetzentwurf,"['Kommunale Angelegenheiten', 'Abgaben']","['Abwasser', 'Abwasserbeseitigung', 'Altanschließer', 'Anliegerbeitrag', 'Anschluss- und Benutzungszwang', 'Beitrag', 'Erschließungsbeitrag', 'Grundstück', 'Kommunalabgaben', 'Kommunalrecht', 'Wasserversorgung']",[ 0.0124153  -0.00079461  0.01742918 ...  0.0232787   0.00492434   0.02590501],"[(np.int64(29), np.float64(0.4532086651744857)), (np.int64(21), np.float64(0.4323914324224284)), (np.int64(23), np.float64(0.41624587166228255))]",29,0.4532086651744857,0.5,1.0,0.3333333333333333,1,14,4.0,22.0,71.0,1.0,71.0,71.0,85.0,1.0,86.0,0.0,,1.0,91.0,,,,,,1,112,,,0.0,,0.0,,0.0,,0.0,,,,0.0,,,,,0.0,,,,,,,,,,,,,,,0.0,,,,,,,,,,,,,,,,,,,,,,,,,,,,,0.0,,0.0,,0.0,,,,,,,,,,,,,,,,,,,0.0,,0.0,,0.0,,,0.0,,,,,,,,,,,0.0,,,,,,,,,,,,,,,,,,,,,,,,,,,,,,,,,,,,,,,,,,,,,,,,,,,,,,,,,,,,,,,,,,,,,,,,,,,,,,,,,,,,,,,,,,,,,,,,,,,,,,,,,,,,,,,,,,,,,,,,,,,,,,,,,,,,,,,,,,,,,,,,,,,,,,,,,,,,,,,,,,,,,,,,,,,,,,,,,,,,,,,,,,,,,,,,,,,,,,,,,,,,,,,,,,,,,,,,,,,,,,,,,,,,,,,,,,-21.0,-26.0,-41.0,-90.0,-98,-112,-5.0,-20.0,-69.0,-77.0,-91.0,-15.0,-64.0,-72.0,-86.0,-49.0,-57.0,-71.0,-8.0,-22.0,-14
30440,1,9,2009-02-12 01:00:00+00:00,1581,111,0,Gesetzentwurf,Wahlen,"['Aktives Wahlrecht', 'Aufenthalt', 'Kostenerstattung', 'Landtagswahl', 'Obdachlosigkeit', 'Passives Wahlrecht', 'Überhangmandat', 'Volksabstimmung', 'Volksabstimmungsgesetz', 'Wahlkosten', 'Wahlrecht', 'Wahlvorstand', 'Wohnsitz']",[ 0.02175353  0.02825594 -0.01761563 ...  0.00057635  0.00685709   0.01330039],"[(np.int64(29), np.float64(0.44596856842369326)), (np.int64(34), np.float64(0.385055342821716)), (np.int64(9), np.float64(0.37597269793414667))]",29,0.44596856842369326,0.5,1.0,0.3333333333333333,1,13,4.0,21.0,41.0,0.0,,70.0,83.0,1.0,84.0,0.0,,1.0,90.0,,,,,,1,111,,,0.0,,0.0,,0.0,,0.0,,,,0.0,,,,,0.0,,,,,,,,,,,,,,,0.0,,,,,,,,,,,,,,,,,,,,,,,,,,,,,0.0,,0.0,,0.0,,,,,,,,,,,,,,,,,,,0.0,,0.0,,0.0,,,0.0,,,,,,,,,,,0.0,,,,,,,,,,,,,,,,,,,,,,,,,,,,,,,,,,,,,,,,,,,,,,,,,,,,,,,,,,,,,,,,,,,,,,,,,,,,,,,,,,,,,,,,,,,,,,,,,,,,,,,,,,,,,,,,,,,,,,,,,,,,,,,,,,,,,,,,,,,,,,,,,,,,,,,,,,,,,,,,,,,,,,,,,,,,,,,,,,,,,,,,,,,,,,,,,,,,,,,,,,,,,,,,,,,,,,,,,,,,,,,,,,,,,,,,,,-21.0,-27.0,,-90.0,-98,-111,-6.0,,-69.0,-77.0,-90.0,,-63.0,-71.0,-84.0,,,,-8.0,-21.0,-13
30438,1,7,2009-02-12 01:00:00+00:00,1581,112,0,Gesetzentwurf,Abfall,"['Abfall', 'Abfall- und Bodenschutz-Zuständigkeitsverordnung', 'Abfall- und Bodenschutzgesetz', 'Abfallbeseitigung', 'Abfallrecht', 'Abfallwirtschaft', 'Altlast', 'Bodenschutz', 'Braunkohlenplan Tagebau Cottbus-Nord', 'Braunkohlenplan Tagebau Jänschwalde', 'Braunkohlenplan Tagebau Welzow-Süd', 'Deregulierung', 'Entgelt', 'Gebühren', 'Gebührenordnung', 'Gesetz über die Umweltverträglichkeitsprüfung', 'Immissionsschutz', 'Landesimmissionsschutzgesetz', 'Ministerium für Ländliche Entwicklung, Umwelt und Verbraucherschutz', 'Sonderabfallentsorgungsverordnung', 'Umweltverträglichkeitsprüfung', 'Waldgesetz']",[0.01378572 0.01005335 0.02516346 ... 0.01673551 0.00683266 0.02335747],"[(np.int64(29), np.float64(0.48159932366864605)), (np.int64(38), np.float64(0.42807789138296415)), (np.int64(4), np.float64(0.42742865640403804))]",29,0.48159932366864605,0.5,1.0,0.3333333333333333,1,13,2.0,27.0,69.0,0.0,,,,1.0,76.0,0.0,,1.0,90.0,,,,,,1,112,,,0.0,,0.0,,0.0,,0.0,,,,0.0,,,,,0.0,,,,,,,,,,,,,,,0.0,,,,,,,,,,,,,,,,,,,,,,,,,,,,,0.0,,0.0,,0.0,,,,,,,,,,,,,,,,,,,0.0,,0.0,,0.0,,,0.0,,,,,,,,,,,0.0,,,,,,,,,,,,,,,,,,,,,,,,,,,,,,,,,,,,,,,,,,,,,,,,,,,,,,,,,,,,,,,,,,,,,,,,,,,,,,,,,,,,,,,,,,,,,,,,,,,,,,,,,,,,,,,,,,,,,,,,,,,,,,,,,,,,,,,,,,,,,,,,,,,,,,,,,,,,,,,,,,,,,,,,,,,,,,,,,,,,,,,,,,,,,,,,,,,,,,,,,,,,,,,,,,,,,,,,,,,,,,,,,,,,,,,,,,-22.0,-36.0,,-85.0,-99,-112,-14.0,,-63.0,-77.0,-90.0,,-49.0,-63.0,-76.0,,,,-14.0,-27.0,-13
30441,1,7,2009-02-12 01:00:00+00:00,1581,148,0,Gesetzentwurf,"['Rundfunk Fernsehen', 'Informationsgesellschaft Medien']","['ARD-Staatsvertrag', 'Deutschlandradio-Staatsvertrag', 'Öffentlich-rechtlicher Rundfunk', 'Öffentlich-rechtliches Fernsehen', 'Rundfunk', 'Rundfunkstaatsvertrag', 'Rundfunkanstalt', 'Rundfunkfinanzierungsstaatsvertrag', 'Rundfunkgebühren', 'Rundfunkgebührenstaatsvertrag', 'Rundfunkrecht', 'Staatsvertrag', 'Telemedien', 'ZDF-Staatsvertrag']",[ 0.00832666  0.00655503 -0.01523602 ...  0.0051082   0.00614165   0.01511791],"[(np.int64(29), np.float64(0.38467190466042206)), (np.int64(35), np.float64(0.38459299565728106)), (np.int64(13), np.float64(0.38424207304152663))]",29,0.38467190466042206,0.5,1.0,0.3333333333333333,1,13,1.0,41.0,,0.0,,,,1.0,43.0,0.0,,1.0,48.0,,,,,,1,69,,,0.0,,0.0,,0.0,,1.0,148.0,,,0.0,,,,,0.0,,,,,,,,,,,,,,,0.0,,,,,,,,,,,,,,,,,,,,,,,,,,,,,0.0,,0.0,,0.0,,,,,,,,,,,,,,,,,,,0.0,,0.0,,0.0,,,0.0,,,,,,,,,,,0.0,,,,,,,,,,,,,,,,,,,,,,,,,,,,,,,,,,,,,,,,,,,,,,,,,,,,,,,,,,,,,,,,,,,,,,,,,,,,,,,,,,,,,,,,,,,,,,,,,,,,,,,,,,,,,,,,,,,,,,,,,,,,,,,,,,,,,,,,,,,,,,,,,,,,,,,,,,,,,,,,,,,,,,,,,,,,,,,,,,,,,,,,,,,,,,,,,,,,,,,,,,,-79.0,-100.0,-105.0,,-107.0,-135.0,-148.0,,,,,,,,,,,,,,,,,,,,,,,,,-21.0,-26.0,,-28.0,-56,-69,-5.0,,-7.0,-35.0,-48.0,,-2.0,-30.0,-43.0,,,,-28.0,-41.0,-13
30578,1,12,2009-03-03 01:00:00+00:00,1600,136,0,Gesetzentwurf,Gesundheitseinrichtungen,"['Arbeitsschutz', 'Ärztlicher Dienst', 'Datenschutz', 'Fördermittel', 'Gesundheitliche Versorgung', 'Grundrechtsbeschränkung', 'Hygiene', 'Katastrophenschutz', 'Kind', 'Krankenhaus', 'Krankenhausdatenschutzverordnung', 'Krankenhausfinanzierung', 'Krankenhausgesetz', 'Krankenhausplanung', 'Krankheitregister', 'Patient/Patientin', 'Personenbezogene Daten', 'Rechtsverordnung', 'Rettungsdienst', 'Schadensanzeige-Verordnung', 'Statistik', 'Verordnung zur Übertragung der Ermächtigung zum Erlass von Rechtsverordnungen nach § 120e der Gewerbeordnung', 'Verordnung']",[0.00701906 0.0292659  0.00197783 ... 0.03116937 0.00333108 0.03450045],"[(np.int64(29), np.float64(0.4599299005286943)), (np.int64(3), np.float64(0.4472203172167676)), (np.int64(19), np.float64(0.4256331842735882))]",29,0.4599299005286943,0.5,1.0,0.3333333333333333,1,29,3.0,22.0,50.0,1.0,50.0,78.0,,1.0,85.0,3.0,118.0,1.0,120.0,118.0,118.0,,,,1,136,,,0.0,,0.0,,0.0,,0.0,,,,0.0,,,,,0.0,,,,,,,,,,,,,,,0.0,,,,,,,,,,,,,,,,,,,,,,,,,,,,,0.0,,0.0,,0.0,,,,,,,,,,,,,,,,,,,0.0,,0.0,,0.0,,,0.0,,,,,,,,,,,0.0,,,,,,,,,,,,,,,,,,,,,,,,,,,,,,,,,,,,,,,,,,,,,,,,,,,,,,,,,,,,,,,,,,,,,,,,,,,,,,,,,,,,,,,,,,,,,,,,,,,,,,,,,,,,,,,,,,,,,,,,,,,,,,,,,,,,,,,,,,,,,,,,,,,,,,,,,,,,,,,,,,,,,,,,,,,,,,,,,,,,,,,,,,,,,,,,,,,,,,,,,,,,,,,,,,,,,,,,,,,,,,,,,,,18.0,2.0,-33.0,-68.0,-96.0,-89.0,-118.0,-16.0,-51.0,-86.0,-114.0,-107,-136,-35.0,-70.0,-98.0,-91.0,-120.0,-35.0,-63.0,-56.0,-85.0,-28.0,-21.0,-50.0,7.0,-22.0,-29
30605,1,12,2009-03-09 01:00:00+00:00,1606,129,0,Gesetzentwurf,Justizvollzug,"['Gefangener', 'Haft', 'Justizvollzugsanstalt', 'Strafvollzug', 'Untersuchungsgefängnis', 'Untersuchungshaft', 'Untersuchungshaftanstalt', 'Untersuchungshäftling']",[0.00050515 0.01182637 0.00638862 ... 0.00502175 0.00395203 0.01937385],"[(np.int64(22), np.float64(0.5439602526577751)), (np.int64(29), np.float64(0.506461593180638)), (np.int64(19), np.float64(0.48847178923650675))]",22,0.5439602526577751,0.0,1.0,0.3333333333333333,1,23,3.0,52.0,87.0,1.0,87.0,101.0,,1.0,107.0,3.0,113.0,1.0,114.0,113.0,113.0,,,,1,129,,,0.0,,0.0,,0.0,,0.0,,,,0.0,,,,,0.0,,,,,,,,,,,,,,,0.0,,,,,,,,,,,,,,,,,,,,,,,,,,,,,0.0,,0.0,,0.0,,,,,,,,,,,,,,,,,,,0.0,,0.0,,0.0,,,0.0,,,,,,,,,,,0.0,,,,,,,,,,,,,,,,,,,,,,,,,,,,,,,,,,,,,,,,,,,,,,,,,,,,,,,,,,,,,,,,,,,,,,,,,,,,,,,,,,,,,,,,,,,,,,,,,,,,,,,,,,,,,,,,,,,,,,,,,,,,,,,,,,,,,,,,,,,,,,,,,,,,,,,,,,,,,,,,,,,,,,,,,,,,,,,,,,,,,,,,,,,,,,,,,,,,,,,,,,,,,,,,,,,,,,,,,,,,,,,,,,,16.0,1.0,-6.0,-26.0,-61.0,-90.0,-113.0,-15.0,-22.0,-42.0,-77.0,-106,-129,-7.0,-27.0,-62.0,-91.0,-114.0,-20.0,-55.0,-84.0,-107.0,-35.0,-64.0,-87.0,-29.0,-52.0,-23
30629,1,20,2009-03-11 01:00:00+00:00,1608,127,8,Sitzung,"['Europäische Union', 'Dienstleistungen']","['Bauordnung', 'Bauvorlagenberechtigung', 'Behörde', 'Behördliches Genehmigungsverfahren', 'Brandenburgische Ingenieurkammer', 'Dienstleistung', 'Dienstleistungsgewerbe', 'Dritte Verordnung zur Durchführung des Baugesetzbuches', 'E-Government', 'Einheitlicher Ansprechpartner', 'Europäische Union', 'Gaststätte', 'Gaststättengesetz', 'Gesetz über den Einheitlichen Ansprechpartner für das Land Brandenburg', 'Gesetz über die Weiterbildung in den Fachberufen des Gesundheitswesens', 'Gesundheitswesen', 'Gewerberechtszuständigkeitsverordnung', 'Gütestellengesetz', 'Ingenieurgesetz', 'Kampfmittelverordnung', 'Kleine und mittlere Unternehmen', 'Markscheider', 'Markscheidergesetz', 'Öffentliche Verwaltung', 'Richtlinie der EU', 'Schule', 'Schulgesetz', 'Schulrecht', 'Sozialberuf', 'Sozialberufsgesetz', 'Verwaltungsmodernisierung', 'Verwaltungsverfahren', 'Verwaltungsverfahrensgesetz für das Land Brandenburg', 'Waffe', 'Wasserbehörde', 'Wassergesetz', 'Weiterbildung']",[-0.02165455  0.00086092 -0.0024211  ...  0.00106017  0.00156394   0.01948909],"[(np.int64(29), np.float64(0.4676254483553911)), (np.int64(19), np.float64(0.46240450990897053)), (np.int64(21), np.float64(0.4608255776758444))]",29,0.4676254483553911,0.5,1.0,0.3333333333333333,1,21,11.0,0.0,22.0,1.0,70.0,42.0,42.0,2.0,106.0,2.0,111.0,1.0,112.0,111.0,,,,,1,127,43.0,50.0,0.0,,0.0,,0.0,,0.0,,112.0,,0.0,,57.0,70.0,,0.0,,,,,,,,,,,,,,,0.0,,,85.0,90.0,98.0,,,,,,,,,,,,,,,,,,,,,,,,0.0,,0.0,,0.0,,,,,,,,,,,,,,,,,,,0.0,,0.0,,0.0,,,0.0,,,,,,,,,,,0.0,,,,,,,,,,,,,,,,,,,,,,,,,,,,,,,,,,,,,,,,,,,,,,,,,,,,,,,,,,,,,,,,,,,,,,,,,,,,,,,,,,,,,,,,,,,,,,,,,,,,,,,,,,,,,,,,,,,,,,,,,,,,,,,,,,,,,,,,,,,,,,,,,,,,,,,,,,,,,,,,,,,,,,,,,,,,,,,,,,,,,,,,,,,,,,,,,,,,,,,,,,,,,,,,,,,,,,,,,,,,,,,,,,,16.0,1.0,-5.0,-41.0,-111.0,-90.0,-103.0,-15.0,-21.0,-57.0,-127.0,-106,-119,-6.0,-42.0,-112.0,-91.0,-104.0,-36.0,-106.0,-85.0,-98.0,-70.0,-49.0,-62.0,21.0,8.0,-13
30607,1,10,2009-03-12 01:00:00+00:00,1609,120,0,Gesetzentwurf,Parlament,"['Ausfertigung von Gesetzen', 'Ausfertigungs- und Verkündungsgesetz', 'Barrierefreiheit', 'Berichtigung', 'Digitale Signatur', 'Druckerzeugnis', 'E-Government', 'Elektronische Ausfertigung und Verkündung', 'Gesetz', 'Gesetz- und Verordnungsblatt', 'Gesetzgebungsverfahren', 'Informations- und Kommunikationstechnik', 'Internet', 'Landesverfassung', 'Landesverfassung: Art. 81', 'Rechtsverordnung', 'Verkündung von Gesetzen']",[-0.00706855  0.00113126 -0.00313501 ...  0.02200419  0.01082464   0.02413363],"[(np.int64(12), np.float64(0.458818421051152)), (np.int64(29), np.float64(0.45258960531155246)), (np.int64(19), np.float64(0.4438460658225079))]",12,0.458818421051152,0.0,1.0,0.3333333333333333,1,20,5.0,14.0,49.0,0.0,,55.0,98.0,1.0,109.0,0.0,,1.0,112.0,,,,,,1,120,104.0,,0.0,,0.0,,0.0,,0.0,,,,0.0,,,,,0.0,,,,,,,,,,,,,,,0.0,,,,,,,,,,,,,,,,,,,,,,,,,,,,,0.0,,0.0,,0.0,,,,,,,,,,,,,,,,,,,0.0,,0.0,,0.0,,,0.0,,,,,,,,,,,0.0,,,,,,,,,,,,,,,,,,,,,,,,,,,,,,,,,,,,,,,,,,,,,,,,,,,,,,,,,,,,,,,,,,,,,,,,,,,,,,,,,,,,,,,,,,,,,,,,,,,,,,,,,,,,,,,,,,,,,,,,,,,,,,,,,,,,,,,,,,,,,,,,,,,,,,,,,,,,,,,,,,,,,,,,,,,,,,,,,,,,,,,,,,,,,,,,,,,,,,,,,,,,,,,,,,,,,,,,,,,,,,,,,,,,,,,,,,-8.0,-11.0,,-106.0,-100,-120,-3.0,,-98.0,-92.0,-112.0,,-95.0,-89.0,-109.0,,,,6.0,-14.0,-20
30606,1,11,2009-03-12 01:00:00+00:00,1609,120,0,Gesetzentwurf,Staatsaufbau,"['Ausfertigung von Gesetzen', 'Ausfertigungs- und Verkündungsgesetz', 'Elektronische Ausfertigung und Verkündung', 'Gesetzgebungsverfahren', 'Informations- und Kommunikationstechnik', 'Landesverfassung: Art. 81', 'Rechtsverordnung', 'Verfassungsänderung']",[-0.02131355  0.00656481 -0.00912597 ...  0.01053902  0.01660337   0.01430716],"[(np.int64(19), np.float64(0.447976498786142)), (np.int64(29), np.float64(0.4193664643216402)), (np.int64(4), np.float64(0.39672356643488127))]",19,0.447976498786142,1.0,1.0,0.3333333333333333,1,20,5.0,14.0,49.0,0.0,,55.0,98.0,1.0,109.0,0.0,,1.0,111.0,,,,,,1,120,104.0,,0.0,,0.0,,0.0,,0.0,,,,1.0,112.0,,,,0.0,,,,,,,,,,,,,,,0.0,,,,,,,,,,,,,,,,,,,,,,,,,,,,,0.0,,0.0,,0.0,,,,,,,,,,,,,,,,,,,0.0,,0.0,,0.0,,,0.0,,,,,,,,,,,0.0,,,,,,,,,,,,,,,,,,,,,,,,,,,,,,,,,,,,,,,,,,,,,,,,,,,,,,,,,,,,,,,,,,,,,,,,,,,,,,,,,,,,,,,,,,,,,,,,,,,,,,,,,,,,,,,,,,,,,,,,,,,,,,,,,,,,,,,,,,,,,,,,,,,,,,,,,,,,,,,,,,,,,,,,,,,,,,,,,,,,,,8.0,-1.0,-3.0,,-98.0,-92.0,-112.0,,,,,,,,,,,,,,,,,,,,,,,,,,,,,,,,,,,,,,,,,,,,,,-9.0,-11.0,,-106.0,-100,-120,-2.0,,-97.0,-91.0,-111.0,,-95.0,-89.0,-109.0,,,,6.0,-14.0,-20
30630,1,6,2009-03-19 01:00:00+00:00,1616,76,0,Gesetzentwurf,Rauschmittel,"['Diskothek', 'Gaststätte', 'Gesundheitsschutz', 'Grundrecht', 'Hotel', 'Jugendlicher', 'Jugendschutz', 'Kind', 'Kindertagesstätte', 'Nebenraum', 'Nichtrauchendenschutzgesetz', 'Nichtraucher', 'Nichtraucherschutz', 'Rauchen', 'Rauchverbot', 'Spielhalle']",[-0.00862807  0.03958052  0.02437581 ...  0.00609395 -0.00681799   0.02835799],"[(np.int64(29), np.float64(0.518793786993541)), (np.int64(19), np.float64(0.45791673138777356)), (np.int64(9), np.float64(0.4513684920137553))]",29,0.518793786993541,0.5,1.0,0.3333333333333333,1,13,1.0,34.0,,0.0,,,,1.0,40.0,0.0,,1.0,55.0,,,,,,1,76,,,0.0,,0.0,,0.0,,0.0,,,,0.0,,,,,0.0,,,,,,,,,,,,,,,0.0,,,,,,,,,,,,,,,,,,,,,,,,,,,,,0.0,,0.0,,0.0,,,,,,,,,,,,,,,,,,,0.0,,0.0,,0.0,,,0.0,,,,,,,,,,,0.0,,,,,,,,,,,,,,,,,,,,,,,,,,,,,,,,,,,,,,,,,,,,,,,,,,,,,,,,,,,,,,,,,,,,,,,,,,,,,,,,,,,,,,,,,,,,,,,,,,,,,,,,,,,,,,,,,,,,,,,,,,,,,,,,,,,,,,,,,,,,,,,,,,,,,,,,,,,,,,,,,,,,,,,,,,,,,,,,,,,,,,,,,,,,,,,,,,,,,,,,,,,,,,,,,,,,,,,,,,,,,,,,,,,,,,,,,,-21.0,-36.0,,-42.0,-63,-76,-15.0,,-21.0,-42.0,-55.0,,-6.0,-27.0,-40.0,,,,-21.0,-34.0,-13
30631,2,11,2009-03-19 01:00:00+00:00,1616,120,0,Gesetzentwurf,Sozialversicherung,"['Alter Mensch', 'Bauordnung', 'Behinderter', 'Betreutes Wohnen', 'Betriebsuntersagung', 'Evaluation', 'Grundrechtsbeschränkung', 'Heimbewohner/Heimbewohnerin', 'Heimgesetz', 'Heimsicherungsverordnung', 'Krankenhaus', 'Landesamt für Soziales und Versorgung', 'Medizinischer Dienst der Krankenversicherung', 'Ordnungswidrigkeit', 'Pflegebedürftigkeit', 'Pflegeeinrichtung', 'Pflegeheim', 'Qualitätssicherung', 'Verbraucherschutz', 'Verordnung über die Zuständigkeit zur Durchführung des Heimgesetzes', 'Verordnung', 'Wohnform']",[-0.00293182  0.02321644  0.00711375 ...  0.03333642  0.00735187   0.03619383],"[(np.int64(29), np.float64(0.43959348417619415)), (np.int64(34), np.float64(0.41481187611707204)), (np.int64(36), np.float64(0.3867284108164854))]",29,0.43959348417619415,0.5,1.0,0.3333333333333333,1,13,3.0,34.0,62.0,1.0,62.0,90.0,,1.0,97.0,0.0,,1.0,104.0,,,,,,1,120,,,0.0,,0.0,,0.0,,0.0,,,,0.0,,,,,0.0,,,,,,,,,,,,,,,0.0,,,,,,,,,,,,,,,,,,,,,,,,,,,,,0.0,,0.0,,1.0,48.0,,,,,,,,,,,,,,,,4.0,,0.0,,0.0,,0.0,,,0.0,,,,,,,,,,,0.0,,,,,,,,,,,,,,,,,,,,,,,,,,,,,,,,,,,,,,,,,,,,,,,,,,,,,,,,,,,,,,,,,,,,,,,,,,,,,,,,,,,,,,,,,,,,,,,,,,,,,,,,,,,,,,,,72.0,56.0,49.0,14.0,-14.0,-35.0,-48.0,,,,,,,,,,,,,,,,,,,,,,,,,,,,,,,,,,,,,,,,,,,,,,,,,,,,,,,,,,,,,,,,,,,,,,,,,,,,,,,,,,,,,,,,,,,,,,,,,,,,,,,,,,,,,,,,,,,,-16.0,-23.0,-58.0,-86.0,-107,-120,-7.0,-42.0,-70.0,-91.0,-104.0,-35.0,-63.0,-84.0,-97.0,-28.0,-49.0,-62.0,-21.0,-34.0,-13
30795,1,10,2009-03-26 01:00:00+00:00,1623,111,34,Sitzung,"['Gerichte und Staatsanwaltschaften', 'Dienstleistungen']","['Beeidigung', 'Dolmetscher- und Übersetzerverzeichnis', 'Dolmetscher/Dolmetscherin', 'Ermächtigung', 'Gebühren', 'Gericht', 'Gerichtsneuordnungsgesetz', 'Justizkostengesetz', 'Justizverwaltungskosten', 'Notariat', 'Übersetzer/Übersetzerin', 'Vereidigung']",[ 0.01324478  0.00347308  0.01459869 ...  0.00771141 -0.01118448   0.01418663],"[(np.int64(29), np.float64(0.4133084394674844)), (np.int64(12), np.float64(0.39561874136992126)), (np.int64(19), np.float64(0.36349344103437564))]",29,0.4133084394674844,0.5,1.0,0.3333333333333333,1,48,3.0,0.0,70.0,0.0,,84.0,,1.0,90.0,1.0,98.0,1.0,97.0,,,,,,1,111,,,0.0,,0.0,,0.0,,0.0,,,,1.0,98.0,,,,0.0,,,,,,,,,,,,,,,0.0,,,,,,,,,,,,,,,,,,,,,,,,,,,,,0.0,,0.0,,0.0,,,,,,,,,,,,,,,,,,,0.0,,0.0,,0.0,,,0.0,,,,,,,,,,,0.0,,,,,,,,,,,,,,,,,,,,,,,,,,,,,,,,,,,,,,,,,,,,,,,,,,,,,,,,,,,,,,,,,,,,,,,,,,,,,,,,,,,,,,,,,,,,,,,,,,,,,,,,,,,,,,,,,,,,,,,,,,,,,,,,,,,,,,,,,,,,,,,,,,,,,,,,,,,,,,,,,,,,,,,,,,,,,,,,,,,,,0.0,13.0,-1.0,-8.0,,-98.0,-50.0,-64.0,,,,,,,,,,,,,,,,,,,,,,,,,,,,,,,,,,,,,,,13.0,-1.0,-8.0,,-98.0,-50.0,-64.0,-14.0,-21.0,,-111.0,-63,-77,-7.0,,-97.0,-49.0,-63.0,,-90.0,-42.0,-56.0,,,,48.0,34.0,-14
30801,2,14,2009-04-29 02:00:00+00:00,1658,72,0,Gesetzentwurf,"['Nation', 'Landesregierung']","['Aufarbeitungsbeauftragtengesetz', 'Beamter/Beamtin auf Zeit', 'Beratung', 'Besoldung', 'Besoldungsgesetz', 'Besoldungsrecht', 'Besolgungsgesetz', 'Bürger/Bürgerin', 'Deutsche Demokratische Republik', 'Diktatur', 'Inoffizieller Mitarbeiter des MfS', 'Landesbeauftragter/Landesbeauftragte für die Unterlagen des Staatssicherheitsdienstes der ehemaligen Deutschen Demokratischen Republik', 'Landesbeauftragter/Landesbeauftragte', 'Nationalsozialismus', 'Opferhilfe', 'Personenbezogene Daten', 'Sowjetische Besatzungszone', 'Staatssicherheitsdienst der DDR']",[-0.00666838  0.01327776 -0.00808468 ...  0.02927008  0.00224247   0.03115847],"[(np.int64(32), np.float64(0.5031685470171743)), (np.int64(19), np.float64(0.42228123941556855)), (np.int64(9), np.float64(0.405078101467709))]",32,0.5031685470171743,1.0,1.0,1.0,1,14,7.0,20.0,21.0,1.0,50.0,49.0,50.0,1.0,61.0,0.0,,1.0,63.0,,,,,,1,72,50.0,55.0,0.0,,0.0,,0.0,,0.0,,,,0.0,,56.0,,,0.0,,,,,,,,,,,,,,,0.0,,,,,,,,,,,,,,,,,,,,,,,,,,,,,0.0,,0.0,,0.0,,,,,,,,,,,,,,,,,14.0,,0.0,,0.0,,0.0,,,0.0,,,,,,,,,,,0.0,,,,,,,,,,,,,,,,,,,,,,,,,,,,,,,,,,,,,,,,,,,,,,,,,,,,,,,,,,,,,,,,,,,,,,,,,,,,,,,,,,,,,,,,,,,,,,,,,,,,,,,,,,,,,,,,,,,,,,,,,,,,,,,,,,,,,,,,,,,,,,,,,,,,,,,,,,,,,,,,,,,,,,,,,,,,,,,,,,,,,,,,,,,,,,,,,,,,,,,,,,,,,,,,,,,,,,,,,,,,,,,,,,,,,,,,,,-9.0,-11.0,-22.0,-52.0,-58,-72,-2.0,-13.0,-43.0,-49.0,-63.0,-11.0,-41.0,-47.0,-61.0,-30.0,-36.0,-50.0,-6.0,-20.0,-14
30810,1,11,2009-04-30 02:00:00+00:00,1659,75,0,Gesetzentwurf,"['Öffentlicher Dienst', 'Landesregierung']","['Beamtenrecht', 'Beamtenversorgungsgesetz', 'Beamter/Beamtin', 'Besoldung', 'Besoldungs- und Versorgungsanpassungsgesetz', 'Besoldungs-Übergangsverordnung', 'Besoldungsrecht', 'Brandenburgischer IT-Dienstleister', 'Einkommensentwicklung', 'Erwerbseinkommen', 'Kommunalbeamter/Kommunalbeamtin', 'Kommunalbesoldungsverordnung des Bundes', 'Landesbeamtengesetz', 'Richter/Richterin', 'Ruhegehalt', 'Versorgungsbezüge', 'Versorgungsempfänger', 'Wahlbeamter/Wahlbeamtin']",[-0.00460808 -0.00243782  0.01617287 ...  0.00609455  0.00585672   0.01391342],"[(np.int64(5), np.float64(0.41893583809639756)), (np.int64(29), np.float64(0.3838906044370018)), (np.int64(21), np.float64(0.3809150557916786))]",5,0.41893583809639756,1.0,1.0,0.3333333333333333,1,13,3.0,49.0,54.0,0.0,,61.0,,2.0,56.0,1.0,62.0,1.0,62.0,,,,,,1,75,,,0.0,,0.0,,0.0,,1.0,75.0,62.0,,0.0,,,,,0.0,,,,,,,,,,,,,,,0.0,,,,,,,,,,,,,,,,,,,,,,,,,,,,,0.0,,0.0,,0.0,,,,,,,,,,,,,,,,,,,0.0,,0.0,,0.0,,,0.0,,,,,,,,,,,0.0,,,,,,,,,,,,,,,,,,,,,,,,,,,,,,,,,,,,,,,,,,,,,,,,,,,,,,,,,,,,,,,,,,,,,,,,,,,,,,,,,,,,,,,,,,,,,,,,,,,,,,,,,,,,,,,,,,,,,,,,,,,,,,,,,,,,,,,,,,,,,,,,,,,,,,,,,,,,,,,,,,,,,,,,,,,,,,,,,,,,,,,,,,,,,,,,,,,,,,,,,,-13.0,0.0,-13.0,-19.0,,-26.0,-62.0,-75.0,,,,,,,,,,,,,,,,,,13.0,0.0,-6.0,,-13.0,-49.0,-62.0,-13.0,-19.0,,-26.0,-62,-75,-6.0,,-13.0,-49.0,-62.0,,-7.0,-43.0,-56.0,,,,-36.0,-49.0,-13
32056,1,10,2009-10-21 02:00:00+00:00,1833,91,0,Gesetzentwurf,Abgeordnete,"['Abgeordnetengesetz', 'Abgeordneter', 'Akteneinsicht', 'Bundesbeauftragter für die Unterlagen des Staatssicherheitsdienstes der ehemaligen DDR', 'Deutsche Demokratische Republik', 'Geheimhaltung', 'Geschäftsordnung des Landtags', 'Kommission zur Überprüfung der Abgeordneten', 'Kriminalpolizei', 'Landtag Brandenburg', 'Landtagspräsidium', 'Mandat', 'Ministerium für Staatssicherheit der DDR', 'Parlamentarisches Gremium', 'Personenbezogene Daten', 'Polizei', 'Spitzel', 'Stasi-Überprüfung']",[-0.0014187   0.00534625 -0.03177885 ...  0.02269918 -0.00295687   0.00591373],"[(np.int64(19), np.float64(0.42147927196723145)), (np.int64(29), np.float64(0.4157799313496474)), (np.int64(31), np.float64(0.4102980545980137))]",19,0.42147927196723145,0.0,1.0,0.5,1,0,4.0,48.0,83.0,0.0,,83.0,89.0,1.0,89.0,0.0,,1.0,91.0,,,,,,1,91,,,0.0,,0.0,,0.0,,0.0,,,,0.0,,,,,0.0,,,,,,,,,,,,,,,0.0,,,,,,,,,,,,,,,,,,,,,,,,,,,,,1.0,83.0,0.0,,0.0,,,,,,,,,,,,,,,,,,,0.0,,0.0,,0.0,,,0.0,,,,,,,,,,,0.0,,,,,,,,,,,,,,,,,,,,,,,,,,,,,,,,,,,,,,,,,,,,,,,,,,,,,,,,,,,,,,,,,,,,,,,,,,,,,,,,,,,,,,,,,,,,,,,,,,,,,,,,,,,,,,,,,,,,,,,,,,,,,,,,,,,,,,,,,,,,,,,8.0,8.0,6.0,,-35.0,-83.0,-83.0,,,,,,,,,,,,,,,,,,,,,,,,,,,,,,,,,,,,,,,,,,,,,,,,,,,,,,,,,,,,,,,,,,,,,,,,,,,,,,,,,,,,,0.0,-2.0,,-43.0,-91,-91,-2.0,,-43.0,-91.0,-91.0,,-41.0,-89.0,-89.0,,,,-48.0,-48.0,0
32082,1,7,2009-11-05 01:00:00+00:00,1847,347,0,Gesetzentwurf,Menschenrechte,"['Folter', 'Länderkommission zur Verhütung von Folter', 'Menschenrechte', 'Misshandlung', 'Staatsvertrag über die Einrichtung eines nationalen Mechanismus aller Länder nach Artikel 3 des Fakultativprotokolls vom 18. Dezember 2002 zu dem Übereinkommen der Vereinten Nationen gegen Folter und andere grausame, unmenschliche oder erniedrigende Behandlung oder Strafe', 'UN-Antifolterkonvention', 'Vereinte Nationen']",[ 0.01209225  0.02573326 -0.00565894 ...  0.00726726  0.01560675   0.01489194],"[(np.int64(12), np.float64(0.3873241747160013)), (np.int64(29), np.float64(0.3597469100113996)), (np.int64(9), np.float64(0.3446436983312705))]",12,0.3873241747160013,1.0,0.5,0.4166666666666666,1,13,1.0,34.0,,0.0,,,,1.0,34.0,0.0,,1.0,76.0,,,,,,1,103,,,0.0,,0.0,,0.0,,1.0,347.0,,,0.0,,,,,0.0,,,,,,,,,,,,,,,0.0,,,,,,,,,,,,,,,,,,,,,,,,,,,,,0.0,,0.0,,0.0,,,,,,,,,,,,,,,,,,,0.0,,0.0,,0.0,,,0.0,,,,,,,,,,,0.0,,,,,,,,,,,,,,,,,,,,,,,,,,,,,,,,,,,,,,,,,,,,,,,,,,,,,,,,,,,,,,,,,,,,,,,,,,,,,,,,,,,,,,,,,,,,,,,,,,,,,,,,,,,,,,,,,,,,,,,,,,,,,,,,,,,,,,,,,,,,,,,,,,,,,,,,,,,,,,,,,,,,,,,,,,,,,,,,,,,,,,,,,,,,,,,,,,,,,,,,,,,-244.0,-271.0,-313.0,,-313.0,-334.0,-347.0,,,,,,,,,,,,,,,,,,,,,,,,,-27.0,-69.0,,-69.0,-90,-103,-42.0,,-42.0,-63.0,-76.0,,0.0,-21.0,-34.0,,,,-21.0,-34.0,-13
32166,1,5,2009-12-02 01:00:00+00:00,1874,98,0,Gesetzentwurf,Parlament,"['Ausfertigung von Rechtsvorschriften', 'Ausfertigungs- und Verkündungsgesetz', 'Barrierefreiheit', 'Berichtigung', 'Druckerzeugnis', 'E-Government', 'Elektronische Signatur', 'Gesetz', 'Gesetz- und Verordnungsblatt', 'Gesetzgebungsverfahren', 'Informations- und Kommunikationstechnik', 'Internet', 'Landesverfassung', 'Landesverfassung: Art. 81', 'Rechtsverordnung', 'Verkündung von Rechtsvorschriften']",[-0.00637201 -0.003068   -0.00177738 ...  0.01958802  0.01475001   0.02678602],"[(np.int64(12), np.float64(0.46134273605984444)), (np.int64(29), np.float64(0.44759928510321134)), (np.int64(19), np.float64(0.44102228547650774))]",12,0.46134273605984444,1.0,0.5,0.4166666666666666,1,14,0.0,,,0.0,,,,0.0,,0.0,,1.0,15.0,,,,,,1,21,,,0.0,,0.0,,0.0,,1.0,98.0,,,0.0,,,,,0.0,,,,,,,,,,,,,,,0.0,,,,,,,,,,,,,,,,,,,,,,,,,,,,,0.0,,0.0,,0.0,,,,,,,,,,,,,,,,,,,0.0,,0.0,,0.0,,,0.0,,,,,,,,,,,0.0,,,,,,,,,,,,,,,,,,,,,,,,,,,,,,,,,,,,,,,,,,,,,,,,,,,,,,,,,,,,,,,,,,,,,,,,,,,,,,,,,,,,,,,,,,,,,,,,,,,,,,,,,,,,,,,,,,,,,,,,,,,,,,,,,,,,,,,,,,,,,,,,,,,,,,,,,,,,,,,,,,,,,,,,,,,,,,,,,,,,,,,,,,,,,,,,,,,,,,,,,,,-77.0,-83.0,,,,-84.0,-98.0,,,,,,,,,,,,,,,,,,,,,,,,,-6.0,,,,-7,-21,,,,-1.0,-15.0,,,,,,,,,,-14
32176,1,7,2009-12-03 01:00:00+00:00,1875,168,0,Gesetzentwurf,"['Rundfunk Fernsehen', 'Informationsgesellschaft Medien']","['Jugendmedienschutz-Staatsvertrag', 'Öffentlich-rechtlicher Rundfunk', 'Öffentlich-rechtliches Fernsehen', 'Richtlinie der EU', 'Rundfunk', 'Rundfunkrecht', 'Rundfunkstaatsvertrag', 'Staatsvertrag', 'Online-Dienst']",[0.01052111 0.01063867 0.00267436 ... 0.00499606 0.00240986 0.01951402],"[(np.int64(29), np.float64(0.40099576060589587)), (np.int64(12), np.float64(0.3849244339222109)), (np.int64(2), np.float64(0.3838149948774898))]",29,0.40099576060589587,0.5,0.5,0.5,1,14,1.0,41.0,,0.0,,,,1.0,42.0,0.0,,1.0,48.0,,,,,,1,75,,,0.0,,0.0,,0.0,,1.0,168.0,,,0.0,,,,,0.0,,,,,,,,,,,,,,,0.0,,,,,,,,,,,,,,,,,,,,,,,,,,,,,0.0,,0.0,,0.0,,,,,,,,,,,,,,,,,,,0.0,,0.0,,0.0,,,0.0,,,,,,,,,,,0.0,,,,,,,,,,,,,,,,,,,,,,,,,,,,,,,,,,,,,,,,,,,,,,,,,,,,,,,,,,,,,,,,,,,,,,,,,,,,,,,,,,,,,,,,,,,,,,,,,,,,,,,,,,,,,,,,,,,,,,,,,,,,,,,,,,,,,,,,,,,,,,,,,,,,,,,,,,,,,,,,,,,,,,,,,,,,,,,,,,,,,,,,,,,,,,,,,,,,,,,,,,,-93.0,-120.0,-126.0,,-127.0,-154.0,-168.0,,,,,,,,,,,,,,,,,,,,,,,,,-27.0,-33.0,,-34.0,-61,-75,-6.0,,-7.0,-34.0,-48.0,,-1.0,-28.0,-42.0,,,,-27.0,-41.0,-14
32177,1,7,2009-12-03 01:00:00+00:00,1875,186,0,Gesetzentwurf,"['Informations- und Kommunikationstechnologien', 'Öffentliche Verwaltung', 'Staatsaufbau']","['Bundesverwaltung', 'Grundgesetz Art. 91c', 'Informations- und Kommunikationstechnik', 'Kommunalverwaltung', 'Landesverwaltung', 'Öffentliche Verwaltung', 'Staatsvertrag']",[ 0.00928754  0.00091594 -0.01194112 ...  0.02122866  0.01555964   0.02991311],"[(np.int64(16), np.float64(0.3851561735123712)), (np.int64(13), np.float64(0.36232658983613186)), (np.int64(12), np.float64(0.360681572040254))]",16,0.3851561735123712,0.0,1.0,0.5,1,13,1.0,41.0,,0.0,,,,1.0,42.0,0.0,,1.0,48.0,,,,,,1,75,,,0.0,,0.0,,0.0,,1.0,186.0,,,0.0,,,,,0.0,,,,,,,,,,,,,,,0.0,,,,,,,,,,,,,,,,,,,,,,,,,,,,,0.0,,0.0,,0.0,,,,,,,,,,,,,,,,,,,0.0,,0.0,,0.0,,,0.0,,,,,,,,,,,0.0,,,,,,,,,,,,,,,,,,,,,,,,,,,,,,,,,,,,,,,,,,,,,,,,,,,,,,,,,,,,,,,,,,,,,,,,,,,,,,,,,,,,,,,,,,,,,,,,,,,,,,,,,,,,,,,,,,,,,,,,,,,,,,,,,,,,,,,,,,,,,,,,,,,,,,,,,,,,,,,,,,,,,,,,,,,,,,,,,,,,,,,,,,,,,,,,,,,,,,,,,,,-111.0,-138.0,-144.0,,-145.0,-173.0,-186.0,,,,,,,,,,,,,,,,,,,,,,,,,-27.0,-33.0,,-34.0,-62,-75,-6.0,,-7.0,-35.0,-48.0,,-1.0,-29.0,-42.0,,,,-28.0,-41.0,-13
32206,1,6,2009-12-08 01:00:00+00:00,1880,36,0,Gesetzentwurf,Verfassungsschutz Spionage,"['Parlamentarisches Kontrollgremium', 'Verfassungsschutz']",[-0.01411655  0.01957336  0.00483403 ...  0.02206452  0.01779397   0.02408117],"[(np.int64(19), np.float64(0.5877339341185928)), (np.int64(29), np.float64(0.5046447849739344)), (np.int64(9), np.float64(0.5002272159065618))]",19,0.5877339341185928,0.0,1.0,0.5,1,8,0.0,,,0.0,,,,0.0,,1.0,7.0,1.0,9.0,,,,,,1,36,,,0.0,,0.0,,0.0,,0.0,,,,0.0,,,,,0.0,,,,,,,,,,,,,,,0.0,,,,,,,,,,,,,,,,,,,,,,,,,,,,,0.0,,0.0,,0.0,,,,,,,,,,,,,,,,,,,1.0,8.0,0.0,,0.0,,,0.0,,,,,,,,,,,0.0,,,,,,,,,,,,,,,,,,,,,,,,,,,,,,,,,,,,,,,,,,,,,,,,,,,,,,,,,,,,,,,,,,,,,,,,,,,,,,,,,,,,,,,,,,,,,,-1.0,28.0,1.0,,,,0.0,-8.0,,,,,,,,,,,,,,,,,,,,,,,,,,,,,,,,,,,,,,,,,,,,,,,,,,,,,,,,,,,,,,,,,,,,,,,,,,,,,,,,,,,,,,,,,,,,,,,,,,,,,,,,,,,,,,,,,,,,,,,,,,,,,,29.0,2.0,,,,1.0,-7.0,-27.0,,,,-28,-36,,,,-1.0,-9.0,,,,,,,,,,-8
32175,1,7,2009-12-10 01:00:00+00:00,1882,92,0,Gesetzentwurf,Bauwesen,"['Bauaufsicht', 'Bauordnungsrecht', 'Bauprodukt', 'EU-Recht', 'Richtlinie der EU']",[-0.00453698  0.01190221  0.02710405 ...  0.01496615  0.00412453   0.0167338 ],"[(np.int64(29), np.float64(0.4801935182997717)), (np.int64(4), np.float64(0.47255786500610236)), (np.int64(19), np.float64(0.45778821371802536))]",29,0.4801935182997717,0.5,0.5,0.5,1,6,2.0,36.0,70.0,0.0,,,,1.0,71.0,0.0,,1.0,76.0,,,,,,1,92,,,0.0,,0.0,,0.0,,0.0,,,,0.0,,,,,0.0,,,,,,,,,,,,,,,0.0,,,,,,,,,,,,,,,,,,,,,,,,,,,,,0.0,,0.0,,0.0,,,,,,,,,,,,,,,,,,,0.0,,0.0,,0.0,,,0.0,,,,,,,,,,,0.0,,,,,,,,,,,,,,,,,,,,,,,,,,,,,,,,,,,,,,,,,,,,,,,,,,,,,,,,,,,,,,,,,,,,,,,,,,,,,,,,,,,,,,,,,,,,,,,,,,,,,,,,,,,,,,,,,,,,,,,,,,,,,,,,,,,,,,,,,,,,,,,,,,,,,,,,,,,,,,,,,,,,,,,,,,,,,,,,,,,,,,,,,,,,,,,,,,,,,,,,,,,,,,,,,,,,,,,,,,,,,,,,,,,,,,,,,,-16.0,-21.0,,-56.0,-86,-92,-5.0,,-40.0,-70.0,-76.0,,-35.0,-65.0,-71.0,,,,-30.0,-36.0,-6
32326,1,7,2010-01-05 01:00:00+00:00,1908,98,0,Gesetzentwurf,"['Vermessungs- und Katasterwesen', 'Informations- und Kommunikationstechnologien']","['Bauordnungsrecht', 'Behörde', 'Datenbank', 'Gebühr', 'Geodateninfrastrukturgesetz', 'Geoinformation', 'Geoinformations- und Vermessungsgesetz', 'Informationssystem', 'INSPIRE-Umsetzungsgesetz', 'ÖbVI-Berufsordnung', 'ÖbVI-Geschäftsabschlussverordnung', 'Öffentliche Verwaltung', 'Richtlinie der EU', 'Straßen- und Wegerecht', 'Straßengesetz', 'Vermessungsgesetz', 'Vermessungsingenieur', 'Verordnung', 'Zulassungsprüfungsverordnung-ÖbVI']",[-0.00345241  0.00616077 -0.01178582 ...  0.00284229  0.01375012   0.01494061],"[(np.int64(29), np.float64(0.35610631556989536)), (np.int64(9), np.float64(0.335462764387652)), (np.int64(19), np.float64(0.3324123220997986))]",29,0.35610631556989536,0.5,0.5,0.5,1,15,2.0,23.0,58.0,0.0,,,,1.0,70.0,0.0,,1.0,78.0,,,,,,1,98,,,0.0,,0.0,,0.0,,0.0,,,,0.0,,,,,0.0,,,,,,,,,,,,,,,0.0,,,,,,,,,,,,,,,,,,,,,,,,,,,,,0.0,,0.0,,0.0,,,,,,,,,,,,,,,,,,,0.0,,0.0,,0.0,,,0.0,,,,,,,,,,,0.0,,,,,,,,,,,,,,,,,,,,,,,,,,,,,,,,,,,,,,,,,,,,,,,,,,,,,,,,,,,,,,,,,,,,,,,,,,,,,,,,,,,,,,,,,,,,,,,,,,,,,,,,,,,,,,,,,,,,,,,,,,,,,,,,,,,,,,,,,,,,,,,,,,,,,,,,,,,,,,,,,,,,,,,,,,,,,,,,,,,,,,,,,,,,,,,,,,,,,,,,,,,,,,,,,,,,,,,,,,,,,,,,,,,,,,,,,,-20.0,-28.0,,-75.0,-83,-98,-8.0,,-55.0,-63.0,-78.0,,-47.0,-55.0,-70.0,,,,-8.0,-23.0,-15
32338,1,6,2010-01-07 01:00:00+00:00,1910,64,0,Gesetzentwurf,"['Öffentliches Recht', 'Bauwesen']","['Architekt', 'Architektengesetz', 'Architektenkammer', 'Bauberuf', 'Berufsbezeichnung', 'Berufsqualifikationsanerkennungsrichtlinie', 'Berufsrecht', 'Bürokratieabbau', 'Dienstleistung', 'Einheitlicher Ansprechpartner', 'Ingenieur', 'Ingenieurgesetz']",[-1.07960394e-02  3.55443382e-03  2.33619213e-02 ... -4.60896517e-05   1.08402863e-03  1.61645617e-02],"[(np.int64(29), np.float64(0.41113179397749705)), (np.int64(19), np.float64(0.37455263133322436)), (np.int64(10), np.float64(0.3721947169629357))]",29,0.41113179397749705,0.5,0.5,0.5,1,14,1.0,42.0,,0.0,,,,1.0,43.0,0.0,,1.0,48.0,,,,,,1,64,,,0.0,,0.0,,0.0,,0.0,,,,0.0,,,,,0.0,,,,,,,,,,,,,,,0.0,,,,,,,,,,,,,,,,,,,,,,,,,,,,,0.0,,0.0,,0.0,,,,,,,,,,,,,,,,,,,0.0,,0.0,,0.0,,,0.0,,,,,,,,,,,0.0,,,,,,,,,,,,,,,,,,,,,,,,,,,,,,,,,,,,,,,,,,,,,,,,,,,,,,,,,,,,,,,,,,,,,,,,,,,,,,,,,,,,,,,,,,,,,,,,,,,,,,,,,,,,,,,,,,,,,,,,,,,,,,,,,,,,,,,,,,,,,,,,,,,,,,,,,,,,,,,,,,,,,,,,,,,,,,,,,,,,,,,,,,,,,,,,,,,,,,,,,,,,,,,,,,,,,,,,,,,,,,,,,,,,,,,,,,-16.0,-21.0,,-22.0,-50,-64,-5.0,,-6.0,-34.0,-48.0,,-1.0,-29.0,-43.0,,,,-28.0,-42.0,-14
32343,1,9,2010-01-12 01:00:00+00:00,1915,133,0,Gesetzentwurf,Datenschutz,"['Aufsichtsbehörde', 'Datenschutz', 'Datenschutzrichtlinie', 'Informationssicherheit', 'Landesbeauftragter für den Datenschutz und das Recht auf Akteneinsicht', 'Personalausstattung', 'Personenbezogene Daten', 'Staatsaufsicht', 'Verordnung über die Regelung von Zuständigkeiten im Datenschutz', 'Verordnung']",[ 0.00020526 -0.00986721 -0.00915392 ...  0.0212799   0.01878337   0.03352475],"[(np.int64(19), np.float64(0.47831722390890463)), (np.int64(29), np.float64(0.4479663203860921)), (np.int64(9), np.float64(0.39293715445536825))]",19,0.47831722390890463,0.0,1.0,0.5,1,43,2.0,51.0,93.0,0.0,,,,1.0,99.0,1.0,37.0,1.0,114.0,,,,,,1,133,,,0.0,,0.0,,0.0,,0.0,,,,0.0,,,,,0.0,,,,,,,,,,,,,,,0.0,,,,,,,,,,,,,,,,,,,,,,,,,,,,,0.0,,0.0,,0.0,,,,,,,,,,,,,,,,,,,1.0,113.0,0.0,,0.0,,,0.0,,,,,,,,,,,0.0,,,,,,,,,,,,,,,,,,,,,,,,,,,,,,,,,,,,,,,,,,,,,,,,,,,,,,,,,,,,,,,,,,,,,,,,,,,,,,,,,,,,,,,,,,,,,,-76.0,20.0,1.0,-14.0,,-62.0,-70.0,-113.0,,,,,,,,,,,,,,,,,,,,,,,,,,,,,,,,,,,,,,,,,,,,,,,,,,,,,,,,,,,,,,,,,,,,,,,,,,,,,,,,,,,,,,,,,,,,,,,,,,,,,,,,,,,,,,,,,,,,,,,,,,,,,,96.0,77.0,62.0,,14.0,6.0,-37.0,-19.0,-34.0,,-82.0,-90,-133,-15.0,,-63.0,-71.0,-114.0,,-48.0,-56.0,-99.0,,,,-8.0,-51.0,-43
32582,2,35,2010-01-28 01:00:00+00:00,1931,103,13,Sitzung,Öffentlicher Haushalt,"['Einzelplan 01 - Landtag', 'Einzelplan 02 - Ministerpräsident und Staatskanzlei', 'Einzelplan 03 - Ministerium des Innern', 'Einzelplan 04 - Ministerium der Justiz', 'Einzelplan 05 - Ministerium für Bildung, Jugend und Sport', 'Einzelplan 06 - Ministerium für Wissenschaft, Forschung und Kultur', 'Einzelplan 07 - Ministerium für Arbeit, Soziales, Frauen und Familie', 'Einzelplan 08 - Ministerium für Wirtschaft und Europaangelegenheiten', 'Einzelplan 10 - Ministerium für Umwelt, Gesundheit und Verbraucherschutz', 'Einzelplan 11 - Ministerium für Infrastruktur und Landwirtschaft', 'Einzelplan 12 - Ministerium der Finanzen', 'Einzelplan 13 - Landesrechnungshof', 'Einzelplan 14 - Verfassungsgericht des Landes Brandenburg', 'Einzelplan 20 - Allgemeine Finanzverwaltung', 'Finanzpolitik', 'Landeshaushalt', 'Landesregierung', 'Öffentlicher Haushalt']",[ 5.41928830e-03  2.14376263e-02 -1.53297000e-02 ...  7.48520470e-05  -4.43124119e-03  2.91024763e-02],"[(np.int64(34), np.float64(0.4905232349491234)), (np.int64(19), np.float64(0.4741754297956328)), (np.int64(29), np.float64(0.46227430372393785))]",34,0.4905232349491234,1.0,1.0,1.0,1,27,8.0,0.0,20.0,0.0,,28.0,77.0,16.0,92.0,3.0,89.0,1.0,97.0,89.0,89.0,,,,1,103,83.0,84.0,0.0,,0.0,,0.0,,0.0,,92.0,92.0,1.0,99.0,85.0,98.0,,1.0,28.0,92.0,92.0,92.0,92.0,92.0,92.0,92.0,92.0,92.0,92.0,92.0,92.0,98.0,1.0,98.0,,,,,,,,,,,,,,,,,,,,,,,,,,,,0.0,,0.0,,0.0,,,,,,,,,,,,,,,,,27.0,,0.0,,0.0,,0.0,,,0.0,,,,,,,,,,,0.0,,,,,,,,,,,,,,,,,,,,,,,,,,,,,,,,,,,,,,,,,,,,,,,,,,,,,,,,,,,,,,,,,,,,,,,,,,,,,,,,,,,,,,,,,,,,,,,,,,,,,,,,,,,,,,,,,,,,,,,,,,,,,,,,,,,,,,,,,,,,,,,,,,,,,,,,,,,,,,,,,,,,,,,,,,,,,,,,,-1.0,,-71.0,,-10.0,4.0,-2.0,-7.0,,-99.0,-72.0,-86.0,,-70.0,,-9.0,5.0,-1.0,-6.0,,-98.0,-71.0,-85.0,,,,,,,,,,,,61.0,75.0,69.0,64.0,,-28.0,-1.0,-15.0,,,,,,,,,14.0,8.0,3.0,,-89.0,-62.0,-76.0,-6.0,-11.0,,-103.0,-76,-90,-5.0,,-97.0,-70.0,-84.0,,-92.0,-65.0,-79.0,,,,27.0,13.0,-14
32599,1,5,2010-02-12 01:00:00+00:00,1946,28,0,Gesetzentwurf,Öffentlicher Dienst,"['Akademie für Staat und Recht', 'Amt für Nationale Sicherheit', 'Beamter', 'Deutsche Demokratische Republik', 'Freie Deutsche Jugend', 'Freier Deutscher Gewerkschaftsbund', 'Grenztruppen der DDR', 'Jubiläum', 'Jubiläumszuwendung', 'Landesbeamtengesetz', 'Ministerium für Staatssicherheit der DDR', 'Sozialistische Einheitspartei Deutschlands', 'Staatsorgan']",[ 0.00518207  0.0190605  -0.00738594 ...  0.00798158 -0.00711791   0.02644644],"[(np.int64(16), np.float64(0.37428111462053304)), (np.int64(12), np.float64(0.36489182292729316)), (np.int64(19), np.float64(0.35535266811807925))]",16,0.37428111462053304,0.0,1.0,0.5,1,12,1.0,20.0,,0.0,,,,0.0,,0.0,,1.0,13.0,,,,,,1,28,,,0.0,,0.0,,0.0,,0.0,,,,0.0,,,,,0.0,,,,,,,,,,,,,,,0.0,,,,,,,,,,,,,,,,,,,,,,,,,,,,,0.0,,0.0,,0.0,,,,,,,,,,,,,,,,,,,0.0,,0.0,,0.0,,,0.0,,,,,,,,,,,0.0,,,,,,,,,,,,,,,,,,,,,,,,,,,,,,,,,,,,,,,,,,,,,,,,,,,,,,,,,,,,,,,,,,,,,,,,,,,,,,,,,,,,,,,,,,,,,,,,,,,,,,,,,,,,,,,,,,,,,,,,,,,,,,,,,,,,,,,,,,,,,,,,,,,,,,,,,,,,,,,,,,,,,,,,,,,,,,,,,,,,,,,,,,,,,,,,,,,,,,,,,,,,,,,,,,,,,,,,,,,,,,,,,,,,,,,,,,-15.0,,,-8.0,-16,-28,,,7.0,-1.0,-13.0,,,,,,,,-8.0,-20.0,-12
32635,1,4,2010-02-17 01:00:00+00:00,1951,12,0,Gesetzentwurf,"['Nation', 'Landesregierung']","['Aufarbeitungsbeauftragtengesetz', 'Beamtenverhältnis', 'Beamter auf Zeit', 'Gutachten', 'Landtag Brandenburg', 'Wahl']",[0.00286107 0.00898765 0.01108477 ... 0.0162976  0.00856822 0.02684311],"[(np.int64(19), np.float64(0.476598400560763)), (np.int64(29), np.float64(0.4696114658016903)), (np.int64(4), np.float64(0.41363962811748795))]",19,0.476598400560763,0.0,1.0,0.5,1,7,0.0,,,0.0,,,,0.0,,0.0,,1.0,8.0,,,,,,1,12,,,0.0,,0.0,,0.0,,0.0,,,,0.0,,,,,0.0,,,,,,,,,,,,,,,0.0,,,,,,,,,,,,,,,,,,,,,,,,,,,,,0.0,,0.0,,0.0,,,,,,,,,,,,,,,,,,,0.0,,0.0,,0.0,,,0.0,,,,,,,,,,,0.0,,,,,,,,,,,,,,,,,,,,,,,,,,,,,,,,,,,,,,,,,,,,,,,,,,,,,,,,,,,,,,,,,,,,,,,,,,,,,,,,,,,,,,,,,,,,,,,,,,,,,,,,,,,,,,,,,,,,,,,,,,,,,,,,,,,,,,,,,,,,,,,,,,,,,,,,,,,,,,,,,,,,,,,,,,,,,,,,,,,,,,,,,,,,,,,,,,,,,,,,,,,,,,,,,,,,,,,,,,,,,,,,,,,,,,,,,,-4.0,,,,-5,-12,,,,-1.0,-8.0,,,,,,,,,,-7
33113,1,11,2010-03-11 01:00:00+00:00,1973,126,43,Sitzung,"['Frühkindliche Bildung', 'Kinder Jugendliche']","['Elementarbildung', 'Erzieher', 'Kinder- und Jugendhilfe', 'Kinderbetreuung', 'Kindertagesstätte', 'Kosten', 'Landesmittel', 'Personalausstattung', 'Personalkosten', 'Seiteneinsteiger', 'Sprachförderung']",[-0.0030191   0.01131058  0.01478623 ... -0.00860075 -0.02639135   0.02674481],"[(np.int64(29), np.float64(0.34000093385218233)), (np.int64(12), np.float64(0.3196286403618969)), (np.int64(20), np.float64(0.318863251713968))]",29,0.34000093385218233,0.5,0.5,0.5,1,57,4.0,0.0,70.0,0.0,,105.0,105.0,1.0,109.0,0.0,,1.0,112.0,,,,,,1,126,,,1.0,110.0,0.0,,0.0,,0.0,,,,0.0,,,,,0.0,,,,,,,,,,,,,,,0.0,,,,,,,,,,,,,,,,,,,,,,,,,,,,,1.0,105.0,0.0,,0.0,,,,,,,,,,,,,,,,,,,0.0,,0.0,,0.0,,,0.0,,,,,,,,,,,0.0,,,,,,,,,,,,,,,,,,,,,,,,,,,,,,,,,,,,,,,,,,,,,,,,,,,,,,,,,,,,,,,,,,,,,,,,,,,,,,,,,,,,,,,,,,,,,,,,,,,,,,,,,,,,,,,,,,,,,,,,,,,,,,,,,,,,,,,,,,,,,5.0,,21.0,7.0,4.0,,-105.0,-48.0,-62.0,,,,,,,,,,,,,,,,,,,,,,,,,,,,,,,,,,,,,,,,,,,,,,,,,,,,,,,,,,,,,,,,,,,,,,,16.0,2.0,-1.0,,-110.0,-53.0,-67.0,,,,,,,,-14.0,-17.0,,-126.0,-69,-83,-3.0,,-112.0,-55.0,-69.0,,-109.0,-52.0,-66.0,,,,57.0,43.0,-14
32817,1,11,2010-03-11 01:00:00+00:00,1973,126,0,Gesetzentwurf,Öffentliche Verwaltung,"['Abfall- und Bodenschutz-Zuständigkeitsverordnung', 'Abwasserabgabengesetz', 'Altenpflegehilfegesetz', 'Arzneimittel', 'Badegewässerverordnung', 'Berufsbildungsgesetz', 'Besoldungsgesetz', 'Brandenburgisches Gesetz zur Ausführung des Schwangerschaftskonfliktgesetzes', 'EU-Recht', 'Fischerei', 'Fischereigesetz', 'Gefahrgutzuständigkeitsverordnung', 'Gefahrstoffzuständigkeitsverordnung', 'Gesetz über die Errichtung eines Landesamtes für Verbraucherschutz und Landwirtschaft und die Auflösung des Landesamtes für Ernährung und Landwirtschaft', 'Gesetz zur Ausführung des Tierische Nebenprodukte-Beseitigungsgesetzes', 'Gesetz zur Errichtung des Landesamtes für Umwelt, Gesundheit und Verbraucherschutz und des Landesamtes für Ländliche Entwicklung, Landwirtschaft und Flurneuordnung sowie zur Auflösung des Landesumweltamtes und des Landesamtes für Verbraucherschutz, Landwirtschaft und Flurneuordnung', 'Gesundheitsdienstgesetz', 'Hauswirtschaft', 'Hochwassermeldedienstverordnung', 'Immissionsschutzzuständigkeitsverordnung', 'Infektionskrankheit', 'Infektionsschutzzuständigkeitsverordnung', 'Kinder- und Jugendgesundheitsdienst-Verordnung', 'Kommunalabwasserverordnung', 'Kormoranverordnung', 'Krankenhauszuständigkeitsverordnung', 'Landentwicklungsgesetz', 'Landesamt für Ländliche Entwicklung, Landwirtschaft und Flurneuordnung', 'Landesamt für Umwelt, Gesundheit und Verbraucherschutz', 'Landesimmissionsschutzgesetz', 'Landesorganisationsgesetz', 'Landespflegeausschussverordnung', 'Landesschifffahrtsverordnung', 'Landesverwaltung', 'Landwirtschaft', 'Lebensmittel- und Futtermittelgesetzbuch', 'Medizinproduktegesetz', 'Meldepflicht', 'Ministerium für Arbeit, Soziales, Frauen und Familie', 'Ministerium für Umwelt, Gesundheit und Verbraucherschutz', 'Naturschutzgesetz', 'Nichtrauchendenschutzgesetz', 'Nichtraucherschutzgesetz', 'Psychisch-Kranken-Gesetz', 'Psychotherapeutengesetz', 'Regierungsbildung', 'Schwangerschaftskonfliktgesetz', 'Sektionsverordnung', 'Sozialberufsgesetz', 'Sozialgesetzbuch IV', 'Sozialgesetzbuch V', 'Sozialgesetzbuch', 'Strahlenschutzzuständigkeitsverordnung', 'Tierische Nebenprodukte-Beseitigungsverordnung', 'Tierschutzgesetz', 'Tierseuchengesetz', 'Tierseuchenzuständigkeits-Verordnung', 'Überschwemmungsgebiet', 'Verordnung über die Zuständigkeit für die Ausführung des Berufsbildungsgesetzes im Bereich der Landwirtschaft und der Hauswirtschaft', 'Verordnung über die Zuständigkeit nach dem Grundbuchbereinigungsgesetz', 'Verordnung über die Zuständigkeiten nach dem Lebensmittel- und Futtermittelgesetzbuch, dem Verbraucherinformationsgesetz und weiteren Vorschriften', 'Verordnung über wirtschaftsrechtliche Zuständigkeiten und Zuständigkeiten zur Zulassung von Rohrfernleitungen', 'Verordnung über Zuständigkeiten nach dem Medizinproduktegesetz, der Medizinprodukte-Betreiberverordnung und der Medizinprodukte-Sicherheitsplanverordnung', 'Verordnung zur Regelung von Zuständigkeiten nach dem Sozialgesetzbuch', 'Verordnung zur Übertragung von Ermächtigungen zum Erlass von Rechtsverordnungen nach dem Weinrecht', 'Verordnung', 'Wassergesetz']",[ 0.01169783 -0.00832114 -0.01869241 ...  0.00982859  0.00464295   0.0252046 ],"[(np.int64(16), np.float64(0.4835433193660798)), (np.int64(19), np.float64(0.46122458195856114)), (np.int64(29), np.float64(0.45179390616802956))]",16,0.4835433193660798,0.0,1.0,0.5,1,13,5.0,34.0,35.0,0.0,,48.0,49.0,1.0,106.0,1.0,103.0,1.0,112.0,,,,,,1,126,91.0,,0.0,,0.0,,0.0,,0.0,,,,0.0,,,,,0.0,,,,,,,,,,,,,,,0.0,,,,,,,,,,,,,,,,,,,,,,,,,,,,,0.0,,0.0,,0.0,,,,,,,,,,,,,,,,,,,0.0,,0.0,,0.0,,,0.0,,,,,,,,,,,0.0,,,,,,,,,,,,,,,,,,,,,,,,,,,,,,,,,,,,,,,,,,,,,,,,,,,,,,,,,,,,,,,,,,,,,,,,,,,,,,,,,,,,,,,,,,,,,,,,,,,,,,,,,,,,,,,,,,,,,,,,,,,,,,,,,,,,,,,,,,,,,,,,,,,,,,,,,,,,,,,,,,,,,,,,,,,,,,,,,,,,,,,,,,,,,,,,,,,,,,,,,,,,,,,,,,,,,,,,,,,,,,,,,,,23.0,9.0,3.0,,-69.0,-90.0,-103.0,-14.0,-20.0,,-92.0,-113,-126,-6.0,,-78.0,-99.0,-112.0,,-72.0,-93.0,-106.0,,,,-21.0,-34.0,-13
33112,1,10,2010-04-22 02:00:00+00:00,2016,187,0,Gesetzentwurf,Psychiatrie,"['Besuchskommission', 'Grundgesetz Art. 13', 'Grundrechtsbeschränkung', 'Krankenhaus', 'Krankenhausfinanzierung', 'Landesverfassung: Art. 11', 'Landesverfassung: Art. 15', 'Psychiatrie', 'Psychiatrie-Personalverordnung', 'Psychiatrische Einrichtung', 'Psychisch-Kranken-Gesetz', 'Unterbringung']",[-0.00323072  0.02181479  0.02252614 ...  0.04078418  0.00085585   0.01849515],"[(np.int64(29), np.float64(0.4555302190518147)), (np.int64(19), np.float64(0.40778781998110397)), (np.int64(34), np.float64(0.40407925643343884))]",29,0.4555302190518147,0.5,0.5,0.5,1,15,4.0,20.0,48.0,0.0,,125.0,146.0,1.0,159.0,0.0,,1.0,167.0,,,,,,1,187,,,0.0,,0.0,,0.0,,0.0,,,,0.0,,,,,0.0,,,,,,,,,,,,,,,0.0,,,,,,,,,,,,,,,,,,,,,,,,,,,,,1.0,125.0,0.0,,0.0,,,,,,,,,,,,,,,,,,,0.0,,0.0,,0.0,,,0.0,,,,,,,,,,,0.0,,,,,,,,,,,,,,,,,,,,,,,,,,,,,,,,,,,,,,,,,,,,,,,,,,,,,,,,,,,,,,,,,,,,,,,,,,,,,,,,,,,,,,,,,,,,,,,,,,,,,,,,,,,,,,,,,,,,,,,,,,,,,,,,,,,,,,,,,,,,,,,62.0,42.0,34.0,,-105.0,-110.0,-125.0,,,,,,,,,,,,,,,,,,,,,,,,,,,,,,,,,,,,,,,,,,,,,,,,,,,,,,,,,,,,,,,,,,,,,,,,,,,,,,,,,,,,,-20.0,-28.0,,-167.0,-172,-187,-8.0,,-147.0,-152.0,-167.0,,-139.0,-144.0,-159.0,,,,-5.0,-20.0,-15
33114,1,11,2010-04-23 02:00:00+00:00,2017,54,0,Gesetzentwurf,Sozialleistungen,"['Abitur', 'Ausbildungsförderungsgesetz', 'Bildungspolitik', 'Bundesausbildungsförderungsgesetz', 'Fachoberschule', 'Gymnasiale Oberstufe', 'Gymnasium', 'Kosten', 'Schule', 'Schüler', 'Sozialgesetzbuch I', 'Sozialgesetzbuch X', 'Sozialleistung']",[ 0.00802124  0.0218225   0.02170454 ...  0.00760838 -0.00690063   0.01167798],"[(np.int64(20), np.float64(0.5128099699190498)), (np.int64(29), np.float64(0.4973427348953708)), (np.int64(26), np.float64(0.49072188869256295))]",20,0.5128099699190498,1.0,0.5,0.4166666666666666,1,14,3.0,27.0,32.0,0.0,,48.0,,1.0,34.0,0.0,,1.0,40.0,,,,,,1,54,,,1.0,39.0,1.0,40.0,0.0,,0.0,,,,0.0,,,,,0.0,,,,,,,,,,,,,,,0.0,,,,,,,,,,,,,,,,,,,,,,,,,,,,,1.0,27.0,0.0,,0.0,,,,,,,,,,,,,,,,,,,0.0,,0.0,,0.0,,,0.0,,,,,,,,,,,0.0,,,,,,,,,,,,,,,,,,,,,,,,,,,,,,,,,,,,,,,,,,,,,,,,,,,,,,,,,,,,,,,,,,,,,,,,,,,,,,,,,,,,,,,,,,,,,,,,,,,,,,,,,,,,,,,,,,,,,,,,,,,,,,,,,,,,,,,13.0,,,,,,12.0,,27.0,13.0,7.0,,0.0,-13.0,-27.0,,,,,,-1.0,,14.0,0.0,-6.0,,-13.0,-26.0,-40.0,,,,,,,,,,,,,,,,,,,,,,,,,,,,,,,,,,,,,,,,,,,,,,,,,,,,,,,,,15.0,1.0,-5.0,,-12.0,-25.0,-39.0,,,,,,,,-14.0,-20.0,,-27.0,-40,-54,-6.0,,-13.0,-26.0,-40.0,,-7.0,-20.0,-34.0,,,,-13.0,-27.0,-14
33973,1,17,2010-05-12 02:00:00+00:00,2036,221,106,Sitzung,Handel,"['Einzelhandel', 'Feiertag', 'Ladenöffnungsgesetz', 'Ordnungsbehörde', 'Sonntag', 'Wochenendarbeit']",[-0.01773669  0.00091511  0.01428458 ...  0.00366042 -0.00305035   0.01428458],"[(np.int64(29), np.float64(0.46627284557079995)), (np.int64(19), np.float64(0.42984085149644785)), (np.int64(4), np.float64(0.4146336681256848))]",29,0.46627284557079995,0.5,0.5,0.5,1,119,10.0,0.0,42.0,0.0,,48.0,105.0,1.0,214.0,1.0,215.0,1.0,217.0,,,,,,1,221,112.0,126.0,0.0,,0.0,,0.0,,0.0,,,,0.0,,140.0,172.0,,0.0,,,,,,,,,,,,,,,0.0,,,202.0,209.0,,,,,,,,,,,,,,,,,,,,,,,,,1.0,140.0,0.0,,0.0,,,,,,,,,,,,,,,,,,,0.0,,0.0,,0.0,,,0.0,,,,,,,,,,,0.0,,,,,,,,,,,,,,,,,,,,,,,,,,,,,,,,,,,,,,,,,,,,,,,,,,,,,,,,,,,,,,,,,,,,,,,,,,,,,,,,,,,,,,,,,,,,,,,,,,,,,,,,,,,,,,,,,,,,,,,,,,,,,,,,,,,,,,,,,,,,,,75.0,81.0,77.0,74.0,,-140.0,-21.0,-34.0,,,,,,,,,,,,,,,,,,,,,,,,,,,,,,,,,,,,,,,,,,,,,,,,,,,,,,,,,,,,,,,,,,,,,,,,,,,,,,6.0,2.0,-1.0,,-215.0,-96.0,-109.0,-4.0,-7.0,,-221.0,-102,-115,-3.0,,-217.0,-98.0,-111.0,,-214.0,-95.0,-108.0,,,,119.0,106.0,-13
33365,1,8,2010-05-14 02:00:00+00:00,2038,340,0,Gesetzentwurf,Öffentlicher Dienst,"['Beamter', 'Besoldungsrecht', 'Staatsvertrag', 'Versorgungslastenteilungs-Staatsvertrag']",[ 0.01590192  0.0062599   0.02397155 ... -0.00569621  0.00611156   0.04248424],"[(np.int64(13), np.float64(0.4255679331259918)), (np.int64(16), np.float64(0.41663095654630233)), (np.int64(29), np.float64(0.3692650922578239))]",13,0.4255679331259918,1.0,1.0,0.3333333333333333,1,19,2.0,27.0,40.0,0.0,,,,1.0,40.0,0.0,,1.0,48.0,,,,,,1,62,,,0.0,,0.0,,0.0,,1.0,340.0,,,0.0,,,,,0.0,,,,,,,,,,,,,,,0.0,,,,,,,,,,,,,,,,,,,,,,,,,,,,,0.0,,0.0,,0.0,,,,,,,,,,,,,,,,,,,0.0,,0.0,,0.0,,,0.0,,,,,,,,,,,0.0,,,,,,,,,,,,,,,,,,,,,,,,,,,,,,,,,,,,,,,,,,,,,,,,,,,,,,,,,,,,,,,,,,,,,,,,,,,,,,,,,,,,,,,,,,,,,,,,,,,,,,,,,,,,,,,,,,,,,,,,,,,,,,,,,,,,,,,,,,,,,,,,,,,,,,,,,,,,,,,,,,,,,,,,,,,,,,,,,,,,,,,,,,,,,,,,,,,,,,,,,,,-278.0,-292.0,-300.0,,-313.0,-321.0,-340.0,,,,,,,,,,,,,,,,,,,,,,,,,-14.0,-22.0,,-35.0,-43,-62,-8.0,,-21.0,-29.0,-48.0,,-13.0,-21.0,-40.0,,,,-8.0,-27.0,-19
33368,1,6,2010-05-18 02:00:00+00:00,2042,58,0,Gesetzentwurf,Dienstleistungen,"['Berufliche Qualifikation', 'Berufsbezeichnung', 'Berufsrecht', 'Dolmetscher', 'Dolmetscher- und Übersetzerverzeichnis', 'EU-Recht', 'Richtlinie der EU', 'Verordnung zur Ausführung des Brandenburgischen Dolmetschergesetzes', 'Verordnung']",[ 0.00010965 -0.00263908  0.0148614  ... -0.00663456 -0.00126794   0.00825634],"[(np.int64(29), np.float64(0.4544463164606247)), (np.int64(19), np.float64(0.41309114133297276)), (np.int64(4), np.float64(0.3793874445910837))]",29,0.4544463164606247,0.5,0.5,0.5,1,15,1.0,30.0,,0.0,,,,1.0,35.0,0.0,,1.0,44.0,,,,,,1,58,,,0.0,,0.0,,0.0,,0.0,,,,0.0,,,,,0.0,,,,,,,,,,,,,,,0.0,,,,,,,,,,,,,,,,,,,,,,,,,,,,,0.0,,0.0,,0.0,,,,,,,,,,,,,,,,,,,0.0,,0.0,,0.0,,,0.0,,,,,,,,,,,0.0,,,,,,,,,,,,,,,,,,,,,,,,,,,,,,,,,,,,,,,,,,,,,,,,,,,,,,,,,,,,,,,,,,,,,,,,,,,,,,,,,,,,,,,,,,,,,,,,,,,,,,,,,,,,,,,,,,,,,,,,,,,,,,,,,,,,,,,,,,,,,,,,,,,,,,,,,,,,,,,,,,,,,,,,,,,,,,,,,,,,,,,,,,,,,,,,,,,,,,,,,,,,,,,,,,,,,,,,,,,,,,,,,,,,,,,,,,-14.0,-23.0,,-28.0,-43,-58,-9.0,,-14.0,-29.0,-44.0,,-5.0,-20.0,-35.0,,,,-15.0,-30.0,-15
33388,1,7,2010-05-19 02:00:00+00:00,2043,126,0,Gesetzentwurf,Statistik,"['Amt für Statistik Berlin-Brandenburg', 'Bevölkerungsstatistik', 'Datenaustausch', 'Datenerfassung', 'Datenschutz', 'Ehrenamtliche Tätigkeit', 'Gemeinde', 'Kreis', 'Kreisfreie Stadt', 'Statistik', 'Volkszählung', 'Zensusgesetz 2011']",[ 0.02194412  0.02170816 -0.03067457 ...  0.00749167  0.02135422   0.02288795],"[(np.int64(29), np.float64(0.4661081835935272)), (np.int64(19), np.float64(0.4609637876296045)), (np.int64(9), np.float64(0.4278762894946023))]",29,0.4661081835935272,0.5,0.5,0.5,1,14,2.0,22.0,99.0,0.0,,,,1.0,105.0,0.0,,1.0,112.0,,,,,,1,126,,,0.0,,0.0,,0.0,,0.0,,,,0.0,,,,,0.0,,,,,,,,,,,,,,,0.0,,,,,,,,,,,,,,,,,,,,,,,,,,,,,0.0,,0.0,,0.0,,,,,,,,,,,,,,,,,,,0.0,,0.0,,0.0,,,0.0,,,,,,,,,,,0.0,,,,,,,,,,,,,,,,,,,,,,,,,,,,,,,,,,,,,,,,,,,,,,,,,,,,,,,,,,,,,,,,,,,,,,,,,,,,,,,,,,,,,,,,,,,,,,,,,,,,,,,,,,,,,,,,,,,,,,,,,,,,,,,,,,,,,,,,,,,,,,,,,,,,,,,,,,,,,,,,,,,,,,,,,,,,,,,,,,,,,,,,,,,,,,,,,,,,,,,,,,,,,,,,,,,,,,,,,,,,,,,,,,,,,,,,,,-14.0,-21.0,,-104.0,-112,-126,-7.0,,-90.0,-98.0,-112.0,,-83.0,-91.0,-105.0,,,,-8.0,-22.0,-14
33940,1,13,2010-05-26 02:00:00+00:00,2050,160,85,Sitzung,Sozialleistungen,"['Behinderter', 'Brandenburger Kommission', 'Brandenburger Steuerungskreis', 'Eingliederungshilfe für Behinderte', 'Gesetz zur Ausführung des Zwölften Buches Sozialgesetzbuch', 'Grundsicherung im Alter und bei Erwerbsminderung', 'Kostenerstattung', 'Landesamt für Soziales und Versorgung', 'Öffentliche Mittel', 'Sozialgesetzbuch XII', 'Sozialhilfe', 'Sozialleistung', 'Sozialverwaltung', 'Teilhabe behinderter Menschen', 'Wohlfahrtsorganisation']",[ 0.01312111  0.03277309  0.01698026 ...  0.01436791 -0.00973693   0.01828643],"[(np.int64(29), np.float64(0.39225258171319866)), (np.int64(21), np.float64(0.36075914186467717)), (np.int64(17), np.float64(0.3604858932886713))]",29,0.39225258171319866,0.5,0.5,0.5,1,105,6.0,0.0,28.0,0.0,,98.0,112.0,1.0,131.0,1.0,132.0,1.0,133.0,,,,,,1,160,126.0,154.0,0.0,,0.0,,0.0,,0.0,,,,0.0,,,,,0.0,,,,,,,,,,,,,,,0.0,,,,,,,,,,,,,,,,,,,,,,,,,,,,,1.0,112.0,0.0,,0.0,,,,,,,,,,,,,,,,,,,0.0,,0.0,,0.0,,,0.0,,,,,,,,,,,0.0,,,,,,,,,,,,,,,,,,,,,,,,,,,,,,,,,,,,,,,,,,,,,,,,,,,,,,,,,,,,,,,,,,,,,,,,,,,,,,,,,,,,,,,,,,,,,,,,,,,,,,,,,,,,,,,,,,,,,,,,,,,,,,,,,,,,,,,,,,,,,,20.0,48.0,21.0,19.0,,-112.0,-7.0,-27.0,,,,,,,,,,,,,,,,,,,,,,,,,,,,,,,,,,,,,,,,,,,,,,,,,,,,,,,,,,,,,,,,,,,,,,,,,,,,,,28.0,1.0,-1.0,,-132.0,-27.0,-47.0,-27.0,-29.0,,-160.0,-55,-75,-2.0,,-133.0,-28.0,-48.0,,-131.0,-26.0,-46.0,,,,105.0,85.0,-20
33601,1,6,2010-06-07 02:00:00+00:00,2062,107,0,Gesetzentwurf,"['Schifffahrt', 'Abfall']","['Abfall', 'Abfallbeseitigung', 'Bilgenentwässerungsverband-Staatsvertrag', 'Schifffahrt', 'Staatsvertrag', 'Wasser- und Bodenverband', 'Wasserfahrzeug']",[ 0.0091647  -0.00688831  0.01785639 ...  0.02033973  0.01147066   0.02554291],"[(np.int64(29), np.float64(0.38808519260082264)), (np.int64(15), np.float64(0.3703204749515042)), (np.int64(19), np.float64(0.3611165958015073))]",29,0.38808519260082264,0.5,0.5,0.5,1,24,1.0,86.0,,0.0,,,,1.0,86.0,0.0,,1.0,93.0,,,,,,1,107,,,0.0,,0.0,,0.0,,0.0,,,,0.0,,,,,0.0,,,,,,,,,,,,,,,0.0,,,,,,,,,,,,,,,,,,,,,,,,,,,,,0.0,,0.0,,0.0,,,,,,,,,,,,,,,,,,,0.0,,0.0,,0.0,,,0.0,,,,,,,,,,,0.0,,,,,,,,,,,,,,,,,,,,,,,,,,,,,,,,,,,,,,,,,,,,,,,,,,,,,,,,,,,,,,,,,,,,,,,,,,,,,,,,,,,,,,,,,,,,,,,,,,,,,,,,,,,,,,,,,,,,,,,,,,,,,,,,,,,,,,,,,,,,,,,,,,,,,,,,,,,,,,,,,,,,,,,,,,,,,,,,,,,,,,,,,,,,,,,,,,,,,,,,,,,,,,,,,,,,,,,,,,,,,,,,,,,,,,,,,,-14.0,-21.0,,-21.0,-83,-107,-7.0,,-7.0,-69.0,-93.0,,0.0,-62.0,-86.0,,,,-62.0,-86.0,-24
33635,1,14,2010-06-17 02:00:00+00:00,2072,358,0,Gesetzentwurf,Polizei,"['Gewerkschaft der Polizei', 'Personenbezogene Daten', 'Polizei', 'Polizeiausrüstung', 'Polizeigesetz', 'Polizeirecht', 'Uniform']",[-0.02848747  0.02457044  0.0080121  ... -0.00112763  0.01186978   0.00388735],"[(np.int64(31), np.float64(0.5115434986196425)), (np.int64(24), np.float64(0.4948261789731623)), (np.int64(19), np.float64(0.4713281506685637))]",31,0.5115434986196425,0.0,0.0,0.3333333333333333,1,14,5.0,70.0,153.0,0.0,,223.0,258.0,1.0,333.0,1.0,327.0,1.0,335.0,,,,,,1,358,322.0,,1.0,335.0,1.0,335.0,0.0,,0.0,,,,0.0,,,,,0.0,,,,,,,,,,,,,,,0.0,,,,,,,,,,,,,,,,,,,,,,,,,,,,,1.0,223.0,0.0,,0.0,,,,,,,,,,,,,,,,,,,0.0,,0.0,,0.0,,,0.0,,,,,,,,,,,0.0,,,,,,,,,,,,,,,,,,,,,,,,,,,,,,,,,,,,,,,,,,,,,,,,,,,,,,,,,,,,,,,,,,,,,,,,,,,,,,,,,,,,,,,,,,,,,,,,,,,,,,,,,,,,,,,,,,,,,,,,,,,,,,,,,,,,,,,112.0,,,,,,112.0,104.0,135.0,112.0,110.0,,-153.0,-209.0,-223.0,,,,,,0.0,-8.0,23.0,0.0,-2.0,,-265.0,-321.0,-335.0,,,,,,,,,,,,,,,,,,,,,,,,,,,,,,,,,,,,,,,,,,,,,,,,,,,,,,,,-8.0,23.0,0.0,-2.0,,-265.0,-321.0,-335.0,31.0,8.0,6.0,,-257.0,-313.0,-327.0,-23.0,-25.0,,-288.0,-344,-358,-2.0,,-265.0,-321.0,-335.0,,-263.0,-319.0,-333.0,,,,-56.0,-70.0,-14
33793,1,7,2010-07-09 02:00:00+00:00,2094,142,0,Gesetzentwurf,"['Umwelt', 'Bauwesen']","['Abfallwirtschaft', 'Bauordnungsrecht', 'Baurecht', 'Gesetz über die Umweltverträglichkeitsprüfung', 'Raumordnung', 'Straße', 'Umweltrecht', 'Umweltverträglichkeit']",[-0.00522083  0.00150431  0.02619262 ...  0.01663586  0.00430644   0.00796397],"[(np.int64(29), np.float64(0.4869461692105949)), (np.int64(4), np.float64(0.4594785475453799)), (np.int64(1), np.float64(0.4435792270006356))]",29,0.4869461692105949,0.5,0.5,0.5,1,61,2.0,68.0,110.0,0.0,,,,1.0,115.0,0.0,,1.0,123.0,,,,,,1,142,,,0.0,,0.0,,0.0,,0.0,,,,0.0,,,,,0.0,,,,,,,,,,,,,,,0.0,,,,,,,,,,,,,,,,,,,,,,,,,,,,,0.0,,0.0,,0.0,,,,,,,,,,,,,,,,,,,0.0,,0.0,,0.0,,,0.0,,,,,,,,,,,0.0,,,,,,,,,,,,,,,,,,,,,,,,,,,,,,,,,,,,,,,,,,,,,,,,,,,,,,,,,,,,,,,,,,,,,,,,,,,,,,,,,,,,,,,,,,,,,,,,,,,,,,,,,,,,,,,,,,,,,,,,,,,,,,,,,,,,,,,,,,,,,,,,,,,,,,,,,,,,,,,,,,,,,,,,,,,,,,,,,,,,,,,,,,,,,,,,,,,,,,,,,,,,,,,,,,,,,,,,,,,,,,,,,,,,,,,,,,-19.0,-27.0,,-74.0,-81,-142,-8.0,,-55.0,-62.0,-123.0,,-47.0,-54.0,-115.0,,,,-7.0,-68.0,-61
33897,1,8,2010-08-11 02:00:00+00:00,2127,76,0,Gesetzentwurf,Hochschulwesen,"['Bachelor', 'Bologna-Prozess', 'Hochschule', 'Hochschulrecht', 'Hochschulzulassung', 'Kunst', 'Master (Hochschule)', 'Sport', 'Student', 'Studienfach', 'Studium', 'Teilzeitstudium']",[ 0.0049869   0.00657097  0.00357883 ...  0.00319748 -0.00827238   0.00592561],"[(np.int64(29), np.float64(0.4859787428541976)), (np.int64(28), np.float64(0.4500486478847322)), (np.int64(20), np.float64(0.43594915469241))]",29,0.4859787428541976,0.5,0.5,0.5,1,28,2.0,21.0,49.0,0.0,,,,1.0,50.0,1.0,55.0,1.0,57.0,,,,,,1,76,,,0.0,,0.0,,0.0,,0.0,,,,0.0,,,,,0.0,,,,,,,,,,,,,,,0.0,,,,,,,,,,,,,,,,,,,,,,,,,,,,,0.0,,0.0,,0.0,,,,,,,,,,,,,,,,,,,0.0,,0.0,,0.0,,,0.0,,,,,,,,,,,0.0,,,,,,,,,,,,,,,,,,,,,,,,,,,,,,,,,,,,,,,,,,,,,,,,,,,,,,,,,,,,,,,,,,,,,,,,,,,,,,,,,,,,,,,,,,,,,,,,,,,,,,,,,,,,,,,,,,,,,,,,,,,,,,,,,,,,,,,,,,,,,,,,,,,,,,,,,,,,,,,,,,,,,,,,,,,,,,,,,,,,,,,,,,,,,,,,,,,,,,,,,,,,,,,,,,,,,,,,,,,,,,,,,,,21.0,2.0,-5.0,,-34.0,-27.0,-55.0,-19.0,-26.0,,-55.0,-48,-76,-7.0,,-36.0,-29.0,-57.0,,-29.0,-22.0,-50.0,,,,7.0,-21.0,-28
33918,1,6,2010-08-17 02:00:00+00:00,2133,70,0,Gesetzentwurf,Justizverwaltung,"['Gebühr', 'Gesundheitsberuf', 'Heilberufsgesetz', 'Justizvergütungs- und -entschädigungsgesetz', 'Justizverwaltung', 'Justizverwaltungskosten', 'Justizverwaltungskostenordnung']",[-0.01214549  0.00803745  0.03024464 ...  0.02250487  0.00419734   0.01071661],"[(np.int64(29), np.float64(0.4339420205847086)), (np.int64(23), np.float64(0.3760175905049347)), (np.int64(36), np.float64(0.3659031703937876))]",29,0.4339420205847086,0.5,0.5,0.5,1,22,1.0,44.0,,0.0,,,,1.0,44.0,0.0,,1.0,50.0,,,,,,1,70,,,0.0,,0.0,,0.0,,0.0,,,,0.0,,,,,0.0,,,,,,,,,,,,,,,0.0,,,,,,,,,,,,,,,,,,,,,,,,,,,,,0.0,,0.0,,0.0,,,,,,,,,,,,,,,,,,,0.0,,0.0,,0.0,,,0.0,,,,,,,,,,,0.0,,,,,,,,,,,,,,,,,,,,,,,,,,,,,,,,,,,,,,,,,,,,,,,,,,,,,,,,,,,,,,,,,,,,,,,,,,,,,,,,,,,,,,,,,,,,,,,,,,,,,,,,,,,,,,,,,,,,,,,,,,,,,,,,,,,,,,,,,,,,,,,,,,,,,,,,,,,,,,,,,,,,,,,,,,,,,,,,,,,,,,,,,,,,,,,,,,,,,,,,,,,,,,,,,,,,,,,,,,,,,,,,,,,,,,,,,,-20.0,-26.0,,-26.0,-48,-70,-6.0,,-6.0,-28.0,-50.0,,0.0,-22.0,-44.0,,,,-22.0,-44.0,-22
33957,1,29,2010-08-25 02:00:00+00:00,2141,480,0,Gesetzentwurf,"['Staatsaufbau', 'Wahlen']","['Aktives Wahlrecht', 'Altersgrenze', 'Ausschussbericht', 'Jugendlicher', 'Kommunalwahl', 'Landtagswahl', 'Passives Wahlrecht', 'Verfassungsreform', 'Volksabstimmung', 'Wahl', 'Wahlalter', 'Wahlrecht']",[ 0.01298043  0.03233308 -0.00572319 ...  0.01545851 -0.0150455   0.00855528],"[(np.int64(29), np.float64(0.46035070804514405)), (np.int64(19), np.float64(0.43274834020641667)), (np.int64(23), np.float64(0.3986934410917775))]",29,0.46035070804514405,0.5,0.5,0.5,1,14,20.0,22.0,35.0,0.0,,36.0,64.0,1.0,474.0,0.0,,1.0,476.0,,,,,,1,480,64.0,70.0,0.0,,0.0,,0.0,,0.0,,,,1.0,476.0,84.0,91.0,,0.0,,,,,,,,,,,,,,,0.0,,,175.0,218.0,225.0,260.0,294.0,294.0,379.0,,421.0,434.0,455.0,462.0,468.0,,,,,,,,,,,,,,1.0,218.0,0.0,,0.0,,,,,,,,,,,,,,,,,,,0.0,,1.0,299.0,1.0,302.0,,0.0,,,,,,,,,,,0.0,,,,,,,,,,,,,,,,,,,,,,,,-3.0,,,,,-84.0,,,174.0,,,,,,178.0,174.0,172.0,,-280.0,-288.0,-302.0,,,,,-81.0,,,177.0,,,,,,181.0,177.0,175.0,,-277.0,-285.0,-299.0,,,,,,,,,,,,,,,,,,,,,,,,,,,,,,,,,,,,,,,,,,,,,,,,,,,,,,,,,,,,,,,,,,,,,,,,,258.0,,,,,,262.0,258.0,256.0,,-196.0,-204.0,-218.0,,,,,,,,,,,,,,,,,,,,,,,,,,,,,,,,,4.0,0.0,-2.0,,-454.0,-462.0,-476.0,,,,,,,,,,,,,,,,,,,,,,,,,,,,,,,,,,,,,,,,,,,,,,-4.0,-6.0,,-458.0,-466,-480,-2.0,,-454.0,-462.0,-476.0,,-452.0,-460.0,-474.0,,,,-8.0,-22.0,-14
33958,1,30,2010-08-25 02:00:00+00:00,2141,525,0,Gesetzentwurf,"['Kommunale Angelegenheiten', 'Wahlen']","['Aktives Wahlrecht', 'Ausschussbericht', 'Jugendlicher', 'Kommunalwahl', 'Kommunalwahlgesetz', 'Passives Wahlrecht', 'Wahl', 'Wahlalter']",[ 0.01320059  0.02770348 -0.00083614 ...  0.01929773 -0.02450693   0.0013097 ],"[(np.int64(29), np.float64(0.46144047730680443)), (np.int64(19), np.float64(0.4046315719432775)), (np.int64(23), np.float64(0.38435406733863525))]",29,0.46144047730680443,0.5,0.5,0.5,1,14,22.0,22.0,35.0,0.0,,36.0,64.0,1.0,516.0,0.0,,1.0,518.0,,,,,,1,525,64.0,70.0,0.0,,0.0,,0.0,,0.0,,,,0.0,,84.0,91.0,,0.0,,,,,,,,,,,,,,,0.0,,,175.0,218.0,225.0,260.0,294.0,294.0,379.0,,421.0,434.0,455.0,462.0,469.0,,510.0,516.0,,,,,,,,,,,1.0,218.0,0.0,,0.0,,,,,,,,,,,,,,,,,,,0.0,,1.0,299.0,1.0,302.0,,0.0,,,,,,,,,,,0.0,,,,,,,,,,,,,,,,,,,,,,,,-3.0,,,,,-84.0,,,,,,,,,223.0,216.0,214.0,,-280.0,-288.0,-302.0,,,,,-81.0,,,,,,,,,226.0,219.0,217.0,,-277.0,-285.0,-299.0,,,,,,,,,,,,,,,,,,,,,,,,,,,,,,,,,,,,,,,,,,,,,,,,,,,,,,,,,,,,,,,,,,,,,,,,,,,,,,,307.0,300.0,298.0,,-196.0,-204.0,-218.0,,,,,,,,,,,,,,,,,,,,,,,,,,,,,,,,,,,,,,,,,,,,,,,,,,,,,,,,,,,,,,,,,,,,,,,,,,,,,,,,,,,,,-7.0,-9.0,,-503.0,-511,-525,-2.0,,-496.0,-504.0,-518.0,,-494.0,-502.0,-516.0,,,,-8.0,-22.0,-14
33975,1,6,2010-08-26 02:00:00+00:00,2142,68,0,Gesetzentwurf,Recht,"['Amtsgericht', 'Verordnung über die Aufbewahrung von Schriftgut der ordentlichen Gerichtsbarkeit, der Staatsanwaltschaften und der Justizvollzugsbehörden', 'Gebühr', 'Grundrechtsbeschränkung', 'Herausgabe', 'Hinterlegung', 'Hinterlegungskasse', 'Hinterlegungsordnung', 'Justizkostengesetz', 'Justizverwaltung', 'Justizverwaltungskostenordnung', 'Kosten', 'Landesverfassung: Art. 11', 'Ordentliche Gerichtsbarkeit', 'Schriftgut', 'Staatsanwaltschaft']",[0.00319827 0.00450127 0.00687037 ... 0.02724455 0.00935791 0.02653383],"[(np.int64(29), np.float64(0.4420086373341262)), (np.int64(19), np.float64(0.41515048228782514)), (np.int64(22), np.float64(0.39599443065587697))]",29,0.4420086373341262,0.5,0.5,0.5,1,13,1.0,35.0,,0.0,,,,1.0,35.0,0.0,,1.0,41.0,,,,,,1,68,,,0.0,,0.0,,0.0,,0.0,,,,0.0,,,,,0.0,,,,,,,,,,,,,,,0.0,,,,,,,,,,,,,,,,,,,,,,,,,,,,,0.0,,0.0,,0.0,,,,,,,,,,,,,,,,,,,0.0,,0.0,,0.0,,,0.0,,,,,,,,,,,0.0,,,,,,,,,,,,,,,,,,,,,,,,,,,,,,,,,,,,,,,,,,,,,,,,,,,,,,,,,,,,,,,,,,,,,,,,,,,,,,,,,,,,,,,,,,,,,,,,,,,,,,,,,,,,,,,,,,,,,,,,,,,,,,,,,,,,,,,,,,,,,,,,,,,,,,,,,,,,,,,,,,,,,,,,,,,,,,,,,,,,,,,,,,,,,,,,,,,,,,,,,,,,,,,,,,,,,,,,,,,,,,,,,,,,,,,,,,-27.0,-33.0,,-33.0,-55,-68,-6.0,,-6.0,-28.0,-41.0,,0.0,-22.0,-35.0,,,,-22.0,-35.0,-13
34145,1,6,2010-09-13 02:00:00+00:00,2160,76,0,Gesetzentwurf,Abgaben,"['Gesetz über die Festsetzung des Steuersatzes für die Grunderwerbsteuer', 'Grundstücksverkehr', 'Steuer', 'Steuerbemessungsgrundlage']",[ 0.02346606  0.01846314 -0.01280508 ...  0.01477051  0.0041691   0.04621742],"[(np.int64(23), np.float64(0.43032025677605956)), (np.int64(29), np.float64(0.36547083298815675)), (np.int64(13), np.float64(0.3355686392965732))]",23,0.43032025677605956,1.0,1.0,0.3333333333333333,1,23,1.0,45.0,,0.0,,,,1.0,45.0,0.0,,1.0,57.0,,,,,,1,76,,,0.0,,0.0,,0.0,,0.0,,,,0.0,,,,,0.0,,,,,,,,,,,,,,,0.0,,,,,,,,,,,,,,,,,,,,,,,,,,,,,0.0,,0.0,,0.0,,,,,,,,,,,,,,,,,,,0.0,,0.0,,0.0,,,0.0,,,,,,,,,,,0.0,,,,,,,,,,,,,,,,,,,,,,,,,,,,,,,,,,,,,,,,,,,,,,,,,,,,,,,,,,,,,,,,,,,,,,,,,,,,,,,,,,,,,,,,,,,,,,,,,,,,,,,,,,,,,,,,,,,,,,,,,,,,,,,,,,,,,,,,,,,,,,,,,,,,,,,,,,,,,,,,,,,,,,,,,,,,,,,,,,,,,,,,,,,,,,,,,,,,,,,,,,,,,,,,,,,,,,,,,,,,,,,,,,,,,,,,,,-19.0,-31.0,,-31.0,-53,-76,-12.0,,-12.0,-34.0,-57.0,,0.0,-22.0,-45.0,,,,-22.0,-45.0,-23
34146,1,14,2010-09-13 02:00:00+00:00,2160,97,0,Gesetzentwurf,"['Polizei', 'Innere Sicherheit']","['Amtsbezeichnung', 'Besoldung', 'Besoldungsgesetz', 'Besoldungsrecht', 'Gesetz zur Errichtung des Polizeipräsidiums', 'Innere Sicherheit', 'Kriminalitätsbekämpfung', 'Kriminalprävention', 'Landeseinsatzeinheit', 'Landeskriminalamt', 'Landesorganisationsgesetz', 'Ländlicher Raum', 'Öffentliche Sicherheit und Ordnung', 'Personalentwicklung', 'Personalentwicklung', 'Polizei', 'Polizeiausbildung', 'Polizeibeamter', 'Polizeibehörde', 'Polizeibeirat', 'Polizeigesetz', 'Polizeirecht', 'Polizeireform', 'Verkehrssicherheit']",[-0.01212718  0.00848903  0.00192519 ... -0.00357752 -0.00666995  -0.00327434],"[(np.int64(24), np.float64(0.4612467726801509)), (np.int64(19), np.float64(0.4533722940319823)), (np.int64(31), np.float64(0.42541953746693567))]",24,0.4612467726801509,0.0,0.0,0.3333333333333333,1,24,4.0,3.0,42.0,0.0,,65.0,79.0,1.0,90.0,1.0,91.0,1.0,93.0,,,,,,1,97,,,2.0,91.0,1.0,93.0,0.0,,0.0,,,,0.0,,,,,0.0,,,,,,,,,,,,,,,0.0,,,,,,,,,,,,,,,,,,,,,,,,,,,,,1.0,42.0,0.0,,0.0,,,,,,,,,,,,,,,,,,,0.0,,0.0,,0.0,,92.0,0.0,,,,,,,,,,,0.0,,,,,,,,,,,,,,,,,,,,,,,,,,,,,,,,,,,,,,,,,,,,,,,,,,,,,,,,,,,,,,,,,,,,,,,,,,,,,,,,,,,,,,,,,,,,,,,,,,,,,,,,,,,,,,,,,,,,,,,,,,,,,,,,,,,,,,,51.0,,,,,,49.0,49.0,55.0,51.0,48.0,,-39.0,-18.0,-42.0,,,,,,-2.0,-2.0,4.0,0.0,-3.0,,-90.0,-69.0,-93.0,,,,,,,,,,,,,,,,,,,,,,,,,,,,,,,,,,,,,,,,,,,,,,,,,,,,,,,,0.0,6.0,2.0,-1.0,,-88.0,-67.0,-91.0,6.0,2.0,-1.0,,-88.0,-67.0,-91.0,-4.0,-7.0,,-94.0,-73,-97,-3.0,,-90.0,-69.0,-93.0,,-87.0,-66.0,-90.0,,,,21.0,-3.0,-24
34177,1,30,2010-09-16 02:00:00+00:00,2163,94,4,Sitzung,Öffentlicher Haushalt,"['Einzelplan 01 - Landtag', 'Einzelplan 02 - Ministerpräsident und Staatskanzlei', 'Einzelplan 03 - Ministerium des Innern', 'Einzelplan 04 - Ministerium der Justiz', 'Einzelplan 05 - Ministerium für Bildung, Jugend und Sport', 'Einzelplan 06 - Ministerium für Wissenschaft, Forschung und Kultur', 'Einzelplan 07 - Ministerium für Arbeit, Soziales, Frauen und Familie', 'Einzelplan 08 - Ministerium für Wirtschaft und Europaangelegenheiten', 'Einzelplan 10 - Ministerium für Umwelt, Gesundheit und Verbraucherschutz', 'Einzelplan 11 - Ministerium für Infrastruktur und Landwirtschaft', 'Einzelplan 12 - Ministerium der Finanzen', 'Einzelplan 13 - Landesrechnungshof', 'Einzelplan 14 - Verfassungsgericht des Landes Brandenburg', 'Einzelplan 20 - Allgemeine Finanzverwaltung', 'Finanzpolitik', 'Landeshaushalt', 'Landesregierung', 'Öffentlicher Haushalt']",[ 0.00530357  0.02651783 -0.01488615 ...  0.00448995 -0.00452009   0.03109819],"[(np.int64(34), np.float64(0.48948661920931774)), (np.int64(19), np.float64(0.4772371683977009)), (np.int64(29), np.float64(0.4711620592410758))]",34,0.48948661920931774,1.0,1.0,1.0,1,20,5.0,0.0,4.0,0.0,,42.0,75.0,16.0,84.0,1.0,90.0,1.0,89.0,,,,,,1,94,90.0,,0.0,,0.0,,0.0,,0.0,,84.0,84.0,1.0,91.0,,,,1.0,6.0,84.0,84.0,84.0,84.0,84.0,84.0,84.0,84.0,84.0,84.0,84.0,88.0,90.0,1.0,90.0,,,,,,,,,,,,,,,,,,,,,,,,,,,,0.0,,0.0,,0.0,,,,,,,,,,,,,,,,,,,0.0,,0.0,,0.0,,,1.0,4.0,,,,,,,,,,0.0,,,,,,,,,,,,,,,,,,,,,,,,,,,,,,,,,,,,,,,,,,,,,,,,,,,,,,,,,,,,,,,,,,,,,,,87.0,86.0,,2.0,,86.0,90.0,85.0,80.0,,-4.0,16.0,0.0,,,,,,,,,,,,,,,,,,,,,,,,,,,,,,,,,,,,,,,,,,,,,,,,,,,,,,,,,,,,,,,,,,,,,,,,,,,,,,,,,,,,,,,,,,,,,,-1.0,,-85.0,,-1.0,3.0,-2.0,-7.0,,-91.0,-71.0,-87.0,,-84.0,,0.0,4.0,-1.0,-6.0,,-90.0,-70.0,-86.0,,,,,,,,,,,,84.0,88.0,83.0,78.0,,-6.0,14.0,-2.0,,,,,,,,,4.0,-1.0,-6.0,,-90.0,-70.0,-86.0,-5.0,-10.0,,-94.0,-74,-90,-5.0,,-89.0,-69.0,-85.0,,-84.0,-64.0,-80.0,,,,20.0,4.0,-16
34178,1,15,2010-09-20 02:00:00+00:00,2167,90,0,Gesetzentwurf,Finanzausgleich,"['Abwasserentsorgung', 'Ausgleichsfonds', 'Demografie', 'Finanzausgleich', 'Finanzausgleichsumlage', 'Gemeinde', 'Grunderwerbsteuer', 'Gutachten', 'Konnexitätsprinzip', 'Kreisfreie Stadt', 'Kreisumlage', 'Landesmittel', 'Lastenausgleich', 'Schlüsselzuweisung', 'Schuldenverwaltung', 'Schule', 'Steuermehreinnahmen', 'Wasserversorgung']",[0.01043441 0.0249003  0.01245015 ... 0.01600734 0.00640294 0.02264742],"[(np.int64(29), np.float64(0.42863553604424764)), (np.int64(23), np.float64(0.4131978253575269)), (np.int64(34), np.float64(0.4115736374563044))]",29,0.42863553604424764,0.5,0.5,0.5,1,16,6.0,38.0,38.0,0.0,,58.0,69.0,1.0,80.0,2.0,84.0,1.0,86.0,84.0,,,,,1,90,72.0,77.0,1.0,85.0,1.0,86.0,0.0,,0.0,,,,0.0,,,,,0.0,,,,,,,,,,,,,,,0.0,,,,,,,,,,,,,,,,,,,,,,,,,,,,,0.0,,0.0,,0.0,,,,,,,,,,,,,,,,,,,0.0,,0.0,,0.0,,,0.0,,,,,,,,,,,0.0,,,,,,,,,,,,,,,,,,,,,,,,,,,,,,,,,,,,,,,,,,,,,,,,,,,,,,,,,,,,,,,,,,,,,,,,,,,,,,,,,,,,,,,,,,,,,,,,,,,,,,,,,,,,,,,,,,,,,,,,,,,,,,,,,,,,,,,,,,,,,,,,,,,,,,,,,,,-1.0,-2.0,4.0,0.0,-6.0,,-48.0,-70.0,-86.0,,,,,,,,,,,,,,,,,,,,,,,,,,,,,,,,,,,,,,,,,,,,,,,,,,,,,,,,-1.0,5.0,1.0,-5.0,,-47.0,-69.0,-85.0,6.0,2.0,-4.0,,-46.0,-68.0,-84.0,-4.0,-10.0,,-52.0,-74,-90,-6.0,,-48.0,-70.0,-86.0,,-42.0,-64.0,-80.0,,,,-22.0,-38.0,-16
34195,1,9,2010-09-23 02:00:00+00:00,2170,87,0,Gesetzentwurf,"['Kommunale Angelegenheiten', 'Ordnungsrecht']","['Gemeinde', 'Geschwindigkeitsüberwachung', 'Ordnungsbehörde', 'Ordnungsrecht', 'Ordnungswidrigkeit', 'Straßenverkehr']",[-0.02613095 -0.01158748 -0.00815853 ...  0.01271076  0.01064156  -0.00135976],"[(np.int64(12), np.float64(0.3568771150023927)), (np.int64(29), np.float64(0.34167143555400714)), (np.int64(24), np.float64(0.33673823125611985))]",12,0.3568771150023927,1.0,0.5,0.4166666666666666,1,13,3.0,35.0,55.0,0.0,,69.0,,1.0,80.0,1.0,81.0,1.0,83.0,,,,,,1,87,,,0.0,,0.0,,0.0,,0.0,,,,0.0,,,,,0.0,,,,,,,,,,,,,,,0.0,,,,,,,,,,,,,,,,,,,,,,,,,,,,,0.0,,0.0,,0.0,,,,,,,,,,,,,,,,,,,0.0,,0.0,,0.0,,,0.0,,,,,,,,,,,0.0,,,,,,,,,,,,,,,,,,,,,,,,,,,,,,,,,,,,,,,,,,,,,,,,,,,,,,,,,,,,,,,,,,,,,,,,,,,,,,,,,,,,,,,,,,,,,,,,,,,,,,,,,,,,,,,,,,,,,,,,,,,,,,,,,,,,,,,,,,,,,,,,,,,,,,,,,,,,,,,,,,,,,,,,,,,,,,,,,,,,,,,,,,,,,,,,,,,,,,,,,,,,,,,,,,,,,,,,,,,,,,,,,,,6.0,2.0,-1.0,,-46.0,-68.0,-81.0,-4.0,-7.0,,-52.0,-74,-87,-3.0,,-48.0,-70.0,-83.0,,-45.0,-67.0,-80.0,,,,-22.0,-35.0,-13
34236,1,7,2010-09-29 02:00:00+00:00,2176,81,0,Gesetzentwurf,Parlament,"['Akteneinsicht', 'Auskunfterteilung', 'E-Mail', 'Landtag Brandenburg', 'Öffentliche Sitzung', 'Personenbezogene Daten', 'Petition', 'Petitionsausschuss', 'Petitionsrecht']",[-0.02017955  0.00197665 -0.01185991 ...  0.01899946  0.00746407   0.01121086],"[(np.int64(29), np.float64(0.4899166197934982)), (np.int64(19), np.float64(0.43250718684174416)), (np.int64(24), np.float64(0.4202966072997456))]",29,0.4899166197934982,0.5,0.5,0.5,1,7,2.0,34.0,69.0,0.0,,,,1.0,70.0,0.0,,1.0,77.0,,,,,,1,81,,,0.0,,0.0,,0.0,,0.0,,,,0.0,,,,,0.0,,,,,,,,,,,,,,,0.0,,,,,,,,,,,,,,,,,,,,,,,,,,,,,0.0,,0.0,,0.0,,,,,,,,,,,,,,,,,,,0.0,,0.0,,0.0,,,0.0,,,,,,,,,,,0.0,,,,,,,,,,,,,,,,,,,,,,,,,,,,,,,,,,,,,,,,,,,,,,,,,,,,,,,,,,,,,,,,,,,,,,,,,,,,,,,,,,,,,,,,,,,,,,,,,,,,,,,,,,,,,,,,,,,,,,,,,,,,,,,,,,,,,,,,,,,,,,,,,,,,,,,,,,,,,,,,,,,,,,,,,,,,,,,,,,,,,,,,,,,,,,,,,,,,,,,,,,,,,,,,,,,,,,,,,,,,,,,,,,,,,,,,,,-4.0,-11.0,,-47.0,-74,-81,-7.0,,-43.0,-70.0,-77.0,,-36.0,-63.0,-70.0,,,,-27.0,-34.0,-7
34409,2,13,2010-10-29 02:00:00+00:00,2206,251,0,Gesetzentwurf,Verkehrswegebau,"['Landesstraße', 'Ortsumgehung', 'Straße', 'Straßen- und Wegerecht', 'Straßenbau', 'Verkehrsinfrastruktur']",[-0.01533628  0.0013449   0.00227369 ...  0.01075917  0.00021455   0.00457711],"[(np.int64(29), np.float64(0.3658504381097491)), (np.int64(12), np.float64(0.35476399719473145)), (np.int64(18), np.float64(0.3436322139444893))]",29,0.3658504381097491,0.5,0.5,0.5,1,12,4.0,26.0,40.0,0.0,,110.0,230.0,1.0,234.0,2.0,10.0,1.0,237.0,235.0,,,,,1,251,,,0.0,,0.0,,0.0,,0.0,,,,0.0,,,,,0.0,,,,,,,,,,,,,,,0.0,,,,,,,,,,,,,,,,,,,,,,,,,,,,,1.0,110.0,0.0,,0.0,,,,,,,,,,,,,,,,,4.0,,0.0,,0.0,,0.0,,,0.0,,,,,,,,,,,0.0,,,,,,,,,,,,,,,,,,,,,,,,,,,,,,,,,,,,,,,,,,,,,,,,,,,,,,,,,,,,,,,,,,,,,,,,,,,,,,,,,,,,,,,,,,,,,,,,,,,,,,,,,,,,,,,,,,,,,,,,,,,,,,,,,,,,,,,,,,,,,,-100.0,141.0,127.0,124.0,,-84.0,-98.0,-110.0,,,,,,,,,,,,,,,,,,,,,,,,,,,,,,,,,,,,,,,,,,,,,,,,,,,,,,,,,,,,,,,,,,,,,,,,,,,,,,241.0,227.0,224.0,,16.0,2.0,-10.0,-14.0,-17.0,,-225.0,-239,-251,-3.0,,-211.0,-225.0,-237.0,,-208.0,-222.0,-234.0,,,,-14.0,-26.0,-12
34419,1,9,2010-11-01 01:00:00+00:00,2208,129,0,Gesetzentwurf,Rundfunk Fernsehen,"['Deutschlandradio-Staatsvertrag', 'Internet', 'Jugendlicher', 'Jugendmedienschutz-Staatsvertrag', 'Jugendschutz', 'Jugendschutzgesetz', 'Kind', 'Medienkompetenz', 'Rundfunkrecht', 'Rundfunkstaatsvertrag', 'Staatsvertrag']",[ 0.00717948  0.01152262 -0.00345679 ...  0.01134535  0.00779993   0.02576341],"[(np.int64(2), np.float64(0.3858655131557534)), (np.int64(29), np.float64(0.37228035675793514)), (np.int64(12), np.float64(0.3491669534418264))]",2,0.3858655131557534,1.0,1.0,1.0,1,10,1.0,37.0,,0.0,,,,1.0,38.0,0.0,,1.0,45.0,,,,,,1,49,,,1.0,45.0,1.0,45.0,0.0,,1.0,129.0,,,0.0,,,,,0.0,,,,,,,,,,,,,,,0.0,,,,,,,,,,,,,,,,,,,,,,,,,,,,,0.0,,0.0,,0.0,,,,,,,,,,,,,,,,,,,0.0,,0.0,,0.0,,,0.0,,,,,,,,,,,0.0,,,,,,,,,,,,,,,,,,,,,,,,,,,,,,,,,,,,,,,,,,,,,,,,,,,,,,,,,,,,,,,,,,,,,,,,,,,,,,,,,,,,,,,,,,,,,,,,,,,,,,,,,,,,,,,,,,,,,,,,,,,,,,,,,,,,,,,,,,,,,,,,,,,,,,,,,84.0,,0.0,,4.0,0.0,-7.0,,-8.0,-35.0,-45.0,,,,,,,,,,,,,,,,,,,,,,,,,,,,,,,,,,,,,,-84.0,,-80.0,-84.0,-91.0,,-92.0,-119.0,-129.0,,,,,,,,,,,4.0,0.0,-7.0,,-8.0,-35.0,-45.0,,,,,,,,-4.0,-11.0,,-12.0,-39,-49,-7.0,,-8.0,-35.0,-45.0,,-1.0,-28.0,-38.0,,,,-27.0,-37.0,-10
34647,1,4,2010-12-01 01:00:00+00:00,2238,19,0,Gesetzentwurf,Sozialleistungen,"['Abitur', 'Asylbewerberleistungsgesetz', 'Ausbildungsförderung', 'Bundesausbildungsförderungsgesetz', 'Bundeskindergeldgesetz', 'Fachoberschule', 'Gymnasiale Oberstufe', 'Gymnasium', 'Schule', 'Schüler', 'Sozialgesetzbuch II', 'Sozialgesetzbuch VIII', 'Sozialgesetzbuch XII', 'Sozialleistung']",[ 0.00583445  0.03253146  0.02392712 ...  0.00187851 -0.00052304   0.00704259],"[(np.int64(20), np.float64(0.509226158695474)), (np.int64(29), np.float64(0.4855826154068659)), (np.int64(22), np.float64(0.4564163404457279))]",20,0.509226158695474,1.0,0.5,0.4166666666666666,1,14,0.0,,,0.0,,,,0.0,,0.0,,1.0,16.0,,,,,,1,19,,,0.0,,0.0,,0.0,,0.0,,,,0.0,,,,,0.0,,,,,,,,,,,,,,,0.0,,,,,,,,,,,,,,,,,,,,,,,,,,,,,0.0,,0.0,,0.0,,,,,,,,,,,,,,,,,,,0.0,,0.0,,0.0,,,0.0,,,,,,,,,,,0.0,,,,,,,,,,,,,,,,,,,,,,,,,,,,,,,,,,,,,,,,,,,,,,,,,,,,,,,,,,,,,,,,,,,,,,,,,,,,,,,,,,,,,,,,,,,,,,,,,,,,,,,,,,,,,,,,,,,,,,,,,,,,,,,,,,,,,,,,,,,,,,,,,,,,,,,,,,,,,,,,,,,,,,,,,,,,,,,,,,,,,,,,,,,,,,,,,,,,,,,,,,,,,,,,,,,,,,,,,,,,,,,,,,,,,,,,,,-3.0,,,,-5,-19,,,,-2.0,-16.0,,,,,,,,,,-14
34653,1,7,2010-12-02 01:00:00+00:00,2239,203,0,Gesetzentwurf,"['Innere Sicherheit', 'Gerichte und Staatsanwaltschaften']","['Berlin', 'Gerichtsverfassungsgesetz', 'Oberlandesgericht', 'Richter', 'Sachsen-Anhalt', 'Staatsvertrag zwischen den Ländern Berlin, Brandenburg und Sachsen-Anhalt über die Übertragung der Zuständigkeit in Staatsschutz-Strafsachen', 'Staatsvertrag', 'Strafsache', 'Straftat']",[-0.00924015  0.01990187  0.00040907 ...  0.00793705  0.00162147   0.01415639],"[(np.int64(19), np.float64(0.4945676703570611)), (np.int64(9), np.float64(0.4544564863627435)), (np.int64(24), np.float64(0.44910720533203113))]",19,0.4945676703570611,0.0,1.0,0.5,1,14,1.0,41.0,,0.0,,,,1.0,41.0,0.0,,1.0,48.0,,,,,,1,77,,,0.0,,0.0,,0.0,,1.0,203.0,,,0.0,,,,,0.0,,,,,,,,,,,,,,,0.0,,,,,,,,,,,,,,,,,,,,,,,,,,,,,0.0,,0.0,,0.0,,,,,,,,,,,,,,,,,,,0.0,,0.0,,0.0,,,0.0,,,,,,,,,,,0.0,,,,,,,,,,,,,,,,,,,,,,,,,,,,,,,,,,,,,,,,,,,,,,,,,,,,,,,,,,,,,,,,,,,,,,,,,,,,,,,,,,,,,,,,,,,,,,,,,,,,,,,,,,,,,,,,,,,,,,,,,,,,,,,,,,,,,,,,,,,,,,,,,,,,,,,,,,,,,,,,,,,,,,,,,,,,,,,,,,,,,,,,,,,,,,,,,,,,,,,,,,,-126.0,-155.0,-162.0,,-162.0,-189.0,-203.0,,,,,,,,,,,,,,,,,,,,,,,,,-29.0,-36.0,,-36.0,-63,-77,-7.0,,-7.0,-34.0,-48.0,,0.0,-27.0,-41.0,,,,-27.0,-41.0,-14
34656,1,13,2010-12-03 01:00:00+00:00,2240,146,0,Gesetzentwurf,Tierkrankheiten,"['Gesetz zur Ausführung des Tierische Nebenprodukte-Beseitigungsgesetzes', 'Kosten', 'Kreis', 'Tierkörper', 'Tierkörperbeseitigung', 'Viehwirtschaft']",[ 0.01556792  0.01366649  0.02531272 ...  0.02459968 -0.0152114   0.00567456],"[(np.int64(29), np.float64(0.34196557650203124)), (np.int64(19), np.float64(0.31233328826854045)), (np.int64(15), np.float64(0.3062339452885851))]",29,0.34196557650203124,0.5,0.5,0.5,1,13,7.0,54.0,55.0,0.0,,89.0,90.0,1.0,123.0,0.0,,1.0,131.0,,,,,,1,146,111.0,111.0,0.0,,0.0,,0.0,,0.0,,,,0.0,,117.0,,,0.0,,,,,,,,,,,,,,,0.0,,,,,,,,,,,,,,,,,,,,,,,,,,,,,1.0,89.0,0.0,,0.0,,,,,,,,,,,,,,,,,,,0.0,,0.0,,0.0,,,0.0,,,,,,,,,,,0.0,,,,,,,,,,,,,,,,,,,,,,,,,,,,,,,,,,,,,,,,,,,,,,,,,,,,,,,,,,,,,,,,,,,,,,,,,,,,,,,,,,,,,,,,,,,,,,,,,,,,,,,,,,,,,,,,,,,,,,,,,,,,,,,,,,,,,,,,,,,,,,,57.0,42.0,34.0,,-35.0,-76.0,-89.0,,,,,,,,,,,,,,,,,,,,,,,,,,,,,,,,,,,,,,,,,,,,,,,,,,,,,,,,,,,,,,,,,,,,,,,,,,,,,,,,,,,,,-15.0,-23.0,,-92.0,-133,-146,-8.0,,-77.0,-118.0,-131.0,,-69.0,-110.0,-123.0,,,,-41.0,-54.0,-13
34797,1,7,2010-12-28 01:00:00+00:00,2265,66,0,Gesetzentwurf,Sozialleistungen,"['Gesetz zur Ausführung des Zweiten Buches Sozialgesetzbuch im Land Brandenburg', 'Grundsicherung für Arbeitsuchende', 'Kooperationsausschuss', 'Ministerium für Arbeit, Soziales, Frauen und Familie', 'Oberste Landesbehörde', 'Sozialgesetzbuch', 'Sozialleistung']",[0.00318805 0.02265737 0.0071175  ... 0.00339564 0.00782925 0.02704649],"[(np.int64(29), np.float64(0.4787498852869206)), (np.int64(19), np.float64(0.43736201402624886)), (np.int64(9), np.float64(0.43298103576097385))]",29,0.4787498852869206,0.5,0.5,0.5,1,23,2.0,15.0,50.0,0.0,,,,1.0,50.0,0.0,,1.0,57.0,,,,,,1,66,,,0.0,,0.0,,0.0,,0.0,,,,0.0,,,,,0.0,,,,,,,,,,,,,,,0.0,,,,,,,,,,,,,,,,,,,,,,,,,,,,,0.0,,0.0,,0.0,,,,,,,,,,,,,,,,,,,0.0,,0.0,,0.0,,,0.0,,,,,,,,,,,0.0,,,,,,,,,,,,,,,,,,,,,,,,,,,,,,,,,,,,,,,,,,,,,,,,,,,,,,,,,,,,,,,,,,,,,,,,,,,,,,,,,,,,,,,,,,,,,,,,,,,,,,,,,,,,,,,,,,,,,,,,,,,,,,,,,,,,,,,,,,,,,,,,,,,,,,,,,,,,,,,,,,,,,,,,,,,,,,,,,,,,,,,,,,,,,,,,,,,,,,,,,,,,,,,,,,,,,,,,,,,,,,,,,,,,,,,,,,-9.0,-16.0,,-51.0,-43,-66,-7.0,,-42.0,-34.0,-57.0,,-35.0,-27.0,-50.0,,,,8.0,-15.0,-23
35016,1,17,2011-02-08 01:00:00+00:00,2307,359,0,Gesetzentwurf,Wahlen,"['Abstimmungsbehörde', 'Bürgerbeteiligung', 'Direkte Demokratie', 'Meldegesetz', 'Meldewesen', 'Unterschrift', 'Unterschriftensammlung', 'Volksabstimmung']",[ 0.01474962  0.03044321 -0.02359939 ...  0.01522161  0.00480838   0.01120971],"[(np.int64(29), np.float64(0.4612099008112436)), (np.int64(12), np.float64(0.4117403068878641)), (np.int64(19), np.float64(0.40702045368081086))]",29,0.4612099008112436,0.5,0.5,0.5,1,16,10.0,23.0,36.0,0.0,,51.0,92.0,1.0,350.0,0.0,,1.0,352.0,,,,,,1,359,127.0,127.0,0.0,,0.0,,0.0,,0.0,,,,0.0,,254.0,296.0,,0.0,,,,,,,,,,,,,,,0.0,,,344.0,350.0,,,,,,,,,,,,,,,,,,,,,,,,,2.0,127.0,0.0,,0.0,,,,,,,,,,,,,,,,,,,0.0,,0.0,,0.0,,,0.0,,127.0,,,,,,,,,0.0,,,,,,,,,,,,,,,,,,,,,,,,,,,,,,,,,,,,,,,,,,,,,,,,,,,,,,,,,,,,,,,,,,,,,,,,,,,,,,,,,,,,,,,,,,,,,,,,,,,,,,,,,,,,,,,,,,,,,,,,,,,,,,,,,,,,,,,,,,,,,,,232.0,225.0,223.0,,-104.0,-111.0,-127.0,,,,,,,,,,,,,,,,,,,,,,,,,,,,,,,,,,,,,,,,,,,,,,,,,,,,,,,,,,,,,,,,,,,,,,,,,,,,,,,,,,,,,-7.0,-9.0,,-336.0,-343,-359,-2.0,,-329.0,-336.0,-352.0,,-327.0,-334.0,-350.0,,,,-7.0,-23.0,-16
35039,1,15,2011-02-09 01:00:00+00:00,2308,237,0,Gesetzentwurf,Gerichte und Staatsanwaltschaften,"['Beamtenrecht', 'Berlin', 'Brandenburg', 'Ehrenamtlicher Richter', 'Finanzgerichtsbarkeit', 'Gericht', 'Grenzüberschreitende Zusammenarbeit', 'Landesarbeitsgericht', 'Landesrechnungshof', 'Landesrechnungshofgesetz', 'Landessozialgericht', 'Oberverwaltungsgericht', 'Öffentliches Dienstrecht', 'Richter', 'Richtervertretung', 'Richterwahl', 'Richterwahlausschuss', 'Staatsanwaltschaft', 'Staatsvertrag über die Errichtung gemeinsamer Fachobergerichte der Länder Berlin und Brandenburg', 'Staatsvertrag']",[0.00598282 0.00687578 0.00212822 ... 0.02250255 0.00928677 0.01506123],"[(np.int64(29), np.float64(0.44545465090974473)), (np.int64(9), np.float64(0.4320577569019377)), (np.int64(19), np.float64(0.4069938815623264))]",29,0.44545465090974473,0.5,0.5,0.5,1,14,7.0,35.0,36.0,0.0,,57.0,84.0,1.0,131.0,1.0,132.0,1.0,133.0,,,,,,1,154,92.0,111.0,0.0,,0.0,,0.0,,1.0,237.0,,,0.0,,126.0,,,0.0,,,,,,,,,,,,,,,0.0,,,,,,,,,,,,,,,,,,,,,,,,,,,,,1.0,84.0,0.0,,0.0,,,,,,,,,,,,,,,,,,,0.0,,0.0,,0.0,,,0.0,,,,,,,,,,,0.0,,,,,,,,,,,,,,,,,,,,,,,,,,,,,,,,,,,,,,,,,,,,,,,,,,,,,,,,,,,,,,,,,,,,,,,,,,,,,,,,,,,,,,,,,,,,,,,,,,,,,,,,,,,,,,,,,,,,,,,,,,,,,,,,,,,,,,,,,,,153.0,,,48.0,70.0,49.0,47.0,,-49.0,-70.0,-84.0,,,,,,,,,,,,,,,,,,,,,,,,,,,,,,,,,,,,,,,,,,,,,,,,,,,,,-105.0,-83.0,-104.0,-106.0,,-202.0,-223.0,-237.0,,,,,,,,,,,,,,,,,,22.0,1.0,-1.0,,-97.0,-118.0,-132.0,-21.0,-23.0,,-119.0,-140,-154,-2.0,,-98.0,-119.0,-133.0,,-96.0,-117.0,-131.0,,,,-21.0,-35.0,-14
35040,1,9,2011-02-11 01:00:00+00:00,2310,119,0,Gesetzentwurf,Energie,"['Aufsichtsbehörde', 'Bundesnetzagentur für Elektrizität, Gas, Telekommunikation, Post und Eisenbahnen', 'Energie', 'Verwaltungsabkommen über die Wahrnehmung bestimmter Aufgaben nach dem Energiewirtschaftsgesetz', 'Organleihe', 'Verwaltungsabkommen']",[-0.00103154 -0.01444155 -0.00019433 ...  0.00589451  0.01898033   0.02369594],"[(np.int64(21), np.float64(0.4455673038587799)), (np.int64(19), np.float64(0.4110733507042228)), (np.int64(4), np.float64(0.4031124831363311))]",21,0.4455673038587799,0.5,1.0,0.4166666666666666,1,12,4.0,19.0,33.0,0.0,,82.0,89.0,1.0,90.0,0.0,,1.0,96.0,,,,,,1,119,,,0.0,,0.0,,0.0,,0.0,,,,0.0,,,,,0.0,,,,,,,,,,,,,,,0.0,,,,,,,,,,,,,,,,,,,,,,,,,,,,,0.0,,0.0,,0.0,,,,,,,,,,,,,,,,,,,0.0,,0.0,,0.0,,,0.0,,,,,,,,,,,0.0,,,,,,,,,,,,,,,,,,,,,,,,,,,,,,,,,,,,,,,,,,,,,,,,,,,,,,,,,,,,,,,,,,,,,,,,,,,,,,,,,,,,,,,,,,,,,,,,,,,,,,,,,,,,,,,,,,,,,,,,,,,,,,,,,,,,,,,,,,,,,,,,,,,,,,,,,,,,,,,,,,,,,,,,,,,,,,,,,,,,,,,,,,,,,,,,,,,,,,,,,,,,,,,,,,,,,,,,,,,,,,,,,,,,,,,,,,-23.0,-29.0,,-100.0,-107,-119,-6.0,,-77.0,-84.0,-96.0,,-71.0,-78.0,-90.0,,,,-7.0,-19.0,-12
35245,1,13,2011-03-08 01:00:00+00:00,2335,349,0,Gesetzentwurf,Raumordnung,"['Braunkohlen- und Sanierungsplanung', 'Gesetz zur Regionalplanung und zur Braunkohlen- und Sanierungsplanung', 'Kommunale Selbstverwaltung', 'Landesplanungsgesetz', 'Landesplanungsvertrag', 'Raumordnungsgesetz', 'Regionalplanung', 'Staatsvertrag über die Änderung des Landesplanungsvertrages', 'Staatsvertrag', 'Windenergie']",[-0.00622938 -0.00828597 -0.00411318 ...  0.03266699  0.00852441   0.01752572],"[(np.int64(4), np.float64(0.4060476427169727)), (np.int64(38), np.float64(0.4016614455055728)), (np.int64(29), np.float64(0.37322755149191145))]",4,0.4060476427169727,1.0,0.5,0.75,1,15,3.0,29.0,65.0,0.0,,99.0,,1.0,105.0,0.0,,1.0,176.0,,,,,,1,197,,,2.0,175.0,0.0,,0.0,,3.0,308.0,,,0.0,,,,,0.0,,,,,,,,,,,,,,,0.0,,,,,,,,,,,,,,,,,,,,,,,,,,,,,0.0,,0.0,,0.0,,,,,,,,,,,,,,,,,,,0.0,,0.0,,0.0,,175.0,0.0,,,349.0,349.0,,,,,,,0.0,,,,,,,,,,,,,,,,,,,,,,,,,,,,,,,,,,,,,,,,,,,,,,,,,,,,,,,,,,,,,,,,,,,,,,,,,,,,,,,,,,,,,,,,,,,,,,,,,,,,,,,,,,,,,,,,,,,,,,,,,,,,,,,,,,,,,,,,,,,,,,,,,,,,,,,,,,,,,,,,,,,,,,,,,,,,,,,,,,,,,,,,,,,,,,,,,,,,,,,,,-133.0,,-111.0,-132.0,-203.0,,-279.0,-293.0,-308.0,,,,,,,,,,,22.0,1.0,-70.0,,-146.0,-160.0,-175.0,,,,,,,,-21.0,-92.0,,-168.0,-182,-197,-71.0,,-147.0,-161.0,-176.0,,-76.0,-90.0,-105.0,,,,-14.0,-29.0,-15
35250,1,10,2011-03-09 01:00:00+00:00,2336,121,0,Gesetzentwurf,"['Öffentliche Verwaltung', 'Kommunale Angelegenheiten', 'Schulen']","['Bestattungsgesetz', 'Experimentierklausel', 'Gemeinde', 'Leitstelle für Bürokratieabbau', 'Ministerium des Innern', 'Schule', 'Schulgesetz', 'Schulkonferenz', 'Schulrecht', 'Schulträger', 'Standarderprobungsgesetz']",[-0.00041504  0.01989229  0.00443705 ...  0.0169144   0.0122689   0.00774251],"[(np.int64(29), np.float64(0.4601097103157385)), (np.int64(20), np.float64(0.41940451638630394)), (np.int64(19), np.float64(0.3974059301464281))]",29,0.4601097103157385,0.5,0.5,0.5,1,14,4.0,22.0,64.0,0.0,,78.0,98.0,1.0,103.0,0.0,,1.0,105.0,,,,,,1,121,,,1.0,104.0,0.0,,0.0,,0.0,,,,0.0,,,,,0.0,,,,,,,,,,,,,,,0.0,,,,,,,,,,,,,,,,,,,,,,,,,,,,,0.0,,0.0,,0.0,,,,,,,,,,,,,,,,,,,0.0,,0.0,,0.0,,,0.0,,,,,,,,,,,0.0,,,,,,,,,,,,,,,,,,,,,,,,,,,,,,,,,,,,,,,,,,,,,,,,,,,,,,,,,,,,,,,,,,,,,,,,,,,,,,,,,,,,,,,,,,,,,,,,,,,,,,,,,,,,,,,,,,,,,,,,,,,,,,,,,,,,,,,,,,,,,,,,,,,,,,,,,,,,,,,,,,,,,,,,,,,,,,,,,,,,,,,,,,,,,,,,,,,,,,,,,,,,,,,,,,,,,,,,,,,,17.0,1.0,-1.0,,-82.0,-90.0,-104.0,,,,,,,,-16.0,-18.0,,-99.0,-107,-121,-2.0,,-83.0,-91.0,-105.0,,-81.0,-89.0,-103.0,,,,-8.0,-22.0,-14
35253,1,11,2011-03-10 01:00:00+00:00,2337,125,0,Gesetzentwurf,"['Alte Menschen', 'Soziale Einrichtungen', 'Sozialleistungen']","['Altenpflege', 'Älterer Mensch', 'Asylbewerber', 'Landespflegeausschuss', 'Medizinische Versorgung', 'Pflegeeinrichtung', 'Pflegeheim', 'Pflegestützpunkt', 'Pflegeversicherung', 'Sozialgesetzbuch XI', 'Sozialgesetzbuch XII', 'Sozialhilfe', 'Sozialleistung', 'Verordnung']",[ 9.61451515e-05  2.25917883e-02  4.75616573e-04 ...  1.28416475e-02  -7.72876944e-03  2.28295960e-02],"[(np.int64(36), np.float64(0.4000227489243562)), (np.int64(29), np.float64(0.3865917249179072)), (np.int64(22), np.float64(0.376697360577688))]",36,0.4000227489243562,1.0,1.0,1.0,1,13,4.0,6.0,27.0,0.0,,62.0,97.0,1.0,99.0,1.0,103.0,1.0,105.0,,,,,,1,125,,,0.0,,0.0,,0.0,,0.0,,,,0.0,,,,,0.0,,,,,,,,,,,,,,,0.0,,,,,,,,,,,,,,,,,,,,,,,,,,,,,1.0,62.0,0.0,,0.0,,,,,,,,,,,,,,,,,,,0.0,,0.0,,0.0,,,0.0,,,,,,,,,,,0.0,,,,,,,,,,,,,,,,,,,,,,,,,,,,,,,,,,,,,,,,,,,,,,,,,,,,,,,,,,,,,,,,,,,,,,,,,,,,,,,,,,,,,,,,,,,,,,,,,,,,,,,,,,,,,,,,,,,,,,,,,,,,,,,,,,,,,,,,,,,,,,41.0,63.0,43.0,37.0,,-56.0,-49.0,-62.0,,,,,,,,,,,,,,,,,,,,,,,,,,,,,,,,,,,,,,,,,,,,,,,,,,,,,,,,,,,,,,,,,,,,,,,,,,,,,,22.0,2.0,-4.0,,-97.0,-90.0,-103.0,-20.0,-26.0,,-119.0,-112,-125,-6.0,,-99.0,-92.0,-105.0,,-93.0,-86.0,-99.0,,,,7.0,-6.0,-13
35379,1,17,2011-03-30 02:00:00+00:00,2358,391,0,Gesetzentwurf,Wasser,"['Abfallverbrennungsabwasserverordnung', 'Abwasserabgabengesetz', 'Abwasserentsorgung', 'Badegewässer', 'Badegewässerverordnung', 'Beitrag', 'Binnensee', 'EU-Recht', 'Fischerei', 'Fischgewässerqualitätsverordnung', 'Gebührenordnung', 'Genehmigung', 'Gesetz über die Bildung von Gewässerunterhaltungsverbänden', 'Gewässer', 'Gewässerausbau', 'Gewässereinstufungsverordnung', 'Gewässerschutz', 'Gewässerunterhaltung', 'Grundwasser', 'Hochwasserrisikomanagement', 'Hochwasserschutz', 'Indirekteinleiterverordnung', 'Kommunalabwasserverordnung', 'Landesschifffahrtsverordnung', 'Ministerium für Umwelt, Gesundheit und Verbraucherschutz', 'Qualitätszielverordnung', 'Stauanlage', 'Trinkwasserschutzgebiet', 'Überschwemmungsgebiet', 'Umweltrechtszuständigkeitsverordnung', 'Untersuchungsstellen-Zulassungsverordnung', 'Verordnung zur Bestimmung der zuständigen Behörde in den Fällen der §§ 14 und 19f des Wasserhaushaltsgesetzes', 'Verordnung', 'Wasser- und Bodenverband', 'Wasserbehörde', 'Wasserbehördenzuständigkeitsverordnung', 'Wasserentnahmeentgelt', 'Wassergesetz', 'Wasserhaushaltsgesetz', 'Wassernutzung', 'Wasserschutzgebiet', 'Wasserversorgung', 'Wasserwirtschaft']",[-0.01527067 -0.00084714 -0.01177854 ...  0.02071602  0.00452793   0.00982531],"[(np.int64(29), np.float64(0.419916201496875)), (np.int64(7), np.float64(0.4052456680428689)), (np.int64(21), np.float64(0.37996060369106555))]",29,0.419916201496875,0.5,0.5,0.5,1,14,6.0,35.0,56.0,0.0,,140.0,210.0,1.0,256.0,4.0,13.0,1.0,259.0,250.0,257.0,257.0,,,1,263,230.0,244.0,0.0,,0.0,,0.0,,1.0,391.0,,,0.0,,,,,0.0,,,,,,,,,,,,,,,0.0,,,,,,,,,,,,,,,,,,,,,,,,,,,,,1.0,140.0,0.0,,0.0,,,,,,,,,,,,,,,,,,,0.0,,0.0,,0.0,,,0.0,,,,,,,,,,,0.0,,,,,,,,,,,,,,,,,,,,,,,,,,,,,,,,,,,,,,,,,,,,,,,,,,,,,,,,,,,,,,,,,,,,,,,,,,,,,,,,,,,,,,,,,,,,,,,,,,,,,,,,,,,,,,,,,,,,,,,,,,,,,,,,,,,,,,,,,,,251.0,,,-127.0,123.0,119.0,116.0,,-105.0,-126.0,-140.0,,,,,,,,,,,,,,,,,,,,,,,,,,,,,,,,,,,,,,,,,,,,,,,,,,,,,-378.0,-128.0,-132.0,-135.0,,-356.0,-377.0,-391.0,,,,,,,,,,,,,,,,,,250.0,246.0,243.0,,22.0,1.0,-13.0,-4.0,-7.0,,-228.0,-249,-263,-3.0,,-224.0,-245.0,-259.0,,-221.0,-242.0,-256.0,,,,-21.0,-35.0,-14
35382,1,7,2011-03-31 02:00:00+00:00,2359,291,0,Gesetzentwurf,Rundfunk Fernsehen,"['Deutschlandradio-Staatsvertrag', 'Öffentlich-rechtlicher Rundfunk', 'Rundfunkbeitrag', 'Rundfunkbeitragsstaatsvertrag', 'Rundfunkfinanzierungsstaatsvertrag', 'Rundfunkgebührenstaatsvertrag', 'Rundfunkrecht', 'Staatsvertrag', 'Unternehmen', 'ZDF-Staatsvertrag']",[ 0.00950944  0.00892244  0.00540042 ...  0.01355976 -0.00243606   0.01631867],"[(np.int64(35), np.float64(0.382429239873018)), (np.int64(13), np.float64(0.3761660613037565)), (np.int64(29), np.float64(0.3729703602998955))]",35,0.382429239873018,0.0,1.0,0.5,1,13,1.0,41.0,,0.0,,,,1.0,42.0,0.0,,1.0,48.0,,,,,,1,71,,,0.0,,0.0,,0.0,,1.0,291.0,,,0.0,,,,,0.0,,,,,,,,,,,,,,,0.0,,,,,,,,,,,,,,,,,,,,,,,,,,,,,0.0,,0.0,,0.0,,,,,,,,,,,,,,,,,,,0.0,,0.0,,0.0,,,0.0,,,,,,,,,,,0.0,,,,,,,,,,,,,,,,,,,,,,,,,,,,,,,,,,,,,,,,,,,,,,,,,,,,,,,,,,,,,,,,,,,,,,,,,,,,,,,,,,,,,,,,,,,,,,,,,,,,,,,,,,,,,,,,,,,,,,,,,,,,,,,,,,,,,,,,,,,,,,,,,,,,,,,,,,,,,,,,,,,,,,,,,,,,,,,,,,,,,,,,,,,,,,,,,,,,,,,,,,,-220.0,-243.0,-249.0,,-250.0,-278.0,-291.0,,,,,,,,,,,,,,,,,,,,,,,,,-23.0,-29.0,,-30.0,-58,-71,-6.0,,-7.0,-35.0,-48.0,,-1.0,-29.0,-42.0,,,,-28.0,-41.0,-13
35383,1,18,2011-03-31 02:00:00+00:00,2359,292,0,Gesetzentwurf,Kommunale Angelegenheiten,"['Daseinsvorsorge', 'Dienstleistung', 'Gemeinde', 'Gesetz zur Stärkung der kommunalen Daseinsvorsorge', 'Kommunalaufsicht', 'Kommunale Selbstverwaltung', 'Kommunales Unternehmen', 'Kommunales Wirtschaftsrecht', 'Kommunalrecht', 'Kommunalwirtschaft', 'Kreis', 'Öffentliches Unternehmen', 'Stadt']",[-0.00486164  0.01157249  0.00426512 ...  0.02827505 -0.00192378   0.02517314],"[(np.int64(21), np.float64(0.3963270327598817)), (np.int64(29), np.float64(0.35468791543271894)), (np.int64(16), np.float64(0.33181859212661724))]",21,0.3963270327598817,0.5,1.0,0.4166666666666666,1,13,8.0,34.0,35.0,0.0,,76.0,140.0,1.0,245.0,2.0,249.0,1.0,258.0,251.0,,,,,1,283,160.0,161.0,1.0,251.0,0.0,,1.0,292.0,0.0,,,,0.0,,229.0,230.0,,0.0,,,,,,,,,,,,,,,0.0,,,,,,,,,,,,,,,,,,,,,,,,,,,,,1.0,161.0,0.0,,0.0,,,,,,,,,,,,,,,,,,,0.0,,0.0,,0.0,,,0.0,,,,,,,,,,,0.0,,,,,,,,,,,,,,,,,,,,,,,,,,,,,,,,,,,,,,,,,,,,,,,,,,,,,,,,,,,,,,,,,,,,,,,,,,,,,,,,,,,,,,,,,,,,,,,,,,,,,,,,,,,,,,,,,,,,,,,,,,,,,,,,,,,,,,,,131.0,,,,,90.0,88.0,122.0,97.0,84.0,,-127.0,-148.0,-161.0,,,,,,,,,,,,,,,,,,,-41.0,-43.0,-9.0,-34.0,-47.0,,-258.0,-279.0,-292.0,,,,,,,,,,,,,,,,,,,,,,,,,,,,,,,,,,,,,,,,,,,-2.0,32.0,7.0,-6.0,,-217.0,-238.0,-251.0,34.0,9.0,-4.0,,-215.0,-236.0,-249.0,-25.0,-38.0,,-249.0,-270,-283,-13.0,,-224.0,-245.0,-258.0,,-211.0,-232.0,-245.0,,,,-21.0,-34.0,-13
35384,1,17,2011-04-01 02:00:00+00:00,2360,173,0,Gesetzentwurf,Wirtschaft,"['Auftragnehmer', 'Bauwirtschaft', 'Dienstleistung', 'Grundrechtsbeschränkung', 'Informationsstelle', 'Landesverfassung: Art. 11', 'Mindestlohn', 'Nachauftragnehmer', 'Öffentlicher Auftrag', 'Qualitätssicherung', 'Tariftreue', 'Unternehmen', 'Vergabe- und Vertragsordnung für Bauleistungen', 'Vergabe- und Vertragsordnung für Leistungen', 'Vergabegesetz', 'Vergütung', 'Zertifizierung']",[ 0.00186377  0.00141617  0.00344871 ... -0.00182708  0.00722028   0.02477202],"[(np.int64(13), np.float64(0.5421446163786611)), (np.int64(21), np.float64(0.4475914104976935)), (np.int64(29), np.float64(0.4369412676220008))]",13,0.5421446163786611,1.0,1.0,0.3333333333333333,1,12,9.0,33.0,34.0,0.0,,61.0,75.0,1.0,147.0,0.0,,1.0,152.0,,,,,,1,173,76.0,138.0,1.0,151.0,1.0,152.0,0.0,,0.0,,,,0.0,,139.0,144.0,,0.0,,,,,,,,,,,,,,,0.0,,,145.0,,,,,,,,,,,,,,,,,,,,,,,,,,1.0,61.0,0.0,,0.0,,,,,,,,,,,,,,,,,,,0.0,,0.0,,0.0,,,0.0,,,,,,,,,,,0.0,,,,,,,,,,,,,,,,,,,,,,,,,,,,,,,,,,,,,,,,,,,,,,,,,,,,,,,,,,,,,,,,,,,,,,,,,,,,,,,,,,,,,,,,,,,,,,,,,,,,,,,,,,,,,,,,,,,,,,,,,,,,,,,,,,,,,,,91.0,,,,,,90.0,,112.0,91.0,86.0,,-28.0,-49.0,-61.0,,,,,,-1.0,,21.0,0.0,-5.0,,-119.0,-140.0,-152.0,,,,,,,,,,,,,,,,,,,,,,,,,,,,,,,,,,,,,,,,,,,,,,,,,,,,,,,,,22.0,1.0,-4.0,,-118.0,-139.0,-151.0,,,,,,,,-21.0,-26.0,,-140.0,-161,-173,-5.0,,-119.0,-140.0,-152.0,,-114.0,-135.0,-147.0,,,,-21.0,-33.0,-12
35549,1,7,2011-05-04 02:00:00+00:00,2393,140,0,Gesetzentwurf,Öffentlicher Dienst,"['Besoldung', 'Disziplinarmaßnahme', 'Disziplinarrecht', 'Disziplinarverfahren', 'Eingetragene Lebenspartnerschaft', 'Gebühr', 'Gerichtskosten', 'Verwaltungsgerichtsordnung']",[ 0.00394558  0.00366376  0.01269706 ...  0.00312977 -0.00967113   0.01085777],"[(np.int64(12), np.float64(0.4269183150312195)), (np.int64(16), np.float64(0.3964098434921425)), (np.int64(13), np.float64(0.39584115641499745))]",12,0.4269183150312195,1.0,0.5,0.4166666666666666,1,14,2.0,42.0,106.0,0.0,,,,1.0,111.0,0.0,,1.0,119.0,,,,,,1,140,,,0.0,,0.0,,0.0,,0.0,,,,0.0,,,,,0.0,,,,,,,,,,,,,,,0.0,,,,,,,,,,,,,,,,,,,,,,,,,,,,,0.0,,0.0,,0.0,,,,,,,,,,,,,,,,,,,0.0,,0.0,,0.0,,,0.0,,,,,,,,,,,0.0,,,,,,,,,,,,,,,,,,,,,,,,,,,,,,,,,,,,,,,,,,,,,,,,,,,,,,,,,,,,,,,,,,,,,,,,,,,,,,,,,,,,,,,,,,,,,,,,,,,,,,,,,,,,,,,,,,,,,,,,,,,,,,,,,,,,,,,,,,,,,,,,,,,,,,,,,,,,,,,,,,,,,,,,,,,,,,,,,,,,,,,,,,,,,,,,,,,,,,,,,,,,,,,,,,,,,,,,,,,,,,,,,,,,,,,,,,-21.0,-29.0,,-98.0,-126,-140,-8.0,,-77.0,-105.0,-119.0,,-69.0,-97.0,-111.0,,,,-28.0,-42.0,-14
35564,1,9,2011-05-06 02:00:00+00:00,2395,215,0,Gesetzentwurf,Wissenschaft Forschung,"['Außerhochschulische Forschung', 'Datenschutz', 'Staatsvertrag über die Berlin-Brandenburgische Akademie der Wissenschaften', 'Staatsvertrag', 'Wissenschaft']",[ 0.01320272  0.00564981 -0.02022037 ... -0.00437117  0.00683924   0.02426445],"[(np.int64(28), np.float64(0.4969357181699183)), (np.int64(29), np.float64(0.4356846428888286)), (np.int64(19), np.float64(0.42628851215213087))]",28,0.4969357181699183,0.5,1.0,0.4166666666666666,1,12,3.0,5.0,40.0,0.0,,40.0,,1.0,45.0,0.0,,1.0,47.0,,,,,,1,63,,,0.0,,0.0,,0.0,,1.0,215.0,,,0.0,,,,,0.0,,,,,,,,,,,,,,,0.0,,,,,,,,,,,,,,,,,,,,,,,,,,,,,0.0,,0.0,,0.0,,,,,,,,,,,,,,,,,,,0.0,,0.0,,0.0,,,0.0,,,,,,,,,,,0.0,,,,,,,,,,,,,,,,,,,,,,,,,,,,,,,,,,,,,,,,,,,,,,,,,,,,,,,,,,,,,,,,,,,,,,,,,,,,,,,,,,,,,,,,,,,,,,,,,,,,,,,,,,,,,,,,,,,,,,,,,,,,,,,,,,,,,,,,,,,,,,,,,,,,,,,,,,,,,,,,,,,,,,,,,,,,,,,,,,,,,,,,,,,,,,,,,,,,,,,,,,,-152.0,-168.0,-170.0,,-210.0,-203.0,-215.0,,,,,,,,,,,,,,,,,,,,,,,,,-16.0,-18.0,,-58.0,-51,-63,-2.0,,-42.0,-35.0,-47.0,,-40.0,-33.0,-45.0,,,,7.0,-5.0,-12
35560,1,6,2011-05-06 02:00:00+00:00,2395,68,0,Gesetzentwurf,Öffentliches Vermögen,"['Akteneinsicht', 'Ausschuss für Haushalt und Finanzen', 'Bodenpreis', 'Grundstück', 'Grundstücksverkauf', 'Landesimmobilien', 'Verkehrswert']",[ 1.26016820e-02 -1.04718199e-02 -1.23650301e-02 ...  5.94586413e-03   6.88692235e-05  2.20085718e-02],"[(np.int64(12), np.float64(0.34759532460289666)), (np.int64(29), np.float64(0.3455202307378883)), (np.int64(23), np.float64(0.3314879483010464))]",12,0.34759532460289666,1.0,0.5,0.4166666666666666,1,12,1.0,20.0,,0.0,,,,1.0,33.0,0.0,,1.0,47.0,,,,,,1,68,,,0.0,,0.0,,0.0,,0.0,,,,0.0,,,,,0.0,,,,,,,,,,,,,,,0.0,,,,,,,,,,,,,,,,,,,,,,,,,,,,,0.0,,0.0,,0.0,,,,,,,,,,,,,,,,,,,0.0,,0.0,,0.0,,,0.0,,,,,,,,,,,0.0,,,,,,,,,,,,,,,,,,,,,,,,,,,,,,,,,,,,,,,,,,,,,,,,,,,,,,,,,,,,,,,,,,,,,,,,,,,,,,,,,,,,,,,,,,,,,,,,,,,,,,,,,,,,,,,,,,,,,,,,,,,,,,,,,,,,,,,,,,,,,,,,,,,,,,,,,,,,,,,,,,,,,,,,,,,,,,,,,,,,,,,,,,,,,,,,,,,,,,,,,,,,,,,,,,,,,,,,,,,,,,,,,,,,,,,,,,-21.0,-35.0,,-48.0,-56,-68,-14.0,,-27.0,-35.0,-47.0,,-13.0,-21.0,-33.0,,,,-8.0,-20.0,-12
35561,1,6,2011-05-06 02:00:00+00:00,2395,68,0,Gesetzentwurf,"['Sozialleistungen', 'Menschen mit Behinderungen']","['Behinderter', 'Blinder', 'Gehörloser', 'Landesamt für Soziales und Versorgung', 'Pflegegeld', 'Schwerbehinderter', 'Soziale Sicherung', 'Sozialleistung', 'Wohnsitz']",[-0.00366277  0.00583661  0.01018429 ...  0.00393078 -0.01197101   0.01882009],"[(np.int64(17), np.float64(0.3588831410381139)), (np.int64(12), np.float64(0.34920978188589513)), (np.int64(29), np.float64(0.3464232491120543))]",17,0.3588831410381139,0.0,1.0,0.5,1,12,1.0,40.0,,0.0,,,,1.0,42.0,0.0,,1.0,48.0,,,,,,1,68,,,0.0,,0.0,,0.0,,0.0,,,,0.0,,,,,0.0,,,,,,,,,,,,,,,0.0,,,,,,,,,,,,,,,,,,,,,,,,,,,,,0.0,,0.0,,0.0,,,,,,,,,,,,,,,,,,,0.0,,0.0,,0.0,,,0.0,,,,,,,,,,,0.0,,,,,,,,,,,,,,,,,,,,,,,,,,,,,,,,,,,,,,,,,,,,,,,,,,,,,,,,,,,,,,,,,,,,,,,,,,,,,,,,,,,,,,,,,,,,,,,,,,,,,,,,,,,,,,,,,,,,,,,,,,,,,,,,,,,,,,,,,,,,,,,,,,,,,,,,,,,,,,,,,,,,,,,,,,,,,,,,,,,,,,,,,,,,,,,,,,,,,,,,,,,,,,,,,,,,,,,,,,,,,,,,,,,,,,,,,,-20.0,-26.0,,-28.0,-56,-68,-6.0,,-8.0,-36.0,-48.0,,-2.0,-30.0,-42.0,,,,-28.0,-40.0,-12
35769,1,22,2011-05-31 02:00:00+00:00,2420,286,0,Gesetzentwurf,Lebensgemeinschaften,"['Architektengesetz', 'Archivgesetz', 'Ausbildungs- und Prüfungsordnung gehobener feuerwehrtechnischer Dienst', 'Ausbildungs- und Prüfungsordnung höherer technischer Verwaltungsdienst', 'Ausbildungs- und Prüfungsordnung mittlerer feuerwehrtechnischer Dienst', 'Ausbildungs- und Prüfungsverordnung für Staatlich geprüfte Lebensmittelchemikerinnen und Staatlich geprüfte Lebensmittelchemiker', 'Ausbildungsförderungsverordnung', 'Ausführungsgesetz zum Bürgerlichen Gesetzbuch', 'Berufsständische Versorgung', 'Besoldungsgesetz', 'Bestattungsgesetz', 'Bundesrecht', 'Diskriminierung', 'Gesetz über den Kommunalen Versorgungsverband Brandenburg', 'Gesetz zur Ausführung des Tierseuchengesetzes', 'Heilberufsgesetz', 'Homosexualität', 'Ingenieurgesetz', 'Jagdgesetz', 'Kommunalabgabengesetz', 'Kommunalverfassung', 'Landesaufnahmegesetz', 'Landespflegegeldgesetz', 'Landesrecht', 'Landesverordnung', 'Lebenspartnerschaftsanpassungsgesetz', 'LSBTTIQ', 'Ministergesetz', 'Prüfungsordnung für den Ausbildungsberuf ""Justizfachangestellter"" oder ""Justizfachangestellte"" im Land Brandenburg', 'Prüfungsordnung für den Ausbildungsberuf Vermessungstechniker/Vermessungstechnikerin', 'Rechtsanwaltsversorgungsgesetz', 'Schiedsstellengesetz', 'Sicherheitsüberprüfungsgesetz', 'Sparkassengesetz', 'Steuerberaterversorgungsgesetz', 'Zweites Beamtenversorgungsergänzungsgesetz']",[-0.01728576  0.02852756  0.02260446 ...  0.01897808  0.00349039   0.01776928],"[(np.int64(29), np.float64(0.4899002844556647)), (np.int64(19), np.float64(0.4496510484272444)), (np.int64(9), np.float64(0.4353767992561225))]",29,0.4899002844556647,0.5,0.5,0.5,1,22,14.0,79.0,85.0,0.0,,86.0,113.0,2.0,194.0,1.0,191.0,1.0,266.0,,,,,,1,286,142.0,149.0,0.0,,0.0,,0.0,,0.0,,264.0,,0.0,,154.0,155.0,,0.0,,,,,,,,,,,,,,,0.0,,,155.0,168.0,175.0,189.0,231.0,259.0,,,,,,,,,,,,,,,,,,,,,1.0,113.0,0.0,,0.0,,,,,,,,,,,,,,,,,,,0.0,,0.0,,0.0,,,0.0,,,,,,,,,,,0.0,,,,,,,,,,,,,,,,,,,,,,,,,,,,,,,,,,,,,,,,,,,,,,,,,,,,,,,,,,,,,,,,,,,,,,,,,,,,,,,,,,,,,,,,,,,,,,,,,,,,,,,,,,,,,,,,,,,,,,,,,,,,,,,,,,,,,,,,,,,,,,78.0,173.0,153.0,81.0,,-34.0,-91.0,-113.0,,,,,,,,,,,,,,,,,,,,,,,,,,,,,,,,,,,,,,,,,,,,,,,,,,,,,,,,,,,,,,,,,,,,,,,,,,,,,,95.0,75.0,3.0,,-112.0,-169.0,-191.0,-20.0,-92.0,,-207.0,-264,-286,-72.0,,-187.0,-244.0,-266.0,,-115.0,-172.0,-194.0,,,,-57.0,-79.0,-22
35788,1,13,2011-06-09 02:00:00+00:00,2429,167,0,Gesetzentwurf,Verfassungsgerichtsbarkeit,"['Berufliche Gleichstellung', 'Dienstleistungsrichtlinie', 'Eingetragene Lebenspartnerschaft', 'Verfassungsgerichtsgesetz', 'Verfassungsrichter', 'Wahl']",[-0.00305865  0.02733385  0.02041087 ... -0.00316309  0.00722139   0.02458853],"[(np.int64(29), np.float64(0.47641036008379917)), (np.int64(19), np.float64(0.45606781753228304)), (np.int64(12), np.float64(0.4245412390671778))]",29,0.47641036008379917,0.5,0.5,0.5,1,13,6.0,76.0,77.0,0.0,,104.0,105.0,1.0,151.0,2.0,151.0,1.0,153.0,151.0,,,,,1,167,145.0,146.0,0.0,,0.0,,0.0,,0.0,,,,0.0,,,,,0.0,,,,,,,,,,,,,,,0.0,,,,,,,,,,,,,,,,,,,,,,,,,,,,,0.0,,0.0,,0.0,,,,,,,,,,,,,,,,,,,0.0,,0.0,,0.0,,,0.0,,,,,,,,,,,0.0,,,,,,,,,,,,,,,,,,,,,,,,,,,,,,,,,,,,,,,,,,,,,,,,,,,,,,,,,,,,,,,,,,,,,,,,,,,,,,,,,,,,,,,,,,,,,,,,,,,,,,,,,,,,,,,,,,,,,,,,,,,,,,,,,,,,,,,,,,,,,,,,,,,,,,,,,,,,,,,,,,,,,,,,,,,,,,,,,,,,,,,,,,,,,,,,,,,,,,,,,,,,,,,,,,,,,,,,,,,,,,,,,,,16.0,2.0,0.0,,-75.0,-138.0,-151.0,-14.0,-16.0,,-91.0,-154,-167,-2.0,,-77.0,-140.0,-153.0,,-75.0,-138.0,-151.0,,,,-63.0,-76.0,-13
35787,1,9,2011-06-09 02:00:00+00:00,2429,131,0,Gesetzentwurf,Straßenverkehr,"['Fußgänger', 'Gehweg', 'Straßengesetz', 'Winterdienst']",[-0.0316455   0.00696673  0.01292978 ...  0.02007363  0.00673057   0.01664931],"[(np.int64(29), np.float64(0.45131701246740014)), (np.int64(19), np.float64(0.4228388371091539)), (np.int64(4), np.float64(0.41614678054150916))]",29,0.45131701246740014,0.5,0.5,0.5,1,14,2.0,75.0,105.0,0.0,,,,1.0,106.0,1.0,110.0,1.0,111.0,,,,,,1,131,,,0.0,,0.0,,0.0,,0.0,,,,0.0,,,,,0.0,,,,,,,,,,,,,,,0.0,,,,,,,,,,,,,,,,,,,,,,,,,,,,,1.0,75.0,0.0,,0.0,,,,,,,,,,,,,,,,,,,0.0,,0.0,,0.0,,,0.0,,,,,,,,,,,0.0,,,,,,,,,,,,,,,,,,,,,,,,,,,,,,,,,,,,,,,,,,,,,,,,,,,,,,,,,,,,,,,,,,,,,,,,,,,,,,,,,,,,,,,,,,,,,,,,,,,,,,,,,,,,,,,,,,,,,,,,,,,,,,,,,,,,,,,,,,,,,,35.0,56.0,36.0,31.0,,0.0,-61.0,-75.0,,,,,,,,,,,,,,,,,,,,,,,,,,,,,,,,,,,,,,,,,,,,,,,,,,,,,,,,,,,,,,,,,,,,,,,,,,,,,,21.0,1.0,-4.0,,-35.0,-96.0,-110.0,-20.0,-25.0,,-56.0,-117,-131,-5.0,,-36.0,-97.0,-111.0,,-31.0,-92.0,-106.0,,,,-61.0,-75.0,-14
36196,2,34,2011-06-16 02:00:00+00:00,2436,185,28,Sitzung,Öffentlicher Haushalt,"['Einzelplan 01 - Landtag', 'Einzelplan 02 - Ministerpräsident und Staatskanzlei', 'Einzelplan 03 - Ministerium des Innern', 'Einzelplan 04 - Ministerium der Justiz', 'Einzelplan 05 - Ministerium für Bildung, Jugend und Sport', 'Einzelplan 06 - Ministerium für Wissenschaft, Forschung und Kultur', 'Einzelplan 07 - Ministerium für Arbeit, Soziales, Frauen und Familie', 'Einzelplan 08 - Ministerium für Wirtschaft und Europaangelegenheiten', 'Einzelplan 10 - Ministerium für Umwelt, Gesundheit und Verbraucherschutz', 'Einzelplan 11 - Ministerium für Infrastruktur und Landwirtschaft', 'Einzelplan 12 - Ministerium der Finanzen', 'Einzelplan 13 - Landesrechnungshof', 'Einzelplan 14 - Verfassungsgericht des Landes Brandenburg', 'Einzelplan 20 - Allgemeine Finanzverwaltung', 'Finanzpolitik', 'Landeshaushalt', 'Landesregierung', 'Öffentlicher Haushalt', 'Terminplan']",[ 0.01104727  0.02573651 -0.01699581 ...  0.00655553 -0.00297427   0.03107805],"[(np.int64(34), np.float64(0.48582645040827305)), (np.int64(19), np.float64(0.46913037977056693)), (np.int64(29), np.float64(0.46624232774807023))]",34,0.48582645040827305,1.0,1.0,1.0,1,76,8.0,0.0,69.0,0.0,,82.0,133.0,16.0,174.0,1.0,179.0,1.0,180.0,,,,,,1,185,164.0,165.0,1.0,174.0,0.0,,0.0,,0.0,,174.0,174.0,1.0,182.0,165.0,181.0,,1.0,18.0,174.0,174.0,174.0,174.0,174.0,174.0,174.0,174.0,174.0,174.0,174.0,174.0,181.0,1.0,181.0,,,,,,,,,,,,,,,,,,,,,,,,,,,,0.0,,0.0,,0.0,,,,,,,,,,,,,,,,,47.0,,0.0,,0.0,,0.0,,,0.0,,,,,,,,,,,0.0,,,,,,,,,,,,,,,,,,,,,,,,,,,,,,,,,,,,,,,,,,,,,,,,,,,,,,,,,,,,,,,,,,,,,,,,,,,,,,,,,,,,,,,,,,,,,,,,,,,,,,,,,,,,,,,,,,,,,,,,,,,,,,,,,,,,,,,,,,,,,,,,,,,,,,,,,,,,,,,,,,,,,,,,,,,,,,,,,-1.0,,-164.0,-8.0,-3.0,3.0,-2.0,-8.0,,-182.0,-106.0,-154.0,,-163.0,-7.0,-2.0,4.0,-1.0,-7.0,,-181.0,-105.0,-153.0,,,,,,,,,,,156.0,161.0,167.0,162.0,156.0,,-18.0,58.0,10.0,5.0,11.0,6.0,0.0,,-174.0,-98.0,-146.0,6.0,1.0,-5.0,,-179.0,-103.0,-151.0,-5.0,-11.0,,-185.0,-109,-157,-6.0,,-180.0,-104.0,-152.0,,-174.0,-98.0,-146.0,,,,76.0,28.0,-48
36167,1,6,2011-07-26 02:00:00+00:00,2476,84,0,Gesetzentwurf,"['Katastrophen- und Zivilschutz', 'Soziale Einrichtungen']","['Brandschutz', 'Ehrenamtliche Tätigkeit', 'Feuerwehrmedaillengesetz', 'Freiwillige Feuerwehr']",[0.00742466 0.02290015 0.00703702 ... 0.01520713 0.01306024 0.01657875],"[(np.int64(19), np.float64(0.39059966052188455)), (np.int64(29), np.float64(0.38768093037226925)), (np.int64(9), np.float64(0.3535546306991498))]",19,0.39059966052188455,0.0,1.0,0.5,1,36,1.0,44.0,,0.0,,,,1.0,58.0,0.0,,1.0,64.0,,,,,,1,84,,,0.0,,0.0,,0.0,,0.0,,,,0.0,,,,,0.0,,,,,,,,,,,,,,,0.0,,,,,,,,,,,,,,,,,,,,,,,,,,,,,0.0,,0.0,,0.0,,,,,,,,,,,,,,,,,,,0.0,,0.0,,0.0,,,0.0,,,,,,,,,,,0.0,,,,,,,,,,,,,,,,,,,,,,,,,,,,,,,,,,,,,,,,,,,,,,,,,,,,,,,,,,,,,,,,,,,,,,,,,,,,,,,,,,,,,,,,,,,,,,,,,,,,,,,,,,,,,,,,,,,,,,,,,,,,,,,,,,,,,,,,,,,,,,,,,,,,,,,,,,,,,,,,,,,,,,,,,,,,,,,,,,,,,,,,,,,,,,,,,,,,,,,,,,,,,,,,,,,,,,,,,,,,,,,,,,,,,,,,,,-20.0,-26.0,,-40.0,-48,-84,-6.0,,-20.0,-28.0,-64.0,,-14.0,-22.0,-58.0,,,,-8.0,-44.0,-36
36166,1,6,2011-07-26 02:00:00+00:00,2476,84,0,Gesetzentwurf,"['Soziale Einrichtungen', 'Katastrophen- und Zivilschutz']","['Brandschutz', 'Ehrenzeichengesetz', 'Feuerwehr', 'Freiwillige Feuerwehr', 'Gesetz über die Stiftung eines Feuerwehr-Ehrenzeichens', 'Katastrophenschutz']",[0.00119468 0.03846721 0.02398264 ... 0.00617375 0.00926062 0.01863998],"[(np.int64(19), np.float64(0.4379206933984303)), (np.int64(29), np.float64(0.4359530975741299)), (np.int64(9), np.float64(0.4034727507312544))]",19,0.4379206933984303,0.0,1.0,0.5,1,36,1.0,44.0,,0.0,,,,1.0,58.0,0.0,,1.0,64.0,,,,,,1,84,,,0.0,,0.0,,0.0,,0.0,,,,0.0,,,,,0.0,,,,,,,,,,,,,,,0.0,,,,,,,,,,,,,,,,,,,,,,,,,,,,,0.0,,0.0,,0.0,,,,,,,,,,,,,,,,,,,0.0,,0.0,,0.0,,,0.0,,,,,,,,,,,0.0,,,,,,,,,,,,,,,,,,,,,,,,,,,,,,,,,,,,,,,,,,,,,,,,,,,,,,,,,,,,,,,,,,,,,,,,,,,,,,,,,,,,,,,,,,,,,,,,,,,,,,,,,,,,,,,,,,,,,,,,,,,,,,,,,,,,,,,,,,,,,,,,,,,,,,,,,,,,,,,,,,,,,,,,,,,,,,,,,,,,,,,,,,,,,,,,,,,,,,,,,,,,,,,,,,,,,,,,,,,,,,,,,,,,,,,,,,-20.0,-26.0,,-40.0,-48,-84,-6.0,,-20.0,-28.0,-64.0,,-14.0,-22.0,-58.0,,,,-8.0,-44.0,-36
36195,1,7,2011-08-08 02:00:00+00:00,2489,99,0,Gesetzentwurf,Öffentlicher Dienst,"['Beamtenanwärter', 'Beamtenrecht', 'Beamtenversorgung', 'Beamter', 'Besoldungs- und Versorgungsanpassungsgesetz', 'Besoldungsgesetz', 'Richter']",[ 0.01358954  0.01227826  0.02503335 ... -0.00613913  0.00086052   0.02539098],"[(np.int64(29), np.float64(0.4528208447508959)), (np.int64(36), np.float64(0.4339598330550317)), (np.int64(19), np.float64(0.41777756723271964))]",29,0.4528208447508959,0.5,0.5,0.5,1,23,1.0,29.0,,0.0,,,,1.0,36.0,0.0,,1.0,51.0,,,,,,1,71,,,0.0,,0.0,,0.0,,1.0,99.0,,,0.0,,,,,0.0,,,,,,,,,,,,,,,0.0,,,,,,,,,,,,,,,,,,,,,,,,,,,,,0.0,,0.0,,0.0,,,,,,,,,,,,,,,,,,,0.0,,0.0,,0.0,,,0.0,,,,,,,,,,,0.0,,,,,,,,,,,,,,,,,,,,,,,,,,,,,,,,,,,,,,,,,,,,,,,,,,,,,,,,,,,,,,,,,,,,,,,,,,,,,,,,,,,,,,,,,,,,,,,,,,,,,,,,,,,,,,,,,,,,,,,,,,,,,,,,,,,,,,,,,,,,,,,,,,,,,,,,,,,,,,,,,,,,,,,,,,,,,,,,,,,,,,,,,,,,,,,,,,,,,,,,,,,-28.0,-48.0,-63.0,,-70.0,-76.0,-99.0,,,,,,,,,,,,,,,,,,,,,,,,,-20.0,-35.0,,-42.0,-48,-71,-15.0,,-22.0,-28.0,-51.0,,-7.0,-13.0,-36.0,,,,-6.0,-29.0,-23
36243,1,11,2011-08-17 02:00:00+00:00,2498,123,0,Gesetzentwurf,Gerichte und Staatsanwaltschaften,"['Amtsgericht', 'Arbeitsgerichtsbarkeit', 'Ehrenamtlicher Richter', 'Gericht', 'Gerichtsbezirk', 'Gerichtsneuordnungsgesetz', 'Gerichtsorganisationsgesetz', 'Gerichtsvollzieher', 'Gerichtszuständigkeitsverordnung', 'Gesetz zur Errichtung der Arbeitsgerichtsbarkeit im Land Brandenburg', 'Gesetz zur Sicherung der Arbeitsfähigkeit der Justiz des Landes Brandenburg', 'Grundbuchgesetz', 'Justizreform', 'Kreisgerichtsbezirksgesetz', 'Landgericht', 'Oberlandesgericht', 'Staatsanwaltschaft', 'Verordnung über die Errichtung von Zweigstellen in der ordentlichen Gerichtsbarkeit', 'Verordnung über die Zuweisung von Handelsrichtern und Schöffen', 'Verordnung zur Errichtung eines Zentralen Schuldnerverzeichnisses', 'Verordnung zur Überleitung von Verfahren bei den Kreisgerichten', 'Verordnung zur Übertragung von Aufgaben und Befugnissen nach der Bundesrechtsanwaltsordnung und dem Gesetz über die Tätigkeit europäischer Rechtsanwälte in Deutschland', 'Verordnung']",[ 0.01115363  0.02540881 -0.00805209 ...  0.01586559 -0.00760475  -0.00323575],"[(np.int64(29), np.float64(0.39310157036503496)), (np.int64(19), np.float64(0.36070600943177816)), (np.int64(1), np.float64(0.3526618832245405))]",29,0.39310157036503496,0.5,0.5,0.5,1,14,4.0,36.0,77.0,0.0,,82.0,98.0,1.0,111.0,1.0,110.0,1.0,119.0,,,,,,1,123,,,0.0,,0.0,,0.0,,0.0,,,,0.0,,,,,0.0,,,,,,,,,,,,,,,0.0,,,,,,,,,,,,,,,,,,,,,,,,,,,,,1.0,77.0,0.0,,0.0,,,,,,,,,,,,,,,,,,,0.0,,0.0,,0.0,,,0.0,,,,,,,,,,,0.0,,,,,,,,,,,,,,,,,,,,,,,,,,,,,,,,,,,,,,,,,,,,,,,,,,,,,,,,,,,,,,,,,,,,,,,,,,,,,,,,,,,,,,,,,,,,,,,,,,,,,,,,,,,,,,,,,,,,,,,,,,,,,,,,,,,,,,,,,,,,,,33.0,46.0,42.0,34.0,,-41.0,-63.0,-77.0,,,,,,,,,,,,,,,,,,,,,,,,,,,,,,,,,,,,,,,,,,,,,,,,,,,,,,,,,,,,,,,,,,,,,,,,,,,,,,13.0,9.0,1.0,,-74.0,-96.0,-110.0,-4.0,-12.0,,-87.0,-109,-123,-8.0,,-83.0,-105.0,-119.0,,-75.0,-97.0,-111.0,,,,-22.0,-36.0,-14
36244,1,22,2011-08-18 02:00:00+00:00,2499,122,0,Gesetzentwurf,Öffentlicher Haushalt,"['Betriebskosten', 'Finanzausgleichsgesetz', 'Finanzpolitik', 'Landeshauptstadt', 'Landeshaushalt', 'Landeshaushaltsordnung', 'Potsdam, kreisfreie Stadt', 'Schule', 'Schulgesetz']",[ 0.01231739  0.01296879  0.00117696 ...  0.00672127 -0.00316817   0.0230951 ],"[(np.int64(34), np.float64(0.43499453013303985)), (np.int64(29), np.float64(0.4202486865342772)), (np.int64(23), np.float64(0.406619682760734))]",34,0.43499453013303985,1.0,1.0,1.0,1,13,11.0,19.0,21.0,0.0,,21.0,63.0,1.0,111.0,2.0,116.0,1.0,117.0,116.0,,,,,1,122,63.0,70.0,1.0,116.0,1.0,118.0,0.0,,0.0,,,,0.0,,90.0,90.0,,0.0,,,,,,,,,,,,,,,1.0,118.0,,98.0,102.0,102.0,,,,,,,,,,,,,,,,,,,,,,,,1.0,63.0,0.0,,0.0,,,,,,,,,,,,,,,,,,,0.0,,0.0,,0.0,,,0.0,,,,,,,,,,,0.0,,,,,,,,,,,,,,,,,,,,,,,,,,,,,,,,,,,,,,,,,,,,,,,,,,,,,,,,,,,,,,,,,,,,,,,,,,,,,,,,,,,,,,,,,,,,,,,,,,,,,,,,,,,,,,,,,,,,,,,,,,,,,,,,,,,,,,,55.0,,,55.0,,,53.0,53.0,59.0,54.0,48.0,,-44.0,-50.0,-63.0,,,0.0,,,-2.0,-2.0,4.0,-1.0,-7.0,,-99.0,-105.0,-118.0,,,,,,,,,,,,,,,,,,,,,,,,,,,,-2.0,-2.0,4.0,-1.0,-7.0,,-99.0,-105.0,-118.0,,,,,,,,,,,,,,,,,,,,0.0,6.0,1.0,-5.0,,-97.0,-103.0,-116.0,6.0,1.0,-5.0,,-97.0,-103.0,-116.0,-5.0,-11.0,,-103.0,-109,-122,-6.0,,-98.0,-104.0,-117.0,,-92.0,-98.0,-111.0,,,,-6.0,-19.0,-13
36381,1,9,2011-09-08 02:00:00+00:00,2520,158,0,Gesetzentwurf,Justizvollzug,"['Berlin', 'Gerichtliche Zuständigkeit', 'Geschlossener Vollzug', 'Großbeeren, Gemeinde, Landkreis Teltow-Fläming', 'Haftplatz', 'Justizvollzugsanstalt Heidering', 'Kosten', 'Staatsvertrag zwischen dem Land Berlin und dem Land Brandenburg über die Errichtung und den Betrieb der Justizvollzugsanstalt Heidering', 'Staatsvertrag']",[-0.00163041  0.021659    0.01059017 ...  0.0138809   0.00466686   0.01962472],"[(np.int64(22), np.float64(0.4579538178380295)), (np.int64(29), np.float64(0.4500894959716403)), (np.int64(19), np.float64(0.43222136493174806))]",22,0.4579538178380295,1.0,1.0,0.3333333333333333,1,21,3.0,54.0,55.0,0.0,,89.0,,1.0,95.0,0.0,,1.0,97.0,,,,,,1,101,,,0.0,,0.0,,0.0,,1.0,158.0,,,0.0,,,,,0.0,,,,,,,,,,,,,,,0.0,,,,,,,,,,,,,,,,,,,,,,,,,,,,,0.0,,0.0,,0.0,,,,,,,,,,,,,,,,,,,0.0,,0.0,,0.0,,,0.0,,,,,,,,,,,0.0,,,,,,,,,,,,,,,,,,,,,,,,,,,,,,,,,,,,,,,,,,,,,,,,,,,,,,,,,,,,,,,,,,,,,,,,,,,,,,,,,,,,,,,,,,,,,,,,,,,,,,,,,,,,,,,,,,,,,,,,,,,,,,,,,,,,,,,,,,,,,,,,,,,,,,,,,,,,,,,,,,,,,,,,,,,,,,,,,,,,,,,,,,,,,,,,,,,,,,,,,,,-57.0,-61.0,-63.0,,-104.0,-137.0,-158.0,,,,,,,,,,,,,,,,,,,,,,,,,-4.0,-6.0,,-47.0,-80,-101,-2.0,,-43.0,-76.0,-97.0,,-41.0,-74.0,-95.0,,,,-33.0,-54.0,-21
36586,1,6,2011-10-14 02:00:00+00:00,2556,86,0,Gesetzentwurf,Öffentliche Schulden,"['Bundesschuldenwesengesetz', 'Bundesschuldenwesenmodernisierungsgesetz', 'Landesschulden', 'Öffentliche Schulden', 'Schuldbuch', 'Schuldenverwaltung']",[0.02645094 0.01495312 0.01632333 ... 0.0110808  0.00625529 0.02085097],"[(np.int64(29), np.float64(0.4759557617437948)), (np.int64(19), np.float64(0.45886526273195705)), (np.int64(23), np.float64(0.4523730378062102))]",29,0.4759557617437948,0.5,0.5,0.5,1,25,1.0,44.0,,0.0,,,,1.0,46.0,0.0,,1.0,61.0,,,,,,1,86,,,0.0,,0.0,,0.0,,0.0,,,,0.0,,,,,0.0,,,,,,,,,,,,,,,0.0,,,,,,,,,,,,,,,,,,,,,,,,,,,,,0.0,,0.0,,0.0,,,,,,,,,,,,,,,,,,,0.0,,0.0,,0.0,,,0.0,,,,,,,,,,,0.0,,,,,,,,,,,,,,,,,,,,,,,,,,,,,,,,,,,,,,,,,,,,,,,,,,,,,,,,,,,,,,,,,,,,,,,,,,,,,,,,,,,,,,,,,,,,,,,,,,,,,,,,,,,,,,,,,,,,,,,,,,,,,,,,,,,,,,,,,,,,,,,,,,,,,,,,,,,,,,,,,,,,,,,,,,,,,,,,,,,,,,,,,,,,,,,,,,,,,,,,,,,,,,,,,,,,,,,,,,,,,,,,,,,,,,,,,,-25.0,-40.0,,-42.0,-61,-86,-15.0,,-17.0,-36.0,-61.0,,-2.0,-21.0,-46.0,,,,-19.0,-44.0,-25
36615,1,10,2011-10-24 02:00:00+00:00,2566,55,0,Gesetzentwurf,Polizei,"['Bundeskriminalamt', 'Datenerhebung', 'Datenspeicherung', 'Evaluation', 'Gesetz über das Verfahren in Familiensachen und in den Angelegenheiten der freiwilligen Gerichtsbarkeit', 'Kennzeichenfahndung', 'Mobilfunk', 'Mobiltelefon', 'Polizei', 'Polizeigesetz', 'Telekommunikationsüberwachung']",[-0.02483149  0.01520781 -0.01289099 ...  0.01039596  0.00181929   0.01372267],"[(np.int64(24), np.float64(0.5410318470046032)), (np.int64(31), np.float64(0.5165954898294425)), (np.int64(19), np.float64(0.46847279325604074))]",24,0.5410318470046032,0.0,0.0,0.3333333333333333,1,15,3.0,23.0,37.0,0.0,,44.0,,1.0,49.0,1.0,45.0,1.0,52.0,,,,,,1,55,,,0.0,,0.0,,0.0,,0.0,,,,0.0,,,,,0.0,,,,,,,,,,,,,,,0.0,,,,,,,,,,,,,,,,,,,,,,,,,,,,,1.0,37.0,0.0,,0.0,,,,,,,,,,,,,,,,,,,0.0,,0.0,,0.0,,,0.0,,,,,,,,,,,0.0,,,,,,,,,,,,,,,,,,,,,,,,,,,,,,,,,,,,,,,,,,,,,,,,,,,,,,,,,,,,,,,,,,,,,,,,,,,,,,,,,,,,,,,,,,,,,,,,,,,,,,,,,,,,,,,,,,,,,,,,,,,,,,,,,,,,,,,,,,,,,,8.0,18.0,15.0,12.0,,-14.0,-22.0,-37.0,,,,,,,,,,,,,,,,,,,,,,,,,,,,,,,,,,,,,,,,,,,,,,,,,,,,,,,,,,,,,,,,,,,,,,,,,,,,,,10.0,7.0,4.0,,-22.0,-30.0,-45.0,-3.0,-6.0,,-32.0,-40,-55,-3.0,,-29.0,-37.0,-52.0,,-26.0,-34.0,-49.0,,,,-8.0,-23.0,-15
36888,1,24,2011-11-30 01:00:00+00:00,2602,533,0,Gesetzentwurf,Natur,"['Artenschutzzuständigkeitsverordnung', 'Binnensee', 'Bundesnaturschutzgesetz', 'Eingriffsregelung', 'Landesimmobilien', 'Landschaftsplanung', 'Nationalparkgesetz Unteres Odertal', 'Naturschutz', 'Naturschutzausführungsgesetz', 'Naturschutzgebiet', 'Naturschutzgesetz', 'Naturschutzrechtliche Ausgleichsabgabe', 'Stiftung NaturSchutzFonds Brandenburg', 'Straßengesetz', 'Ufer', 'Umweltrechtszuständigkeitsverordnung', 'Vogelschutzgebiet', 'Wildtiermanagement']",[-0.01188055 -0.0150883   0.001641   ...  0.02186022  0.00261372   0.01817725],"[(np.int64(19), np.float64(0.4251646118914829)), (np.int64(9), np.float64(0.41912778037176635)), (np.int64(29), np.float64(0.4156828523607357))]",19,0.4251646118914829,0.0,1.0,0.5,1,15,11.0,42.0,91.0,0.0,,119.0,121.0,1.0,371.0,4.0,377.0,1.0,379.0,377.0,378.0,378.0,,,1,429,161.0,163.0,1.0,377.0,1.0,379.0,1.0,533.0,0.0,,,,0.0,,259.0,322.0,,0.0,,,,,,,,,,,,,,,0.0,,,344.0,357.0,504.0,,,,,,,,,,,,,,,,,,,,,,,,1.0,119.0,0.0,,0.0,,,,,,,,,,,,,,,,,,,0.0,,0.0,,0.0,,,0.0,,,,,,,,,,,0.0,,,,,,,,,,,,,,,,,,,,,,,,,,,,,,,,,,,,,,,,,,,,,,,,,,,,,,,,,,,,,,,,,,,,,,,,,,,,,,,,,,,,,,,,,,,,,,,,,,,,,,,,,,,,,,,,,,,,,,,,,,,,,,,,,,,,,,,260.0,414.0,,,,,258.0,258.0,310.0,260.0,252.0,,-77.0,-104.0,-119.0,154.0,,,,,-2.0,-2.0,50.0,0.0,-8.0,,-337.0,-364.0,-379.0,,,,,-156.0,-156.0,-104.0,-154.0,-162.0,,-491.0,-518.0,-533.0,,,,,,,,,,,,,,,,,,,,,,,,,,,,,,,,,,,,,,,,,,,0.0,52.0,2.0,-6.0,,-335.0,-362.0,-377.0,52.0,2.0,-6.0,,-335.0,-362.0,-377.0,-50.0,-58.0,,-387.0,-414,-429,-8.0,,-337.0,-364.0,-379.0,,-329.0,-356.0,-371.0,,,,-27.0,-42.0,-15
36896,1,6,2011-12-02 01:00:00+00:00,2604,62,0,Gesetzentwurf,Wahlen,"['Aktives Wahlrecht', 'Altersgrenze', 'Jugendlicher', 'Kommunalwahl', 'Landtagswahl', 'Wahlalter']",[ 0.01204334  0.02467995 -0.0057547  ...  0.00619965 -0.02123899   0.00439018],"[(np.int64(29), np.float64(0.4709758368448293)), (np.int64(19), np.float64(0.4102250669561825)), (np.int64(23), np.float64(0.40187490672501525))]",29,0.4709758368448293,0.5,0.5,0.5,1,14,1.0,41.0,,0.0,,,,1.0,52.0,0.0,,1.0,55.0,,,,,,1,62,,,0.0,,0.0,,0.0,,0.0,,,,0.0,,,,,0.0,,,,,,,,,,,,,,,0.0,,,,,,,,,,,,,,,,,,,,,,,,,,,,,0.0,,0.0,,0.0,,,,,,,,,,,,,,,,,,,0.0,,0.0,,0.0,,,0.0,,,,,,,,,,,0.0,,,,,,,,,,,,,,,,,,,,,,,,,,,,,,,,,,,,,,,,,,,,,,,,,,,,,,,,,,,,,,,,,,,,,,,,,,,,,,,,,,,,,,,,,,,,,,,,,,,,,,,,,,,,,,,,,,,,,,,,,,,,,,,,,,,,,,,,,,,,,,,,,,,,,,,,,,,,,,,,,,,,,,,,,,,,,,,,,,,,,,,,,,,,,,,,,,,,,,,,,,,,,,,,,,,,,,,,,,,,,,,,,,,,,,,,,,-7.0,-10.0,,-21.0,-48,-62,-3.0,,-14.0,-41.0,-55.0,,-11.0,-38.0,-52.0,,,,-27.0,-41.0,-14
37266,1,9,2012-01-13 01:00:00+00:00,2646,468,0,Gesetzentwurf,"['Arzneimittel', 'Gesundheitsschutz', 'Verbraucher']","['Akkreditierung', 'Akkreditierungsstellengesetz', 'Arzneimittel', 'Arzneimittelsicherheit', 'Bundesrecht', 'Europäische Union', 'Abkommen über die Zentralstelle der Länder für Gesundheitsschutz bei Arzneimitteln und Medizinprodukten', 'Markt', 'Medizinprodukt', 'Medizinproduktegesetz', 'Qualitätssicherung', 'Staatsvertrag', 'Zentralstelle der Länder für Gesundheitsschutz bei Arzneimitteln und Medizinprodukten']",[ 0.0090391   0.00163457  0.00047079 ...  0.00611646 -0.00391694   0.01807821],"[(np.int64(29), np.float64(0.38004132500008414)), (np.int64(19), np.float64(0.32976718118521553)), (np.int64(12), np.float64(0.3279377004988763))]",29,0.38004132500008414,0.5,0.5,0.5,1,12,3.0,33.0,47.0,0.0,,61.0,,1.0,63.0,0.0,,1.0,68.0,,,,,,1,94,,,0.0,,0.0,,0.0,,1.0,468.0,,,0.0,,,,,0.0,,,,,,,,,,,,,,,0.0,,,,,,,,,,,,,,,,,,,,,,,,,,,,,0.0,,0.0,,0.0,,,,,,,,,,,,,,,,,,,0.0,,0.0,,0.0,,,0.0,,,,,,,,,,,0.0,,,,,,,,,,,,,,,,,,,,,,,,,,,,,,,,,,,,,,,,,,,,,,,,,,,,,,,,,,,,,,,,,,,,,,,,,,,,,,,,,,,,,,,,,,,,,,,,,,,,,,,,,,,,,,,,,,,,,,,,,,,,,,,,,,,,,,,,,,,,,,,,,,,,,,,,,,,,,,,,,,,,,,,,,,,,,,,,,,,,,,,,,,,,,,,,,,,,,,,,,,,-374.0,-400.0,-405.0,,-435.0,-456.0,-468.0,,,,,,,,,,,,,,,,,,,,,,,,,-26.0,-31.0,,-61.0,-82,-94,-5.0,,-35.0,-56.0,-68.0,,-30.0,-51.0,-63.0,,,,-21.0,-33.0,-12
37265,1,6,2012-01-13 01:00:00+00:00,2646,60,0,Gesetzentwurf,Mitbestimmung,"['Amtliche Publikation', 'Amtsblatt', 'Berufsständische Versorgung', 'Berufsverband', 'Elektronische Publikation', 'Internet', 'Satzung', 'Steuerberater', 'Steuerberatung']",[-1.54605946e-02 -1.02410522e-05 -2.36702897e-03 ... -8.02992098e-03   2.81646494e-02  2.52882596e-02],"[(np.int64(23), np.float64(0.47116647200487394)), (np.int64(29), np.float64(0.46836944278896164)), (np.int64(19), np.float64(0.44288425938587683))]",23,0.47116647200487394,1.0,1.0,0.3333333333333333,1,12,1.0,27.0,,0.0,,,,1.0,27.0,0.0,,1.0,40.0,,,,,,1,60,,,0.0,,0.0,,0.0,,0.0,,,,0.0,,,,,0.0,,,,,,,,,,,,,,,0.0,,,,,,,,,,,,,,,,,,,,,,,,,,,,,0.0,,0.0,,0.0,,,,,,,,,,,,,,,,,,,0.0,,0.0,,0.0,,,0.0,,,,,,,,,,,0.0,,,,,,,,,,,,,,,,,,,,,,,,,,,,,,,,,,,,,,,,,,,,,,,,,,,,,,,,,,,,,,,,,,,,,,,,,,,,,,,,,,,,,,,,,,,,,,,,,,,,,,,,,,,,,,,,,,,,,,,,,,,,,,,,,,,,,,,,,,,,,,,,,,,,,,,,,,,,,,,,,,,,,,,,,,,,,,,,,,,,,,,,,,,,,,,,,,,,,,,,,,,,,,,,,,,,,,,,,,,,,,,,,,,,,,,,,,-20.0,-33.0,,-33.0,-48,-60,-13.0,,-13.0,-28.0,-40.0,,0.0,-15.0,-27.0,,,,-15.0,-27.0,-12
37409,1,7,2012-01-25 01:00:00+00:00,2658,490,0,Gesetzentwurf,"['Technologie', 'Arbeitsbedingungen']","['Abkommen über die Zentralstelle der Länder für Sicherheitstechnik und über die Akkreditierungsstelle der Länder für Meß- und Prüfstellen zum Vollzug des Gefahrstoffrechts', 'Abkommen über die Zentralstelle der Länder für Sicherheitstechnik', 'Akkreditierung', 'Arbeitsschutz', 'Gefahrstoff', 'Geräte- und Produktsicherheitsgesetz', 'Messgerät', 'Produktsicherheit', 'Sicherheitstechnik']",[ 0.01735651  0.0292968  -0.01354054 ... -0.00452377  0.00501615   0.01600245],"[(np.int64(15), np.float64(0.3500256753407554)), (np.int64(29), np.float64(0.34994522805368644)), (np.int64(19), np.float64(0.3445589423627568))]",15,0.3500256753407554,1.0,1.0,0.3333333333333333,1,28,1.0,49.0,,0.0,,,,1.0,51.0,0.0,,1.0,56.0,,,,,,1,82,,,0.0,,0.0,,0.0,,1.0,490.0,,,0.0,,,,,0.0,,,,,,,,,,,,,,,0.0,,,,,,,,,,,,,,,,,,,,,,,,,,,,,0.0,,0.0,,0.0,,,,,,,,,,,,,,,,,,,0.0,,0.0,,0.0,,,0.0,,,,,,,,,,,0.0,,,,,,,,,,,,,,,,,,,,,,,,,,,,,,,,,,,,,,,,,,,,,,,,,,,,,,,,,,,,,,,,,,,,,,,,,,,,,,,,,,,,,,,,,,,,,,,,,,,,,,,,,,,,,,,,,,,,,,,,,,,,,,,,,,,,,,,,,,,,,,,,,,,,,,,,,,,,,,,,,,,,,,,,,,,,,,,,,,,,,,,,,,,,,,,,,,,,,,,,,,,-408.0,-434.0,-439.0,,-441.0,-462.0,-490.0,,,,,,,,,,,,,,,,,,,,,,,,,-26.0,-31.0,,-33.0,-54,-82,-5.0,,-7.0,-28.0,-56.0,,-2.0,-23.0,-51.0,,,,-21.0,-49.0,-28
37707,1,8,2012-03-01 01:00:00+00:00,2694,116,0,Gesetzentwurf,Printmedien,"['Dienstleistungsrichtlinie', 'Druckerzeugnis', 'Euro', 'EU-Recht', 'Gender-Mainstreaming', 'Internet', 'Journalist', 'Pflichtexemplar', 'Pornografie', 'Presse', 'Pressegesetz', 'Rundfunk', 'Verjährung']",[0.00571443 0.00550609 0.01559563 ... 0.00125747 0.02142911 0.02321487],"[(np.int64(29), np.float64(0.4965287699270223)), (np.int64(12), np.float64(0.4807132458232159)), (np.int64(9), np.float64(0.43375491680736483))]",29,0.4965287699270223,0.5,0.5,0.5,1,20,2.0,48.0,90.0,0.0,,,,1.0,95.0,1.0,91.0,1.0,97.0,,,,,,1,116,,,0.0,,0.0,,0.0,,0.0,,,,0.0,,,,,0.0,,,,,,,,,,,,,,,0.0,,,,,,,,,,,,,,,,,,,,,,,,,,,,,0.0,,0.0,,0.0,,,,,,,,,,,,,,,,,,,0.0,,0.0,,0.0,,,0.0,,,,,,,,,,,0.0,,,,,,,,,,,,,,,,,,,,,,,,,,,,,,,,,,,,,,,,,,,,,,,,,,,,,,,,,,,,,,,,,,,,,,,,,,,,,,,,,,,,,,,,,,,,,,,,,,,,,,,,,,,,,,,,,,,,,,,,,,,,,,,,,,,,,,,,,,,,,,,,,,,,,,,,,,,,,,,,,,,,,,,,,,,,,,,,,,,,,,,,,,,,,,,,,,,,,,,,,,,,,,,,,,,,,,,,,,,,,,,,,,,25.0,6.0,4.0,,-43.0,-71.0,-91.0,-19.0,-21.0,,-68.0,-96,-116,-2.0,,-49.0,-77.0,-97.0,,-47.0,-75.0,-95.0,,,,-28.0,-48.0,-20
37709,1,7,2012-03-02 01:00:00+00:00,2695,833,0,Gesetzentwurf,"['Europäische Union', 'Gewerbliche Wirtschaft Industrie', 'Frühkindliche Bildung']","['Abkommen über das Deutsche Institut für Bautechnik', 'Akkreditierung', 'Amtsbezeichnung', 'Besoldungsgesetz', 'Brandenburgisches Landesamt für Denkmalpflege und Archäologisches Landesmuseum', 'Deutsches Institut für Bautechnik', 'Erzieher', 'Kita-Personalverordnung', 'Landesbetrieb Forst Brandenburg', 'Landesrecht', 'Marktüberwachungsdurchführungsgesetz für Bauprodukte', 'Produktsicherheit', 'Sozialberufsgesetz', 'Sozialpädagoge', 'Technische Überwachung', 'Verordnung der EU']",[ 0.01059825  0.01978341  0.00959731 ... -0.00097151 -0.00836084   0.00912627],"[(np.int64(29), np.float64(0.36410285433145917)), (np.int64(10), np.float64(0.3584513108036893)), (np.int64(19), np.float64(0.3499738858488487))]",29,0.36410285433145917,0.5,0.5,0.5,1,19,1.0,47.0,,0.0,,,,1.0,49.0,0.0,,1.0,54.0,,,,,,1,73,,,0.0,,0.0,,0.0,,1.0,833.0,,,0.0,,,,,0.0,,,,,,,,,,,,,,,0.0,,,,,,,,,,,,,,,,,,,,,,,,,,,,,0.0,,0.0,,0.0,,,,,,,,,,,,,,,,,,,0.0,,0.0,,0.0,,,0.0,,,,,,,,,,,0.0,,,,,,,,,,,,,,,,,,,,,,,,,,,,,,,,,,,,,,,,,,,,,,,,,,,,,,,,,,,,,,,,,,,,,,,,,,,,,,,,,,,,,,,,,,,,,,,,,,,,,,,,,,,,,,,,,,,,,,,,,,,,,,,,,,,,,,,,,,,,,,,,,,,,,,,,,,,,,,,,,,,,,,,,,,,,,,,,,,,,,,,,,,,,,,,,,,,,,,,,,,,-760.0,-779.0,-784.0,,-786.0,-814.0,-833.0,,,,,,,,,,,,,,,,,,,,,,,,,-19.0,-24.0,,-26.0,-54,-73,-5.0,,-7.0,-35.0,-54.0,,-2.0,-30.0,-49.0,,,,-28.0,-47.0,-19
37822,1,14,2012-03-19 01:00:00+00:00,2712,309,0,Gesetzentwurf,Landesregierung,"['Altersgrenze', 'Beamtenversorgungsgesetz', 'Beamter', 'Besoldung', 'Landesminister', 'Landesregierung', 'Minister', 'Ministergesetz', 'Ministerpräsident', 'Richter', 'Ruhegehalt', 'Übergangsgeld']",[ 0.00100212  0.0181717   0.00573062 ...  0.006948   -0.00276139   0.02719817],"[(np.int64(29), np.float64(0.438055737679317)), (np.int64(19), np.float64(0.40933528579385836)), (np.int64(16), np.float64(0.4041394863024982))]",29,0.438055737679317,0.5,0.5,0.5,1,37,4.0,72.0,156.0,0.0,,233.0,303.0,1.0,238.0,3.0,235.0,1.0,240.0,239.0,240.0,,,,1,260,,,0.0,,0.0,,1.0,309.0,0.0,,,,0.0,,,,,0.0,,,,,,,,,,,,,,,0.0,,,,,,,,,,,,,,,,,,,,,,,,,,,,,1.0,156.0,0.0,,0.0,,,,,,,,,,,,,,,,,,,0.0,,0.0,,0.0,,,0.0,,,,,,,,,,,0.0,,,,,,,,,,,,,,,,,,,,,,,,,,,,,,,,,,,,,,,,,,,,,,,,,,,,,,,,,,,,,,,,,,,,,,,,,,,,,,,,,,,,,,,,,,,,,,,,,,,,,,,,,,,,,,,,,,,,,,,,,,,,,,,,,,,,,,,,153.0,,,,,,79.0,104.0,84.0,82.0,,-84.0,-119.0,-156.0,,,,,,,,,,,,,,,,,,,,-74.0,-49.0,-69.0,-71.0,,-237.0,-272.0,-309.0,,,,,,,,,,,,,,,,,,,,,,,,,,,,,,,,,,,,,,,,,,,,,,,,,,,25.0,5.0,3.0,,-163.0,-198.0,-235.0,-20.0,-22.0,,-188.0,-223,-260,-2.0,,-168.0,-203.0,-240.0,,-166.0,-201.0,-238.0,,,,-35.0,-72.0,-37
37828,1,4,2012-03-20 01:00:00+00:00,2713,27,0,Gesetzentwurf,Abgeordnete,"['Abgeordnetenentschädigung', 'Abgeordnetengesetz', 'Abgeordneter', 'Einkommensentwicklung', 'Kostenpauschale für Abgeordnete', 'Verdienststatistik']",[ 0.01071193  0.00236555 -0.00419551 ... -0.00624863 -0.0188054  -0.00153984],"[(np.int64(13), np.float64(0.3319629812964307)), (np.int64(29), np.float64(0.32977760907309456)), (np.int64(17), np.float64(0.306231366417298))]",13,0.3319629812964307,1.0,1.0,0.3333333333333333,1,1,0.0,,,0.0,,,,0.0,,0.0,,1.0,2.0,,,,,,1,27,,,0.0,,0.0,,0.0,,0.0,,,,0.0,,,,,0.0,,,,,,,,,,,,,,,0.0,,,,,,,,,,,,,,,,,,,,,,,,,,,,,0.0,,0.0,,0.0,,,,,,,,,,,,,,,,,,,0.0,,0.0,,0.0,,,0.0,,,,,,,,,,,0.0,,,,,,,,,,,,,,,,,,,,,,,,,,,,,,,,,,,,,,,,,,,,,,,,,,,,,,,,,,,,,,,,,,,,,,,,,,,,,,,,,,,,,,,,,,,,,,,,,,,,,,,,,,,,,,,,,,,,,,,,,,,,,,,,,,,,,,,,,,,,,,,,,,,,,,,,,,,,,,,,,,,,,,,,,,,,,,,,,,,,,,,,,,,,,,,,,,,,,,,,,,,,,,,,,,,,,,,,,,,,,,,,,,,,,,,,,,-25.0,,,,-26,-27,,,,-1.0,-2.0,,,,,,,,,,-1
38771,1,32,2012-03-29 02:00:00+00:00,2723,264,132,Sitzung,Öffentlicher Haushalt,"['Einzelplan 01 - Landtag', 'Einzelplan 02 - Ministerpräsident und Staatskanzlei', 'Einzelplan 03 - Ministerium des Innern', 'Einzelplan 04 - Ministerium der Justiz', 'Einzelplan 05 - Ministerium für Bildung, Jugend und Sport', 'Einzelplan 06 - Ministerium für Wissenschaft, Forschung und Kultur', 'Einzelplan 07 - Ministerium für Arbeit, Soziales, Frauen und Familie', 'Einzelplan 08 - Ministerium für Wirtschaft und Europaangelegenheiten', 'Einzelplan 10 - Ministerium für Umwelt, Gesundheit und Verbraucherschutz', 'Einzelplan 11 - Ministerium für Infrastruktur und Landwirtschaft', 'Einzelplan 12 - Ministerium der Finanzen', 'Einzelplan 13 - Landesrechnungshof', 'Einzelplan 14 - Verfassungsgericht des Landes Brandenburg', 'Einzelplan 20 - Allgemeine Finanzverwaltung', 'Finanzpolitik', 'Landeshaushalt', 'Landesregierung', 'Öffentlicher Haushalt', 'Terminplan']",[ 0.00824881  0.01938771 -0.01493215 ...  0.01234311 -0.00556945   0.0339586 ],"[(np.int64(34), np.float64(0.4834835875194708)), (np.int64(29), np.float64(0.46040626729852435)), (np.int64(19), np.float64(0.45777297053682503))]",34,0.4834835875194708,1.0,1.0,1.0,1,153,7.0,0.0,20.0,0.0,,42.0,236.0,16.0,252.0,1.0,256.0,1.0,257.0,,,,,,1,264,237.0,238.0,1.0,258.0,0.0,,0.0,,0.0,,252.0,252.0,1.0,259.0,258.0,,,1.0,25.0,252.0,252.0,252.0,252.0,252.0,252.0,252.0,252.0,252.0,252.0,252.0,252.0,258.0,1.0,258.0,,,,,,,,,,,,,,,,,,,,,,,,,,,,0.0,,0.0,,0.0,,,,,,,,,,,,,,,,,,,0.0,,0.0,,0.0,,,0.0,,,,,,,,,,,0.0,,,,,,,,,,,,,,,,,,,,,,,,,,,,,,,,,,,,,,,,,,,,,,,,,,,,,,,,,,,,,,,,,,,,,,,,,,,,,,,,,,,,,,,,,,,,,,,,,,,,,,,,,,,,,,,,,,,,,,,,,,,,,,,,,,,,,,,,,,,,,,,,,,,,,,,,,,,,,,,,,,,,,,,,,,,,,,,,,-1.0,,-234.0,-1.0,-3.0,5.0,-2.0,-7.0,,-259.0,-106.0,-127.0,,-233.0,0.0,-2.0,6.0,-1.0,-6.0,,-258.0,-105.0,-126.0,,,,,,,,,,,233.0,231.0,239.0,232.0,227.0,,-25.0,128.0,107.0,-2.0,6.0,-1.0,-6.0,,-258.0,-105.0,-126.0,8.0,1.0,-4.0,,-256.0,-103.0,-124.0,-7.0,-12.0,,-264.0,-111,-132,-5.0,,-257.0,-104.0,-125.0,,-252.0,-99.0,-120.0,,,,153.0,132.0,-21
37928,1,9,2012-04-02 02:00:00+00:00,2727,66,0,Gesetzentwurf,"['Öffentliche Verwaltung', 'Kommunale Angelegenheiten']","['Experimentierklausel', 'Gemeinde', 'Standarderprobungsgesetz', 'Straßenverkehrs-Ordnung']",[-0.01389024  0.01465864  0.02234261 ...  0.01341738  0.0111713   0.00129297],"[(np.int64(29), np.float64(0.4866089812018718)), (np.int64(19), np.float64(0.444570640857285)), (np.int64(4), np.float64(0.42739200435409297))]",29,0.4866089812018718,0.5,0.5,0.5,1,23,3.0,17.0,38.0,0.0,,57.0,,1.0,63.0,0.0,,1.0,65.0,,,,,,1,66,,,1.0,64.0,0.0,,0.0,,0.0,,,,0.0,,,,,0.0,,,,,,,,,,,,,,,0.0,,,,,,,,,,,,,,,,,,,,,,,,,,,,,0.0,,0.0,,0.0,,,,,,,,,,,,,,,,,,,0.0,,0.0,,0.0,,,0.0,,,,,,,,,,,0.0,,,,,,,,,,,,,,,,,,,,,,,,,,,,,,,,,,,,,,,,,,,,,,,,,,,,,,,,,,,,,,,,,,,,,,,,,,,,,,,,,,,,,,,,,,,,,,,,,,,,,,,,,,,,,,,,,,,,,,,,,,,,,,,,,,,,,,,,,,,,,,,,,,,,,,,,,,,,,,,,,,,,,,,,,,,,,,,,,,,,,,,,,,,,,,,,,,,,,,,,,,,,,,,,,,,,,,,,,,,,2.0,1.0,-1.0,,-47.0,-41.0,-64.0,,,,,,,,-1.0,-3.0,,-49.0,-43,-66,-2.0,,-48.0,-42.0,-65.0,,-46.0,-40.0,-63.0,,,,6.0,-17.0,-23
37929,1,7,2012-04-02 02:00:00+00:00,2727,84,0,Gesetzentwurf,Innere Sicherheit,"['Festnahme', 'Polizei', 'Polizeigesetz', 'Polizeiliche Maßnahme', 'Kriminalitätsbekämpfung', 'Zollbeamter', 'Zollverwaltung']",[-0.01939753  0.02637591 -0.00615044 ... -0.00490852 -0.00198115   0.02058031],"[(np.int64(24), np.float64(0.5125166479105709)), (np.int64(31), np.float64(0.49068308353137347)), (np.int64(29), np.float64(0.44821577373473875))]",24,0.5125166479105709,0.0,0.0,0.3333333333333333,1,23,2.0,38.0,57.0,0.0,,,,1.0,63.0,0.0,,1.0,65.0,,,,,,1,84,,,0.0,,0.0,,0.0,,0.0,,,,0.0,,,,,0.0,,,,,,,,,,,,,,,0.0,,,,,,,,,,,,,,,,,,,,,,,,,,,,,0.0,,0.0,,0.0,,,,,,,,,,,,,,,,,,,0.0,,0.0,,0.0,,,0.0,,,,,,,,,,,0.0,,,,,,,,,,,,,,,,,,,,,,,,,,,,,,,,,,,,,,,,,,,,,,,,,,,,,,,,,,,,,,,,,,,,,,,,,,,,,,,,,,,,,,,,,,,,,,,,,,,,,,,,,,,,,,,,,,,,,,,,,,,,,,,,,,,,,,,,,,,,,,,,,,,,,,,,,,,,,,,,,,,,,,,,,,,,,,,,,,,,,,,,,,,,,,,,,,,,,,,,,,,,,,,,,,,,,,,,,,,,,,,,,,,,,,,,,,-19.0,-21.0,,-46.0,-61,-84,-2.0,,-27.0,-42.0,-65.0,,-25.0,-40.0,-63.0,,,,-15.0,-38.0,-23
37981,1,8,2012-04-11 02:00:00+00:00,2736,118,0,Gesetzentwurf,Glücksspiel,"['Anstalt des öffentlichen Rechts', 'Glücksspiel', 'Lotterie', 'NKL Nordwestdeutsche Klassenlotterie', 'Staatsvertrag über die Gründung der GKL Gemeinsame Klassenlotterie der Länder', 'Staatsvertrag', 'Süddeutsche Klassenlotterie']",[ 0.00272252  0.01035451  0.00304982 ...  0.00981893 -0.01892376   0.01071156],"[(np.int64(12), np.float64(0.3975319757500221)), (np.int64(13), np.float64(0.38466276530213067)), (np.int64(29), np.float64(0.37368655042637466))]",12,0.3975319757500221,1.0,0.5,0.4166666666666666,1,14,2.0,29.0,49.0,0.0,,,,1.0,54.0,0.0,,1.0,56.0,,,,,,1,75,,,0.0,,0.0,,0.0,,1.0,118.0,,,0.0,,,,,0.0,,,,,,,,,,,,,,,0.0,,,,,,,,,,,,,,,,,,,,,,,,,,,,,0.0,,0.0,,0.0,,,,,,,,,,,,,,,,,,,0.0,,0.0,,0.0,,,0.0,,,,,,,,,,,0.0,,,,,,,,,,,,,,,,,,,,,,,,,,,,,,,,,,,,,,,,,,,,,,,,,,,,,,,,,,,,,,,,,,,,,,,,,,,,,,,,,,,,,,,,,,,,,,,,,,,,,,,,,,,,,,,,,,,,,,,,,,,,,,,,,,,,,,,,,,,,,,,,,,,,,,,,,,,,,,,,,,,,,,,,,,,,,,,,,,,,,,,,,,,,,,,,,,,,,,,,,,,-43.0,-62.0,-64.0,,-89.0,-104.0,-118.0,,,,,,,,,,,,,,,,,,,,,,,,,-19.0,-21.0,,-46.0,-61,-75,-2.0,,-27.0,-42.0,-56.0,,-25.0,-40.0,-54.0,,,,-15.0,-29.0,-14
37980,1,12,2012-04-11 02:00:00+00:00,2736,191,0,Gesetzentwurf,Glücksspiel,"['Beirat', 'Berufsfreiheit', 'Genehmigung', 'Gesetz zu dem Ersten Glücksspieländerungsstaatsvertrag', 'Gewerbeordnung', 'Glücksspielausführungsgesetz', 'Glücksspielstaatsvertrag', 'Grundrechtsbeschränkung', 'Lotterie', 'Lotterie- und Sportwettengesetz', 'Lottomittel', 'Spielautomat', 'Spielbank', 'Spielbankgesetz', 'Spielhallengesetz', 'Spielsucht', 'Staatsvertrag über die Regionalisierung von Teilen der von den Unternehmen des Deutschen Lotto- und Totoblocks erzielten Einnahmen', 'Staatsvertrag', 'Suchtprävention', 'Verordnung über Annahmestellen für Glücksspiele und die Vermittlung von Glücksspielen im Land Brandenburg', 'Wette']",[ 0.00443075  0.00540552  0.00484429 ...  0.00980674 -0.00440122   0.00809351],"[(np.int64(29), np.float64(0.4958989118580647)), (np.int64(19), np.float64(0.4394160866273121)), (np.int64(9), np.float64(0.4261973806457949))]",29,0.4958989118580647,0.5,0.5,0.5,1,14,3.0,29.0,49.0,0.0,,161.0,,1.0,54.0,1.0,55.0,1.0,56.0,,,,,,1,78,,,0.0,,0.0,,1.0,191.0,2.0,118.0,,,0.0,,,,,0.0,,,,,,,,,,,,,,,0.0,,,,,,,,,,,,,,,,,,,,,,,,,,,,,0.0,,0.0,,0.0,,,,,,,,,,,,,,,,,,,0.0,,0.0,,0.0,,,0.0,,,156.0,,,,,,,,0.0,,,,,,,,,,,,,,,,,,,,,,,,,,,,,,,,,,,,,,,,,,,,,,,,,,,,,,,,,,,,,,,,,,,,,,,,,,,,,,,,,,,,,,,,,,,,,,,,,,,,,,,,,,,,,,,,,,,,,,,,,,,,,,,,,,,,,,,,,,,,,,,,,,,,,,,,,,,,,,,,,,,,,,-73.0,,,-136.0,-113.0,-135.0,-137.0,,-162.0,-177.0,-191.0,,,,,,,,,,,,,,,,,,,,,,,,,,-63.0,-40.0,-62.0,-64.0,,-89.0,-104.0,-118.0,,,,,,,,,,,,,,,,,,23.0,1.0,-1.0,,-26.0,-41.0,-55.0,-22.0,-24.0,,-49.0,-64,-78,-2.0,,-27.0,-42.0,-56.0,,-25.0,-40.0,-54.0,,,,-15.0,-29.0,-14
38040,1,8,2012-04-18 02:00:00+00:00,2743,68,0,Gesetzentwurf,Finanzausgleich,"['Föderalismus', 'Gemeindeverkehrs-, Wohnraum-, Hochschul- und Bildungs-Förderungsgesetz', 'Hochschulbau', 'Investitionsförderung', 'Öffentliche Investition', 'Öffentliche Mittel', 'Öffentlicher Personennahverkehr', 'Schulgebäude', 'Straßenbau', 'Wohnraumförderungsgesetz', 'Wohnungsbau']",[-0.01269563  0.00345439 -0.00555065 ...  0.00436966 -0.01033365   0.00171243],"[(np.int64(20), np.float64(0.419303871104321)), (np.int64(34), np.float64(0.4074479514299413)), (np.int64(21), np.float64(0.3934677958004569))]",20,0.419303871104321,1.0,0.5,0.4166666666666666,1,7,2.0,36.0,43.0,0.0,,,,1.0,47.0,1.0,48.0,1.0,49.0,,,,,,1,68,,,0.0,,0.0,,0.0,,0.0,,,,0.0,,,,,0.0,,,,,,,,,,,,,,,0.0,,,,,,,,,,,,,,,,,,,,,,,,,,,,,0.0,,0.0,,0.0,,,,,,,,,,,,,,,,,,,0.0,,0.0,,0.0,,,0.0,,,,,,,,,,,0.0,,,,,,,,,,,,,,,,,,,,,,,,,,,,,,,,,,,,,,,,,,,,,,,,,,,,,,,,,,,,,,,,,,,,,,,,,,,,,,,,,,,,,,,,,,,,,,,,,,,,,,,,,,,,,,,,,,,,,,,,,,,,,,,,,,,,,,,,,,,,,,,,,,,,,,,,,,,,,,,,,,,,,,,,,,,,,,,,,,,,,,,,,,,,,,,,,,,,,,,,,,,,,,,,,,,,,,,,,,,,,,,,,,,20.0,1.0,-1.0,,-12.0,-41.0,-48.0,-19.0,-21.0,,-32.0,-61,-68,-2.0,,-13.0,-42.0,-49.0,,-11.0,-40.0,-47.0,,,,-29.0,-36.0,-7
38289,1,14,2012-05-21 02:00:00+00:00,2776,511,0,Gesetzentwurf,"['Innere Sicherheit', 'Justizvollzug']","['Datenaustausch', 'Datenschutz', 'Evaluation', 'Führungsaufsicht', 'Gefahrenabwehr', 'Kriminalprävention', 'Resozialisierung', 'Mehrfachtäter', 'Staatsvertrag über die Einrichtung einer Gemeinsamen elektronischen Überwachungsstelle der Länder', 'Staatsvertrag', 'Strafgesetzbuch', 'Straftäter']",[-0.00543668  0.03009278 -0.02174673 ...  0.00993297  0.02080633   0.02398018],"[(np.int64(24), np.float64(0.4001196885706124)), (np.int64(19), np.float64(0.38016708495483165)), (np.int64(12), np.float64(0.3625853421455961))]",24,0.4001196885706124,0.0,0.0,0.3333333333333333,1,17,5.0,93.0,94.0,0.0,,121.0,122.0,1.0,174.0,0.0,,1.0,176.0,,,,,,1,196,169.0,,2.0,175.0,0.0,,0.0,,1.0,511.0,,,0.0,,,,,0.0,,,,,,,,,,,,,,,0.0,,,,,,,,,,,,,,,,,,,,,,,,,,,,,1.0,121.0,0.0,,0.0,,,,,,,,,,,,,,,,,,,0.0,,0.0,,0.0,,175.0,0.0,,,,,,,,,,,0.0,,,,,,,,,,,,,,,,,,,,,,,,,,,,,,,,,,,,,,,,,,,,,,,,,,,,,,,,,,,,,,,,,,,,,,,,,,,,,,,,,,,,,,,,,,,,,,,,,,,,,,,,,,,,,,,,,,,,,,,,,,,,,,,,,,,,,,,,,,,390.0,,54.0,,75.0,55.0,53.0,,-28.0,-104.0,-121.0,,,,,,,,,,,,,,,,,,,,,,,,,,,,,,,,,,,,,,,,,,,,,,,,,,,,-336.0,,-315.0,-335.0,-337.0,,-418.0,-494.0,-511.0,,,,,,,,,,,21.0,1.0,-1.0,,-82.0,-158.0,-175.0,,,,,,,,-20.0,-22.0,,-103.0,-179,-196,-2.0,,-83.0,-159.0,-176.0,,-81.0,-157.0,-174.0,,,,-76.0,-93.0,-17
38325,1,14,2012-05-24 02:00:00+00:00,2779,208,0,Gesetzentwurf,Gesundheitseinrichtungen,"['Investitionsförderung', 'Investitionspauschale', 'Krankenhaus', 'Krankenhausentwicklungsgesetz', 'Krankenhausfinanzierung']",[-0.01743132  0.01002005  0.02976369 ...  0.01488185 -0.00752986   0.00518789],"[(np.int64(3), np.float64(0.4762045414650037)), (np.int64(29), np.float64(0.4672455852348094)), (np.int64(36), np.float64(0.44796342053765514))]",3,0.4762045414650037,1.0,0.5,0.4166666666666666,1,14,5.0,83.0,104.0,0.0,,146.0,146.0,1.0,194.0,1.0,196.0,1.0,202.0,,,,,,1,208,180.0,,1.0,194.0,1.0,202.0,0.0,,0.0,,,,0.0,,,,,0.0,,,,,,,,,,,,,,,0.0,,,,,,,,,,,,,,,,,,,,,,,,,,,,,1.0,146.0,0.0,,0.0,,,,,,,,,,,,,,,,,,,0.0,,0.0,,0.0,,,0.0,,,,,,,,,,,0.0,,,,,,,,,,,,,,,,,,,,,,,,,,,,,,,,,,,,,,,,,,,,,,,,,,,,,,,,,,,,,,,,,,,,,,,,,,,,,,,,,,,,,,,,,,,,,,,,,,,,,,,,,,,,,,,,,,,,,,,,,,,,,,,,,,,,,,,56.0,,,,,,48.0,50.0,62.0,56.0,48.0,,-63.0,-132.0,-146.0,,,,,,-8.0,-6.0,6.0,0.0,-8.0,,-119.0,-188.0,-202.0,,,,,,,,,,,,,,,,,,,,,,,,,,,,,,,,,,,,,,,,,,,,,,,,,,,,,,,,2.0,14.0,8.0,0.0,,-111.0,-180.0,-194.0,12.0,6.0,-2.0,,-113.0,-182.0,-196.0,-6.0,-14.0,,-125.0,-194,-208,-8.0,,-119.0,-188.0,-202.0,,-111.0,-180.0,-194.0,,,,-69.0,-83.0,-14
38316,1,4,2012-05-24 02:00:00+00:00,2779,32,0,Gesetzentwurf,"['Nation', 'Ideologien']","['Aufarbeitungsbeauftragtengesetz', 'Deutsche Demokratische Republik', 'Fonds', 'Heimerziehung', 'Landesbeauftragter zur Aufarbeitung der Folgen der kommunistischen Diktatur', 'Landesbeauftragter', 'SED-Unrechtsbereinigung']",[-0.00483638  0.03773574  0.00380641 ...  0.02842122 -0.00373178   0.02042029],"[(np.int64(32), np.float64(0.5177033534560683)), (np.int64(29), np.float64(0.49263653443716615)), (np.int64(19), np.float64(0.4798716947877083))]",32,0.5177033534560683,1.0,1.0,1.0,1,13,0.0,,,0.0,,,,0.0,,0.0,,1.0,14.0,,,,,,1,32,,,0.0,,0.0,,0.0,,0.0,,,,0.0,,,,,0.0,,,,,,,,,,,,,,,0.0,,,,,,,,,,,,,,,,,,,,,,,,,,,,,0.0,,0.0,,0.0,,,,,,,,,,,,,,,,,,,0.0,,0.0,,0.0,,,0.0,,,,,,,,,,,0.0,,,,,,,,,,,,,,,,,,,,,,,,,,,,,,,,,,,,,,,,,,,,,,,,,,,,,,,,,,,,,,,,,,,,,,,,,,,,,,,,,,,,,,,,,,,,,,,,,,,,,,,,,,,,,,,,,,,,,,,,,,,,,,,,,,,,,,,,,,,,,,,,,,,,,,,,,,,,,,,,,,,,,,,,,,,,,,,,,,,,,,,,,,,,,,,,,,,,,,,,,,,,,,,,,,,,,,,,,,,,,,,,,,,,,,,,,,-18.0,,,,-19,-32,,,,-1.0,-14.0,,,,,,,,,,-13
38326,1,27,2012-05-25 02:00:00+00:00,2780,627,0,Gesetzentwurf,"['Gesellschaft Bevölkerung', 'Bildung', 'Schulen']","['Beauftragter für Angelegenheiten der Sorben/Wenden', 'Gesetz zur Förderung der Braunkohle im Land Brandenburg', 'Gesetz zur Regionalplanung und zur Braunkohlen- und Sanierungsplanung', 'Interessenverband', 'Kindertagesstätte', 'Kindertagesstättengesetz', 'Kommunalverfassung', 'Landeswahlgesetz', 'Lehrerbildungsgesetz', 'Mehrsprachigkeit', 'Minderheitenrecht', 'Rat für sorbische (wendische) Angelegenheiten', 'Sachsen', 'Schule', 'Schulgesetz', 'Sorben(Wenden)-Gesetz', 'Sorbisch', 'Sprachliche Minderheit', 'Verwaltungsverfahrensgesetz für das Land Brandenburg', 'Wahlkampfkostenerstattungsgesetz', 'Zweisprachiger Unterricht']",[-0.01311943  0.01884428 -0.00793129 ...  0.02588106  0.00253444  -0.00444272],"[(np.int64(29), np.float64(0.4786959941082266)), (np.int64(9), np.float64(0.4602428630963709)), (np.int64(21), np.float64(0.4319840898612137))]",29,0.4786959941082266,0.5,0.5,0.5,1,13,16.0,83.0,83.0,0.0,,89.0,117.0,2.0,604.0,1.0,605.0,1.0,606.0,,,,,,1,627,117.0,165.0,1.0,605.0,1.0,606.0,0.0,,0.0,,606.0,,0.0,,165.0,187.0,,0.0,,,,,,,,,,,,,,,0.0,,,321.0,326.0,327.0,363.0,369.0,453.0,481.0,,599.0,,,,,,,,,,,,,,,,,,2.0,165.0,0.0,,0.0,,,,,,,,,,,,,,,,,,,0.0,,0.0,,0.0,,,0.0,,453.0,,,,,,,,,0.0,,,,,,,,,,,,,,,,,,,,,,,,,,,,,,,,,,,,,,,,,,,,,,,,,,,,,,,,,,,,,,,,,,,,,,,,,,,,,,,,,,,,,,,,,,,,,,,,,,,,,,,,,,,,,,,,,,,,,,,,,,,,,,,,,,,,,,,441.0,,,,,,440.0,440.0,462.0,441.0,439.0,,-82.0,-152.0,-165.0,,,,,,-1.0,-1.0,21.0,0.0,-2.0,,-523.0,-593.0,-606.0,,,,,,,,,,,,,,,,,,,,,,,,,,,,,,,,,,,,,,,,,,,,,,,,,,,,,,,,0.0,22.0,1.0,-1.0,,-522.0,-592.0,-605.0,22.0,1.0,-1.0,,-522.0,-592.0,-605.0,-21.0,-23.0,,-544.0,-614,-627,-2.0,,-523.0,-593.0,-606.0,,-521.0,-591.0,-604.0,,,,-70.0,-83.0,-13
38423,1,13,2012-06-05 02:00:00+00:00,2791,303,0,Gesetzentwurf,Glücksspiel,"['Genehmigung', 'Grundrechtsbeschränkung', 'Notifizierungsverfahren', 'Spielhallengesetz', 'Spielsucht']",[ 0.00306787  0.01636199  0.03058981 ...  0.01529491 -0.0022972   0.01825904],"[(np.int64(29), np.float64(0.5285489340728738)), (np.int64(19), np.float64(0.4607832425862102)), (np.int64(9), np.float64(0.4499103831412803))]",29,0.5285489340728738,0.5,0.5,0.5,1,1,5.0,71.0,78.0,0.0,,85.0,154.0,1.0,279.0,0.0,,1.0,287.0,,,,,,1,303,273.0,,1.0,286.0,0.0,,0.0,,0.0,,,,0.0,,,,,0.0,,,,,,,,,,,,,,,0.0,,,,,,,,,,,,,,,,,,,,,,,,,,,,,1.0,71.0,0.0,,0.0,,,,,,,,,,,,,,,,,,,0.0,,0.0,,0.0,,,1.0,85.0,,,,,,,,,,0.0,,,,,,,,,,,,,,,,,,,,,,,,,,,,,,,,,,,,,,,,,,,,,,,,,,,,,,,,,,,,,,,,,,,,-14.0,,,,,,,201.0,,218.0,202.0,194.0,,-14.0,-84.0,-85.0,,,,,,,,,,,,,,,,,,,,,,,,,,,,,,,,,,,,,,,,,,,,,,,,,,,,,,,,,,215.0,,232.0,216.0,208.0,,0.0,-70.0,-71.0,,,,,,,,,,,,,,,,,,,,,,,,,,,,,,,,,,,,,,,,,,,,,,,,,,,,,,,,,,,,,,,,,,,,,,,17.0,1.0,-7.0,,-215.0,-285.0,-286.0,,,,,,,,-16.0,-24.0,,-232.0,-302,-303,-8.0,,-216.0,-286.0,-287.0,,-208.0,-278.0,-279.0,,,,-70.0,-71.0,-1
38708,1,6,2012-07-23 02:00:00+00:00,2839,133,0,Gesetzentwurf,Sport,"['Abgabe', 'Landessportbund', 'Lotterie', 'Lottomittel', 'Öffentliche Einnahmen', 'Öffentlicher Haushalt', 'Sport', 'Sportförderungsgesetz', 'Sportverein', 'Wette']",[ 0.01978391  0.01814501  0.00250225 ... -0.00209253 -0.01884739  -0.00018474],"[(np.int64(12), np.float64(0.37698772116003976)), (np.int64(13), np.float64(0.3672607684025869)), (np.int64(29), np.float64(0.3659366452618621))]",12,0.37698772116003976,1.0,0.5,0.4166666666666666,1,37,1.0,88.0,,0.0,,,,1.0,101.0,0.0,,1.0,113.0,,,,,,1,133,,,0.0,,0.0,,0.0,,0.0,,,,0.0,,,,,0.0,,,,,,,,,,,,,,,0.0,,,,,,,,,,,,,,,,,,,,,,,,,,,,,0.0,,0.0,,0.0,,,,,,,,,,,,,,,,,,,0.0,,0.0,,0.0,,,0.0,,,,,,,,,,,0.0,,,,,,,,,,,,,,,,,,,,,,,,,,,,,,,,,,,,,,,,,,,,,,,,,,,,,,,,,,,,,,,,,,,,,,,,,,,,,,,,,,,,,,,,,,,,,,,,,,,,,,,,,,,,,,,,,,,,,,,,,,,,,,,,,,,,,,,,,,,,,,,,,,,,,,,,,,,,,,,,,,,,,,,,,,,,,,,,,,,,,,,,,,,,,,,,,,,,,,,,,,,,,,,,,,,,,,,,,,,,,,,,,,,,,,,,,,-20.0,-32.0,,-45.0,-96,-133,-12.0,,-25.0,-76.0,-113.0,,-13.0,-64.0,-101.0,,,,-51.0,-88.0,-37
38804,1,8,2012-08-14 02:00:00+00:00,2861,111,0,Gesetzentwurf,Freizeit,"['Beitrag', 'Gebühr', 'Kommunalabgabengesetz', 'Kurtaxe', 'Tourismus', 'Veranstaltung']",[0.00351623 0.00945541 0.01713792 ... 0.02281117 0.01524684 0.01831985],"[(np.int64(23), np.float64(0.4616948974520652)), (np.int64(29), np.float64(0.4470853158900572)), (np.int64(5), np.float64(0.411015233251526))]",23,0.4616948974520652,1.0,1.0,0.3333333333333333,1,16,3.0,23.0,64.0,0.0,,65.0,,1.0,71.0,0.0,,1.0,91.0,,,,,,1,111,,,0.0,,0.0,,0.0,,0.0,,,,0.0,,,,,0.0,,,,,,,,,,,,,,,0.0,,,,,,,,,,,,,,,,,,,,,,,,,,,,,0.0,,0.0,,0.0,,,,,,,,,,,,,,,,,,,0.0,,0.0,,0.0,,,0.0,,,,,,,,,,,0.0,,,,,,,,,,,,,,,,,,,,,,,,,,,,,,,,,,,,,,,,,,,,,,,,,,,,,,,,,,,,,,,,,,,,,,,,,,,,,,,,,,,,,,,,,,,,,,,,,,,,,,,,,,,,,,,,,,,,,,,,,,,,,,,,,,,,,,,,,,,,,,,,,,,,,,,,,,,,,,,,,,,,,,,,,,,,,,,,,,,,,,,,,,,,,,,,,,,,,,,,,,,,,,,,,,,,,,,,,,,,,,,,,,,,,,,,,,-20.0,-40.0,,-88.0,-95,-111,-20.0,,-68.0,-75.0,-91.0,,-48.0,-55.0,-71.0,,,,-7.0,-23.0,-16
38806,1,20,2012-08-15 02:00:00+00:00,2862,125,0,Gesetzentwurf,"['Lehrer', 'Öffentlicher Dienst']","['Amtsbezeichnung', 'Bachelor', 'Berufliche Weiterbildung', 'Besoldung', 'Besoldungsgesetz', 'Deutsche Demokratische Republik', 'Landesinstitut für Lehrerbildung', 'Lehramtsanwärter', 'Lehrer', 'Lehrerbildungsgesetz', 'Master (Hochschule)', 'Mitwirkung im Schulwesen', 'Personenbezogene Daten', 'Religionslehrer', 'Seiteneinsteiger', 'Sonderpädagogik', 'Sorben', 'Staatsprüfung', 'Studium', 'Vorbereitungsdienst für das Lehramt']",[ 1.62393251e-03  1.85765736e-02  2.02763919e-02 ... -6.68733919e-05  -7.61882355e-03  2.10048836e-02],"[(np.int64(26), np.float64(0.46509593671292404)), (np.int64(20), np.float64(0.4501275666054014)), (np.int64(29), np.float64(0.44625360098801004))]",26,0.46509593671292404,1.0,0.0,0.5,1,14,9.0,1.0,1.0,0.0,,20.0,22.0,1.0,116.0,5.0,117.0,1.0,119.0,117.0,117.0,117.0,117.0,,1,125,77.0,83.0,0.0,,0.0,,0.0,,0.0,,,,0.0,,84.0,105.0,,0.0,,,,,,,,,,,,,,,0.0,,,111.0,,,,,,,,,,,,,,,,,,,,,,,,,,1.0,77.0,0.0,,0.0,,,,,,,,,,,,,,,,,,,0.0,,0.0,,0.0,,,0.0,,,,,,,,,,,0.0,,,,,,,,,,,,,,,,,,,,,,,,,,,,,,,,,,,,,,,,,,,,,,,,,,,,,,,,,,,,,,,,,,,,,,,,,,,,,,,,,,,,,,,,,,,,,,,,,,,,,,,,,,,,,,,,,,,,,,,,,,,,,,,,,,,,,,,,,,,,,,40.0,48.0,42.0,39.0,,-76.0,-63.0,-77.0,,,,,,,,,,,,,,,,,,,,,,,,,,,,,,,,,,,,,,,,,,,,,,,,,,,,,,,,,,,,,,,,,,,,,,,,,,,,,,8.0,2.0,-1.0,,-116.0,-103.0,-117.0,-6.0,-9.0,,-124.0,-111,-125,-3.0,,-118.0,-105.0,-119.0,,-115.0,-102.0,-116.0,,,,13.0,-1.0,-14
38812,1,4,2012-08-15 02:00:00+00:00,2862,20,0,Gesetzentwurf,Abgeordnete,"['Abgeordnetenentschädigung', 'Abgeordnetengesetz', 'Einkommensentwicklung', 'Kostenpauschale für Abgeordnete', 'Preisindex', 'Verbraucherpreis']",[ 0.00280797  0.00594278  0.0042788  ...  0.01010273 -0.02139402  -0.00493251],"[(np.int64(13), np.float64(0.34425331047158986)), (np.int64(29), np.float64(0.32565299134627335)), (np.int64(17), np.float64(0.3070924889346111))]",13,0.34425331047158986,1.0,1.0,0.3333333333333333,1,14,0.0,,,0.0,,,,0.0,,0.0,,1.0,15.0,,,,,,1,20,,,0.0,,0.0,,0.0,,0.0,,,,0.0,,,,,0.0,,,,,,,,,,,,,,,0.0,,,,,,,,,,,,,,,,,,,,,,,,,,,,,0.0,,0.0,,0.0,,,,,,,,,,,,,,,,,,,0.0,,0.0,,0.0,,,0.0,,,,,,,,,,,0.0,,,,,,,,,,,,,,,,,,,,,,,,,,,,,,,,,,,,,,,,,,,,,,,,,,,,,,,,,,,,,,,,,,,,,,,,,,,,,,,,,,,,,,,,,,,,,,,,,,,,,,,,,,,,,,,,,,,,,,,,,,,,,,,,,,,,,,,,,,,,,,,,,,,,,,,,,,,,,,,,,,,,,,,,,,,,,,,,,,,,,,,,,,,,,,,,,,,,,,,,,,,,,,,,,,,,,,,,,,,,,,,,,,,,,,,,,,-5.0,,,,-6,-20,,,,-1.0,-15.0,,,,,,,,,,-14
38805,1,8,2012-08-15 02:00:00+00:00,2862,110,0,Gesetzentwurf,"['Bauwesen', 'Staatsaufbau']","['Abkommen über das Deutsche Institut für Bautechnik', 'Bauprodukt', 'Markt', 'Staatsvertrag', 'Verordnung der EU']",[ 6.39550947e-03  4.15253453e-03  4.16768999e-05 ... -4.09191381e-03   1.31092791e-03  1.74588319e-02],"[(np.int64(29), np.float64(0.39572339942745055)), (np.int64(15), np.float64(0.36314280836919355)), (np.int64(19), np.float64(0.36269430284505055))]",29,0.39572339942745055,0.5,0.5,0.5,1,15,3.0,35.0,36.0,0.0,,83.0,,1.0,88.0,0.0,,1.0,90.0,,,,,,1,110,,,0.0,,0.0,,0.0,,0.0,,,,0.0,,,,,0.0,,,,,,,,,,,,,,,0.0,,,,,,,,,,,,,,,,,,,,,,,,,,,,,0.0,,0.0,,0.0,,,,,,,,,,,,,,,,,,,0.0,,0.0,,0.0,,,0.0,,,,,,,,,,,0.0,,,,,,,,,,,,,,,,,,,,,,,,,,,,,,,,,,,,,,,,,,,,,,,,,,,,,,,,,,,,,,,,,,,,,,,,,,,,,,,,,,,,,,,,,,,,,,,,,,,,,,,,,,,,,,,,,,,,,,,,,,,,,,,,,,,,,,,,,,,,,,,,,,,,,,,,,,,,,,,,,,,,,,,,,,,,,,,,,,,,,,,,,,,,,,,,,,,,,,,,,,,,,,,,,,,,,,,,,,,,,,,,,,,,,,,,,,-20.0,-22.0,,-75.0,-95,-110,-2.0,,-55.0,-75.0,-90.0,,-53.0,-73.0,-88.0,,,,-20.0,-35.0,-15
38807,1,18,2012-08-15 02:00:00+00:00,2862,180,0,Gesetzentwurf,Menschen mit Behinderungen,"['Barrierefreiheit', 'Behindertenbeauftragter', 'Behindertenbeirat', 'Behindertenrecht', 'Behinderter', 'Gebärdensprache', 'Gemeinde', 'Gleichbehandlungsgrundsatz', 'Hörbehinderter', 'Konnexitätsprinzip', 'Kosten', 'Rechtsbehelf', 'Sehbehinderter', 'Teilhabe behinderter Menschen', 'Übereinkommen über die Rechte von Menschen mit Behinderungen']",[0.00290111 0.01821007 0.02499422 ... 0.02796972 0.00773631 0.02439912],"[(np.int64(29), np.float64(0.5001231592447387)), (np.int64(9), np.float64(0.45526135773093146)), (np.int64(12), np.float64(0.45236791509202956))]",29,0.5001231592447387,0.5,0.5,0.5,1,14,10.0,7.0,22.0,0.0,,35.0,71.0,1.0,158.0,0.0,,1.0,160.0,,,,,,1,180,83.0,83.0,1.0,153.0,1.0,160.0,0.0,,0.0,,,,0.0,,84.0,97.0,,0.0,,,,,,,,,,,,,,,0.0,,,98.0,153.0,,,,,,,,,,,,,,,,,,,,,,,,,1.0,83.0,0.0,,0.0,,,,,,,,,,,,,,,,,,,0.0,,0.0,,0.0,,,0.0,,,,,,,,,,,0.0,,,,,,,,,,,,,,,,,,,,,,,,,,,,,,,,,,,,,,,,,,,,,,,,,,,,,,,,,,,,,,,,,,,,,,,,,,,,,,,,,,,,,,,,,,,,,,,,,,,,,,,,,,,,,,,,,,,,,,,,,,,,,,,,,,,,,,,77.0,,,,,,70.0,,97.0,77.0,75.0,,-76.0,-69.0,-83.0,,,,,,-7.0,,20.0,0.0,-2.0,,-153.0,-146.0,-160.0,,,,,,,,,,,,,,,,,,,,,,,,,,,,,,,,,,,,,,,,,,,,,,,,,,,,,,,,,27.0,7.0,5.0,,-146.0,-139.0,-153.0,,,,,,,,-20.0,-22.0,,-173.0,-166,-180,-2.0,,-153.0,-146.0,-160.0,,-151.0,-144.0,-158.0,,,,7.0,-7.0,-14
38988,1,16,2012-09-12 02:00:00+00:00,2890,97,0,Gesetzentwurf,Öffentlicher Haushalt,"['Finanzausgleich', 'Gemeinde', 'Gemeindefinanzen', 'Horizontaler Finanzausgleich', 'Kommunaler Finanzausgleich', 'Kommunaler Haushalt', 'Landeshaushalt', 'Öffentliche Einnahmen', 'Steuer']",[-0.00244027  0.01499873  0.01118953 ...  0.01178472  0.01196327   0.00624947],"[(np.int64(23), np.float64(0.4478273015850419)), (np.int64(34), np.float64(0.44276532386969264)), (np.int64(21), np.float64(0.4388658068888516))]",23,0.4478273015850419,1.0,1.0,0.3333333333333333,1,14,6.0,36.0,43.0,0.0,,61.0,69.0,1.0,85.0,2.0,89.0,1.0,91.0,89.0,,,,,1,97,71.0,82.0,2.0,89.0,1.0,91.0,0.0,,0.0,,,,0.0,,,,,0.0,,,,,,,,,,,,,,,0.0,,,,,,,,,,,,,,,,,,,,,,,,,,,,,0.0,,0.0,,0.0,,,,,,,,,,,,,,,,,,,0.0,,0.0,,0.0,,89.0,0.0,,,,,,,,,,,0.0,,,,,,,,,,,,,,,,,,,,,,,,,,,,,,,,,,,,,,,,,,,,,,,,,,,,,,,,,,,,,,,,,,,,,,,,,,,,,,,,,,,,,,,,,,,,,,,,,,,,,,,,,,,,,,,,,,,,,,,,,,,,,,,,,,,,,,,,,,,,,,,,,,,,,,,,,,,-2.0,-2.0,6.0,0.0,-6.0,,-55.0,-77.0,-91.0,,,,,,,,,,,,,,,,,,,,,,,,,,,,,,,,,,,,,,,,,,,,,,,,,,,,,,,,0.0,8.0,2.0,-4.0,,-53.0,-75.0,-89.0,8.0,2.0,-4.0,,-53.0,-75.0,-89.0,-6.0,-12.0,,-61.0,-83,-97,-6.0,,-55.0,-77.0,-91.0,,-49.0,-71.0,-85.0,,,,-22.0,-36.0,-14
39092,1,9,2012-09-25 02:00:00+00:00,2903,233,0,Gesetzentwurf,Abgaben,"['Abgabe', 'Abwasserabgabengesetz', 'Forderungen', 'Gebührengesetz', 'Gesetz über kommunale Gemeinschaftsarbeit im Land Brandenburg', 'Gesetz zur Ausführung des Tierseuchengesetzes', 'Grundrechtsbeschränkung', 'Kommunalabgabe', 'Kommunalabgabengesetz', 'Kommunalverfassung', 'Polizeigesetz', 'Verordnung über die Bestimmung von Vollzugsdienstkräften', 'Verordnung zur Bestimmung von Vollstreckungsbehörden', 'Verordnung zur Regelung von Zuständigkeiten nach dem Sozialgesetzbuch', 'Verordnung', 'Verwaltungsverfahrensgesetz für das Land Brandenburg', 'Verwaltungsvollstreckungsgesetz für das Land Brandenburg', 'Vollstreckung von Forderungen', 'Vollstreckungsbehörde', 'Zwangsvollstreckung']",[0.00560811 0.01235583 0.00899696 ... 0.02099291 0.008877   0.0284304 ],"[(np.int64(29), np.float64(0.4506086834337768)), (np.int64(23), np.float64(0.43157489375326163)), (np.int64(21), np.float64(0.4223716210000713))]",29,0.4506086834337768,0.5,0.5,0.5,1,50,4.0,57.0,106.0,0.0,,162.0,198.0,1.0,209.0,0.0,,1.0,211.0,,,,,,1,233,,,0.0,,0.0,,0.0,,0.0,,,,0.0,,,,,0.0,,,,,,,,,,,,,,,0.0,,,,,,,,,,,,,,,,,,,,,,,,,,,,,0.0,,0.0,,0.0,,,,,,,,,,,,,,,,,,,0.0,,0.0,,0.0,,,0.0,,,,,,,,,,,0.0,,,,,,,,,,,,,,,,,,,,,,,,,,,,,,,,,,,,,,,,,,,,,,,,,,,,,,,,,,,,,,,,,,,,,,,,,,,,,,,,,,,,,,,,,,,,,,,,,,,,,,,,,,,,,,,,,,,,,,,,,,,,,,,,,,,,,,,,,,,,,,,,,,,,,,,,,,,,,,,,,,,,,,,,,,,,,,,,,,,,,,,,,,,,,,,,,,,,,,,,,,,,,,,,,,,,,,,,,,,,,,,,,,,,,,,,,,-22.0,-24.0,,-176.0,-183,-233,-2.0,,-154.0,-161.0,-211.0,,-152.0,-159.0,-209.0,,,,-7.0,-57.0,-50
39283,1,13,2012-10-17 02:00:00+00:00,2925,117,0,Gesetzentwurf,Hochschulwesen,"['Architektur', 'Berufliche Weiterbildung', 'Besoldungsgesetz', 'Brandenburgische Technische Universität Cottbus', 'Brandenburgische Technische Universität Cottbus-Senftenberg', 'Cottbus, kreisfreie Stadt', 'Forschung', 'Gesetz zur Weiterentwicklung der Hochschulregion Lausitz', 'Gesundheits-, Sozial- und Bildungsberufe', 'Hochschule Lausitz (FH)', 'Hochschule', 'Hochschulfinanzierung', 'Hochschulgesetz', 'Hochschullehre', 'Hochschullehrer', 'Hochschulleitung', 'Hochschulorganisation', 'Kommission', 'Lausitz', 'Lehrverpflichtungsverordnung', 'MINT-Fächer', 'Präsident', 'Promotion', 'Senftenberg, Stadt, Landkreis Oberspreewald-Lausitz', 'Sorben', 'Student', 'Studentenwerksverordnung', 'Studienfach']",[ 0.01390783 -0.00187904  0.00080266 ...  0.02746056 -0.00479376  -0.00639168],"[(np.int64(28), np.float64(0.39706591327654883)), (np.int64(20), np.float64(0.3890608393105595)), (np.int64(29), np.float64(0.37851714596762465))]",28,0.39706591327654883,0.5,1.0,0.4166666666666666,1,28,6.0,7.0,20.0,0.0,,48.0,48.0,1.0,95.0,0.0,,1.0,97.0,,,,,,1,117,90.0,96.0,1.0,96.0,0.0,,0.0,,0.0,,,,0.0,,,,,0.0,,,,,,,,,,,,,,,0.0,,,,,,,,,,,,,,,,,,,,,,,,,,,,,1.0,48.0,0.0,,0.0,,,,,,,,,,,,,,,,,,,0.0,,0.0,,0.0,,,0.0,,,,,,,,,,,0.0,,,,,,,,,,,,,,,,,,,,,,,,,,,,,,,,,,,,,,,,,,,,,,,,,,,,,,,,,,,,,,,,,,,,,,,,,,,,,,,,,,,,,,,,,,,,,,,,,,,,,,,,,,,,,,,,,,,,,,,,,,,,,,,,,,,,,,,,,,,,,48.0,,69.0,49.0,47.0,,-41.0,-20.0,-48.0,,,,,,,,,,,,,,,,,,,,,,,,,,,,,,,,,,,,,,,,,,,,,,,,,,,,,,,,,,,,,,,,,,,,,,,21.0,1.0,-1.0,,-89.0,-68.0,-96.0,,,,,,,,-20.0,-22.0,,-110.0,-89,-117,-2.0,,-90.0,-69.0,-97.0,,-88.0,-67.0,-95.0,,,,21.0,-7.0,-28
39370,1,12,2012-11-02 01:00:00+00:00,2940,153,0,Gesetzentwurf,"['Hochschulwesen', 'Religionsgemeinschaften']","['Christentum', 'Fachbereich (Hochschule)', 'Geistlicher', 'Hochschule', 'Hochschulgesetz', 'Hochschullehrer', 'Judentum', 'Kirche', 'Kirche', 'Parlamentarischer Beratungsdienst', 'Religion', 'Religionsgemeinschaft', 'Staatskirchenrecht', 'Staatsvertrag', 'Studienfach', 'Theologie', 'Universität Potsdam']",[-0.00912809  0.02043242  0.00432224 ... -0.00232736  0.00076697   0.00674028],"[(np.int64(29), np.float64(0.47853548418520936)), (np.int64(28), np.float64(0.46980054869170806)), (np.int64(19), np.float64(0.45382557754718755))]",29,0.47853548418520936,0.5,0.5,0.5,1,13,4.0,33.0,75.0,0.0,,110.0,131.0,1.0,136.0,0.0,,1.0,138.0,,,,,,1,153,,,1.0,137.0,0.0,,0.0,,0.0,,,,0.0,,,,,0.0,,,,,,,,,,,,,,,0.0,,,,,,,,,,,,,,,,,,,,,,,,,,,,,1.0,75.0,0.0,,0.0,,,,,,,,,,,,,,,,,,,1.0,138.0,0.0,,0.0,,,0.0,,,,,,,,,,,0.0,,,,,,,,,,,,,,,,,,,,,,,,,,,,,,,,,,,,,,,,,,,,,,,,,,,,,,,,,,,,,,,,,,,,,,,,,,,,,,,,,,,,,,-63.0,,,,,,,-1.0,,15.0,0.0,-2.0,,-105.0,-125.0,-138.0,,,,,,,,,,,,,,,,,,,,,,,,,,,,,,,,,,,,,,,,62.0,,78.0,63.0,61.0,,-42.0,-62.0,-75.0,,,,,,,,,,,,,,,,,,,,,,,,,,,,,,,,,,,,,,,,,,,,,,,,,,,,,,,,,,,,,,,,,,,,,,,16.0,1.0,-1.0,,-104.0,-124.0,-137.0,,,,,,,,-15.0,-17.0,,-120.0,-140,-153,-2.0,,-105.0,-125.0,-138.0,,-103.0,-123.0,-136.0,,,,-20.0,-33.0,-13
39523,1,7,2012-11-19 01:00:00+00:00,2957,114,0,Gesetzentwurf,Kommunale Angelegenheiten,"['Gemeinde', 'Kommunalverfassung', 'Kreis', 'Marketing', 'Mehrsprachigkeit', 'Regionale Identität', 'Sorben', 'Straßenverkehrs-Ordnung', 'Tourismus']",[-0.00199009  0.0062673   0.00365345 ...  0.02744542  0.00040841  -0.00567324],"[(np.int64(29), np.float64(0.4296665952442925)), (np.int64(12), np.float64(0.42544270197740286)), (np.int64(19), np.float64(0.4205097992842413))]",29,0.4296665952442925,0.5,0.5,0.5,1,24,2.0,52.0,87.0,0.0,,,,1.0,92.0,0.0,,1.0,100.0,,,,,,1,114,,,0.0,,0.0,,0.0,,0.0,,,,0.0,,,,,0.0,,,,,,,,,,,,,,,0.0,,,,,,,,,,,,,,,,,,,,,,,,,,,,,0.0,,0.0,,0.0,,,,,,,,,,,,,,,,,,,0.0,,0.0,,0.0,,,0.0,,,,,,,,,,,0.0,,,,,,,,,,,,,,,,,,,,,,,,,,,,,,,,,,,,,,,,,,,,,,,,,,,,,,,,,,,,,,,,,,,,,,,,,,,,,,,,,,,,,,,,,,,,,,,,,,,,,,,,,,,,,,,,,,,,,,,,,,,,,,,,,,,,,,,,,,,,,,,,,,,,,,,,,,,,,,,,,,,,,,,,,,,,,,,,,,,,,,,,,,,,,,,,,,,,,,,,,,,,,,,,,,,,,,,,,,,,,,,,,,,,,,,,,,-14.0,-22.0,,-62.0,-90,-114,-8.0,,-48.0,-76.0,-100.0,,-40.0,-68.0,-92.0,,,,-28.0,-52.0,-24
39564,1,13,2012-11-28 01:00:00+00:00,2966,323,0,Gesetzentwurf,"['Informations- und Kommunikationstechnologien', 'Ordnungsrecht', 'Öffentliche Verwaltung']","['Akteneinsicht', 'Akteneinsichts- und Informationszugangsgesetz', 'Auskunfterteilung', 'Datenschutz', 'E-Government', 'Geschäftsgeheimnis', 'Öffentliche Verwaltung', 'Open Data', 'Open Government', 'Personalausweisgesetz', 'Personenbezogene Daten', 'Umweltinformationsgesetz', 'Vervielfältigung', 'Website']",[ 0.00274364  0.01793693 -0.00955849 ...  0.02230315 -0.00339268   0.02501729],"[(np.int64(12), np.float64(0.36369715719004303)), (np.int64(29), np.float64(0.35359263033997246)), (np.int64(19), np.float64(0.3530145051991566))]",12,0.36369715719004303,1.0,0.5,0.4166666666666666,1,15,3.0,43.0,99.0,0.0,,288.0,,1.0,295.0,1.0,300.0,1.0,301.0,,,,,,1,323,,,2.0,300.0,1.0,301.0,0.0,,0.0,,,,0.0,,,,,0.0,,,,,,,,,,,,,,,0.0,,,,,,,,,,,,,,,,,,,,,,,,,,,,,1.0,99.0,0.0,,0.0,,,,,,,,,,,,,,,,,,,0.0,,0.0,,0.0,,300.0,0.0,,,,,,,,,,,0.0,,,,,,,,,,,,,,,,,,,,,,,,,,,,,,,,,,,,,,,,,,,,,,,,,,,,,,,,,,,,,,,,,,,,,,,,,,,,,,,,,,,,,,,,,,,,,,,,,,,,,,,,,,,,,,,,,,,,,,,,,,,,,,,,,,,,,,,202.0,,,,,,201.0,201.0,224.0,202.0,196.0,,-56.0,-84.0,-99.0,,,,,,-1.0,-1.0,22.0,0.0,-6.0,,-258.0,-286.0,-301.0,,,,,,,,,,,,,,,,,,,,,,,,,,,,,,,,,,,,,,,,,,,,,,,,,,,,,,,,0.0,23.0,1.0,-5.0,,-257.0,-285.0,-300.0,23.0,1.0,-5.0,,-257.0,-285.0,-300.0,-22.0,-28.0,,-280.0,-308,-323,-6.0,,-258.0,-286.0,-301.0,,-252.0,-280.0,-295.0,,,,-28.0,-43.0,-15
39568,1,14,2012-11-30 01:00:00+00:00,2968,145,0,Gesetzentwurf,Justizvollzug,"['Datenschutz', 'Freiheitsstrafe', 'Geschlossener Vollzug', 'Grundrechtsbeschränkung', 'Haftbedingungen', 'Jugendstrafvollzug', 'Justizvollzugsanstalt', 'Justizvollzugsgesetz', 'Offener Vollzug', 'Personalbedarf', 'Sicherungsverwahrung', 'Strafgefangener', 'Untersuchungshaft', 'Vergütung']",[0.00213905 0.03161046 0.01651825 ... 0.01455745 0.00867505 0.02923374],"[(np.int64(29), np.float64(0.49976924871623996)), (np.int64(22), np.float64(0.4859326865643806)), (np.int64(19), np.float64(0.4737970954084719))]",29,0.49976924871623996,0.5,0.5,0.5,1,14,4.0,48.0,83.0,0.0,,104.0,139.0,2.0,143.0,2.0,144.0,1.0,145.0,144.0,,,,,1,145,,,1.0,144.0,0.0,,0.0,,0.0,,143.0,,0.0,,,,,0.0,,,,,,,,,,,,,,,0.0,,,,,,,,,,,,,,,,,,,,,,,,,,,,,1.0,83.0,0.0,,0.0,,,,,,,,,,,,,,,,,,,0.0,,0.0,,0.0,,,0.0,,,,,,,,,,,0.0,,,,,,,,,,,,,,,,,,,,,,,,,,,,,,,,,,,,,,,,,,,,,,,,,,,,,,,,,,,,,,,,,,,,,,,,,,,,,,,,,,,,,,,,,,,,,,,,,,,,,,,,,,,,,,,,,,,,,,,,,,,,,,,,,,,,,,,,,,,,,61.0,61.0,62.0,62.0,60.0,,-35.0,-69.0,-83.0,,,,,,,,,,,,,,,,,,,,,,,,,,,,,,,,,,,,,,,,,,,,,,,,,,,,,,,,,,,,,,,,,,,,,,0.0,1.0,1.0,-1.0,,-96.0,-130.0,-144.0,1.0,1.0,-1.0,,-96.0,-130.0,-144.0,0.0,-2.0,,-97.0,-131,-145,-2.0,,-97.0,-131.0,-145.0,,-95.0,-129.0,-143.0,,,,-34.0,-48.0,-14
39720,1,11,2012-12-18 01:00:00+00:00,2986,149,0,Gesetzentwurf,Justizvollzug,"['Arbeit', 'Datenschutz', 'Freiheitsentziehung', 'Geschlossener Vollzug', 'Gesundheitshilfe', 'Grundrechtsbeschränkung', 'Justizverwaltung', 'Maßregelvollzug', 'Offener Vollzug', 'Resozialisierung', 'Sicherungsverwahrungsvollzugsgesetz', 'Straftäter', 'Therapie']",[-0.0023738   0.04296574  0.01210637 ...  0.01863431  0.00394644   0.04344049],"[(np.int64(29), np.float64(0.5223961170338924)), (np.int64(19), np.float64(0.49055666310828205)), (np.int64(22), np.float64(0.47056482047714443))]",29,0.5223961170338924,0.5,0.5,0.5,1,36,4.0,30.0,65.0,0.0,,86.0,121.0,1.0,125.0,1.0,126.0,1.0,128.0,,,,,,1,149,,,0.0,,0.0,,0.0,,0.0,,,,0.0,,,,,0.0,,,,,,,,,,,,,,,0.0,,,,,,,,,,,,,,,,,,,,,,,,,,,,,1.0,65.0,0.0,,0.0,,,,,,,,,,,,,,,,,,,0.0,,0.0,,0.0,,,0.0,,,,,,,,,,,0.0,,,,,,,,,,,,,,,,,,,,,,,,,,,,,,,,,,,,,,,,,,,,,,,,,,,,,,,,,,,,,,,,,,,,,,,,,,,,,,,,,,,,,,,,,,,,,,,,,,,,,,,,,,,,,,,,,,,,,,,,,,,,,,,,,,,,,,,,,,,,,,61.0,84.0,63.0,60.0,,-35.0,-29.0,-65.0,,,,,,,,,,,,,,,,,,,,,,,,,,,,,,,,,,,,,,,,,,,,,,,,,,,,,,,,,,,,,,,,,,,,,,,,,,,,,,23.0,2.0,-1.0,,-96.0,-90.0,-126.0,-21.0,-24.0,,-119.0,-113,-149,-3.0,,-98.0,-92.0,-128.0,,-95.0,-89.0,-125.0,,,,6.0,-30.0,-36
39834,1,9,2013-01-10 01:00:00+00:00,3009,210,0,Gesetzentwurf,Öffentlicher Haushalt,"['Berlin', 'Brandenburg', 'Deutsche Demokratische Republik', 'Deutschland', 'Einigungsvertrag', 'Finanzvermögen-Staatsvertrag', 'Mecklenburg-Vorpommern', 'Ostdeutsche Länder', 'Sachsen', 'Sachsen-Anhalt', 'Staatsvertrag', 'Thüringen']",[0.00863338 0.02495402 0.00223226 ... 0.00827859 0.01821289 0.02590015],"[(np.int64(19), np.float64(0.4754115885068988)), (np.int64(23), np.float64(0.4699335960441984)), (np.int64(29), np.float64(0.42515389904876766))]",19,0.4754115885068988,0.0,1.0,0.5,1,14,3.0,35.0,41.0,0.0,,62.0,,1.0,63.0,0.0,,1.0,69.0,,,,,,1,84,,,0.0,,0.0,,0.0,,1.0,210.0,,,0.0,,,,,0.0,,,,,,,,,,,,,,,0.0,,,,,,,,,,,,,,,,,,,,,,,,,,,,,0.0,,0.0,,0.0,,,,,,,,,,,,,,,,,,,0.0,,0.0,,0.0,,,0.0,,,,,,,,,,,0.0,,,,,,,,,,,,,,,,,,,,,,,,,,,,,,,,,,,,,,,,,,,,,,,,,,,,,,,,,,,,,,,,,,,,,,,,,,,,,,,,,,,,,,,,,,,,,,,,,,,,,,,,,,,,,,,,,,,,,,,,,,,,,,,,,,,,,,,,,,,,,,,,,,,,,,,,,,,,,,,,,,,,,,,,,,,,,,,,,,,,,,,,,,,,,,,,,,,,,,,,,,,-126.0,-141.0,-147.0,,-175.0,-196.0,-210.0,,,,,,,,,,,,,,,,,,,,,,,,,-15.0,-21.0,,-49.0,-70,-84,-6.0,,-34.0,-55.0,-69.0,,-28.0,-49.0,-63.0,,,,-21.0,-35.0,-14
39825,1,8,2013-01-10 01:00:00+00:00,3009,84,0,Gesetzentwurf,"['Staatsaufbau', 'Wirtschaft']","['Gebühr', 'Gesetz zur Reform der Sachaufklärung in der Zwangsvollstreckung', 'Grenzüberschreitende Zusammenarbeit', 'Schuldnerverzeichnis', 'Schuldnerverzeichnisführungsverordnung', 'Staatsvertrag', 'Vermögensverzeichnis', 'Vermögensverzeichnisverordnung', 'Verordnung', 'Website', 'Zivilprozessordnung', 'Zwangsvollstreckung']",[ 0.02479628 -0.00358201  0.00188604 ...  0.00970798 -0.00282175   0.01988381],"[(np.int64(12), np.float64(0.3928198625725948)), (np.int64(13), np.float64(0.39118687446942724)), (np.int64(23), np.float64(0.3828364719033634))]",12,0.3928198625725948,1.0,0.5,0.4166666666666666,1,13,3.0,41.0,42.0,0.0,,62.0,,1.0,63.0,0.0,,1.0,69.0,,,,,,1,84,,,0.0,,0.0,,0.0,,0.0,,,,0.0,,,,,0.0,,,,,,,,,,,,,,,0.0,,,,,,,,,,,,,,,,,,,,,,,,,,,,,0.0,,0.0,,0.0,,,,,,,,,,,,,,,,,,,0.0,,0.0,,0.0,,,0.0,,,,,,,,,,,0.0,,,,,,,,,,,,,,,,,,,,,,,,,,,,,,,,,,,,,,,,,,,,,,,,,,,,,,,,,,,,,,,,,,,,,,,,,,,,,,,,,,,,,,,,,,,,,,,,,,,,,,,,,,,,,,,,,,,,,,,,,,,,,,,,,,,,,,,,,,,,,,,,,,,,,,,,,,,,,,,,,,,,,,,,,,,,,,,,,,,,,,,,,,,,,,,,,,,,,,,,,,,,,,,,,,,,,,,,,,,,,,,,,,,,,,,,,,-15.0,-21.0,,-43.0,-71,-84,-6.0,,-28.0,-56.0,-69.0,,-22.0,-50.0,-63.0,,,,-28.0,-41.0,-13
39835,1,6,2013-01-11 01:00:00+00:00,3010,61,0,Gesetzentwurf,Justizverwaltung,"['Gebühr', 'Justizkostengesetz', 'Justizverwaltung', 'Verordnung über Auslagenpauschsätze nach dem Gesetz über Kosten der Gerichtsvollzieher', 'Verordnung', 'Zwangsvollstreckung']",[0.00869639 0.01405717 0.0300204  ... 0.01560584 0.00482471 0.02513613],"[(np.int64(29), np.float64(0.4710711836533932)), (np.int64(19), np.float64(0.4371171118169099)), (np.int64(23), np.float64(0.42174716798739026))]",29,0.4710711836533932,0.5,0.5,0.5,1,13,1.0,41.0,,0.0,,,,1.0,42.0,0.0,,1.0,47.0,,,,,,1,61,,,0.0,,0.0,,0.0,,0.0,,,,0.0,,,,,0.0,,,,,,,,,,,,,,,0.0,,,,,,,,,,,,,,,,,,,,,,,,,,,,,0.0,,0.0,,0.0,,,,,,,,,,,,,,,,,,,0.0,,0.0,,0.0,,,0.0,,,,,,,,,,,0.0,,,,,,,,,,,,,,,,,,,,,,,,,,,,,,,,,,,,,,,,,,,,,,,,,,,,,,,,,,,,,,,,,,,,,,,,,,,,,,,,,,,,,,,,,,,,,,,,,,,,,,,,,,,,,,,,,,,,,,,,,,,,,,,,,,,,,,,,,,,,,,,,,,,,,,,,,,,,,,,,,,,,,,,,,,,,,,,,,,,,,,,,,,,,,,,,,,,,,,,,,,,,,,,,,,,,,,,,,,,,,,,,,,,,,,,,,,-14.0,-19.0,,-20.0,-48,-61,-5.0,,-6.0,-34.0,-47.0,,-1.0,-29.0,-42.0,,,,-28.0,-41.0,-13
39851,1,4,2013-01-14 01:00:00+00:00,3013,29,0,Gesetzentwurf,Abgeordnete,"['Abgeordnetenentschädigung', 'Abgeordnetengesetz', 'Einkommensentwicklung', 'Kostenpauschale für Abgeordnete', 'Preisindex', 'Verbraucherpreis']",[-0.00545125  0.00242936  0.01475392 ...  0.00622153 -0.0175388   0.00432545],"[(np.int64(13), np.float64(0.32974411524780467)), (np.int64(29), np.float64(0.30277070974747733)), (np.int64(17), np.float64(0.3016535027207564))]",13,0.32974411524780467,1.0,1.0,0.3333333333333333,1,9,0.0,,,0.0,,,,0.0,,0.0,,1.0,10.0,,,,,,1,29,,,0.0,,0.0,,0.0,,0.0,,,,0.0,,,,,0.0,,,,,,,,,,,,,,,0.0,,,,,,,,,,,,,,,,,,,,,,,,,,,,,0.0,,0.0,,0.0,,,,,,,,,,,,,,,,,,,0.0,,0.0,,0.0,,,0.0,,,,,,,,,,,0.0,,,,,,,,,,,,,,,,,,,,,,,,,,,,,,,,,,,,,,,,,,,,,,,,,,,,,,,,,,,,,,,,,,,,,,,,,,,,,,,,,,,,,,,,,,,,,,,,,,,,,,,,,,,,,,,,,,,,,,,,,,,,,,,,,,,,,,,,,,,,,,,,,,,,,,,,,,,,,,,,,,,,,,,,,,,,,,,,,,,,,,,,,,,,,,,,,,,,,,,,,,,,,,,,,,,,,,,,,,,,,,,,,,,,,,,,,,-19.0,,,,-20,-29,,,,-1.0,-10.0,,,,,,,,,,-9
40028,1,12,2013-02-19 01:00:00+00:00,3049,358,0,Gesetzentwurf,Abgeordnete,"['Abgeordnetenentschädigung', 'Abgeordnetengesetz', 'Abgeordneter', 'Alterssicherung', 'Aufwandsentschädigung', 'Ausschussberatung', 'Berufliche Qualifikation', 'Berufsständische Versorgung', 'Fahrkosten', 'Fraktionsgesetz', 'Gesundheitsschaden', 'Kostenpauschale für Abgeordnete', 'Krankenversicherungsbeitrag', 'Ministerium für Staatssicherheit der DDR', 'Nordrhein-Westfalen', 'Pflegeversicherung', 'Plenarsitzung', 'Stasi-Überprüfung', 'Steuer', 'Übergangsgeld', 'Verfassungsgerichtsgesetz', 'Versorgungswerk der Mitglieder des Landtags Nordrhein-Westfalen und des Landtags Brandenburg', 'Versorgungswerkgesetz Brandenburg', 'Wahlkreisbüro']",[ 0.00501453  0.01327375 -0.00320045 ...  0.02029409  0.00973408   0.01852426],"[(np.int64(29), np.float64(0.45998055355205714)), (np.int64(19), np.float64(0.4182873651231013)), (np.int64(21), np.float64(0.402599001731599))]",29,0.45998055355205714,0.5,0.5,0.5,1,8,4.0,22.0,57.0,0.0,,99.0,105.0,1.0,105.0,0.0,,1.0,107.0,,,,,,1,121,,,0.0,,0.0,,0.0,,1.0,358.0,,,0.0,,,,,1.0,329.0,,,,,,,,,,,,,,0.0,,,,,,,,,,,,,,,,,,,,,,,,,,,,,1.0,57.0,0.0,,0.0,,,,,,,,,,,,,,,,,,,0.0,,0.0,,0.0,,,0.0,,,,,,,,,,,0.0,,,,,,,,,,,,,,,,,,,,,,,,,,,,,,,,,,,,,,,,,,,,,,,,,,,,,,,,,,,,,,,,,,,,,,,,,,,,,,,,,,,,,,,,,,,,,,,,,,,,,,,,,,,,,,,,,,,,,,,,,,,,,,,,,,,,,,,,,,,301.0,272.0,,,64.0,50.0,48.0,,-35.0,-49.0,-57.0,,,,,,,,,,,,,,,,,,,,,,,,,,,,,,,,,,,,,,,,,,,,,,,,,,,-29.0,,,-237.0,-251.0,-253.0,,-336.0,-350.0,-358.0,,,-208.0,-222.0,-224.0,,-307.0,-321.0,-329.0,,,,,,,,,,,,,,,,-14.0,-16.0,,-99.0,-113,-121,-2.0,,-85.0,-99.0,-107.0,,-83.0,-97.0,-105.0,,,,-14.0,-22.0,-8
40169,1,7,2013-03-07 01:00:00+00:00,3065,187,0,Gesetzentwurf,"['Ausländer/Migranten', 'Kommunale Angelegenheiten']","['Aufsichtsbehörde', 'Ausländer', 'Deutscher Staatsangehöriger', 'Einbürgerung', 'Funktionalreform', 'Gesetz über die Zuständigkeit in Staatsangehörigkeitsangelegenheiten', 'Kreis', 'Kreisfreie Stadt', 'Verordnung über die Zuständigkeit in Staatsangehörigkeitssachen', 'Verordnung zur Ausführung des Reichs- und Staatsangehörigkeitsgesetzes', 'Verordnung', 'Verwaltungsmodernisierung']",[ 0.04892985  0.01607357 -0.0128234  ...  0.00344223 -0.00390021   0.01820096],"[(np.int64(16), np.float64(0.4345114126256727)), (np.int64(30), np.float64(0.38797829046003407)), (np.int64(19), np.float64(0.3719042335676792))]",16,0.4345114126256727,0.0,1.0,0.5,1,14,2.0,35.0,161.0,0.0,,,,1.0,165.0,0.0,,1.0,174.0,,,,,,1,187,,,0.0,,0.0,,0.0,,0.0,,,,0.0,,,,,0.0,,,,,,,,,,,,,,,0.0,,,,,,,,,,,,,,,,,,,,,,,,,,,,,0.0,,0.0,,0.0,,,,,,,,,,,,,,,,,,,0.0,,0.0,,0.0,,,0.0,,,,,,,,,,,0.0,,,,,,,,,,,,,,,,,,,,,,,,,,,,,,,,,,,,,,,,,,,,,,,,,,,,,,,,,,,,,,,,,,,,,,,,,,,,,,,,,,,,,,,,,,,,,,,,,,,,,,,,,,,,,,,,,,,,,,,,,,,,,,,,,,,,,,,,,,,,,,,,,,,,,,,,,,,,,,,,,,,,,,,,,,,,,,,,,,,,,,,,,,,,,,,,,,,,,,,,,,,,,,,,,,,,,,,,,,,,,,,,,,,,,,,,,,-13.0,-22.0,,-152.0,-173,-187,-9.0,,-139.0,-160.0,-174.0,,-130.0,-151.0,-165.0,,,,-21.0,-35.0,-14
40194,1,6,2013-03-12 01:00:00+00:00,3070,65,0,Gesetzentwurf,Wahlen,"['Bevölkerungsentwicklung', 'Einwohnerzahl', 'Landeswahlgesetz', 'Landtagswahl']",[ 0.00667927  0.01935503 -0.01080557 ...  0.00706518  0.00344353   0.01128054],"[(np.int64(29), np.float64(0.4331969836588436)), (np.int64(19), np.float64(0.4053709801006023)), (np.int64(4), np.float64(0.3852025707070137))]",29,0.4331969836588436,0.5,0.5,0.5,1,8,1.0,36.0,,0.0,,,,1.0,42.0,0.0,,1.0,44.0,,,,,,1,65,,,0.0,,0.0,,0.0,,0.0,,,,0.0,,,,,0.0,,,,,,,,,,,,,,,0.0,,,,,,,,,,,,,,,,,,,,,,,,,,,,,0.0,,0.0,,0.0,,,,,,,,,,,,,,,,,,,0.0,,0.0,,0.0,,,0.0,,,,,,,,,,,0.0,,,,,,,,,,,,,,,,,,,,,,,,,,,,,,,,,,,,,,,,,,,,,,,,,,,,,,,,,,,,,,,,,,,,,,,,,,,,,,,,,,,,,,,,,,,,,,,,,,,,,,,,,,,,,,,,,,,,,,,,,,,,,,,,,,,,,,,,,,,,,,,,,,,,,,,,,,,,,,,,,,,,,,,,,,,,,,,,,,,,,,,,,,,,,,,,,,,,,,,,,,,,,,,,,,,,,,,,,,,,,,,,,,,,,,,,,,-21.0,-23.0,,-29.0,-57,-65,-2.0,,-8.0,-36.0,-44.0,,-6.0,-34.0,-42.0,,,,-28.0,-36.0,-8
40381,1,9,2013-04-03 02:00:00+00:00,3093,197,0,Gesetzentwurf,Gesundheit,"['Arzt', 'Gemeinsames Landesgremium nach § 90a SGB V', 'Kassenärztliche Vereinigung', 'Kommunaler Spitzenverband', 'Krankenhaus', 'Krankenkasse', 'Ländlicher Raum', 'SGB V gemeinsames Landesgremiumsgesetz', 'Sozialgesetzbuch V']",[ 0.01063327 -0.00528693  0.00066087 ...  0.03801841  0.00445528  -0.00227219],"[(np.int64(16), np.float64(0.400907415832521)), (np.int64(29), np.float64(0.3815960771244845)), (np.int64(12), np.float64(0.36940623283352575))]",16,0.400907415832521,0.0,1.0,0.5,1,21,3.0,49.0,133.0,0.0,,161.0,,1.0,167.0,0.0,,1.0,175.0,,,,,,1,197,,,0.0,,0.0,,0.0,,0.0,,,,0.0,,,,,0.0,,,,,,,,,,,,,,,0.0,,,,,,,,,,,,,,,,,,,,,,,,,,,,,1.0,133.0,0.0,,0.0,,,,,,,,,,,,,,,,,,,0.0,,0.0,,0.0,,,0.0,,,,,,,,,,,0.0,,,,,,,,,,,,,,,,,,,,,,,,,,,,,,,,,,,,,,,,,,,,,,,,,,,,,,,,,,,,,,,,,,,,,,,,,,,,,,,,,,,,,,,,,,,,,,,,,,,,,,,,,,,,,,,,,,,,,,,,,,,,,,,,,,,,,,,,,,,,,,,64.0,42.0,34.0,,-84.0,-112.0,-133.0,,,,,,,,,,,,,,,,,,,,,,,,,,,,,,,,,,,,,,,,,,,,,,,,,,,,,,,,,,,,,,,,,,,,,,,,,,,,,,,,,,,,,-22.0,-30.0,,-148.0,-176,-197,-8.0,,-126.0,-154.0,-175.0,,-118.0,-146.0,-167.0,,,,-28.0,-49.0,-21
40601,1,17,2013-05-21 02:00:00+00:00,3141,201,0,Gesetzentwurf,"['Staatsaufbau', 'Ideologien']","['Bürgerschaftliches Engagement', 'Fremdenfeindlichkeit', 'Minderheitenrecht', 'Parlamentarische Anhörung', 'Rassismus', 'Rechtsextremismus', 'Sinti und Roma', 'Sorben', 'Sorbisch', 'Verfassungsgrundsatz', 'Verfassungsreform', 'Zivilgesellschaft']",[-3.54854201e-05  2.99662855e-02  1.25351094e-03 ...  2.14719046e-02   1.55730303e-02  1.30365137e-02],"[(np.int64(9), np.float64(0.5356916997402736)), (np.int64(19), np.float64(0.49620996273955903)), (np.int64(29), np.float64(0.4716887192661765))]",9,0.5356916997402736,1.0,1.0,1.0,1,15,8.0,86.0,92.0,0.0,,99.0,120.0,1.0,180.0,0.0,,1.0,182.0,,,,,,1,201,156.0,169.0,1.0,14.0,0.0,,0.0,,0.0,,,,1.0,184.0,174.0,175.0,,0.0,,,,,,,,,,,,,,,0.0,,,,,,,,,,,,,,,,,,,,,,,,,,,,,1.0,120.0,0.0,,0.0,,,,,,,,,,,,,,,,,,,1.0,182.0,0.0,,0.0,,,0.0,,,,,,,,,,,0.0,,,,,,,,,,,,,,,,,,,,,,,,,,,,,,,,,,,,,,,,,,,,,,,,,,,,,,,,,,,,,,,,,,,,,,,,,,,,,,,,,,,,,,-62.0,,,2.0,,,,-168.0,,19.0,0.0,-2.0,,-96.0,-167.0,-182.0,,,,,,,,,,,,,,,,,,,,,,,,,,,,,,,,,,,,64.0,,,,-106.0,,81.0,62.0,60.0,,-34.0,-105.0,-120.0,,,,,,,,,,,,,,,,,,,,,,,,,,,,,,,-170.0,,17.0,-2.0,-4.0,,-98.0,-169.0,-184.0,,,,,,,,,,,,,,,,,,,,,,,,,,,,,,,,187.0,168.0,166.0,,72.0,1.0,-14.0,,,,,,,,-19.0,-21.0,,-115.0,-186,-201,-2.0,,-96.0,-167.0,-182.0,,-94.0,-165.0,-180.0,,,,-71.0,-86.0,-15
40615,1,10,2013-05-24 02:00:00+00:00,3144,146,0,Gesetzentwurf,Öffentlicher Haushalt,"['Bevölkerungsentwicklung', 'Demografie', 'Gemeinde', 'Gemeindefinanzen', 'Kinder- und Jugendhilfe', 'Kommunaler Finanzausgleich', 'Kommunaler Haushalt', 'Landesmittel', 'Sozialleistung']",[0.00761053 0.03591219 0.0090375  ... 0.00826456 0.01581563 0.01736152],"[(np.int64(29), np.float64(0.45840502421819856)), (np.int64(34), np.float64(0.44936116457136965)), (np.int64(23), np.float64(0.4189741951316428))]",29,0.45840502421819856,0.5,0.5,0.5,1,12,4.0,83.0,83.0,0.0,,96.0,111.0,1.0,116.0,0.0,,1.0,124.0,,,,,,1,146,,,0.0,,0.0,,0.0,,0.0,,,,0.0,,,,,0.0,,,,,,,,,,,,,,,0.0,,,,,,,,,,,,,,,,,,,,,,,,,,,,,1.0,83.0,0.0,,0.0,,,,,,,,,,,,,,,,,,,0.0,,0.0,,0.0,,,0.0,,,,,,,,,,,0.0,,,,,,,,,,,,,,,,,,,,,,,,,,,,,,,,,,,,,,,,,,,,,,,,,,,,,,,,,,,,,,,,,,,,,,,,,,,,,,,,,,,,,,,,,,,,,,,,,,,,,,,,,,,,,,,,,,,,,,,,,,,,,,,,,,,,,,,,,,,,,,,63.0,41.0,33.0,,0.0,-71.0,-83.0,,,,,,,,,,,,,,,,,,,,,,,,,,,,,,,,,,,,,,,,,,,,,,,,,,,,,,,,,,,,,,,,,,,,,,,,,,,,,,,,,,,,,-22.0,-30.0,,-63.0,-134,-146,-8.0,,-41.0,-112.0,-124.0,,-33.0,-104.0,-116.0,,,,-71.0,-83.0,-12
40920,1,10,2013-07-16 02:00:00+00:00,3197,142,0,Gesetzentwurf,Abgaben,"['Anschlussbeitrag', 'Beitrag', 'Bundesverfassungsgericht', 'Anliegerbeitrag', 'Gebühr', 'Gerichtsentscheidung', 'Kommunalabgabengesetz', 'Kommunaler Haushalt', 'Landesmittel', 'Verjährung', 'Zweckverband']",[ 0.00960205  0.02075475 -0.00042494 ...  0.03554549  0.00304164   0.01729562],"[(np.int64(21), np.float64(0.4498083691761963)), (np.int64(29), np.float64(0.43704413554223415)), (np.int64(23), np.float64(0.4363066281395899))]",21,0.4498083691761963,0.5,1.0,0.4166666666666666,1,43,3.0,58.0,100.0,0.0,,113.0,,1.0,124.0,1.0,125.0,1.0,126.0,,,,,,1,142,,,0.0,,0.0,,0.0,,0.0,,,,0.0,,,,,0.0,,,,,,,,,,,,,,,0.0,,,,,,,,,,,,,,,,,,,,,,,,,,,,,1.0,100.0,0.0,,0.0,,,,,,,,,,,,,,,,,,,0.0,,0.0,,0.0,,,0.0,,,,,,,,,,,0.0,,,,,,,,,,,,,,,,,,,,,,,,,,,,,,,,,,,,,,,,,,,,,,,,,,,,,,,,,,,,,,,,,,,,,,,,,,,,,,,,,,,,,,,,,,,,,,,,,,,,,,,,,,,,,,,,,,,,,,,,,,,,,,,,,,,,,,,,,,,,,,25.0,42.0,26.0,24.0,,-42.0,-57.0,-100.0,,,,,,,,,,,,,,,,,,,,,,,,,,,,,,,,,,,,,,,,,,,,,,,,,,,,,,,,,,,,,,,,,,,,,,,,,,,,,,17.0,1.0,-1.0,,-67.0,-82.0,-125.0,-16.0,-18.0,,-84.0,-99,-142,-2.0,,-68.0,-83.0,-126.0,,-66.0,-81.0,-124.0,,,,-15.0,-58.0,-43
41001,1,12,2013-07-29 02:00:00+00:00,3210,128,0,Gesetzentwurf,Öffentlicher Dienst,"['Altersgeld für Beamte', 'Altersgrenze', 'Amtsbezeichnung', 'Beamtenanwärter', 'Beamtenversorgungsgesetz für das Land Brandenburg', 'Beamter auf Zeit', 'Beamter', 'Besoldungsgesetz', 'Feuerwehr', 'Hochschulgesetz', 'Juristenausbildungsgesetz', 'Kommunaler Wahlbeamter', 'Kommunalwahlgesetz', 'Landesbeamtengesetz', 'Landesrechnungshofgesetz', 'Laufbahnrecht', 'Öffentliches Dienstrecht', 'Pensionsalter', 'Polizeibeamter', 'Richtergesetz', 'Versetzung in den Ruhestand', 'Verwaltungsakt', 'Vorbereitungsdienst']",[-0.00539819  0.02348066  0.00318582 ...  0.01710902 -0.00035582   0.0279644 ],"[(np.int64(29), np.float64(0.4178232131904677)), (np.int64(9), np.float64(0.40446623072649524)), (np.int64(19), np.float64(0.39914577588533046))]",29,0.4178232131904677,0.5,0.5,0.5,1,30,5.0,45.0,52.0,0.0,,87.0,92.0,1.0,112.0,1.0,105.0,1.0,115.0,,,,,,1,128,100.0,,0.0,,0.0,,0.0,,0.0,,,,0.0,,,,,0.0,,,,,,,,,,,,,,,0.0,,,,,,,,,,,,,,,,,,,,,,,,,,,,,1.0,87.0,0.0,,0.0,,,,,,,,,,,,,,,,,,,0.0,,0.0,,0.0,,,0.0,,,,,,,,,,,0.0,,,,,,,,,,,,,,,,,,,,,,,,,,,,,,,,,,,,,,,,,,,,,,,,,,,,,,,,,,,,,,,,,,,,,,,,,,,,,,,,,,,,,,,,,,,,,,,,,,,,,,,,,,,,,,,,,,,,,,,,,,,,,,,,,,,,,,,,,,,,,,18.0,41.0,28.0,25.0,,-42.0,-57.0,-87.0,,,,,,,,,,,,,,,,,,,,,,,,,,,,,,,,,,,,,,,,,,,,,,,,,,,,,,,,,,,,,,,,,,,,,,,,,,,,,,23.0,10.0,7.0,,-60.0,-75.0,-105.0,-13.0,-16.0,,-83.0,-98,-128,-3.0,,-70.0,-85.0,-115.0,,-67.0,-82.0,-112.0,,,,-15.0,-45.0,-30
41000,1,15,2013-07-29 02:00:00+00:00,3210,169,0,Gesetzentwurf,Öffentlicher Dienst,"['Altersgeld für Beamte', 'Amtsbezeichnung', 'Beamtenrecht', 'Beamtenversorgung', 'Beamtenversorgungsergänzungsgesetz', 'Beamtenversorgungsgesetz für das Land Brandenburg', 'Beamter', 'Besoldung', 'Besoldungs- und Versorgungsanpassungsgesetz', 'Besoldungsgesetz', 'Hochschulgesetz', 'Juristenausbildungsgesetz', 'Landesbeamtengesetz', 'Landesdisziplinargesetz', 'Landeshaushalt', 'Lehrer', 'Ministergesetz', 'Öffentliches Dienstrecht', 'Richter', 'Versorgungsrücklagengesetz', 'Zweites Beamtenversorgungsergänzungsgesetz']",[-0.00519129  0.02052785  0.01459495 ... -0.001105    0.00029108   0.01720542],"[(np.int64(29), np.float64(0.44838853253365774)), (np.int64(21), np.float64(0.4332180718087982)), (np.int64(9), np.float64(0.42240338721825366))]",29,0.44838853253365774,0.5,0.5,0.5,1,30,7.0,45.0,45.0,0.0,,80.0,87.0,1.0,111.0,1.0,112.0,1.0,113.0,,,,,,1,113,100.0,107.0,0.0,,0.0,,1.0,119.0,0.0,,,,0.0,,169.0,,,0.0,,,,,,,,,,,,,,,0.0,,,,,,,,,,,,,,,,,,,,,,,,,,,,,1.0,80.0,0.0,,0.0,,,,,,,,,,,,,,,,,,,0.0,,0.0,,0.0,,,0.0,,,,,,,,,,,0.0,,,,,,,,,,,,,,,,,,,,,,,,,,,,,,,,,,,,,,,,,,,,,,,,,,,,,,,,,,,,,,,,,,,,,,,,,,,,,,,,,,,,,,,,,,,,,,,,,,,,,,,,,,,,,,,,,,,,,,,,,,,,,,,,,,,,,,,,39.0,,,,,,32.0,33.0,33.0,31.0,,-35.0,-50.0,-80.0,,,,,,,,,,,,,,,,,,,,-7.0,-6.0,-6.0,-8.0,,-74.0,-89.0,-119.0,,,,,,,,,,,,,,,,,,,,,,,,,,,,,,,,,,,,,,,,,,,,,,,,,,,1.0,1.0,-1.0,,-67.0,-82.0,-112.0,0.0,-2.0,,-68.0,-83,-113,-2.0,,-68.0,-83.0,-113.0,,-66.0,-81.0,-111.0,,,,-15.0,-45.0,-30
40983,1,11,2013-08-02 02:00:00+00:00,3214,128,0,Gesetzentwurf,"['Kinder Jugendliche', 'Soziale Einrichtungen']","['Erstes Gesetz zur Ausführung des Achten Buches Sozialgesetzbuch - Kinder- und Jugendhilfe', 'Freier Träger', 'Heimerziehung', 'Kinderschutz', 'Kindertagespflege', 'Kindertagesstätten-Betriebskosten- und Nachweisverordnung', 'Kindertagesstättengesetz', 'Kita-Personalverordnung', 'Kommunalaufsicht', 'Landes-Kinder- und Jugendausschuss', 'Landesjugendamt', 'Landesjugendhilfeausschuss', 'Landesorganisationsgesetz', 'Ministerium für Bildung, Jugend und Sport', 'Schiedsstellenverordnung SGB VIII', 'Schulgesetz', 'Sozialgesetzbuch VIII', 'Staatsaufsicht']",[ 0.00028471  0.02591213  0.00393415 ...  0.00946562 -0.02094268   0.02259917],"[(np.int64(29), np.float64(0.40046703619609836)), (np.int64(20), np.float64(0.38798713416396613)), (np.int64(19), np.float64(0.36691345671537184))]",29,0.40046703619609836,0.5,0.5,0.5,1,26,4.0,13.0,34.0,0.0,,83.0,96.0,1.0,103.0,0.0,,1.0,109.0,,,,,,1,128,,,1.0,108.0,0.0,,0.0,,0.0,,,,0.0,,,,,0.0,,,,,,,,,,,,,,,0.0,,,,,,,,,,,,,,,,,,,,,,,,,,,,,1.0,83.0,0.0,,0.0,,,,,,,,,,,,,,,,,,,0.0,,0.0,,0.0,,,0.0,,,,,,,,,,,0.0,,,,,,,,,,,,,,,,,,,,,,,,,,,,,,,,,,,,,,,,,,,,,,,,,,,,,,,,,,,,,,,,,,,,,,,,,,,,,,,,,,,,,,,,,,,,,,,,,,,,,,,,,,,,,,,,,,,,,,,,,,,,,,,,,,,,,,,,,,,,,25.0,,45.0,26.0,20.0,,-70.0,-57.0,-83.0,,,,,,,,,,,,,,,,,,,,,,,,,,,,,,,,,,,,,,,,,,,,,,,,,,,,,,,,,,,,,,,,,,,,,,,20.0,1.0,-5.0,,-95.0,-82.0,-108.0,,,,,,,,-19.0,-25.0,,-115.0,-102,-128,-6.0,,-96.0,-83.0,-109.0,,-90.0,-77.0,-103.0,,,,13.0,-13.0,-26
40982,1,13,2013-08-02 02:00:00+00:00,3214,193,0,Gesetzentwurf,"['Frauen/Männer', 'Öffentliche Verwaltung', 'Hochschulwesen']","['Frauenförderung', 'Führungskraft', 'Gender-Mainstreaming', 'Gleichstellungsbeauftragte', 'Landesgleichstellungsgesetz', 'Hochschule', 'Hochschulgesetz', 'Landesbeteiligung', 'Öffentliche Verwaltung', 'Schule', 'Stellenausschreibung', 'Stellenbesetzung']",[ 0.00683445 -0.01497069  0.01360972 ...  0.00869839 -0.00408292   0.02899462],"[(np.int64(16), np.float64(0.5995552793771659)), (np.int64(12), np.float64(0.5037711279877003)), (np.int64(34), np.float64(0.4621532784701373))]",16,0.5995552793771659,0.0,1.0,0.5,1,26,6.0,19.0,47.0,0.0,,47.0,82.0,1.0,107.0,0.0,,1.0,109.0,,,,,,1,124,102.0,165.0,0.0,,0.0,,1.0,193.0,0.0,,,,0.0,,,,,0.0,,,,,,,,,,,,,,,0.0,,,,,,,,,,,,,,,,,,,,,,,,,,,,,1.0,82.0,0.0,,0.0,,,,,,,,,,,,,,,,,,,0.0,,0.0,,0.0,,,0.0,,,,,,,,,,,0.0,,,,,,,,,,,,,,,,,,,,,,,,,,,,,,,,,,,,,,,,,,,,,,,,,,,,,,,,,,,,,,,,,,,,,,,,,,,,,,,,,,,,,,,,,,,,,,,,,,,,,,,,,,,,,,,,,,,,,,,,,,,,,,,,,,,,,,,,111.0,,,,,,,42.0,27.0,25.0,,-63.0,-56.0,-82.0,,,,,,,,,,,,,,,,,,,,,-69.0,-84.0,-86.0,,-174.0,-167.0,-193.0,,,,,,,,,,,,,,,,,,,,,,,,,,,,,,,,,,,,,,,,,,,,,,,,,,,,,,,,,,-15.0,-17.0,,-105.0,-98,-124,-2.0,,-90.0,-83.0,-109.0,,-88.0,-81.0,-107.0,,,,7.0,-19.0,-26
40981,1,8,2013-08-02 02:00:00+00:00,3214,125,0,Gesetzentwurf,"['Kommunale Angelegenheiten', 'Wahlen']","['Aktives Wahlrecht', 'Briefwahl', 'Europawahl', 'Kommunalwahl', 'Kommunalwahlgesetz', 'Wahl', 'Wahltermin', 'Wahlvorschlag']",[-0.00017999  0.01211003 -0.00067196 ...  0.00714787 -0.00428282   0.00685251],"[(np.int64(29), np.float64(0.4684547726566559)), (np.int64(19), np.float64(0.4119709795025704)), (np.int64(9), np.float64(0.3991181816613582))]",29,0.4684547726566559,0.5,0.5,0.5,1,26,3.0,41.0,83.0,0.0,,96.0,,1.0,107.0,0.0,,1.0,111.0,,,,,,1,125,,,0.0,,0.0,,0.0,,0.0,,,,0.0,,,,,0.0,,,,,,,,,,,,,,,0.0,,,,,,,,,,,,,,,,,,,,,,,,,,,,,0.0,,0.0,,0.0,,,,,,,,,,,,,,,,,,,0.0,,0.0,,0.0,,,0.0,,,,,,,,,,,0.0,,,,,,,,,,,,,,,,,,,,,,,,,,,,,,,,,,,,,,,,,,,,,,,,,,,,,,,,,,,,,,,,,,,,,,,,,,,,,,,,,,,,,,,,,,,,,,,,,,,,,,,,,,,,,,,,,,,,,,,,,,,,,,,,,,,,,,,,,,,,,,,,,,,,,,,,,,,,,,,,,,,,,,,,,,,,,,,,,,,,,,,,,,,,,,,,,,,,,,,,,,,,,,,,,,,,,,,,,,,,,,,,,,,,,,,,,,-14.0,-18.0,,-84.0,-99,-125,-4.0,,-70.0,-85.0,-111.0,,-66.0,-81.0,-107.0,,,,-15.0,-41.0,-26
40999,1,7,2013-08-08 02:00:00+00:00,3220,189,0,Gesetzentwurf,Öffentlicher Dienst,"['Beamtenrecht', 'Beamtenversorgung', 'Beamter', 'Besoldungs- und Versorgungsanpassungsgesetz', 'Landeshaushalt', 'Richter', 'Tarifvertrag für den öffentlichen Dienst der Länder', 'Tarifvertrag']",[0.00482931 0.00569382 0.03648812 ... 0.00646889 0.00804885 0.02337148],"[(np.int64(13), np.float64(0.4763516329265764)), (np.int64(29), np.float64(0.447756274710613)), (np.int64(19), np.float64(0.4280479408921402))]",13,0.4763516329265764,1.0,1.0,0.3333333333333333,1,20,1.0,35.0,,0.0,,,,1.0,40.0,0.0,,1.0,48.0,,,,,,1,70,,,0.0,,0.0,,0.0,,1.0,189.0,,,0.0,,,,,0.0,,,,,,,,,,,,,,,0.0,,,,,,,,,,,,,,,,,,,,,,,,,,,,,0.0,,0.0,,0.0,,,,,,,,,,,,,,,,,,,0.0,,0.0,,0.0,,,0.0,,,,,,,,,,,0.0,,,,,,,,,,,,,,,,,,,,,,,,,,,,,,,,,,,,,,,,,,,,,,,,,,,,,,,,,,,,,,,,,,,,,,,,,,,,,,,,,,,,,,,,,,,,,,,,,,,,,,,,,,,,,,,,,,,,,,,,,,,,,,,,,,,,,,,,,,,,,,,,,,,,,,,,,,,,,,,,,,,,,,,,,,,,,,,,,,,,,,,,,,,,,,,,,,,,,,,,,,,-119.0,-141.0,-149.0,,-154.0,-169.0,-189.0,,,,,,,,,,,,,,,,,,,,,,,,,-22.0,-30.0,,-35.0,-50,-70,-8.0,,-13.0,-28.0,-48.0,,-5.0,-20.0,-40.0,,,,-15.0,-35.0,-20
41286,1,11,2013-09-09 02:00:00+00:00,3252,155,0,Gesetzentwurf,"['Mitbestimmung', 'Schulen']","['Beamter', 'Betriebliche Einigungsstelle', 'Bundesverfassungsgericht', 'Gerichtsentscheidung', 'Gesetz zur Ausführung des Artikel 10-Gesetzes', 'Gewerkschaft', 'Gleichstellungsbeauftragte', 'Landespersonalvertretungsgesetz', 'Landesverfassung: Art. 50', 'Landesverfassungsgerichtsbarkeit', 'Lehramtsanwärter', 'Lehrer', 'Lehrerrat', 'Mitbestimmung', 'Mitwirkung im Schulwesen', 'Öffentlicher Dienst', 'Personalvertretung', 'Schulverwaltung', 'Versetzung von Beamten', 'Wahl']",[0.01573605 0.00517633 0.01798405 ... 0.00055461 0.00810466 0.01810237],"[(np.int64(16), np.float64(0.4456072304159726)), (np.int64(12), np.float64(0.4020285345198411)), (np.int64(13), np.float64(0.3508068897242872))]",16,0.4456072304159726,0.0,1.0,0.5,1,17,4.0,45.0,45.0,0.0,,58.0,121.0,2.0,69.0,0.0,,1.0,134.0,,,,,,1,155,,,0.0,,0.0,,0.0,,0.0,,132.0,,0.0,,,,,0.0,,,,,,,,,,,,,,,0.0,,,,,,,,,,,,,,,,,,,,,,,,,,,,,0.0,,0.0,,0.0,,,,,,,,,,,,,,,,,,,1.0,134.0,0.0,,0.0,,,0.0,,,,,,,,,,,0.0,,,,,,,,,,,,,,,,,,,,,,,,,,,,,,,,,,,,,,,,,,,,,,,,,,,,,,,,,,,,,,,,,,,,,,,,,,,,,,,,,,,,,,,,,,,,,,,21.0,0.0,-65.0,,-89.0,-117.0,-134.0,,,,,,,,,,,,,,,,,,,,,,,,,,,,,,,,,,,,,,,,,,,,,,,,,,,,,,,,,,,,,,,,,,,,,,,,,,,,,,,,,,,,,,,,,,,,,,,,,,,,,,,,,,,,,,,,,,,,,,,,,,,,,,,,,,,,,-21.0,-86.0,,-110.0,-138,-155,-65.0,,-89.0,-117.0,-134.0,,-24.0,-52.0,-69.0,,,,-28.0,-45.0,-17
41316,1,27,2013-09-10 02:00:00+00:00,3253,76,0,Gesetzentwurf,Öffentlicher Haushalt,"['Ausländerbehörde', 'Einzelplan 01 - Landtag', 'Einzelplan 03 - Ministerium des Innern', 'Einzelplan 04 - Ministerium der Justiz', 'Einzelplan 05 - Ministerium für Bildung, Jugend und Sport', 'Einzelplan 06 - Ministerium für Wissenschaft, Forschung und Kultur', 'Einzelplan 07 - Ministerium für Arbeit, Soziales, Frauen und Familie', 'Einzelplan 11 - Ministerium für Infrastruktur und Landwirtschaft', 'Einzelplan 12 - Ministerium der Finanzen', 'Einzelplan 20 - Allgemeine Finanzverwaltung', 'Finanzausgleichsgesetz', 'Flughafen Berlin Brandenburg GmbH', 'Flughafen Berlin Brandenburg', 'Haushaltsgesetz', 'Kommunaler Finanzausgleich', 'Kredit', 'Landesaufnahmegesetz', 'Landeshaushalt', 'Lehrer', 'Ministerpräsident', 'Öffentliche Ausgaben', 'Öffentliche Einnahmen', 'Öffentlicher Haushalt', 'Personalausstattung', 'Personalkosten', 'Polizeiausbildung', 'Sozialhilfe', 'Unterrichtsversorgung', 'Verpflichtungsermächtigung', 'Zusatzversorgung im öffentlichen Dienst']",[ 0.00981261  0.01617594 -0.00343441 ...  0.00683909 -0.00758247   0.01914946],"[(np.int64(36), np.float64(0.4238148909516847)), (np.int64(34), np.float64(0.41463094178399046)), (np.int64(5), np.float64(0.3996764813539889))]",36,0.4238148909516847,1.0,1.0,1.0,1,15,11.0,2.0,8.0,0.0,,43.0,43.0,1.0,68.0,8.0,69.0,1.0,70.0,69.0,69.0,69.0,69.0,69.0,1,76,44.0,44.0,1.0,63.0,1.0,71.0,0.0,,0.0,,,,1.0,71.0,49.0,57.0,69.0,0.0,,,,,,,,,,,,,,,0.0,,,64.0,64.0,64.0,,,,,,,,,,,,,,,,,,,,,,69.0,,0.0,,0.0,,0.0,,,,,,,,,,,,,,,,,,,0.0,,0.0,,0.0,,,0.0,,,,,,,,,,,0.0,,,,,,,,,,,,,,,,,,,,,,,,,,,,,,,,,,,,,,,,,,,,,,,,,,,,,,,,,,,,,,,,,,,,,,,,,,,,,,,,,,,,,,,,,,,,,,,,,,,,,,,,,,,,,,,,,,,,,,,,,,,,,,,,,,,,,,,,,,,,,,,,,,,,,,,0.0,,,,-8.0,-2.0,5.0,-1.0,-3.0,,-69.0,-56.0,-71.0,,,,,,,,,,,,,,,,,-8.0,-2.0,5.0,-1.0,-3.0,,-69.0,-56.0,-71.0,,,,,,,,,,,,,,,,,,,,,,,,,,,,,,,6.0,13.0,7.0,5.0,,-61.0,-48.0,-63.0,7.0,1.0,-1.0,,-67.0,-54.0,-69.0,-6.0,-8.0,,-74.0,-61,-76,-2.0,,-68.0,-55.0,-70.0,,-66.0,-53.0,-68.0,,,,13.0,-2.0,-15
41329,1,9,2013-09-11 02:00:00+00:00,3254,85,1,Sitzung,Wasser,"['Beirat', 'Beitrag', 'Gerichtsentscheidung', 'Gesetz über die Bildung von Gewässerunterhaltungsverbänden', 'Gewässer', 'Oberverwaltungsgericht', 'Satzung', 'Verband']",[-0.00299931  0.00063104  0.00507804 ...  0.0238757  -0.00709738   0.0131257 ],"[(np.int64(29), np.float64(0.34395782622134863)), (np.int64(7), np.float64(0.3331369042301852)), (np.int64(12), np.float64(0.3238656572161189))]",29,0.34395782622134863,0.5,0.5,0.5,1,14,3.0,0.0,41.0,0.0,,55.0,,1.0,61.0,0.0,,1.0,69.0,,,,,,1,85,,,0.0,,0.0,,0.0,,0.0,,,,0.0,,,,,0.0,,,,,,,,,,,,,,,0.0,,,,,,,,,,,,,,,,,,,,,,,,,,,,,1.0,41.0,0.0,,0.0,,,,,,,,,,,,,,,,,,,0.0,,0.0,,0.0,,,0.0,,,,,,,,,,,0.0,,,,,,,,,,,,,,,,,,,,,,,,,,,,,,,,,,,,,,,,,,,,,,,,,,,,,,,,,,,,,,,,,,,,,,,,,,,,,,,,,,,,,,,,,,,,,,,,,,,,,,,,,,,,,,,,,,,,,,,,,,,,,,,,,,,,,,,,,,,,,,,44.0,28.0,20.0,,-41.0,-27.0,-40.0,,,,,,,,,,,,,,,,,,,,,,,,,,,,,,,,,,,,,,,,,,,,,,,,,,,,,,,,,,,,,,,,,,,,,,,,,,,,,,,,,,,,,-16.0,-24.0,,-85.0,-71,-84,-8.0,,-69.0,-55.0,-68.0,,-61.0,-47.0,-60.0,,,,14.0,1.0,-13
41330,1,13,2013-09-12 02:00:00+00:00,3255,152,0,Gesetzentwurf,Kunst Kultur,"['Evaluation', 'Kunst', 'Kunsterziehung', 'Kunstschule', 'Landesmittel', 'Lehrer', 'Musik', 'Musik- und Kunstschulgesetz', 'Musikerziehung', 'Musikschulgesetz', 'Musische Erziehung']",[0.00027767 0.01990364 0.02665666 ... 0.00462049 0.00589408 0.00977411],"[(np.int64(20), np.float64(0.5056792791641401)), (np.int64(29), np.float64(0.4728533965618068)), (np.int64(26), np.float64(0.46213059185699423))]",20,0.5056792791641401,1.0,0.5,0.4166666666666666,1,13,3.0,6.0,61.0,0.0,,124.0,,1.0,129.0,3.0,129.0,1.0,131.0,130.0,130.0,,,,1,152,,,1.0,130.0,0.0,,0.0,,0.0,,,,0.0,,,,,0.0,,,,,,,,,,,,,,,0.0,,,,,,,,,,,,,,,,,,,,,,,,,,,,,1.0,61.0,0.0,,0.0,,,,,,,,,,,,,,,,,,,0.0,,0.0,,0.0,,,0.0,,,,,,,,,,,0.0,,,,,,,,,,,,,,,,,,,,,,,,,,,,,,,,,,,,,,,,,,,,,,,,,,,,,,,,,,,,,,,,,,,,,,,,,,,,,,,,,,,,,,,,,,,,,,,,,,,,,,,,,,,,,,,,,,,,,,,,,,,,,,,,,,,,,,,,,,,,,69.0,68.0,91.0,70.0,68.0,,-55.0,-48.0,-61.0,,,,,,,,,,,,,,,,,,,,,,,,,,,,,,,,,,,,,,,,,,,,,,,,,,,,,,,,,,,,,,,,,,,,,,-1.0,22.0,1.0,-1.0,,-124.0,-117.0,-130.0,23.0,2.0,0.0,,-123.0,-116.0,-129.0,-21.0,-23.0,,-146.0,-139,-152,-2.0,,-125.0,-118.0,-131.0,,-123.0,-116.0,-129.0,,,,7.0,-6.0,-13
41331,1,9,2013-09-12 02:00:00+00:00,3255,87,0,Gesetzentwurf,Informationsgesellschaft Medien,"['Freier Mitarbeiter', 'Freiwillige Selbstkontrolle', 'Gewerkschaft', 'Jugendmedienschutz-Staatsvertrag', 'Medienaufsichtsgesetz', 'Medienstaatsvertrag Berlin-Brandenburg', 'Mitbestimmung', 'RBB-Staatsvertrag', 'Rundfunk Berlin-Brandenburg', 'Rundfunkbeitrag', 'Rundfunksender', 'Rundfunkstaatsvertrag', 'Staatsvertrag']",[-0.0131773   0.01004548  0.00910002 ...  0.02340006  0.0237546   0.02210005],"[(np.int64(29), np.float64(0.40722663485119726)), (np.int64(35), np.float64(0.38982259034098504)), (np.int64(2), np.float64(0.36204424969530946))]",29,0.40722663485119726,0.5,0.5,0.5,1,14,1.0,61.0,,0.0,,,,1.0,66.0,0.0,,1.0,68.0,,,,,,1,87,,,2.0,67.0,1.0,68.0,0.0,,0.0,,,,0.0,,,,,0.0,,,,,,,,,,,,,,,0.0,,,,,,,,,,,,,,,,,,,,,,,,,,,,,0.0,,0.0,,0.0,,,,,,,,,,,,,,,,,,,0.0,,0.0,,0.0,,67.0,0.0,,,,,,,,,,,0.0,,,,,,,,,,,,,,,,,,,,,,,,,,,,,,,,,,,,,,,,,,,,,,,,,,,,,,,,,,,,,,,,,,,,,,,,,,,,,,,,,,,,,,,,,,,,,,,,,,,,,,,,,,,,,,,,,,,,,,,,,,,,,,,,,,,,,,,,,,,,,,,,,,,,,,,,,,,-1.0,,19.0,0.0,-2.0,,-7.0,-54.0,-68.0,,,,,,,,,,,,,,,,,,,,,,,,,,,,,,,,,,,,,,,,,,,,,,,,,,,,,,,,,20.0,1.0,-1.0,,-6.0,-53.0,-67.0,,,,,,,,-19.0,-21.0,,-26.0,-73,-87,-2.0,,-7.0,-54.0,-68.0,,-5.0,-52.0,-66.0,,,,-47.0,-61.0,-14
41332,1,8,2013-09-12 02:00:00+00:00,3255,84,0,Gesetzentwurf,"['Arbeit und Beschäftigung', 'Bildung', 'Ausländer/Migranten']","['Architektengesetz', 'Ausländer', 'Ausländischer Arbeitnehmer', 'Beruflicher Bildungsabschluss', 'Berufsqualifikationsfeststellungsgesetz', 'Brandenburgisches Gesetz zur Verbesserung der Feststellung und Anerkennung im Ausland erworbener Berufsqualifikationen', 'Dolmetschergesetz', 'Fachkraft', 'Gesetz über die Weiterbildung in den Fachberufen des Gesundheitswesens', 'Gesetz über die Weiterbildung und Fortbildung in den Fachberufen des Gesundheitswesens', 'Gesundheitsberufeanerkennungsgesetz', 'Heilberufsgesetz', 'Hochschulgesetz', 'Ingenieurgesetz', 'Krankenpflegehilfegesetz', 'Landesbeamtengesetz', 'Migrant', 'Sozialberufsgesetz']",[-0.01133781  0.01317798  0.00584699 ...  0.00457074 -0.00546115   0.00756843],"[(np.int64(36), np.float64(0.4944751421944602)), (np.int64(29), np.float64(0.38925415593652996)), (np.int64(10), np.float64(0.36498078878220386))]",36,0.4944751421944602,1.0,1.0,1.0,1,13,3.0,6.0,41.0,0.0,,61.0,,1.0,66.0,0.0,,1.0,68.0,,,,,,1,84,,,0.0,,0.0,,0.0,,0.0,,,,0.0,,,,,0.0,,,,,,,,,,,,,,,0.0,,,,,,,,,,,,,,,,,,,,,,,,,,,,,0.0,,0.0,,0.0,,,,,,,,,,,,,,,,,,,0.0,,0.0,,0.0,,,0.0,,,,,,,,,,,0.0,,,,,,,,,,,,,,,,,,,,,,,,,,,,,,,,,,,,,,,,,,,,,,,,,,,,,,,,,,,,,,,,,,,,,,,,,,,,,,,,,,,,,,,,,,,,,,,,,,,,,,,,,,,,,,,,,,,,,,,,,,,,,,,,,,,,,,,,,,,,,,,,,,,,,,,,,,,,,,,,,,,,,,,,,,,,,,,,,,,,,,,,,,,,,,,,,,,,,,,,,,,,,,,,,,,,,,,,,,,,,,,,,,,,,,,,,,-16.0,-18.0,,-78.0,-71,-84,-2.0,,-62.0,-55.0,-68.0,,-60.0,-53.0,-66.0,,,,7.0,-6.0,-13
41465,1,11,2013-09-30 02:00:00+00:00,3273,211,0,Gesetzentwurf,Polizei,"['Brief-, Post- und Fernmeldegeheimnis', 'Bundesverfassungsgericht', 'Datenerhebung', 'Datenschutz', 'Datenspeicherung', 'Gefahrenabwehr', 'Grundgesetz Art. 10', 'Grundrechtsbeschränkung', 'Informationelle Selbstbestimmung', 'Kriminalprävention', 'Landesverfassung: Art. 11', 'Landesverfassung: Art. 16', 'Online-Durchsuchung', 'Polizeigesetz', 'Polizeiliche Maßnahme', 'Telekommunikationsgesetz', 'Telemediengesetz']",[-0.02728359  0.01187777 -0.01764026 ... -0.00230793  0.00081219   0.01575863],"[(np.int64(24), np.float64(0.5309793576231905)), (np.int64(31), np.float64(0.4605204602947406)), (np.int64(19), np.float64(0.43253413980683686))]",24,0.5309793576231905,0.0,0.0,0.3333333333333333,1,51,3.0,100.0,135.0,0.0,,170.0,,1.0,182.0,2.0,49.0,1.0,184.0,183.0,,,,,1,211,,,0.0,,0.0,,0.0,,0.0,,,,0.0,,,,,0.0,,,,,,,,,,,,,,,0.0,,,,,,,,,,,,,,,,,,,,,,,,,,,,,1.0,135.0,0.0,,0.0,,,,,,,,,,,,,,,,,,,0.0,,0.0,,0.0,,,0.0,,,,,,,,,,,0.0,,,,,,,,,,,,,,,,,,,,,,,,,,,,,,,,,,,,,,,,,,,,,,,,,,,,,,,,,,,,,,,,,,,,,,,,,,,,,,,,,,,,,,,,,,,,,,,,,,,,,,,,,,,,,,,,,,,,,,,,,,,,,,,,,,,,,,,,,,,,,,-86.0,76.0,49.0,47.0,,-35.0,-84.0,-135.0,,,,,,,,,,,,,,,,,,,,,,,,,,,,,,,,,,,,,,,,,,,,,,,,,,,,,,,,,,,,,,,,,,,,,,,,,,,,,,162.0,135.0,133.0,,51.0,2.0,-49.0,-27.0,-29.0,,-111.0,-160,-211,-2.0,,-84.0,-133.0,-184.0,,-82.0,-131.0,-182.0,,,,-49.0,-100.0,-51
41474,1,12,2013-10-07 02:00:00+00:00,3280,365,0,Gesetzentwurf,Abfall,"['Abfall- und Bodenschutzgesetz', 'Abfallvermeidung', 'Abfallverwertung', 'Abfallwirtschaft', 'Entsorgung', 'Gebühr', 'Kreislaufwirtschafts- und Abfallgesetz', 'Kreislaufwirtschaftsgesetz', 'Recycling', 'Richtlinie der EU']",[0.02113524 0.02579216 0.03152375 ... 0.01349312 0.01444838 0.01671714],"[(np.int64(29), np.float64(0.5012211822120788)), (np.int64(19), np.float64(0.4545281082996082)), (np.int64(1), np.float64(0.4404557843969159))]",29,0.5012211822120788,0.5,0.5,0.5,1,44,5.0,92.0,127.0,0.0,,162.0,247.0,1.0,253.0,0.0,,1.0,261.0,,,,,,1,268,359.0,,0.0,,0.0,,1.0,365.0,0.0,,,,0.0,,,,,0.0,,,,,,,,,,,,,,,0.0,,,,,,,,,,,,,,,,,,,,,,,,,,,,,1.0,127.0,0.0,,0.0,,,,,,,,,,,,,,,,,,,0.0,,0.0,,0.0,,,0.0,,,,,,,,,,,0.0,,,,,,,,,,,,,,,,,,,,,,,,,,,,,,,,,,,,,,,,,,,,,,,,,,,,,,,,,,,,,,,,,,,,,,,,,,,,,,,,,,,,,,,,,,,,,,,,,,,,,,,,,,,,,,,,,,,,,,,,,,,,,,,,,,,,,,,,238.0,,,,,,,141.0,134.0,126.0,,-35.0,-83.0,-127.0,,,,,,,,,,,,,,,,,,,,,-97.0,-104.0,-112.0,,-273.0,-321.0,-365.0,,,,,,,,,,,,,,,,,,,,,,,,,,,,,,,,,,,,,,,,,,,,,,,,,,,,,,,,,,-7.0,-15.0,,-176.0,-224,-268,-8.0,,-169.0,-217.0,-261.0,,-161.0,-209.0,-253.0,,,,-48.0,-92.0,-44
41487,1,11,2013-10-11 02:00:00+00:00,3284,236,0,Gesetzentwurf,Bauwesen,"['Baum', 'Bauordnungsrecht', 'Energieeinsparung', 'Gebäudeenergieeffizienz', 'Grundstück', 'Nachbarrechtsgesetz', 'Waldgesetz', 'Wärmedämmung']",[-0.01850121  0.00444741  0.02122896 ...  0.01992438 -0.00183826   0.00907271],"[(np.int64(4), np.float64(0.44474470659563603)), (np.int64(33), np.float64(0.427464472020147)), (np.int64(29), np.float64(0.4085333298510113))]",4,0.44474470659563603,1.0,0.5,0.75,1,40,5.0,96.0,96.0,0.0,,131.0,166.0,1.0,213.0,0.0,,1.0,215.0,,,,,,1,236,209.0,,0.0,,0.0,,0.0,,0.0,,,,0.0,,,,,0.0,,,,,,,,,,,,,,,0.0,,,,,,,,,,,,,,,,,,,,,,,,,,,,,1.0,131.0,0.0,,0.0,,,,,,,,,,,,,,,,,,,0.0,,0.0,,0.0,,,0.0,,,,,,,,,,,0.0,,,,,,,,,,,,,,,,,,,,,,,,,,,,,,,,,,,,,,,,,,,,,,,,,,,,,,,,,,,,,,,,,,,,,,,,,,,,,,,,,,,,,,,,,,,,,,,,,,,,,,,,,,,,,,,,,,,,,,,,,,,,,,,,,,,,,,,,,,,,,,,105.0,84.0,82.0,,-35.0,-91.0,-131.0,,,,,,,,,,,,,,,,,,,,,,,,,,,,,,,,,,,,,,,,,,,,,,,,,,,,,,,,,,,,,,,,,,,,,,,,,,,,,,,,,,,,,-21.0,-23.0,,-140.0,-196,-236,-2.0,,-119.0,-175.0,-215.0,,-117.0,-173.0,-213.0,,,,-56.0,-96.0,-40
41554,1,6,2013-10-30 01:00:00+00:00,3302,105,0,Gesetzentwurf,Sozialleistungen,"['Abitur', 'Arbeitslosengeld II', 'Asylbewerberleistungsgesetz', 'Ausbildungsförderungsgesetz', 'Bundesausbildungsförderungsgesetz', 'Bundeskindergeldgesetz', 'Fachhochschulreife', 'Fachoberschule', 'Gymnasiale Oberstufe', 'Schule', 'Schüler', 'Sozialgesetzbuch II', 'Sozialgesetzbuch XII', 'Sozialleistung']",[ 0.00989592  0.03484312  0.02145104 ... -0.00924409 -0.002074   0.00098515],"[(np.int64(29), np.float64(0.48518970282837015)), (np.int64(20), np.float64(0.4832427871353252)), (np.int64(22), np.float64(0.4353995733935323))]",29,0.48518970282837015,0.5,0.5,0.5,1,22,1.0,36.0,,0.0,,,,1.0,41.0,0.0,,1.0,84.0,,,,,,1,105,,,0.0,,0.0,,0.0,,0.0,,,,0.0,,,,,0.0,,,,,,,,,,,,,,,0.0,,,,,,,,,,,,,,,,,,,,,,,,,,,,,0.0,,0.0,,0.0,,,,,,,,,,,,,,,,,,,0.0,,0.0,,0.0,,,0.0,,,,,,,,,,,0.0,,,,,,,,,,,,,,,,,,,,,,,,,,,,,,,,,,,,,,,,,,,,,,,,,,,,,,,,,,,,,,,,,,,,,,,,,,,,,,,,,,,,,,,,,,,,,,,,,,,,,,,,,,,,,,,,,,,,,,,,,,,,,,,,,,,,,,,,,,,,,,,,,,,,,,,,,,,,,,,,,,,,,,,,,,,,,,,,,,,,,,,,,,,,,,,,,,,,,,,,,,,,,,,,,,,,,,,,,,,,,,,,,,,,,,,,,,-21.0,-64.0,,-69.0,-83,-105,-43.0,,-48.0,-62.0,-84.0,,-5.0,-19.0,-41.0,,,,-14.0,-36.0,-22
41581,1,16,2013-11-06 01:00:00+00:00,3309,128,0,Gesetzentwurf,Öffentlicher Personenverkehr,"['Barrierefreiheit', 'Berlin', 'Fahrgast', 'Grenzüberschreitender Verkehr', 'Kommunale Selbstverwaltung', 'Landesmittel', 'ÖPNV-Gesetz', 'Personenbeförderungsgesetz', 'Schienenpersonennahverkehr', 'Verkehrstarif', 'Verkehrsverbund Berlin-Brandenburg GmbH', 'Verkehrsverbund', 'Verordnung der EU']",[-0.00441024 -0.01308272  0.02711261 ...  0.00491342  0.00062158   0.01148438],"[(np.int64(5), np.float64(0.44935347118498914)), (np.int64(29), np.float64(0.41681062767402755)), (np.int64(12), np.float64(0.38069169713890333))]",5,0.44935347118498914,0.0,1.0,0.5,1,14,2.0,71.0,106.0,0.0,,,,1.0,110.0,6.0,111.0,1.0,112.0,111.0,111.0,111.0,111.0,111.0,1,128,,,1.0,111.0,1.0,112.0,0.0,,0.0,,,,0.0,,,,,0.0,,,,,,,,,,,,,,,0.0,,,,,,,,,,,,,,,,,,,,,,,,,,,,,1.0,71.0,0.0,,0.0,,,,,,,,,,,,,,,,,,,0.0,,0.0,,0.0,,,0.0,,,,,,,,,,,0.0,,,,,,,,,,,,,,,,,,,,,,,,,,,,,,,,,,,,,,,,,,,,,,,,,,,,,,,,,,,,,,,,,,,,,,,,,,,,,,,,,,,,,,,,,,,,,,,,,,,,,,,,,,,,,,,,,,,,,,,,,,,,,,,,,,,,,,,41.0,,,,,,40.0,40.0,57.0,41.0,39.0,,0.0,-57.0,-71.0,,,,,,-1.0,-1.0,16.0,0.0,-2.0,,-41.0,-98.0,-112.0,,,,,,,,,,,,,,,,,,,,,,,,,,,,,,,,,,,,,,,,,,,,,,,,,,,,,,,,0.0,17.0,1.0,-1.0,,-40.0,-97.0,-111.0,17.0,1.0,-1.0,,-40.0,-97.0,-111.0,-16.0,-18.0,,-57.0,-114,-128,-2.0,,-41.0,-98.0,-112.0,,-39.0,-96.0,-110.0,,,,-57.0,-71.0,-14
41579,1,12,2013-11-06 01:00:00+00:00,3309,174,0,Gesetzentwurf,"['Justizvollzug', 'Ausländer/Migranten']","['Abschiebung', 'Abschiebungshaftvollzugsgesetz', 'Ärztliche Behandlung', 'Asylbewerber', 'Ausländer', 'Beirat', 'Brief-, Post- und Fernmeldegeheimnis', 'Grundgesetz Art. 2', 'Grundrechtsbeschränkung', 'Infektionskrankheit', 'Justizvollzugsanstalt', 'Justizvollzugsgesetz', 'Landesverfassung: Art. 8', 'Recht auf körperliche Unversehrtheit', 'Richtlinie der EU', 'Röntgendiagnostik', 'Tuberkulose', 'Zwangsbehandlung']",[ 0.00346193  0.02852398  0.01142143 ...  0.00804826 -0.00390577   0.00964607],"[(np.int64(22), np.float64(0.4951072444306153)), (np.int64(29), np.float64(0.3885120724115628)), (np.int64(12), np.float64(0.34910653095023314))]",22,0.4951072444306153,1.0,1.0,0.3333333333333333,1,15,3.0,64.0,99.0,0.0,,134.0,,1.0,145.0,0.0,,1.0,147.0,,,,,,1,174,,,2.0,146.0,1.0,147.0,0.0,,0.0,,,,0.0,,,,,0.0,,,,,,,,,,,,,,,0.0,,,,,,,,,,,,,,,,,,,,,,,,,,,,,1.0,99.0,0.0,,0.0,,,,,,,,,,,,,,,,,,,0.0,,0.0,,0.0,,146.0,0.0,,,,,,,,,,,0.0,,,,,,,,,,,,,,,,,,,,,,,,,,,,,,,,,,,,,,,,,,,,,,,,,,,,,,,,,,,,,,,,,,,,,,,,,,,,,,,,,,,,,,,,,,,,,,,,,,,,,,,,,,,,,,,,,,,,,,,,,,,,,,,,,,,,,,,48.0,,,,,,47.0,,75.0,48.0,46.0,,-35.0,-84.0,-99.0,,,,,,-1.0,,27.0,0.0,-2.0,,-83.0,-132.0,-147.0,,,,,,,,,,,,,,,,,,,,,,,,,,,,,,,,,,,,,,,,,,,,,,,,,,,,,,,,,28.0,1.0,-1.0,,-82.0,-131.0,-146.0,,,,,,,,-27.0,-29.0,,-110.0,-159,-174,-2.0,,-83.0,-132.0,-147.0,,-81.0,-130.0,-145.0,,,,-49.0,-64.0,-15
41578,1,9,2013-11-06 01:00:00+00:00,3309,98,0,Gesetzentwurf,"['Wirtschaft', 'Arbeit und Beschäftigung']","['Vergütung', 'Mindestlohn', 'Öffentlicher Auftrag', 'Tarifbindung', 'Vergabegesetz']",[-1.38902885e-03  5.14236232e-03  2.31701843e-02 ...  9.75275587e-04   2.12417981e-05  2.35248301e-02],"[(np.int64(13), np.float64(0.5519737948910661)), (np.int64(29), np.float64(0.44927189832211667)), (np.int64(5), np.float64(0.424673566615826))]",13,0.5519737948910661,1.0,1.0,0.3333333333333333,1,14,3.0,7.0,15.0,0.0,,63.0,,1.0,69.0,0.0,,1.0,77.0,,,,,,1,98,,,0.0,,0.0,,0.0,,0.0,,,,0.0,,,,,0.0,,,,,,,,,,,,,,,0.0,,,,,,,,,,,,,,,,,,,,,,,,,,,,,0.0,,0.0,,0.0,,,,,,,,,,,,,,,,,,,0.0,,0.0,,0.0,,,1.0,15.0,,,,,,,,,,0.0,,,,,,,,,,,,,,,,,,,,,,,,,,,,,,,,,,,,,,,,,,,,,,,,,,,,,,,,,,,,,,,,,,,,,,,,,,,,,83.0,62.0,54.0,,-8.0,-1.0,-15.0,,,,,,,,,,,,,,,,,,,,,,,,,,,,,,,,,,,,,,,,,,,,,,,,,,,,,,,,,,,,,,,,,,,,,,,,,,,,,,,,,,,,,,,,,,,,,,,,,,,,,,,,,,,,,,,,,,,,,,,,,,,,,,,,,,,,,,,,,,,,,,,,,,,,,,,-21.0,-29.0,,-91.0,-84,-98,-8.0,,-70.0,-63.0,-77.0,,-62.0,-55.0,-69.0,,,,7.0,-7.0,-14
41580,1,9,2013-11-06 01:00:00+00:00,3309,128,0,Gesetzentwurf,Schulen,"['Amtsbezeichnung', 'Behinderter', 'Besoldungsgesetz', 'Eltern', 'Erstes Gesetz zur Ausführung des Achten Buches Sozialgesetzbuch - Kinder- und Jugendhilfe', 'Landesamt für Schule und Lehrerbildung', 'Landesinstitut für Lehrerbildung', 'Landesorganisationsgesetz', 'Landesschulamtserrichtungsgesetz', 'Lehrer', 'Lehrerbildung', 'Lehrerbildungsgesetz', 'Personalabbau', 'Personalvertretung', 'Schulaufsicht', 'Schulbehördenreformgesetz', 'Schule', 'Schulgesetz', 'Schulleistungstest', 'Schulleiter', 'Spezialschule', 'Standarderprobungsgesetz', 'Verwaltungsmodernisierung', 'Weiterbildungsgesetz']",[0.01194689 0.0040513  0.00310501 ... 0.01064574 0.00110154 0.02353892],"[(np.int64(20), np.float64(0.4338877329127663)), (np.int64(16), np.float64(0.4059268922938707)), (np.int64(19), np.float64(0.39451755303065084))]",20,0.4338877329127663,1.0,0.5,0.4166666666666666,1,15,3.0,29.0,64.0,0.0,,99.0,,1.0,106.0,0.0,,1.0,112.0,,,,,,1,128,,,0.0,,0.0,,0.0,,0.0,,,,0.0,,,,,0.0,,,,,,,,,,,,,,,0.0,,,,,,,,,,,,,,,,,,,,,,,,,,,,,1.0,64.0,0.0,,0.0,,,,,,,,,,,,,,,,,,,0.0,,0.0,,0.0,,,0.0,,,,,,,,,,,0.0,,,,,,,,,,,,,,,,,,,,,,,,,,,,,,,,,,,,,,,,,,,,,,,,,,,,,,,,,,,,,,,,,,,,,,,,,,,,,,,,,,,,,,,,,,,,,,,,,,,,,,,,,,,,,,,,,,,,,,,,,,,,,,,,,,,,,,,,,,,,,,,64.0,48.0,42.0,,-35.0,-49.0,-64.0,,,,,,,,,,,,,,,,,,,,,,,,,,,,,,,,,,,,,,,,,,,,,,,,,,,,,,,,,,,,,,,,,,,,,,,,,,,,,,,,,,,,,-16.0,-22.0,,-99.0,-113,-128,-6.0,,-83.0,-97.0,-112.0,,-77.0,-91.0,-106.0,,,,-14.0,-29.0,-15
41584,1,7,2013-11-07 01:00:00+00:00,3310,334,0,Gesetzentwurf,"['Frauen/Männer', 'Gesundheitsschutz']","['Bremen', 'Embryonenschutz', 'Embryonenschutzgesetz', 'Ethikkommission', 'Genetisch bedingte Krankheit', 'Abkommen zwischen den Ländern Brandenburg, Freie Hansestadt Bremen, Freie und Hansestadt Hamburg, Mecklenburg-Vorpommern, Niedersachsen und Schleswig-Holstein über die gemeinsame Einrichtung einer Ethikkommission für Präimplantationsdiagnostik bei der Ärztekammer Hamburg', 'Hamburg', 'Künstliche Befruchtung', 'Mecklenburg-Vorpommern', 'Niedersachsen', 'Präimplantationsdiagnostikgesetz', 'Präimplantationsdiagnostikverordnung', 'Schleswig-Holstein', 'Schwangerschaft', 'Staatsvertrag']",[-0.00740576  0.00659948  0.00955582 ...  0.03344535  0.00175439   0.01791715],"[(np.int64(29), np.float64(0.5059492189330814)), (np.int64(12), np.float64(0.39990434841416744)), (np.int64(19), np.float64(0.3891281254963087))]",29,0.5059492189330814,0.5,0.5,0.5,1,14,1.0,69.0,,0.0,,,,1.0,74.0,0.0,,1.0,76.0,,,,,,1,97,,,0.0,,0.0,,0.0,,1.0,334.0,,,0.0,,,,,0.0,,,,,,,,,,,,,,,0.0,,,,,,,,,,,,,,,,,,,,,,,,,,,,,0.0,,0.0,,0.0,,,,,,,,,,,,,,,,,,,0.0,,0.0,,0.0,,,0.0,,,,,,,,,,,0.0,,,,,,,,,,,,,,,,,,,,,,,,,,,,,,,,,,,,,,,,,,,,,,,,,,,,,,,,,,,,,,,,,,,,,,,,,,,,,,,,,,,,,,,,,,,,,,,,,,,,,,,,,,,,,,,,,,,,,,,,,,,,,,,,,,,,,,,,,,,,,,,,,,,,,,,,,,,,,,,,,,,,,,,,,,,,,,,,,,,,,,,,,,,,,,,,,,,,,,,,,,,-237.0,-258.0,-260.0,,-265.0,-320.0,-334.0,,,,,,,,,,,,,,,,,,,,,,,,,-21.0,-23.0,,-28.0,-83,-97,-2.0,,-7.0,-62.0,-76.0,,-5.0,-60.0,-74.0,,,,-55.0,-69.0,-14
41818,1,6,2013-12-19 01:00:00+00:00,3352,88,0,Gesetzentwurf,Energie,"['Aufsichtsbehörde', 'Bundesministerium für Wirtschaft und Technologie', 'Bundesnetzagentur für Elektrizität, Gas, Telekommunikation, Post und Eisenbahnen', 'Elektrizitätswirtschaft', 'Gaswirtschaft', 'Verwaltungsabkommen über die Wahrnehmung bestimmter Aufgaben nach dem Energiewirtschaftsgesetz', 'Organleihe', 'Richtlinie der EU', 'Staatsaufsicht', 'Stromnetz', 'Verwaltungsabkommen', 'Verwaltungskosten']",[ 0.00958817 -0.0101764  -0.01194109 ...  0.00670584  0.01999986   0.01941163],"[(np.int64(21), np.float64(0.4415390954184034)), (np.int64(19), np.float64(0.40019293418994856)), (np.int64(4), np.float64(0.3948505832199941))]",21,0.4415390954184034,0.5,1.0,0.4166666666666666,1,34,1.0,62.0,,0.0,,,,1.0,63.0,0.0,,1.0,69.0,,,,,,1,88,,,0.0,,0.0,,0.0,,0.0,,,,0.0,,,,,0.0,,,,,,,,,,,,,,,0.0,,,,,,,,,,,,,,,,,,,,,,,,,,,,,0.0,,0.0,,0.0,,,,,,,,,,,,,,,,,,,0.0,,0.0,,0.0,,,0.0,,,,,,,,,,,0.0,,,,,,,,,,,,,,,,,,,,,,,,,,,,,,,,,,,,,,,,,,,,,,,,,,,,,,,,,,,,,,,,,,,,,,,,,,,,,,,,,,,,,,,,,,,,,,,,,,,,,,,,,,,,,,,,,,,,,,,,,,,,,,,,,,,,,,,,,,,,,,,,,,,,,,,,,,,,,,,,,,,,,,,,,,,,,,,,,,,,,,,,,,,,,,,,,,,,,,,,,,,,,,,,,,,,,,,,,,,,,,,,,,,,,,,,,,-19.0,-25.0,,-26.0,-54,-88,-6.0,,-7.0,-35.0,-69.0,,-1.0,-29.0,-63.0,,,,-28.0,-62.0,-34
41852,1,11,2014-01-09 01:00:00+00:00,3373,110,0,Gesetzentwurf,"['Frühkindliche Bildung', 'Kommunale Angelegenheiten']","['Behindertes Kind', 'Elementarbildung', 'Eltern', 'Erzieher', 'Gebärdensprache', 'Gerichtsentscheidung', 'Hort', 'Kindertagesstätte', 'Kindertagesstätten-Betriebskosten- und Nachweisverordnung', 'Kindertagesstättenanpassungsgesetz', 'Kindertagesstättengesetz', 'Kita-Personalverordnung', 'Kleinkind', 'Konnexitätsprinzip', 'Kosten', 'Landesmittel', 'Landeszuschuss-Anpassungsverordnung', 'Personalkosten', 'Sozialgesetzbuch VIII']",[-0.00664918  0.01253001  0.03664438 ...  0.00254147 -0.02506003   0.030734  ],"[(np.int64(29), np.float64(0.33954211974140514)), (np.int64(12), np.float64(0.3374002323248364)), (np.int64(20), np.float64(0.32518839995366283))]",29,0.33954211974140514,0.5,0.5,0.5,1,14,3.0,35.0,70.0,0.0,,82.0,,1.0,82.0,1.0,82.0,1.0,84.0,,,,,,1,110,,,1.0,82.0,0.0,,0.0,,0.0,,,,0.0,,,,,0.0,,,,,,,,,,,,,,,0.0,,,,,,,,,,,,,,,,,,,,,,,,,,,,,1.0,70.0,0.0,,0.0,,,,,,,,,,,,,,,,,,,0.0,,0.0,,0.0,,,0.0,,,,,,,,,,,0.0,,,,,,,,,,,,,,,,,,,,,,,,,,,,,,,,,,,,,,,,,,,,,,,,,,,,,,,,,,,,,,,,,,,,,,,,,,,,,,,,,,,,,,,,,,,,,,,,,,,,,,,,,,,,,,,,,,,,,,,,,,,,,,,,,,,,,,,,,,,,,12.0,12.0,40.0,14.0,12.0,,-35.0,-56.0,-70.0,,,,,,,,,,,,,,,,,,,,,,,,,,,,,,,,,,,,,,,,,,,,,,,,,,,,,,,,,,,,,,,,,,,,,,0.0,28.0,2.0,0.0,,-47.0,-68.0,-82.0,28.0,2.0,0.0,,-47.0,-68.0,-82.0,-26.0,-28.0,,-75.0,-96,-110,-2.0,,-49.0,-70.0,-84.0,,-47.0,-68.0,-82.0,,,,-21.0,-35.0,-14
41853,1,15,2014-01-09 01:00:00+00:00,3373,110,0,Gesetzentwurf,Hochschulwesen,"['Behindertenbeauftragter', 'Behinderter', 'Brandenburgische Technische Universität Cottbus-Senftenberg', 'Drittmittel', 'Europa-Universität Viadrina Frankfurt (Oder)', 'Exmatrikulation', 'Fachhochschule Brandenburg', 'Fachhochschule Potsdam', 'Forschung', 'Gesetz zur Weiterentwicklung der Hochschulregion Lausitz', 'Gleichstellung der Geschlechter', 'Gleichstellungsbeauftragte', 'Habilitation', 'Hochschulabschluss', 'Hochschulbibliothek', 'Hochschule für Film und Fernsehen ""Konrad Wolf""', 'Hochschule für nachhaltige Entwicklung Eberswalde (FH)', 'Hochschulgesetz', 'Hochschullehrer', 'Hochschulprüfung', 'Hochschulreife', 'Hochschulzulassung', 'Immatrikulation', 'Kunst', 'Landeshochschulrat', 'Nebentätigkeit', 'Promotion', 'Prüfung', 'Prüfungsordnung', 'Student', 'Studienfach', 'Studienordnung', 'Studienplatz', 'Studium', 'Technische Hochschule Wildau (FH)', 'Theologie', 'Universität Potsdam', 'Wissenschaft']",[ 0.00977647  0.00013692 -0.00184799 ...  0.0188376  -0.00408347   0.00727274],"[(np.int64(28), np.float64(0.47233572648986955)), (np.int64(29), np.float64(0.47182634738851603)), (np.int64(20), np.float64(0.44755741488722584))]",28,0.47233572648986955,0.5,1.0,0.4166666666666666,1,13,5.0,6.0,41.0,0.0,,48.0,76.0,1.0,81.0,1.0,82.0,1.0,83.0,,,,,,1,110,76.0,,1.0,82.0,1.0,83.0,0.0,,0.0,,,,0.0,,,,,0.0,,,,,,,,,,,,,,,0.0,,,,,,,,,,,,,,,,,,,,,,,,,,,,,2.0,41.0,0.0,,0.0,,,,,,,,,,,,,,,,,,,0.0,,0.0,,0.0,,,0.0,,76.0,,,,,,,,,0.0,,,,,,,,,,,,,,,,,,,,,,,,,,,,,,,,,,,,,,,,,,,,,,,,,,,,,,,,,,,,,,,,,,,,,,,,,,,,,,,,,,,,,,,,,,,,,,,,,,,,,,,,,,,,,,,,,,,,,,,,,,,,,,,,,,,,,,,42.0,,,,,,41.0,41.0,69.0,42.0,40.0,,-35.0,-28.0,-41.0,,,,,,-1.0,-1.0,27.0,0.0,-2.0,,-77.0,-70.0,-83.0,,,,,,,,,,,,,,,,,,,,,,,,,,,,,,,,,,,,,,,,,,,,,,,,,,,,,,,,0.0,28.0,1.0,-1.0,,-76.0,-69.0,-82.0,28.0,1.0,-1.0,,-76.0,-69.0,-82.0,-27.0,-29.0,,-104.0,-97,-110,-2.0,,-77.0,-70.0,-83.0,,-75.0,-68.0,-81.0,,,,7.0,-6.0,-13
42004,1,12,2014-01-17 01:00:00+00:00,3381,175,0,Gesetzentwurf,Kommunale Angelegenheiten,"['Abfall- und Bodenschutzgesetz', 'Anstalt des öffentlichen Rechts', 'Berlin', 'Brandenburgische Personenstandsverordnung', 'Gebührengesetz', 'Gemeinde', 'Gemeindeverband', 'Genehmigungsfreistellungsverordnung', 'Gesetz über die Investitionsbank des Landes Brandenburg', 'Gesetz über kommunale Gemeinschaftsarbeit im Land Brandenburg', 'Gesetz zur Ausführung des Tierische Nebenprodukte-Beseitigungsgesetzes', 'Gesundheitsdienstgesetz', 'Kommunalabgabengesetz', 'Kommunalaufsicht', 'Kommunale Selbstverwaltung', 'Kommunalverfassung', 'Kommunalverwaltung', 'Kreis', 'Landesimmissionsschutzgesetz', 'Personenstandsausführungsgesetz', 'Schulgesetz', 'Staatsvertrag', 'Straßengesetz', 'Umsatzsteuer', 'Verordnung zur Bildung von Standesamtsbezirken', 'Verordnung', 'Verwaltungsverfahrensgesetz für das Land Brandenburg', 'Verwaltungsvollstreckungsgesetz für das Land Brandenburg', 'Wassergesetz', 'Zweckverband']",[ 0.00327348  0.02904474 -0.01172503 ...  0.03380617  0.00113084   0.02011705],"[(np.int64(29), np.float64(0.4751831057122502)), (np.int64(21), np.float64(0.4678055068565546)), (np.int64(19), np.float64(0.4335941507783114))]",29,0.4751831057122502,0.5,0.5,0.5,1,40,4.0,27.0,83.0,0.0,,125.0,146.0,1.0,157.0,0.0,,1.0,159.0,,,,,,1,175,,,1.0,158.0,1.0,159.0,0.0,,0.0,,,,0.0,,,,,0.0,,,,,,,,,,,,,,,0.0,,,,,,,,,,,,,,,,,,,,,,,,,,,,,1.0,83.0,0.0,,0.0,,,,,,,,,,,,,,,,,,,0.0,,0.0,,0.0,,,0.0,,,,,,,,,,,0.0,,,,,,,,,,,,,,,,,,,,,,,,,,,,,,,,,,,,,,,,,,,,,,,,,,,,,,,,,,,,,,,,,,,,,,,,,,,,,,,,,,,,,,,,,,,,,,,,,,,,,,,,,,,,,,,,,,,,,,,,,,,,,,,,,,,,,,,76.0,,,,,,75.0,,92.0,76.0,74.0,,-56.0,-43.0,-83.0,,,,,,-1.0,,16.0,0.0,-2.0,,-132.0,-119.0,-159.0,,,,,,,,,,,,,,,,,,,,,,,,,,,,,,,,,,,,,,,,,,,,,,,,,,,,,,,,,17.0,1.0,-1.0,,-131.0,-118.0,-158.0,,,,,,,,-16.0,-18.0,,-148.0,-135,-175,-2.0,,-132.0,-119.0,-159.0,,-130.0,-117.0,-157.0,,,,13.0,-27.0,-40
42178,1,12,2014-02-12 01:00:00+00:00,3407,149,0,Gesetzentwurf,"['Wald Forsten', 'Ländlicher Raum', 'Jagd Fischerei']","['Brandschutz', 'Flurbereinigung', 'Jagd', 'Jagdgesetz', 'Jagdzeit', 'Landentwicklungsgesetz', 'Wald', 'Waldbrand', 'Waldgesetz', 'Wild', 'Wildschaden']",[-0.0090119   0.00509884  0.00583995 ...  0.01920958 -0.00064847   0.01956531],"[(np.int64(33), np.float64(0.5007103185321301)), (np.int64(29), np.float64(0.46370482518030054)), (np.int64(19), np.float64(0.45355621441207106))]",33,0.5007103185321301,0.5,1.0,0.4166666666666666,1,14,4.0,43.0,85.0,0.0,,119.0,127.0,1.0,131.0,2.0,132.0,1.0,133.0,132.0,,,,,1,149,,,0.0,,0.0,,0.0,,0.0,,,,0.0,,,,,0.0,,,,,,,,,,,,,,,0.0,,,,,,,,,,,,,,,,,,,,,,,,,,,,,1.0,85.0,0.0,,0.0,,,,,,,,,,,,,,,,,,,0.0,,0.0,,0.0,,,0.0,,,,,,,,,,,0.0,,,,,,,,,,,,,,,,,,,,,,,,,,,,,,,,,,,,,,,,,,,,,,,,,,,,,,,,,,,,,,,,,,,,,,,,,,,,,,,,,,,,,,,,,,,,,,,,,,,,,,,,,,,,,,,,,,,,,,,,,,,,,,,,,,,,,,,,,,,,,,47.0,64.0,48.0,46.0,,-42.0,-71.0,-85.0,,,,,,,,,,,,,,,,,,,,,,,,,,,,,,,,,,,,,,,,,,,,,,,,,,,,,,,,,,,,,,,,,,,,,,,,,,,,,,17.0,1.0,-1.0,,-89.0,-118.0,-132.0,-16.0,-18.0,,-106.0,-135,-149,-2.0,,-90.0,-119.0,-133.0,,-88.0,-117.0,-131.0,,,,-29.0,-43.0,-14
42179,1,8,2014-02-12 01:00:00+00:00,3407,145,0,Gesetzentwurf,Ordnungsrecht,"['Abfall- und Bodenschutzgesetz', 'Brandenburgischer IT-Dienstleister', 'Datenaustausch', 'Datenspeicherung', 'Gesetz zur Umsetzung des Brustkrebs-Früherkennungsprogramms', 'Grundrechtsbeschränkung', 'Kommunalabgabe', 'Kommunalwahlgesetz', 'Kommunalwahlverordnung', 'Kurtaxe', 'Landeswahlverordnung', 'Meldegesetz', 'Register', 'Schulgesetz', 'Verordnung zur Durchführung des Gesetzes über das Meldewesen im Land Brandenburg', 'Volksabstimmungsgesetz', 'Volksentscheidsverfahrensverordnung']",[-0.0095117   0.01215044 -0.00684229 ...  0.02282809  0.01104585   0.02025073],"[(np.int64(29), np.float64(0.48292031332418334)), (np.int64(19), np.float64(0.43728971041860143)), (np.int64(4), np.float64(0.41004353668467036))]",29,0.48292031332418334,0.5,0.5,0.5,1,14,3.0,36.0,57.0,0.0,,99.0,,1.0,104.0,0.0,,1.0,133.0,,,,,,1,145,,,0.0,,0.0,,0.0,,0.0,,,,0.0,,,,,0.0,,,,,,,,,,,,,,,0.0,,,,,,,,,,,,,,,,,,,,,,,,,,,,,0.0,,0.0,,0.0,,,,,,,,,,,,,,,,,,,0.0,,0.0,,0.0,,,0.0,,,,,,,,,,,0.0,,,,,,,,,,,,,,,,,,,,,,,,,,,,,,,,,,,,,,,,,,,,,,,,,,,,,,,,,,,,,,,,,,,,,,,,,,,,,,,,,,,,,,,,,,,,,,,,,,,,,,,,,,,,,,,,,,,,,,,,,,,,,,,,,,,,,,,,,,,,,,,,,,,,,,,,,,,,,,,,,,,,,,,,,,,,,,,,,,,,,,,,,,,,,,,,,,,,,,,,,,,,,,,,,,,,,,,,,,,,,,,,,,,,,,,,,,-12.0,-41.0,,-109.0,-131,-145,-29.0,,-97.0,-119.0,-133.0,,-68.0,-90.0,-104.0,,,,-22.0,-36.0,-14
42180,1,14,2014-02-12 01:00:00+00:00,3407,148,0,Gesetzentwurf,Öffentliche Verwaltung,"['Aufgabenkritik', 'Bienenzuchtgesetz', 'Gesetz über finanzpolitische Leitlinien und Vorgaben', 'Gesetz über Ziele und Vorgaben zur Modernisierung der Landesverwaltung', 'Landesbehörde', 'Landeshaushaltsordnung', 'Landesorganisationsgesetz', 'Landesschulamtserrichtungsgesetz', 'Landesverwaltung', 'Landwirtschaftsförderungsgesetz', 'Parlamentskompetenz', 'Personalabbau', 'Personalplanung', 'Personalvertretung', 'Schulbehördenreformgesetz', 'Verwaltungsorganisation']",[ 0.01548664 -0.01619595 -0.01010769 ...  0.01678705  0.01176275   0.01856033],"[(np.int64(16), np.float64(0.36943661820885476)), (np.int64(1), np.float64(0.3575579546711267)), (np.int64(29), np.float64(0.3501857483037735))]",16,0.36943661820885476,0.0,1.0,0.5,1,14,8.0,36.0,36.0,0.0,,42.0,85.0,1.0,131.0,0.0,,1.0,133.0,,,,,,1,148,99.0,110.0,0.0,,0.0,,0.0,,0.0,,,,0.0,,113.0,120.0,,0.0,,,,,,,,,,,,,,,0.0,,,,,,,,,,,,,,,,,,,,,,,,,,,,,1.0,99.0,0.0,,0.0,,,,,,,,,,,,,,,,,,,0.0,,0.0,,0.0,,,0.0,,,,,,,,,,,0.0,,,,,,,,,,,,,,,,,,,,,,,,,,,,,,,,,,,,,,,,,,,,,,,,,,,,,,,,,,,,,,,,,,,,,,,,,,,,,,,,,,,,,,,,,,,,,,,,,,,,,,,,,,,,,,,,,,,,,,,,,,,,,,,,,,,,,,,,,,,,,,,49.0,34.0,32.0,,-63.0,-85.0,-99.0,,,,,,,,,,,,,,,,,,,,,,,,,,,,,,,,,,,,,,,,,,,,,,,,,,,,,,,,,,,,,,,,,,,,,,,,,,,,,,,,,,,,,-15.0,-17.0,,-112.0,-134,-148,-2.0,,-97.0,-119.0,-133.0,,-95.0,-117.0,-131.0,,,,-22.0,-36.0,-14
42181,1,7,2014-02-12 01:00:00+00:00,3407,112,0,Gesetzentwurf,Juristische Berufe,"['Berlin', 'Juristenausbildungsgesetz', 'Juristischer Vorbereitungsdienst', 'Landesbeamtengesetz', 'Prüfung', 'Prüfungsordnung', 'Staatsprüfung']",[-0.00937585  0.01305498  0.02338028 ...  0.01222421  0.00278902   0.01863302],"[(np.int64(29), np.float64(0.48268301035978445)), (np.int64(19), np.float64(0.4511132354095508)), (np.int64(1), np.float64(0.42266296916207563))]",29,0.48268301035978445,0.5,0.5,0.5,1,14,2.0,43.0,85.0,0.0,,,,1.0,89.0,0.0,,1.0,91.0,,,,,,1,112,,,0.0,,0.0,,0.0,,0.0,,,,0.0,,,,,0.0,,,,,,,,,,,,,,,0.0,,,,,,,,,,,,,,,,,,,,,,,,,,,,,0.0,,0.0,,0.0,,,,,,,,,,,,,,,,,,,0.0,,0.0,,0.0,,,0.0,,,,,,,,,,,0.0,,,,,,,,,,,,,,,,,,,,,,,,,,,,,,,,,,,,,,,,,,,,,,,,,,,,,,,,,,,,,,,,,,,,,,,,,,,,,,,,,,,,,,,,,,,,,,,,,,,,,,,,,,,,,,,,,,,,,,,,,,,,,,,,,,,,,,,,,,,,,,,,,,,,,,,,,,,,,,,,,,,,,,,,,,,,,,,,,,,,,,,,,,,,,,,,,,,,,,,,,,,,,,,,,,,,,,,,,,,,,,,,,,,,,,,,,,-21.0,-23.0,,-69.0,-98,-112,-2.0,,-48.0,-77.0,-91.0,,-46.0,-75.0,-89.0,,,,-29.0,-43.0,-14
42543,1,26,2014-03-20 01:00:00+00:00,3443,113,0,Gesetzentwurf,Justizvollzug,"['Datenschutz', 'Freiheitsentziehung', 'Freiheitsstrafe', 'Geschlossener Vollzug', 'Gesundheitshilfe', 'Grundgesetz Art. 2', 'Grundrecht', 'Grundrechtsbeschränkung', 'Haftbedingungen', 'Jugendarrest', 'Jugendarrestvollzugsgesetz', 'Jugendgerichtshilfe', 'Jugendlicher', 'Jugendstrafrecht', 'Jugendstrafvollzug', 'Justizvollzugsanstalt', 'Justizvollzugsgesetz', 'Landesverfassung: Art. 8', 'Landesverfassung: Art. 9', 'Maßregelvollzug', 'Offener Vollzug', 'Personalplanung', 'Psychisch-Kranken-Gesetz', 'Recht auf körperliche Unversehrtheit', 'Resozialisierung', 'Sicherungsverwahrung', 'Sicherungsverwahrungsvollzugsgesetz', 'Strafgefangener', 'Straftäter', 'Therapie', 'Untersuchungshaft']",[-0.00884036  0.04366781  0.02147792 ...  0.01601944 -0.0113916   0.02954697],"[(np.int64(29), np.float64(0.4742675633569009)), (np.int64(22), np.float64(0.43977686823789625)), (np.int64(19), np.float64(0.4218681277286572))]",29,0.4742675633569009,0.5,0.5,0.5,1,13,4.0,7.0,49.0,0.0,,83.0,91.0,1.0,95.0,14.0,96.0,1.0,97.0,96.0,96.0,96.0,96.0,96.0,1,113,,,2.0,96.0,0.0,,0.0,,0.0,,,,0.0,,,,96.0,0.0,,,,,,,,,,,,,,,0.0,,,,,,,,,,,,,,,,,,,,,,,,,,,96.0,96.0,1.0,49.0,0.0,,0.0,,96.0,96.0,96.0,96.0,96.0,,,,,,,,,,,,,0.0,,0.0,,0.0,,96.0,0.0,,,,,,,,,,,0.0,,,,,,,,,,,,,,,,,,,,,,,,,,,,,,,,,,,,,,,,,,,,,,,,,,,,,,,,,,,,,,,,,,,,,,,,,,,,,,,,,,,,,,,,,,,,,,,,,,,,,,,,,,,,,,,,,,,,,,,,,,,,,,,,,,,,,,,,,,,,,47.0,47.0,64.0,48.0,46.0,,-42.0,-36.0,-49.0,,,,,,,,,,,,,,,,,,,,,,,,,,,,,,,,,,,,,,,,,,,,,,,,,,,,,,,,,,,,,,,,,,,,,,0.0,17.0,1.0,-1.0,,-89.0,-83.0,-96.0,17.0,1.0,-1.0,,-89.0,-83.0,-96.0,-16.0,-18.0,,-106.0,-100,-113,-2.0,,-90.0,-84.0,-97.0,,-88.0,-82.0,-95.0,,,,6.0,-7.0,-13
42542,1,7,2014-03-20 01:00:00+00:00,3443,109,0,Gesetzentwurf,Verkehrswegebau,"['Anhörung', 'Bundesstraße', 'Fernstraßenzuständigkeitsverordnung', 'Landesamt für Bauen und Verkehr', 'Landesstraße', 'Planfeststellung', 'Straßengesetz', 'Verordnung']",[-0.01297033  0.00036646  0.00811386 ...  0.00900224 -0.00544872  -0.00111788],"[(np.int64(29), np.float64(0.47508340090029944)), (np.int64(19), np.float64(0.4339998647813342)), (np.int64(4), np.float64(0.43075610615290316))]",29,0.47508340090029944,0.5,0.5,0.5,1,13,2.0,49.0,91.0,0.0,,,,1.0,92.0,0.0,,1.0,97.0,,,,,,1,109,,,0.0,,0.0,,0.0,,0.0,,,,0.0,,,,,0.0,,,,,,,,,,,,,,,0.0,,,,,,,,,,,,,,,,,,,,,,,,,,,,,0.0,,0.0,,0.0,,,,,,,,,,,,,,,,,,,0.0,,0.0,,0.0,,,0.0,,,,,,,,,,,0.0,,,,,,,,,,,,,,,,,,,,,,,,,,,,,,,,,,,,,,,,,,,,,,,,,,,,,,,,,,,,,,,,,,,,,,,,,,,,,,,,,,,,,,,,,,,,,,,,,,,,,,,,,,,,,,,,,,,,,,,,,,,,,,,,,,,,,,,,,,,,,,,,,,,,,,,,,,,,,,,,,,,,,,,,,,,,,,,,,,,,,,,,,,,,,,,,,,,,,,,,,,,,,,,,,,,,,,,,,,,,,,,,,,,,,,,,,,-12.0,-17.0,,-60.0,-96,-109,-5.0,,-48.0,-84.0,-97.0,,-43.0,-79.0,-92.0,,,,-36.0,-49.0,-13
42544,1,7,2014-03-20 01:00:00+00:00,3443,113,0,Gesetzentwurf,Tierkrankheiten,"['Datenaustausch', 'Datenschutz', 'Datenspeicherung', 'Gesetz zur Ausführung des Tiergesundheitsgesetzes', 'Gesetz zur Ausführung des Tierseuchengesetzes', 'Grundrecht', 'Grundrechtsbeschränkung', 'Kosten', 'Landesverfassung: Art. 11', 'Seuchenbekämpfung', 'Tierarzt', 'Tiergesundheitsgesetz', 'Tierhaltung', 'Tierkrankheit']",[ 0.00474538  0.0183846   0.0005111  ...  0.02256292 -0.01563885   0.03462036],"[(np.int64(12), np.float64(0.3466899005178731)), (np.int64(29), np.float64(0.34112068065352896)), (np.int64(19), np.float64(0.3009870628002241))]",12,0.3466899005178731,1.0,0.5,0.4166666666666666,1,14,2.0,49.0,83.0,0.0,,,,1.0,89.0,0.0,,1.0,97.0,,,,,,1,113,,,0.0,,0.0,,0.0,,0.0,,,,0.0,,,,,0.0,,,,,,,,,,,,,,,0.0,,,,,,,,,,,,,,,,,,,,,,,,,,,,,0.0,,0.0,,0.0,,,,,,,,,,,,,,,,,,,0.0,,0.0,,0.0,,,0.0,,,,,,,,,,,0.0,,,,,,,,,,,,,,,,,,,,,,,,,,,,,,,,,,,,,,,,,,,,,,,,,,,,,,,,,,,,,,,,,,,,,,,,,,,,,,,,,,,,,,,,,,,,,,,,,,,,,,,,,,,,,,,,,,,,,,,,,,,,,,,,,,,,,,,,,,,,,,,,,,,,,,,,,,,,,,,,,,,,,,,,,,,,,,,,,,,,,,,,,,,,,,,,,,,,,,,,,,,,,,,,,,,,,,,,,,,,,,,,,,,,,,,,,,-16.0,-24.0,,-64.0,-99,-113,-8.0,,-48.0,-83.0,-97.0,,-40.0,-75.0,-89.0,,,,-35.0,-49.0,-14
42549,1,8,2014-03-21 01:00:00+00:00,3444,115,0,Gesetzentwurf,Justizvollzug,"['Grenzüberschreitende Zusammenarbeit', 'Mecklenburg-Vorpommern', 'Sicherungsverwahrungsvollzugsgesetz', 'Staatsvertrag zwischen dem Land Brandenburg und dem Land Mecklenburg-Vorpommern über die Bildung eines Vollzugsverbundes in der Sicherungsverwahrung', 'Staatsvertrag', 'Therapie', 'Unterbringung', 'Verwaltungsabkommen']",[-1.25561492e-03  2.13974621e-02  3.12046311e-03 ... -3.25048240e-05   7.57826772e-03  3.44736874e-02],"[(np.int64(29), np.float64(0.4935359132749102)), (np.int64(19), np.float64(0.4914274078088286)), (np.int64(9), np.float64(0.4714778811391957))]",29,0.4935359132749102,0.5,0.5,0.5,1,12,3.0,47.0,48.0,0.0,,73.0,,1.0,74.0,0.0,,1.0,96.0,,,,,,1,115,,,0.0,,0.0,,0.0,,0.0,,,,0.0,,,,,0.0,,,,,,,,,,,,,,,0.0,,,,,,,,,,,,,,,,,,,,,,,,,,,,,0.0,,0.0,,0.0,,,,,,,,,,,,,,,,,,,0.0,,0.0,,0.0,,,0.0,,,,,,,,,,,0.0,,,,,,,,,,,,,,,,,,,,,,,,,,,,,,,,,,,,,,,,,,,,,,,,,,,,,,,,,,,,,,,,,,,,,,,,,,,,,,,,,,,,,,,,,,,,,,,,,,,,,,,,,,,,,,,,,,,,,,,,,,,,,,,,,,,,,,,,,,,,,,,,,,,,,,,,,,,,,,,,,,,,,,,,,,,,,,,,,,,,,,,,,,,,,,,,,,,,,,,,,,,,,,,,,,,,,,,,,,,,,,,,,,,,,,,,,,-19.0,-41.0,,-68.0,-103,-115,-22.0,,-49.0,-84.0,-96.0,,-27.0,-62.0,-74.0,,,,-35.0,-47.0,-12
42787,1,6,2014-04-22 02:00:00+00:00,3477,80,0,Gesetzentwurf,"['Religionsgemeinschaften', 'Abgaben']","['Eingetragene Lebenspartnerschaft', 'Einkommensteuer', 'Kirche', 'Kirchensteuergesetz', 'Splittingverfahren', 'Staatskirchenrecht', 'Steuer']",[-0.00801144  0.02741694  0.02231335 ... -0.00744767  0.00747735   0.01198749],"[(np.int64(29), np.float64(0.43940060188067775)), (np.int64(23), np.float64(0.4196019662072836)), (np.int64(19), np.float64(0.393982164189597))]",29,0.43940060188067775,0.5,0.5,0.5,1,22,1.0,44.0,,0.0,,,,1.0,49.0,0.0,,1.0,64.0,,,,,,1,80,,,0.0,,0.0,,0.0,,0.0,,,,0.0,,,,,0.0,,,,,,,,,,,,,,,0.0,,,,,,,,,,,,,,,,,,,,,,,,,,,,,0.0,,0.0,,0.0,,,,,,,,,,,,,,,,,,,0.0,,0.0,,0.0,,,0.0,,,,,,,,,,,0.0,,,,,,,,,,,,,,,,,,,,,,,,,,,,,,,,,,,,,,,,,,,,,,,,,,,,,,,,,,,,,,,,,,,,,,,,,,,,,,,,,,,,,,,,,,,,,,,,,,,,,,,,,,,,,,,,,,,,,,,,,,,,,,,,,,,,,,,,,,,,,,,,,,,,,,,,,,,,,,,,,,,,,,,,,,,,,,,,,,,,,,,,,,,,,,,,,,,,,,,,,,,,,,,,,,,,,,,,,,,,,,,,,,,,,,,,,,-16.0,-31.0,,-36.0,-58,-80,-15.0,,-20.0,-42.0,-64.0,,-5.0,-27.0,-49.0,,,,-22.0,-44.0,-22
42789,1,6,2014-04-28 02:00:00+00:00,3483,77,0,Gesetzentwurf,Justizverwaltung,"['Ausführungsgesetz zum Bürgerlichen Gesetzbuch', 'Gebühr', 'Gerichts- und Notarkostengesetz', 'Hinterlegungsgesetz', 'Justizkostengesetz', 'Justizverwaltung', 'Justizverwaltungskosten', 'Justizverwaltungskostengesetz', 'Kostenrecht', 'Kostenrechtsmodernisierungsgesetz', 'Schiedsstellengesetz']",[-0.00666928  0.01310143  0.03296107 ...  0.02821847  0.00853668   0.01144152],"[(np.int64(29), np.float64(0.4463008259285265)), (np.int64(19), np.float64(0.38565505621231544)), (np.int64(23), np.float64(0.3821809529190206))]",29,0.4463008259285265,0.5,0.5,0.5,1,16,1.0,52.0,,0.0,,,,1.0,56.0,0.0,,1.0,58.0,,,,,,1,77,,,0.0,,0.0,,0.0,,0.0,,,,0.0,,,,,0.0,,,,,,,,,,,,,,,0.0,,,,,,,,,,,,,,,,,,,,,,,,,,,,,0.0,,0.0,,0.0,,,,,,,,,,,,,,,,,,,0.0,,0.0,,0.0,,,0.0,,,,,,,,,,,0.0,,,,,,,,,,,,,,,,,,,,,,,,,,,,,,,,,,,,,,,,,,,,,,,,,,,,,,,,,,,,,,,,,,,,,,,,,,,,,,,,,,,,,,,,,,,,,,,,,,,,,,,,,,,,,,,,,,,,,,,,,,,,,,,,,,,,,,,,,,,,,,,,,,,,,,,,,,,,,,,,,,,,,,,,,,,,,,,,,,,,,,,,,,,,,,,,,,,,,,,,,,,,,,,,,,,,,,,,,,,,,,,,,,,,,,,,,,-19.0,-21.0,,-25.0,-61,-77,-2.0,,-6.0,-42.0,-58.0,,-4.0,-40.0,-56.0,,,,-36.0,-52.0,-16
42790,1,6,2014-04-28 02:00:00+00:00,3483,77,0,Gesetzentwurf,Justizverwaltung,"['Beratungshilfe', 'Sozialgerichtsgesetz', 'Finanzgerichtsbarkeit', 'Finanzgerichtsgesetz', 'Gesetz zur Änderung des Prozesskostenhilfe- und Beratungshilferechts', 'Gesetz zur Errichtung der Sozialgerichtsbarkeit im Land Brandenburg', 'Justizverwaltung', 'Prozesskostenhilfe', 'Richter', 'Sozialgerichtsbarkeit', 'Urkundsbeamter', 'Verwaltungsgerichtsbarkeit', 'Verwaltungsgerichtsgesetz']",[-0.00689834  0.01617542  0.01843522 ...  0.01653223 -0.00086601   0.01700797],"[(np.int64(29), np.float64(0.49596252359089354)), (np.int64(34), np.float64(0.4202068568147357)), (np.int64(9), np.float64(0.4193587116462011))]",29,0.49596252359089354,0.5,0.5,0.5,1,16,1.0,52.0,,0.0,,,,1.0,56.0,0.0,,1.0,58.0,,,,,,1,77,,,0.0,,0.0,,0.0,,0.0,,,,0.0,,,,,0.0,,,,,,,,,,,,,,,0.0,,,,,,,,,,,,,,,,,,,,,,,,,,,,,0.0,,0.0,,0.0,,,,,,,,,,,,,,,,,,,0.0,,0.0,,0.0,,,0.0,,,,,,,,,,,0.0,,,,,,,,,,,,,,,,,,,,,,,,,,,,,,,,,,,,,,,,,,,,,,,,,,,,,,,,,,,,,,,,,,,,,,,,,,,,,,,,,,,,,,,,,,,,,,,,,,,,,,,,,,,,,,,,,,,,,,,,,,,,,,,,,,,,,,,,,,,,,,,,,,,,,,,,,,,,,,,,,,,,,,,,,,,,,,,,,,,,,,,,,,,,,,,,,,,,,,,,,,,,,,,,,,,,,,,,,,,,,,,,,,,,,,,,,,-19.0,-21.0,,-25.0,-61,-77,-2.0,,-6.0,-42.0,-58.0,,-4.0,-40.0,-56.0,,,,-36.0,-52.0,-16
42800,1,6,2014-04-30 02:00:00+00:00,3485,75,0,Gesetzentwurf,Dienstleistungen,"['Dienstleistung', 'Dienstleistungsrichtlinie', 'E-Government', 'Gebühr', 'Gesetz über den Einheitlichen Ansprechpartner für das Land Brandenburg', 'Richtlinie der EU', 'Verordnung über die Verwaltungsgebühren im Geschäftsbereich des Ministers für Wirtschaft und Europaangelegenheiten', 'Verordnung', 'Verwaltungsverfahren']",[ 0.01177087 -0.01307217  0.01212577 ... -0.00062847  0.01786333   0.03123126],"[(np.int64(5), np.float64(0.46275506752835516)), (np.int64(29), np.float64(0.45994471374850876)), (np.int64(23), np.float64(0.4462924882490122))]",5,0.46275506752835516,0.0,1.0,0.5,1,14,1.0,42.0,,0.0,,,,1.0,43.0,0.0,,1.0,56.0,,,,,,1,75,,,0.0,,0.0,,0.0,,0.0,,,,0.0,,,,,0.0,,,,,,,,,,,,,,,0.0,,,,,,,,,,,,,,,,,,,,,,,,,,,,,0.0,,0.0,,0.0,,,,,,,,,,,,,,,,,,,0.0,,0.0,,0.0,,,0.0,,,,,,,,,,,0.0,,,,,,,,,,,,,,,,,,,,,,,,,,,,,,,,,,,,,,,,,,,,,,,,,,,,,,,,,,,,,,,,,,,,,,,,,,,,,,,,,,,,,,,,,,,,,,,,,,,,,,,,,,,,,,,,,,,,,,,,,,,,,,,,,,,,,,,,,,,,,,,,,,,,,,,,,,,,,,,,,,,,,,,,,,,,,,,,,,,,,,,,,,,,,,,,,,,,,,,,,,,,,,,,,,,,,,,,,,,,,,,,,,,,,,,,,,-19.0,-32.0,,-33.0,-61,-75,-13.0,,-14.0,-42.0,-56.0,,-1.0,-29.0,-43.0,,,,-28.0,-42.0,-14
42795,1,6,2014-04-30 02:00:00+00:00,3485,75,0,Gesetzentwurf,"['Medizinische Berufe', 'Europäische Union']","['Berufliche Qualifikation', 'Berufliche Weiterbildung', 'Brandenburgisches Gesetz zur Verbesserung der Feststellung und Anerkennung im Ausland erworbener Berufsqualifikationen', 'Europäische Union', 'EU-Recht', 'Gesetz über die Weiterbildung und Fortbildung in den Fachberufen des Gesundheitswesens', 'Gesetz zur Verbesserung der Rechte von Patientinnen und Patienten', 'Haftpflichtversicherung', 'Medizinische Versorgung', 'Patient', 'Patientenmobilitätsumsetzungsgesetz', 'Patientenrechte', 'Richtlinie der EU']",[0.00718574 0.01912188 0.02633768 ... 0.01960293 0.00303665 0.00092828],"[(np.int64(36), np.float64(0.45047009481281985)), (np.int64(29), np.float64(0.40019657404643205)), (np.int64(3), np.float64(0.3626783747006384))]",36,0.45047009481281985,1.0,1.0,1.0,1,14,1.0,42.0,,0.0,,,,1.0,48.0,0.0,,1.0,56.0,,,,,,1,75,,,0.0,,0.0,,0.0,,0.0,,,,0.0,,,,,0.0,,,,,,,,,,,,,,,0.0,,,,,,,,,,,,,,,,,,,,,,,,,,,,,0.0,,0.0,,0.0,,,,,,,,,,,,,,,,,,,0.0,,0.0,,0.0,,,0.0,,,,,,,,,,,0.0,,,,,,,,,,,,,,,,,,,,,,,,,,,,,,,,,,,,,,,,,,,,,,,,,,,,,,,,,,,,,,,,,,,,,,,,,,,,,,,,,,,,,,,,,,,,,,,,,,,,,,,,,,,,,,,,,,,,,,,,,,,,,,,,,,,,,,,,,,,,,,,,,,,,,,,,,,,,,,,,,,,,,,,,,,,,,,,,,,,,,,,,,,,,,,,,,,,,,,,,,,,,,,,,,,,,,,,,,,,,,,,,,,,,,,,,,,-19.0,-27.0,,-33.0,-61,-75,-8.0,,-14.0,-42.0,-56.0,,-6.0,-34.0,-48.0,,,,-28.0,-42.0,-14
42799,1,6,2014-04-30 02:00:00+00:00,3485,75,0,Gesetzentwurf,Berufsausbildung,"['Architekt', 'Architektengesetz', 'Europa', 'Europäische Union', 'Kroatien', 'Richtlinie der EU']",[-0.01309969  0.02962182  0.02466518 ...  0.00610729  0.00030426   0.01079839],"[(np.int64(29), np.float64(0.44130373815464047)), (np.int64(4), np.float64(0.4196444960302065)), (np.int64(10), np.float64(0.4154311330987444))]",29,0.44130373815464047,0.5,0.5,0.5,1,14,1.0,50.0,,0.0,,,,1.0,51.0,0.0,,1.0,56.0,,,,,,1,75,,,0.0,,0.0,,0.0,,0.0,,,,0.0,,,,,0.0,,,,,,,,,,,,,,,0.0,,,,,,,,,,,,,,,,,,,,,,,,,,,,,0.0,,0.0,,0.0,,,,,,,,,,,,,,,,,,,0.0,,0.0,,0.0,,,0.0,,,,,,,,,,,0.0,,,,,,,,,,,,,,,,,,,,,,,,,,,,,,,,,,,,,,,,,,,,,,,,,,,,,,,,,,,,,,,,,,,,,,,,,,,,,,,,,,,,,,,,,,,,,,,,,,,,,,,,,,,,,,,,,,,,,,,,,,,,,,,,,,,,,,,,,,,,,,,,,,,,,,,,,,,,,,,,,,,,,,,,,,,,,,,,,,,,,,,,,,,,,,,,,,,,,,,,,,,,,,,,,,,,,,,,,,,,,,,,,,,,,,,,,,-19.0,-24.0,,-25.0,-61,-75,-5.0,,-6.0,-42.0,-56.0,,-1.0,-37.0,-51.0,,,,-36.0,-50.0,-14
42801,1,10,2014-04-30 02:00:00+00:00,3485,72,0,Gesetzentwurf,Sozialleistungen,"['Bundesmittel', 'Geldleistung', 'Gemeindefinanzen', 'Gesetz zur Ausführung des Zwölften Buches Sozialgesetzbuch', 'Grundsicherung im Alter und bei Erwerbsminderung', 'Konnexitätsprinzip', 'Kostenerstattung', 'Kreis', 'Kreisfreie Stadt', 'Sozialhilfe', 'Sozialleistung', 'Verwaltungsausgaben', 'Viertes Kapitel SGB XII Zuständigkeitsverordnung']",[ 0.01705976  0.02839316 -0.00688952 ...  0.00611407 -0.01473343   0.01932644],"[(np.int64(17), np.float64(0.3510872931255178)), (np.int64(21), np.float64(0.340214333940206)), (np.int64(29), np.float64(0.33956452668949244))]",17,0.3510872931255178,0.0,1.0,0.5,1,14,3.0,7.0,28.0,0.0,,49.0,,1.0,51.0,1.0,55.0,1.0,56.0,,,,,,1,72,,,0.0,,0.0,,0.0,,0.0,,,,0.0,,,,,0.0,,,,,,,,,,,,,,,0.0,,,,,,,,,,,,,,,,,,,,,,,,,,,,,1.0,28.0,0.0,,0.0,,,,,,,,,,,,,,,,,,,0.0,,0.0,,0.0,,,0.0,,,,,,,,,,,0.0,,,,,,,,,,,,,,,,,,,,,,,,,,,,,,,,,,,,,,,,,,,,,,,,,,,,,,,,,,,,,,,,,,,,,,,,,,,,,,,,,,,,,,,,,,,,,,,,,,,,,,,,,,,,,,,,,,,,,,,,,,,,,,,,,,,,,,,,,,,,,,27.0,44.0,28.0,23.0,,-21.0,-14.0,-28.0,,,,,,,,,,,,,,,,,,,,,,,,,,,,,,,,,,,,,,,,,,,,,,,,,,,,,,,,,,,,,,,,,,,,,,,,,,,,,,17.0,1.0,-4.0,,-48.0,-41.0,-55.0,-16.0,-21.0,,-65.0,-58,-72,-5.0,,-49.0,-42.0,-56.0,,-44.0,-37.0,-51.0,,,,7.0,-7.0,-14
57114,1,4,2014-11-17 01:00:00+00:00,3685,30,0,Gesetzentwurf,"['Parlament', 'Verfassungsschutz Spionage']","['Mitglied', 'Verfassungsschutzgesetz']",[-0.01672683  0.03227572 -0.01119049 ...  0.02520804  0.0087168   0.01660904],"[(np.int64(19), np.float64(0.5111447198354758)), (np.int64(29), np.float64(0.44332453143216954)), (np.int64(9), np.float64(0.440294791076262))]",19,0.5111447198354758,0.0,0.0,0.3333333333333333,1,2,0.0,,,0.0,,,,0.0,,0.0,,1.0,30.0,,,,,,1,30,,,0.0,,0.0,,0.0,,0.0,,,,0.0,,,,,0.0,,,,,,,,,,,,,,,0.0,,,,,,,,,,,,,,,,,,,,,,,,,,,,,0.0,,0.0,,0.0,,,,,,,,,,,,,,,,,,,0.0,,0.0,,0.0,,,0.0,,,,,,,,,,,0.0,,,,,,,,,,,,,,,,,,,,,,,,,,,,,,,,,,,,,,,,,,,,,,,,,,,,,,,,,,,,,,,,,,,,,,,,,,,,,,,,,,,,,,,,,,,,,,,,,,,,,,,,,,,,,,,,,,,,,,,,,,,,,,,,,,,,,,,,,,,,,,,,,,,,,,,,,,,,,,,,,,,,,,,,,,,,,,,,,,,,,,,,,,,,,,,,,,,,,,,,,,,,,,,,,,,,,,,,,,,,,,,,,,,,,,,,,,0.0,,,,-28,-30,,,,-28.0,-30.0,,,,,,,,,,-2
57187,1,7,2014-12-03 01:00:00+00:00,3701,247,0,Gesetzentwurf,Rundfunk Fernsehen,"['Rundfunk', 'Rundfunkbeitrag', 'Rundfunkfinanzierung', 'Rundfunkfinanzierungsstaatsvertrag', 'Staatsvertrag']",[ 0.01333872 -0.00060597  0.00822652 ...  0.00371663  0.00484777   0.01704066],"[(np.int64(29), np.float64(0.38452214842779114)), (np.int64(13), np.float64(0.3577974225374309)), (np.int64(15), np.float64(0.35127447038886045))]",29,0.38452214842779114,0.5,1.0,0.4166666666666666,1,14,1.0,42.0,,0.0,,,,1.0,42.0,0.0,,1.0,49.0,,,,,,1,70,,,0.0,,0.0,,0.0,,1.0,247.0,,,0.0,,,,,0.0,,,,,,,,,,,,,,,0.0,,,,,,,,,,,,,,,,,,,,,,,,,,,,,0.0,,0.0,,0.0,,,,,,,,,,,,,,,,,,,0.0,,0.0,,0.0,,,0.0,,,,,,,,,,,0.0,,,,,,,,,,,,,,,,,,,,,,,,,,,,,,,,,,,,,,,,,,,,,,,,,,,,,,,,,,,,,,,,,,,,,,,,,,,,,,,,,,,,,,,,,,,,,,,,,,,,,,,,,,,,,,,,,,,,,,,,,,,,,,,,,,,,,,,,,,,,,,,,,,,,,,,,,,,,,,,,,,,,,,,,,,,,,,,,,,,,,,,,,,,,,,,,,,,,,,,,,,,-177.0,-198.0,-205.0,,-205.0,-233.0,-247.0,,,,,,,,,,,,,,,,,,,,,,,,,-21.0,-28.0,,-28.0,-56,-70,-7.0,,-7.0,-35.0,-49.0,,0.0,-28.0,-42.0,,,,-28.0,-42.0,-14
57202,1,9,2014-12-03 01:00:00+00:00,3701,113,0,Gesetzentwurf,Parlament,"['Abgeordnetenentschädigung', 'Abgeordnetenrecht', 'Einzelplan 01 - Landtag', 'Kostenpauschale für Abgeordnete', 'Landtagspräsidium', 'Landtagsvizepräsident', 'Parlamentarische Opposition', 'Stellenzulage']",[ 0.01531196  0.01661764 -0.00471822 ... -0.00028005 -0.00277455   0.01068277],"[(np.int64(29), np.float64(0.3532661219652082)), (np.int64(16), np.float64(0.3459659864939736)), (np.int64(12), np.float64(0.32138449641538713))]",29,0.3532661219652082,0.5,1.0,0.4166666666666666,1,14,3.0,42.0,77.0,0.0,,98.0,,1.0,103.0,0.0,,1.0,106.0,,,,,,1,113,,,0.0,,0.0,,0.0,,0.0,,,,0.0,,,,,0.0,,,,,,,,,,,,,,,0.0,,,,,,,,,,,,,,,,,,,,,,,,,,,,,1.0,77.0,0.0,,0.0,,,,,,,,,,,,,,,,,,,0.0,,0.0,,0.0,,,0.0,,,,,,,,,,,0.0,,,,,,,,,,,,,,,,,,,,,,,,,,,,,,,,,,,,,,,,,,,,,,,,,,,,,,,,,,,,,,,,,,,,,,,,,,,,,,,,,,,,,,,,,,,,,,,,,,,,,,,,,,,,,,,,,,,,,,,,,,,,,,,,,,,,,,,,,,,,,,,36.0,29.0,26.0,,-35.0,-63.0,-77.0,,,,,,,,,,,,,,,,,,,,,,,,,,,,,,,,,,,,,,,,,,,,,,,,,,,,,,,,,,,,,,,,,,,,,,,,,,,,,,,,,,,,,-7.0,-10.0,,-71.0,-99,-113,-3.0,,-64.0,-92.0,-106.0,,-61.0,-89.0,-103.0,,,,-28.0,-42.0,-14
57203,1,10,2014-12-03 01:00:00+00:00,3701,105,0,Gesetzentwurf,Parlament,"['Landesverfassung: Art. 69', 'Landtagspräsidium', 'Landtagsvizepräsident', 'Parlamentarische Opposition', 'Verfassungsreform']",[ 0.00537573  0.02032145 -0.0075024  ...  0.01482757  0.0086248   0.02209367],"[(np.int64(19), np.float64(0.49361096771626745)), (np.int64(29), np.float64(0.47197096116934223)), (np.int64(4), np.float64(0.428647049009645))]",19,0.49361096771626745,0.0,0.0,0.3333333333333333,1,14,3.0,42.0,77.0,0.0,,98.0,,1.0,103.0,0.0,,1.0,105.0,,,,,,1,105,,,0.0,,0.0,,0.0,,0.0,,,,1.0,105.0,,,,0.0,,,,,,,,,,,,,,,0.0,,,,,,,,,,,,,,,,,,,,,,,,,,,,,1.0,77.0,0.0,,0.0,,,,,,,,,,,,,,,,,,,0.0,,0.0,,0.0,,,0.0,,,,,,,,,,,0.0,,,,,,,,,,,,,,,,,,,,,,,,,,,,,,,,,,,,,,,,,,,,,,,,,,,,,,,,,,,,,,,,,,,,,,,,,,,,,,,,,,,,,,,,,,,,,,,,,,,,,,,,,,,,,,,,,,,,,,,,,,,,,,,,,,,,,,,,,28.0,,,,,,28.0,28.0,26.0,,-35.0,-63.0,-77.0,,,,,,,,,,,,,,,,,,,,,,,,,,,,,,,,,0.0,0.0,-2.0,,-63.0,-91.0,-105.0,,,,,,,,,,,,,,,,,,,,,,,,,,,,,,,,,,,,,,,,,,,,,,0.0,-2.0,,-63.0,-91,-105,-2.0,,-63.0,-91.0,-105.0,,-61.0,-89.0,-103.0,,,,-28.0,-42.0,-14
57704,1,31,2015-01-08 01:00:00+00:00,3737,166,54,Sitzung,"['Öffentlicher Haushalt', 'Landesregierung']","['Bürgschaft', 'Einzelplan 01 - Landtag', 'Einzelplan 02 - Ministerpräsidentin, Ministerpräsident und Staatskanzlei', 'Einzelplan 03 - Ministerium des Innern und für Kommunales', 'Einzelplan 04 - Ministerium der Justiz und für Europa und Verbraucherschutz', 'Einzelplan 05 - Ministerium für Bildung, Jugend und Sport', 'Einzelplan 06 - Ministerium für Wissenschaft, Forschung und Kultur', 'Einzelplan 07 - Ministerium für Arbeit, Soziales, Gesundheit, Frauen und Familie', 'Einzelplan 08 - Ministerium für Wirtschaft und Energie', 'Einzelplan 10 - Ministerium für Ländliche Entwicklung, Umwelt und Landwirtschaft', 'Einzelplan 11 - Ministerium für Infrastruktur und Landesplanung', 'Einzelplan 12 - Ministerium der Finanzen', 'Einzelplan 13 - Landesrechnungshof', 'Einzelplan 14 - Verfassungsgericht des Landes Brandenburg', 'Einzelplan 20 - Allgemeine Finanzverwaltung', 'Flughafen Berlin Brandenburg', 'Landeshaushalt', 'Landesregierung', 'Öffentliche Ausgaben', 'Öffentliche Einnahmen', 'Öffentliche Mittel', 'Öffentlicher Haushalt', 'Terminplan']",[ 0.01640547  0.02460821 -0.00030835 ...  0.01795092 -0.00502269   0.02960118],"[(np.int64(34), np.float64(0.47591874134525985)), (np.int64(29), np.float64(0.4562715288274994)), (np.int64(21), np.float64(0.4536501309365006))]",34,0.47591874134525985,1.0,0.0,0.5,1,69,7.0,0.0,6.0,0.0,,56.0,139.0,17.0,151.0,0.0,,1.0,153.0,,,,,,1,166,140.0,141.0,0.0,,0.0,,0.0,,0.0,,151.0,151.0,1.0,155.0,154.0,,,1.0,12.0,151.0,151.0,151.0,151.0,151.0,151.0,151.0,151.0,151.0,151.0,151.0,151.0,154.0,1.0,154.0,155.0,,,,,,,,,,,,,,,,,,,,,,,,,,,0.0,,0.0,,0.0,,,,,,,,,,,,,,,,,,,0.0,,0.0,,0.0,,,0.0,,,,,,,,,,,0.0,,,,,,,,,,,,,,,,,,,,,,,,,,,,,,,,,,,,,,,,,,,,,,,,,,,,,,,,,,,,,,,,,,,,,,,,,,,,,,,,,,,,,,,,,,,,,,,,,,,,,,,,,,,,,,,,,,,,,,,,,,,,,,,,,,,,,,,,,,,,,,,,,,,,,,,,,,,,,,,,,,,,,,,,,,,,,,,,,-1.0,,-143.0,,,11.0,-2.0,-4.0,,-155.0,-86.0,-101.0,,-142.0,,,12.0,-1.0,-3.0,,-154.0,-85.0,-100.0,,,,,,,,,,,,,154.0,141.0,139.0,,-12.0,57.0,42.0,,,,,,,,,,,,,,,,-13.0,-15.0,,-166.0,-97,-112,-2.0,,-153.0,-84.0,-99.0,,-151.0,-82.0,-97.0,,,,69.0,54.0,-15
57356,1,4,2015-01-09 01:00:00+00:00,3738,33,0,Gesetzentwurf,Abgeordnete,"['Abgeordnetenentschädigung', 'Abgeordnetenrecht', 'Abgeordnetenversorgung', 'Alterssicherung', 'Einkommensentwicklung', 'Kostenpauschale für Abgeordnete', 'Landtagsabgeordneter', 'Versorgungswerk der Mitglieder des Landtags Nordrhein-Westfalen und des Landtags Brandenburg']",[-0.00144096  0.01395146  0.01194151 ...  0.00682794 -0.00443373   0.01200062],"[(np.int64(29), np.float64(0.38829946310956576)), (np.int64(23), np.float64(0.3526956201852883)), (np.int64(19), np.float64(0.33911883640453055))]",29,0.38829946310956576,0.5,1.0,0.4166666666666666,1,12,0.0,,,0.0,,,,0.0,,0.0,,1.0,13.0,,,,,,1,33,,,0.0,,0.0,,0.0,,0.0,,,,0.0,,,,,0.0,,,,,,,,,,,,,,,0.0,,,,,,,,,,,,,,,,,,,,,,,,,,,,,0.0,,0.0,,0.0,,,,,,,,,,,,,,,,,,,0.0,,0.0,,0.0,,,0.0,,,,,,,,,,,0.0,,,,,,,,,,,,,,,,,,,,,,,,,,,,,,,,,,,,,,,,,,,,,,,,,,,,,,,,,,,,,,,,,,,,,,,,,,,,,,,,,,,,,,,,,,,,,,,,,,,,,,,,,,,,,,,,,,,,,,,,,,,,,,,,,,,,,,,,,,,,,,,,,,,,,,,,,,,,,,,,,,,,,,,,,,,,,,,,,,,,,,,,,,,,,,,,,,,,,,,,,,,,,,,,,,,,,,,,,,,,,,,,,,,,,,,,,,-20.0,,,,-21,-33,,,,-1.0,-13.0,,,,,,,,,,-12
57642,1,9,2015-02-12 01:00:00+00:00,3772,166,0,Gesetzentwurf,Datenschutz,"['Beamtenrecht', 'Datenschutz', 'Datenschutz-Grundverordnung', 'Dienstaufsicht', 'Disziplinarverfahren', 'Europäische Kommission', 'Europäischer Gerichtshof', 'Landesbeauftragter für den Datenschutz und das Recht auf Akteneinsicht', 'Landtagspräsident', 'Oberste Landesbehörde', 'Richtlinie der EU', 'Verordnung der EU', 'Verstoß gegen EU-Recht', 'Vertragsverletzungsverfahren']",[ 0.01176273 -0.00523116  0.00472873 ...  0.01690522 -0.00443319   0.03357401],"[(np.int64(19), np.float64(0.45979127986543583)), (np.int64(29), np.float64(0.4460518022082712)), (np.int64(31), np.float64(0.4108230642101879))]",19,0.45979127986543583,0.0,0.0,0.3333333333333333,1,34,2.0,112.0,140.0,0.0,,,,1.0,144.0,2.0,145.0,1.0,146.0,146.0,,,,,1,166,,,0.0,,0.0,,0.0,,0.0,,,,0.0,,,,,0.0,,,,,,,,,,,,,,,0.0,,,,,,,,,,,,,,,,,,,,,,,,,,,,,0.0,,0.0,,0.0,,,,,,,,,,,,,,,,,,,0.0,,0.0,,0.0,,,0.0,,,,,,,,,,,0.0,,,,,,,,,,,,,,,,,,,,,,,,,,,,,,,,,,,,,,,,,,,,,,,,,,,,,,,,,,,,,,,,,,,,,,,,,,,,,,,,,,,,,,,,,,,,,,,,,,,,,,,,,,,,,,,,,,,,,,,,,,,,,,,,,,,,,,,,,,,,,,,,,,,,,,,,,,,,,,,,,,,,,,,,,,,,,,,,,,,,,,,,,,,,,,,,,,,,,,,,,,,,,,,,,,,,,,,,,,,,,,,,,,,21.0,1.0,-1.0,,-33.0,-111.0,-145.0,-20.0,-22.0,,-54.0,-132,-166,-2.0,,-34.0,-112.0,-146.0,,-32.0,-110.0,-144.0,,,,-78.0,-112.0,-34
57641,1,7,2015-02-12 01:00:00+00:00,3772,76,0,Gesetzentwurf,Ordnungsrecht,"['Bundesmeldedatenabrufverordnung', 'Bundesmeldegesetz', 'Datenschutz', 'Meldewesen']",[-0.00920491  0.02351707 -0.01710333 ...  0.02137916  0.00525571   0.03491929],"[(np.int64(29), np.float64(0.43945143883678134)), (np.int64(19), np.float64(0.4337275466781367)), (np.int64(9), np.float64(0.37694720309164154))]",29,0.43945143883678134,0.5,1.0,0.4166666666666666,1,34,2.0,28.0,70.0,0.0,,,,1.0,71.0,0.0,,1.0,76.0,,,,,,1,76,,,0.0,,0.0,,0.0,,0.0,,,,0.0,,,,,0.0,,,,,,,,,,,,,,,0.0,,,,,,,,,,,,,,,,,,,,,,,,,,,,,0.0,,0.0,,0.0,,,,,,,,,,,,,,,,,,,0.0,,0.0,,0.0,,,0.0,,,,,,,,,,,0.0,,,,,,,,,,,,,,,,,,,,,,,,,,,,,,,,,,,,,,,,,,,,,,,,,,,,,,,,,,,,,,,,,,,,,,,,,,,,,,,,,,,,,,,,,,,,,,,,,,,,,,,,,,,,,,,,,,,,,,,,,,,,,,,,,,,,,,,,,,,,,,,,,,,,,,,,,,,,,,,,,,,,,,,,,,,,,,,,,,,,,,,,,,,,,,,,,,,,,,,,,,,,,,,,,,,,,,,,,,,,,,,,,,,,,,,,,,0.0,-5.0,,-48.0,-42,-76,-5.0,,-48.0,-42.0,-76.0,,-43.0,-37.0,-71.0,,,,6.0,-28.0,-34
57754,1,10,2015-03-03 01:00:00+00:00,3791,122,0,Gesetzentwurf,"['Kommunale Angelegenheiten', 'Ausländer/Migranten', 'Finanzausgleich']","['Asylbewerber', 'Bundesmittel', 'Einwohnerzahl', 'Flüchtling', 'Flüchtlingsunterbringung', 'Gemeindefinanzen', 'Gemeinschaftsunterkunft', 'Kommunaler Finanzausgleich', 'Kreis', 'Kreisfreie Stadt', 'Schlüsselzuweisung', 'Umsatzsteuer']",[0.01691471 0.03595854 0.00730408 ... 0.01283389 0.00727451 0.00993591],"[(np.int64(22), np.float64(0.4609437030679884)), (np.int64(34), np.float64(0.42750938901877095)), (np.int64(29), np.float64(0.4136630036167523))]",22,0.4609437030679884,1.0,1.0,0.3333333333333333,1,15,3.0,21.0,44.0,0.0,,65.0,,1.0,70.0,0.0,,1.0,99.0,,,,,,1,122,,,0.0,,0.0,,0.0,,0.0,,,,0.0,,,,,0.0,,,,,,,,,,,,,,,1.0,100.0,,,,,,,,,,,,,,,,,,,,,,,,,,,,1.0,44.0,0.0,,0.0,,,,,,,,,,,,,,,,,,,0.0,,0.0,,0.0,,,0.0,,,,,,,,,,,0.0,,,,,,,,,,,,,,,,,,,,,,,,,,,,,,,,,,,,,,,,,,,,,,,,,,,,,,,,,,,,,,,,,,,,,,,,,,,,,,,,,,,,,,,,,,,,,,,,,,,,,,,,,,,,,,,,,,,,,,,,,,,,,,,,,,,,,,,,,,56.0,,,,,78.0,55.0,26.0,,-23.0,-29.0,-44.0,,,,,,,,,,,,,,,,,,,,,,,,,,,,,,,,,,,,,,,,,,,,22.0,-1.0,-30.0,,-79.0,-85.0,-100.0,,,,,,,,,,,,,,,,,,,,,,,,,,,,,,,,,,,-23.0,-52.0,,-101.0,-107,-122,-29.0,,-78.0,-84.0,-99.0,,-49.0,-55.0,-70.0,,,,-6.0,-21.0,-15
57753,1,10,2015-03-04 01:00:00+00:00,3792,112,0,Gesetzentwurf,Abgaben,"['Finanzausgleichsgesetz', 'Gesetz über die Festsetzung des Steuersatzes für die Grunderwerbsteuer', 'Grundstückskauf', 'Haushaltskonsolidierung', 'Immobilien', 'Landeshaushalt', 'Miete', 'Mietwohnung', 'Öffentliche Einnahmen', 'Steuer', 'Steuererhöhung', 'Steuertarif', 'Wohneigentum']",[ 0.015629    0.00384805 -0.01012333 ...  0.01468179 -0.00136902   0.03978292],"[(np.int64(23), np.float64(0.4048914872762934)), (np.int64(13), np.float64(0.34255330471903644)), (np.int64(34), np.float64(0.33464786726976864))]",23,0.4048914872762934,1.0,1.0,0.3333333333333333,1,14,3.0,43.0,64.0,0.0,,85.0,,1.0,90.0,0.0,,1.0,98.0,,,,,,1,112,,,0.0,,0.0,,0.0,,0.0,,,,0.0,,,,,0.0,,,,,,,,,,,,,,,1.0,99.0,,,,,,,,,,,,,,,,,,,,,,,,,,,,1.0,64.0,0.0,,0.0,,,,,,,,,,,,,,,,,,,0.0,,0.0,,0.0,,,0.0,,,,,,,,,,,0.0,,,,,,,,,,,,,,,,,,,,,,,,,,,,,,,,,,,,,,,,,,,,,,,,,,,,,,,,,,,,,,,,,,,,,,,,,,,,,,,,,,,,,,,,,,,,,,,,,,,,,,,,,,,,,,,,,,,,,,,,,,,,,,,,,,,,,,,,,,35.0,,,,,48.0,34.0,26.0,,-21.0,-50.0,-64.0,,,,,,,,,,,,,,,,,,,,,,,,,,,,,,,,,,,,,,,,,,,,13.0,-1.0,-9.0,,-56.0,-85.0,-99.0,,,,,,,,,,,,,,,,,,,,,,,,,,,,,,,,,,,-14.0,-22.0,,-69.0,-98,-112,-8.0,,-55.0,-84.0,-98.0,,-47.0,-76.0,-90.0,,,,-29.0,-43.0,-14
57760,1,7,2015-03-05 01:00:00+00:00,3793,123,0,Gesetzentwurf,"['Umwelt', 'Datenschutz']","['Akteneinsichts- und Informationszugangsgesetz', 'Auskunftspflicht', 'Europäischer Gerichtshof', 'Gerichtsentscheidung', 'Informationsfreiheit', 'Richtlinie der EU', 'Umweltinformation']",[-0.00440394  0.00489975 -0.00174262 ...  0.02146558  0.01656583   0.01236604],"[(np.int64(29), np.float64(0.44066127800232097)), (np.int64(19), np.float64(0.39322775712014035)), (np.int64(1), np.float64(0.38468818439710134))]",29,0.44066127800232097,0.5,1.0,0.4166666666666666,1,14,2.0,48.0,62.0,0.0,,,,1.0,88.0,0.0,,1.0,98.0,,,,,,1,123,,,0.0,,0.0,,0.0,,0.0,,,,0.0,,,,,0.0,,,,,,,,,,,,,,,0.0,,,,,,,,,,,,,,,,,,,,,,,,,,,,,0.0,,0.0,,0.0,,,,,,,,,,,,,,,,,,,0.0,,0.0,,0.0,,,0.0,,,,,,,,,,,0.0,,,,,,,,,,,,,,,,,,,,,,,,,,,,,,,,,,,,,,,,,,,,,,,,,,,,,,,,,,,,,,,,,,,,,,,,,,,,,,,,,,,,,,,,,,,,,,,,,,,,,,,,,,,,,,,,,,,,,,,,,,,,,,,,,,,,,,,,,,,,,,,,,,,,,,,,,,,,,,,,,,,,,,,,,,,,,,,,,,,,,,,,,,,,,,,,,,,,,,,,,,,,,,,,,,,,,,,,,,,,,,,,,,,,,,,,,,-25.0,-35.0,,-75.0,-109,-123,-10.0,,-50.0,-84.0,-98.0,,-40.0,-74.0,-88.0,,,,-34.0,-48.0,-14
57907,1,5,2015-03-13 01:00:00+00:00,3801,11,0,Gesetzentwurf,Parlament,"['Abgeordnetengruppe', 'Abgeordnetenrecht', 'Fraktionsloser Abgeordneter', 'Fraktionsmittel', 'Landtagsabgeordneter', 'Landtagsfraktion', 'Parlamentarische Opposition', 'Rücklage']",[-0.00653028  0.01557897 -0.00448042 ...  0.02073291 -0.00231342   0.01979583],"[(np.int64(29), np.float64(0.3601239635228546)), (np.int64(16), np.float64(0.3188578298958362)), (np.int64(12), np.float64(0.31855853041333837))]",29,0.3601239635228546,0.5,1.0,0.4166666666666666,1,5,0.0,,,0.0,,,,0.0,,1.0,3.0,1.0,6.0,,,,,,1,11,,,0.0,,0.0,,0.0,,0.0,,,,0.0,,,,,0.0,,,,,,,,,,,,,,,0.0,,,,,,,,,,,,,,,,,,,,,,,,,,,,,0.0,,0.0,,0.0,,,,,,,,,,,,,,,,,,,0.0,,0.0,,0.0,,,0.0,,,,,,,,,,,0.0,,,,,,,,,,,,,,,,,,,,,,,,,,,,,,,,,,,,,,,,,,,,,,,,,,,,,,,,,,,,,,,,,,,,,,,,,,,,,,,,,,,,,,,,,,,,,,,,,,,,,,,,,,,,,,,,,,,,,,,,,,,,,,,,,,,,,,,,,,,,,,,,,,,,,,,,,,,,,,,,,,,,,,,,,,,,,,,,,,,,,,,,,,,,,,,,,,,,,,,,,,,,,,,,,,,,,,,,,,,,,,,,,,,8.0,3.0,,,,2.0,-3.0,-5.0,,,,-6,-11,,,,-1.0,-6.0,,,,,,,,,,-5
58122,1,6,2015-04-14 02:00:00+00:00,3834,16,0,Gesetzentwurf,"['Nation', 'Arbeitsbedingungen']","['Gedenktag', 'Konzentrationslager Sachsenhausen', 'Nationalsozialismus', 'Tag der Befreiung', 'Zweiter Weltkrieg']",[ 0.01943717  0.0324743  -0.00131853 ...  0.01268157 -0.0064593   0.00577782],"[(np.int64(14), np.float64(0.41155358349934845)), (np.int64(32), np.float64(0.39391547615628875)), (np.int64(29), np.float64(0.37540727813664726))]",14,0.41155358349934845,0.5,1.0,0.4166666666666666,1,15,0.0,,,0.0,,,,0.0,,2.0,7.0,1.0,16.0,14.0,,,,,1,16,,,0.0,,0.0,,0.0,,0.0,,,,0.0,,,,,0.0,,,,,,,,,,,,,,,0.0,,,,,,,,,,,,,,,,,,,,,,,,,,,,,0.0,,0.0,,0.0,,,,,,,,,,,,,,,,,,,0.0,,0.0,,0.0,,,0.0,,,,,,,,,,,0.0,,,,,,,,,,,,,,,,,,,,,,,,,,,,,,,,,,,,,,,,,,,,,,,,,,,,,,,,,,,,,,,,,,,,,,,,,,,,,,,,,,,,,,,,,,,,,,,,,,,,,,,,,,,,,,,,,,,,,,,,,,,,,,,,,,,,,,,,,,,,,,,,,,,,,,,,,,,,,,,,,,,,,,,,,,,,,,,,,,,,,,,,,,,,,,,,,,,,,,,,,,,,,,,,,,,,,,,,,,,,,,,,,,,9.0,9.0,,,,8.0,-7.0,0.0,,,,-1,-16,,,,-1.0,-16.0,,,,,,,,,,-15
58132,1,11,2015-04-16 02:00:00+00:00,3836,81,0,Gesetzentwurf,"['Hochschulwesen', 'Kunst Kultur']","['Bachelor', 'Grundrechtsbeschränkung', 'Hochschule', 'Hochschulgesetz', 'Hochschulreife', 'Hochschulvergabeverordnung', 'Hochschulzulassungsgesetz', 'Immatrikulation', 'Klage', 'Kunstschule', 'Landeszuschuss', 'Lehrerbildung', 'Master (Hochschule)', 'Musik- und Kunstschulgesetz', 'Musikschule', 'Staatsvertrag über die Errichtung einer gemeinsamen Einrichtung für Hochschulzulassung', 'Stiftung für Hochschulzulassung', 'Stiftungsrat', 'Studienanfänger', 'Studienfach', 'Studienplatz', 'Verordnung']",[ 0.0199697   0.01757812  0.0074139  ...  0.0057099  -0.00194316   0.02116549],"[(np.int64(29), np.float64(0.4901350610361609)), (np.int64(28), np.float64(0.4775239960610267)), (np.int64(20), np.float64(0.46228861362629126))]",29,0.4901350610361609,0.5,1.0,0.4166666666666666,1,13,3.0,20.0,41.0,0.0,,48.0,,1.0,53.0,2.0,54.0,1.0,57.0,54.0,,,,,1,81,,,0.0,,0.0,,0.0,,0.0,,,,0.0,,,,,0.0,,,,,,,,,,,,,,,0.0,,,,,,,,,,,,,,,,,,,,,,,,,,,,,1.0,41.0,0.0,,0.0,,,,,,,,,,,,,,,,,,,0.0,,0.0,,0.0,,,0.0,,,,,,,,,,,0.0,,,,,,,,,,,,,,,,,,,,,,,,,,,,,,,,,,,,,,,,,,,,,,,,,,,,,,,,,,,,,,,,,,,,,,,,,,,,,,,,,,,,,,,,,,,,,,,,,,,,,,,,,,,,,,,,,,,,,,,,,,,,,,,,,,,,,,,,,,,,,,13.0,40.0,16.0,12.0,,-21.0,-28.0,-41.0,,,,,,,,,,,,,,,,,,,,,,,,,,,,,,,,,,,,,,,,,,,,,,,,,,,,,,,,,,,,,,,,,,,,,,,,,,,,,,27.0,3.0,-1.0,,-34.0,-41.0,-54.0,-24.0,-28.0,,-61.0,-68,-81,-4.0,,-37.0,-44.0,-57.0,,-33.0,-40.0,-53.0,,,,-7.0,-20.0,-13
58152,1,10,2015-04-16 02:00:00+00:00,3836,82,0,Gesetzentwurf,Öffentliches Vermögen,"['Ausschuss für Haushalt und Finanzen', 'Eigenkapital', 'EU-Recht', 'Finanzierung', 'Finanzierungsfonds Flughafen BER-Gesetz', 'Flughafen Berlin Brandenburg GmbH', 'Flughafen Berlin Brandenburg', 'Flughafengebühr', 'Fonds', 'Kapital', 'Kredit', 'Landeshaushalt', 'Landeshaushaltsordnung', 'Öffentliche Schulden', 'Parlamentarische Kontrolle', 'Verpflichtungsermächtigung', 'Zins']",[ 0.01312026  0.00925447  0.03748647 ...  0.01206596  0.0134717  -0.00374865],"[(np.int64(23), np.float64(0.4283018812268955)), (np.int64(34), np.float64(0.3892156245756122)), (np.int64(5), np.float64(0.3826924749554487))]",23,0.4283018812268955,1.0,1.0,0.3333333333333333,1,13,4.0,0.0,21.0,0.0,,41.0,43.0,1.0,48.0,0.0,,1.0,57.0,,,,,,1,82,,,0.0,,0.0,,0.0,,0.0,,,,0.0,,,,,0.0,,,,,,,,,,,,,,,0.0,,,,,,,,,,,,,,,,,,,,,,,,,,,,,1.0,41.0,0.0,,0.0,,,,,,,,,,,,,,,,,,,0.0,,0.0,,0.0,,,0.0,,,,,,,,,,,0.0,,,,,,,,,,,,,,,,,,,,,,,,,,,,,,,,,,,,,,,,,,,,,,,,,,,,,,,,,,,,,,,,,,,,,,,,,,,,,,,,,,,,,,,,,,,,,,,,,,,,,,,,,,,,,,,,,,,,,,,,,,,,,,,,,,,,,,,,,,,,,,,41.0,16.0,7.0,,-41.0,-28.0,-41.0,,,,,,,,,,,,,,,,,,,,,,,,,,,,,,,,,,,,,,,,,,,,,,,,,,,,,,,,,,,,,,,,,,,,,,,,,,,,,,,,,,,,,-25.0,-34.0,,-82.0,-69,-82,-9.0,,-57.0,-44.0,-57.0,,-48.0,-35.0,-48.0,,,,13.0,0.0,-13
58273,1,16,2015-04-23 02:00:00+00:00,3843,263,0,Gesetzentwurf,Landesregierung,"['Aufwandsentschädigung', 'Beamtenrecht', 'Berufsfreiheit', 'Büro', 'Erwerbstätigkeit', 'Geschenk', 'Landesminister', 'Landesregierung', 'Minister', 'Ministerpräsident', 'Personalausstattung', 'Staatssekretär', 'Übergangsgeld', 'Verwaltungsgerichtsgesetz']",[-0.00403943  0.01021739  0.00356421 ...  0.01146486  0.00938574   0.02150404],"[(np.int64(29), np.float64(0.4575637201296443)), (np.int64(19), np.float64(0.426670077393566)), (np.int64(21), np.float64(0.4149117354004943))]",29,0.4575637201296443,0.5,1.0,0.4166666666666666,1,49,4.0,69.0,146.0,0.0,,201.0,229.0,3.0,202.0,3.0,26.0,1.0,208.0,47.0,207.0,,,,1,263,,,0.0,,0.0,,0.0,,0.0,,206.0,230.0,1.0,236.0,,,,0.0,,,,,,,,,,,,,,,0.0,,,,,,,,,,,,,,,,,,,,,,,,,,,,,1.0,146.0,0.0,,0.0,,,,,,,,,,,,,,,,,,,0.0,,0.0,,0.0,,,0.0,,,,,,,,,,,0.0,,,,,,,,,,,,,,,,,,,,,,,,,,,,,,,,,,,,,,,,,,,,,,,,,,,,,,,,,,,,,,,,,,,,,,,,,,,,,,,,,,,,,,,,,,,,,,,,,,,,,,,,,,,,,,,,,,,,,,,,,,,,,,,,,,,,,,,,,90.0,,,,,-120.0,117.0,62.0,56.0,,-77.0,-97.0,-146.0,,,,,,,,,,,,,,,,,,,,,,,,,,,,,,,,-210.0,27.0,-28.0,-34.0,,-167.0,-187.0,-236.0,,,,,,,,,,,,,,,,,,,,,,,,,,,,,,,,,,,,,,,237.0,182.0,176.0,,43.0,23.0,-26.0,-55.0,-61.0,,-194.0,-214,-263,-6.0,,-139.0,-159.0,-208.0,,-133.0,-153.0,-202.0,,,,-20.0,-69.0,-49
58491,1,11,2015-05-22 02:00:00+00:00,3872,66,0,Gesetzentwurf,Frühkindliche Bildung,"['Beirat', 'Eltern', 'Elternvertretung', 'Erzieher', 'Fachkraft', 'Gemeinde', 'Kinder- und Jugendhilfe', 'Kinderbetreuung', 'Kindertagesstätte', 'Kleinkind', 'Kosten', 'Personalausstattung', 'Verordnung', 'Verpflegung', 'Website']",[-0.00252617  0.00951376  0.003708   ...  0.01099105 -0.03545501   0.02659126],"[(np.int64(29), np.float64(0.36640687910498)), (np.int64(8), np.float64(0.3398371759797735)), (np.int64(16), np.float64(0.32903328699937334))]",29,0.36640687910498,0.5,1.0,0.4166666666666666,1,21,3.0,6.0,34.0,0.0,,41.0,,1.0,42.0,2.0,11.0,1.0,47.0,40.0,,,,,1,66,,,0.0,,0.0,,0.0,,0.0,,,,0.0,,,,,0.0,,,,,,,,,,,,,,,0.0,,,,,,,,,,,,,,,,,,,,,,,,,,,,,1.0,34.0,0.0,,0.0,,,,,,,,,,,,,,,,,,,0.0,,0.0,,0.0,,,0.0,,,,,,,,,,,0.0,,,,,,,,,,,,,,,,,,,,,,,,,,,,,,,,,,,,,,,,,,,,,,,,,,,,,,,,,,,,,,,,,,,,,,,,,,,,,,,,,,,,,,,,,,,,,,,,,,,,,,,,,,,,,,,,,,,,,,,,,,,,,,,,,,,,,,,,,,,,,,-23.0,32.0,13.0,8.0,,-28.0,-13.0,-34.0,,,,,,,,,,,,,,,,,,,,,,,,,,,,,,,,,,,,,,,,,,,,,,,,,,,,,,,,,,,,,,,,,,,,,,,,,,,,,,55.0,36.0,31.0,,-5.0,10.0,-11.0,-19.0,-24.0,,-60.0,-45,-66,-5.0,,-41.0,-26.0,-47.0,,-36.0,-21.0,-42.0,,,,15.0,-6.0,-21
58695,1,9,2015-06-18 02:00:00+00:00,3899,207,0,Gesetzentwurf,"['Öffentlicher Dienst', 'Kommunale Angelegenheiten']","['Altersgrenze', 'Beamtenrecht', 'Bürgermeister', 'Kommunalwahl', 'Kommunalwahlgesetz', 'Landesbeamtengesetz', 'Landrat', 'Passives Wahlrecht', 'Pensionsalter', 'Versetzung in den Ruhestand']",[ 0.01523776  0.03035647 -0.0043749  ...  0.02583276 -0.01142832   0.02940411],"[(np.int64(29), np.float64(0.4166599034373429)), (np.int64(16), np.float64(0.38507006172209834)), (np.int64(19), np.float64(0.3772610237143172))]",29,0.4166599034373429,0.5,1.0,0.4166666666666666,1,20,3.0,84.0,146.0,0.0,,154.0,,1.0,175.0,0.0,,1.0,181.0,,,,,,1,207,,,0.0,,0.0,,0.0,,0.0,,,,0.0,,,,,0.0,,,,,,,,,,,,,,,0.0,,,,,,,,,,,,,,,,,,,,,,,,,,,,,1.0,146.0,0.0,,0.0,,,,,,,,,,,,,,,,,,,0.0,,0.0,,0.0,,,0.0,,,,,,,,,,,0.0,,,,,,,,,,,,,,,,,,,,,,,,,,,,,,,,,,,,,,,,,,,,,,,,,,,,,,,,,,,,,,,,,,,,,,,,,,,,,,,,,,,,,,,,,,,,,,,,,,,,,,,,,,,,,,,,,,,,,,,,,,,,,,,,,,,,,,,,,,,,,,,61.0,35.0,29.0,,-62.0,-126.0,-146.0,,,,,,,,,,,,,,,,,,,,,,,,,,,,,,,,,,,,,,,,,,,,,,,,,,,,,,,,,,,,,,,,,,,,,,,,,,,,,,,,,,,,,-26.0,-32.0,,-123.0,-187,-207,-6.0,,-97.0,-161.0,-181.0,,-91.0,-155.0,-175.0,,,,-64.0,-84.0,-20
58696,1,20,2015-06-18 02:00:00+00:00,3899,250,0,Gesetzentwurf,"['Dienstleistungen', 'Berufsausbildung']","['Berufliche Qualifikation', 'Berufsbezeichnung', 'Berufshaftpflichtversicherung', 'Berufsrecht', 'Einheitlicher Ansprechpartner', 'Freier Beruf', 'Grundrechtsbeschränkung', 'Hochschulabschluss', 'Ingenieur', 'Ingenieurkammer', 'Kapitalgesellschaft', 'Landesverfassung: Art. 49', 'Partnerschaftsgesellschaft', 'Richtlinie der EU', 'Studium', 'Verordnung']",[-0.01531231  0.00883402  0.01136644 ...  0.00506484  0.00494705   0.01095419],"[(np.int64(29), np.float64(0.4131525364329757)), (np.int64(19), np.float64(0.38317144770245554)), (np.int64(36), np.float64(0.37916545822027337))]",29,0.4131525364329757,0.5,1.0,0.4166666666666666,1,20,10.0,84.0,90.0,0.0,,112.0,138.0,2.0,178.0,0.0,,1.0,180.0,,,,,,1,221,145.0,174.0,1.0,216.0,0.0,,0.0,,0.0,,214.0,,1.0,216.0,201.0,209.0,,0.0,,,,,,,,,,,,,,,0.0,,,214.0,250.0,,,,,,,,,,,,,,,,,,,,,,,,,2.0,112.0,0.0,,0.0,,,,,,,,,,,,,,,,,,,0.0,,0.0,,0.0,,,0.0,,209.0,,,,,,,,,0.0,,,,,,,,,,,,,,,,,,,,,,,,,,,,,,,,,,,,,,,,,,,,,,,,,,,,,,,,,,,,,,,,,,,,,,,,,,,,,,,,,,,,,,,,,,,,,,,,,,,,,,,,,,,,,,,,,,,,,,,,,,,,,,,,,,,,,,,,,104.0,,,,104.0,,109.0,68.0,66.0,,-28.0,-92.0,-112.0,,,,,,,,,,,,,,,,,,,,,,,,,,,,,,,0.0,,5.0,-36.0,-38.0,,-132.0,-196.0,-216.0,,,,,,,,,,,,,,,,,,,,,,,,,,,,,,,,5.0,-36.0,-38.0,,-132.0,-196.0,-216.0,,,,,,,,-41.0,-43.0,,-137.0,-201,-221,-2.0,,-96.0,-160.0,-180.0,,-94.0,-158.0,-178.0,,,,-64.0,-84.0,-20
58698,1,9,2015-06-18 02:00:00+00:00,3899,168,0,Gesetzentwurf,Erneuerbare Energien,"['Energieeinsparverordnung', 'Erneuerbare-Energien-Wärmegesetz', 'Gesetz zur Durchführung des Erneuerbare-Energien-Wärmegesetzes im Land Brandenburg', 'Neubau', 'Sachverständiger', 'Verwaltungskosten']",[-0.01045814 -0.00200547  0.00932914 ...  0.03612813 -0.00207974   0.01063641],"[(np.int64(4), np.float64(0.4704220867263571)), (np.int64(29), np.float64(0.43837080714992455)), (np.int64(1), np.float64(0.421843367310934))]",4,0.4704220867263571,1.0,0.0,0.5,1,20,4.0,84.0,90.0,0.0,,111.0,112.0,1.0,137.0,0.0,,1.0,152.0,,,,,,1,168,,,0.0,,0.0,,0.0,,0.0,,,,0.0,,,,,0.0,,,,,,,,,,,,,,,0.0,,,,,,,,,,,,,,,,,,,,,,,,,,,,,0.0,,0.0,,0.0,,,,,,,,,,,,,,,,,,,0.0,,0.0,,0.0,,,0.0,,,,,,,,,,,0.0,,,,,,,,,,,,,,,,,,,,,,,,,,,,,,,,,,,,,,,,,,,,,,,,,,,,,,,,,,,,,,,,,,,,,,,,,,,,,,,,,,,,,,,,,,,,,,,,,,,,,,,,,,,,,,,,,,,,,,,,,,,,,,,,,,,,,,,,,,,,,,,,,,,,,,,,,,,,,,,,,,,,,,,,,,,,,,,,,,,,,,,,,,,,,,,,,,,,,,,,,,,,,,,,,,,,,,,,,,,,,,,,,,,,,,,,,,-16.0,-31.0,,-84.0,-148,-168,-15.0,,-68.0,-132.0,-152.0,,-53.0,-117.0,-137.0,,,,-64.0,-84.0,-20
58694,1,11,2015-06-18 02:00:00+00:00,3899,207,0,Gesetzentwurf,"['Dienstleistungen', 'Berufsausbildung']","['Architekt', 'Architektenkammer', 'Architektur', 'Berufliche Qualifikation', 'Berufliche Weiterbildung', 'Berufsbezeichnung', 'Berufshaftpflichtversicherung', 'Berufsrecht', 'Einheitlicher Ansprechpartner', 'Freier Beruf', 'Grundrechtsbeschränkung', 'Hochschulabschluss', 'Kapitalgesellschaft', 'Landesverfassung: Art. 49', 'Ordnungswidrigkeit', 'Partnerschaftsgesellschaft', 'Partnerschaftsgesellschaftsgesetz', 'Praktikum', 'Seiteneinsteiger', 'Richtlinie der EU', 'Stadtplanung', 'Studium']",[-0.01656656  0.01903392  0.02009136 ...  0.00775456  0.00420039   0.00957571],"[(np.int64(29), np.float64(0.4152103809068567)), (np.int64(10), np.float64(0.3939166820607647)), (np.int64(19), np.float64(0.38072210344418833))]",29,0.4152103809068567,0.5,1.0,0.4166666666666666,1,20,5.0,84.0,90.0,0.0,,112.0,145.0,1.0,178.0,0.0,,1.0,180.0,,,,,,1,207,174.0,,0.0,,0.0,,0.0,,0.0,,,,0.0,,,,,0.0,,,,,,,,,,,,,,,0.0,,,,,,,,,,,,,,,,,,,,,,,,,,,,,1.0,112.0,0.0,,0.0,,,,,,,,,,,,,,,,,,,0.0,,0.0,,0.0,,,0.0,,,,,,,,,,,0.0,,,,,,,,,,,,,,,,,,,,,,,,,,,,,,,,,,,,,,,,,,,,,,,,,,,,,,,,,,,,,,,,,,,,,,,,,,,,,,,,,,,,,,,,,,,,,,,,,,,,,,,,,,,,,,,,,,,,,,,,,,,,,,,,,,,,,,,,,,,,,,,95.0,68.0,66.0,,-28.0,-92.0,-112.0,,,,,,,,,,,,,,,,,,,,,,,,,,,,,,,,,,,,,,,,,,,,,,,,,,,,,,,,,,,,,,,,,,,,,,,,,,,,,,,,,,,,,-27.0,-29.0,,-123.0,-187,-207,-2.0,,-96.0,-160.0,-180.0,,-94.0,-158.0,-178.0,,,,-64.0,-84.0,-20
58744,1,7,2015-06-26 02:00:00+00:00,3907,116,0,Gesetzentwurf,Öffentlicher Dienst,"['Beamtenanwärter', 'Beamtenversorgung', 'Beamtenversorgungsgesetz', 'Beamter', 'Besoldungs- und Versorgungsanpassungsgesetz', 'Besoldungsgesetz', 'Besoldungszulage', 'Bundesverfassungsgericht', 'Einkommensentwicklung', 'Einzelplan 20 - Allgemeine Finanzverwaltung', 'Erschwerniszulage', 'Erschwerniszulagenverordnung', 'Familienzuschlag', 'Gerichtsentscheidung', 'Hochschullehrer', 'Landeshaushalt', 'Richter', 'Stellenzulage', 'Tarifvertrag']",[ 1.07294729e-03  9.54662246e-05  2.86119264e-02 ...  1.78079435e-03  -5.51375654e-03  2.16973778e-02],"[(np.int64(36), np.float64(0.4137150820095323)), (np.int64(29), np.float64(0.4044041575942175)), (np.int64(20), np.float64(0.390569457753279))]",36,0.4137150820095323,1.0,0.0,0.5,1,12,1.0,76.0,,0.0,,,,1.0,81.0,0.0,,1.0,89.0,,,,,,1,91,,,0.0,,0.0,,0.0,,1.0,116.0,,,0.0,,,,,0.0,,,,,,,,,,,,,,,0.0,,,,,,,,,,,,,,,,,,,,,,,,,,,,,0.0,,0.0,,0.0,,,,,,,,,,,,,,,,,,,0.0,,0.0,,0.0,,,0.0,,,,,,,,,,,0.0,,,,,,,,,,,,,,,,,,,,,,,,,,,,,,,,,,,,,,,,,,,,,,,,,,,,,,,,,,,,,,,,,,,,,,,,,,,,,,,,,,,,,,,,,,,,,,,,,,,,,,,,,,,,,,,,,,,,,,,,,,,,,,,,,,,,,,,,,,,,,,,,,,,,,,,,,,,,,,,,,,,,,,,,,,,,,,,,,,,,,,,,,,,,,,,,,,,,,,,,,,,-25.0,-27.0,-35.0,,-40.0,-104.0,-116.0,,,,,,,,,,,,,,,,,,,,,,,,,-2.0,-10.0,,-15.0,-79,-91,-8.0,,-13.0,-77.0,-89.0,,-5.0,-69.0,-81.0,,,,-64.0,-76.0,-12
59164,1,9,2015-08-13 02:00:00+00:00,3955,126,0,Gesetzentwurf,"['Polizei', 'Innere Sicherheit']","['Brief-, Post- und Fernmeldegeheimnis', 'Datenerhebung', 'Datenschutz', 'Gefahrenabwehr', 'Grundgesetz Art. 10', 'Grundrechtsbeschränkung', 'Kennzeichenfahndung', 'Landesverfassung: Art. 11', 'Landesverfassung: Art. 16', 'Mobilfunk', 'Polizei', 'Polizeiliche Maßnahme', 'Telekommunikationsüberwachung']",[-0.01243284  0.01826626 -0.01449516 ...  0.00536203 -0.00978129   0.00960452],"[(np.int64(24), np.float64(0.49732030932077076)), (np.int64(31), np.float64(0.459880778389488)), (np.int64(19), np.float64(0.44583014083168837))]",24,0.49732030932077076,0.0,0.0,0.3333333333333333,1,43,3.0,56.0,90.0,0.0,,118.0,,1.0,123.0,0.0,,1.0,125.0,,,,,,1,126,,,0.0,,0.0,,0.0,,0.0,,,,0.0,,,,,0.0,,,,,,,,,,,,,,,0.0,,,,,,,,,,,,,,,,,,,,,,,,,,,,,1.0,90.0,0.0,,0.0,,,,,,,,,,,,,,,,,,,0.0,,0.0,,0.0,,,0.0,,,,,,,,,,,0.0,,,,,,,,,,,,,,,,,,,,,,,,,,,,,,,,,,,,,,,,,,,,,,,,,,,,,,,,,,,,,,,,,,,,,,,,,,,,,,,,,,,,,,,,,,,,,,,,,,,,,,,,,,,,,,,,,,,,,,,,,,,,,,,,,,,,,,,,,,,,,,,36.0,35.0,33.0,,-34.0,-47.0,-90.0,,,,,,,,,,,,,,,,,,,,,,,,,,,,,,,,,,,,,,,,,,,,,,,,,,,,,,,,,,,,,,,,,,,,,,,,,,,,,,,,,,,,,-1.0,-3.0,,-70.0,-83,-126,-2.0,,-69.0,-82.0,-125.0,,-67.0,-80.0,-123.0,,,,-13.0,-56.0,-43
59247,1,7,2015-09-04 02:00:00+00:00,3977,90,0,Gesetzentwurf,Statistik,"['Amt für Statistik Berlin-Brandenburg', 'Einwohnerzahl', 'Klage', 'Volkszählung', 'Zensusgesetz 2011']",[ 0.01940462  0.01528849 -0.01111356 ...  0.02293273  0.01176038   0.0248144 ],"[(np.int64(19), np.float64(0.46386309903823736)), (np.int64(29), np.float64(0.460089814837518)), (np.int64(4), np.float64(0.4373646103594239))]",19,0.46386309903823736,0.0,0.0,0.3333333333333333,1,19,2.0,34.0,68.0,0.0,,,,1.0,72.0,0.0,,1.0,74.0,,,,,,1,90,,,0.0,,0.0,,0.0,,0.0,,,,0.0,,,,,0.0,,,,,,,,,,,,,,,0.0,,,,,,,,,,,,,,,,,,,,,,,,,,,,,0.0,,0.0,,0.0,,,,,,,,,,,,,,,,,,,0.0,,0.0,,0.0,,,0.0,,,,,,,,,,,0.0,,,,,,,,,,,,,,,,,,,,,,,,,,,,,,,,,,,,,,,,,,,,,,,,,,,,,,,,,,,,,,,,,,,,,,,,,,,,,,,,,,,,,,,,,,,,,,,,,,,,,,,,,,,,,,,,,,,,,,,,,,,,,,,,,,,,,,,,,,,,,,,,,,,,,,,,,,,,,,,,,,,,,,,,,,,,,,,,,,,,,,,,,,,,,,,,,,,,,,,,,,,,,,,,,,,,,,,,,,,,,,,,,,,,,,,,,,-16.0,-18.0,,-56.0,-71,-90,-2.0,,-40.0,-55.0,-74.0,,-38.0,-53.0,-72.0,,,,-15.0,-34.0,-19
59246,1,9,2015-09-04 02:00:00+00:00,3977,104,0,Gesetzentwurf,"['Sozialversicherung', 'Menschen mit Behinderungen']","['Behinderter', 'Blindengeld', 'Blindenhilfe', 'Blinder', 'Eingliederungshilfe für Behinderte', 'Gehörloser', 'Konnexitätsprinzip', 'Kostenerstattung', 'Landespflegegeldgesetz', 'Schwerbehinderter', 'Sozialgesetzbuch XI', 'Sozialgesetzbuch XII', 'Teilhabe behinderter Menschen', 'Übereinkommen über die Rechte von Menschen mit Behinderungen']",[-0.00024736  0.02138344  0.00903775 ...  0.01653968 -0.00956938   0.01317267],"[(np.int64(17), np.float64(0.3691626444841477)), (np.int64(29), np.float64(0.3659836951266716)), (np.int64(12), np.float64(0.35446360898213664))]",17,0.3691626444841477,0.0,1.0,0.5,1,20,3.0,26.0,60.0,0.0,,88.0,,1.0,96.0,0.0,,1.0,102.0,,,,,,1,104,,,0.0,,0.0,,0.0,,0.0,,,,0.0,,,,,0.0,,,,,,,,,,,,,,,0.0,,,,,,,,,,,,,,,,,,,,,,,,,,,,,1.0,60.0,0.0,,0.0,,,,,,,,,,,,,,,,,,,0.0,,0.0,,0.0,,,0.0,,,,,,,,,,,0.0,,,,,,,,,,,,,,,,,,,,,,,,,,,,,,,,,,,,,,,,,,,,,,,,,,,,,,,,,,,,,,,,,,,,,,,,,,,,,,,,,,,,,,,,,,,,,,,,,,,,,,,,,,,,,,,,,,,,,,,,,,,,,,,,,,,,,,,,,,,,,,,44.0,42.0,36.0,,-34.0,-40.0,-60.0,,,,,,,,,,,,,,,,,,,,,,,,,,,,,,,,,,,,,,,,,,,,,,,,,,,,,,,,,,,,,,,,,,,,,,,,,,,,,,,,,,,,,-2.0,-8.0,,-78.0,-84,-104,-6.0,,-76.0,-82.0,-102.0,,-70.0,-76.0,-96.0,,,,-6.0,-26.0,-20
59297,1,10,2015-09-10 02:00:00+00:00,3983,84,0,Gesetzentwurf,Kunst Kultur,"['Allgemeine Gruppenfreistellungsverordnung', 'Daseinsvorsorge', 'Kunstschule', 'Landesmittel', 'Landeszuschuss', 'Musik- und Kunstschulförderverordnung', 'Musikerziehung', 'Musikschule', 'Schulleiter', 'Subvention', 'Verordnung der EU']",[ 0.00262762  0.02645339  0.03306674 ...  0.01269527 -0.00620001   0.01056955],"[(np.int64(29), np.float64(0.4361366486505248)), (np.int64(20), np.float64(0.43591340560616676)), (np.int64(9), np.float64(0.3914217632062138))]",29,0.4361366486505248,0.5,1.0,0.4166666666666666,1,14,2.0,20.0,67.0,0.0,,,,1.0,68.0,1.0,68.0,1.0,69.0,,,,,,1,84,,,1.0,67.0,1.0,69.0,0.0,,0.0,,,,0.0,,,,,0.0,,,,,,,,,,,,,,,0.0,,,,,,,,,,,,,,,,,,,,,,,,,,,,,0.0,,0.0,,0.0,,,,,,,,,,,,,,,,,,,0.0,,0.0,,0.0,,,0.0,,,,,,,,,,,0.0,,,,,,,,,,,,,,,,,,,,,,,,,,,,,,,,,,,,,,,,,,,,,,,,,,,,,,,,,,,,,,,,,,,,,,,,,,,,,,,,,,,,,,,,,,,,,,,,,,,,,,,,,,,,,,,,,,,,,,,,,,,,,,,,,,,,,,,,,,,,,,,,,,,,,,,,,,,-2.0,-1.0,15.0,0.0,-1.0,,-49.0,-55.0,-69.0,,,,,,,,,,,,,,,,,,,,,,,,,,,,,,,,,,,,,,,,,,,,,,,,,,,,,,,,1.0,17.0,2.0,1.0,,-47.0,-53.0,-67.0,16.0,1.0,0.0,,-48.0,-54.0,-68.0,-15.0,-16.0,,-64.0,-70,-84,-1.0,,-49.0,-55.0,-69.0,,-48.0,-54.0,-68.0,,,,-6.0,-20.0,-14
59298,1,6,2015-09-11 02:00:00+00:00,3984,83,0,Gesetzentwurf,Rundfunk Fernsehen,"['Öffentlich-rechtliches Fernsehen', 'Rundfunk', 'Rundfunkrat', 'Staatsvertrag', 'Verwaltungsrat', 'ZDF', 'ZDF-Staatsvertrag']",[ 9.43383711e-05  1.20164081e-02 -1.85547478e-03 ...  2.23835055e-02   2.45040469e-02  2.23835055e-02],"[(np.int64(29), np.float64(0.37519365836269203)), (np.int64(19), np.float64(0.3472201394383398)), (np.int64(35), np.float64(0.33460894255722096))]",29,0.37519365836269203,0.5,1.0,0.4166666666666666,1,13,1.0,26.0,,0.0,,,,1.0,52.0,0.0,,1.0,67.0,,,,,,1,83,,,0.0,,0.0,,0.0,,0.0,,,,0.0,,,,,0.0,,,,,,,,,,,,,,,0.0,,,,,,,,,,,,,,,,,,,,,,,,,,,,,0.0,,0.0,,0.0,,,,,,,,,,,,,,,,,,,0.0,,0.0,,0.0,,,0.0,,,,,,,,,,,0.0,,,,,,,,,,,,,,,,,,,,,,,,,,,,,,,,,,,,,,,,,,,,,,,,,,,,,,,,,,,,,,,,,,,,,,,,,,,,,,,,,,,,,,,,,,,,,,,,,,,,,,,,,,,,,,,,,,,,,,,,,,,,,,,,,,,,,,,,,,,,,,,,,,,,,,,,,,,,,,,,,,,,,,,,,,,,,,,,,,,,,,,,,,,,,,,,,,,,,,,,,,,,,,,,,,,,,,,,,,,,,,,,,,,,,,,,,,-16.0,-31.0,,-57.0,-70,-83,-15.0,,-41.0,-54.0,-67.0,,-26.0,-39.0,-52.0,,,,-13.0,-26.0,-13
59658,1,5,2015-11-03 01:00:00+00:00,4036,31,0,Gesetzentwurf,Abgeordnete,"['Abgeordnetenentschädigung', 'Abgeordnetenrecht', 'Abgeordnetenversorgung', 'Dienstreise', 'Einkommensentwicklung', 'Einzelplan 01 - Landtag', 'Gesetzliche Krankenversicherung', 'Kostenerstattung', 'Kostenpauschale für Abgeordnete', 'Krankenversicherungsbeitrag', 'Landtagsabgeordneter', 'Landtagspräsident', 'Landtagsvizepräsident', 'Private Krankenversicherung', 'Reisekosten']",[-0.00158933  0.00969861  0.01135448 ...  0.01472533  0.00144888   0.00585465],"[(np.int64(29), np.float64(0.40537723744448295)), (np.int64(36), np.float64(0.35731853799072444)), (np.int64(13), np.float64(0.3482792444100609))]",29,0.40537723744448295,0.5,1.0,0.4166666666666666,1,15,0.0,,,0.0,,,,0.0,,1.0,14.0,1.0,17.0,,,,,,1,31,,,0.0,,0.0,,0.0,,0.0,,,,0.0,,,,,0.0,,,,,,,,,,,,,,,0.0,,,,,,,,,,,,,,,,,,,,,,,,,,,,,0.0,,0.0,,0.0,,,,,,,,,,,,,,,,,,,0.0,,0.0,,0.0,,,0.0,,,,,,,,,,,0.0,,,,,,,,,,,,,,,,,,,,,,,,,,,,,,,,,,,,,,,,,,,,,,,,,,,,,,,,,,,,,,,,,,,,,,,,,,,,,,,,,,,,,,,,,,,,,,,,,,,,,,,,,,,,,,,,,,,,,,,,,,,,,,,,,,,,,,,,,,,,,,,,,,,,,,,,,,,,,,,,,,,,,,,,,,,,,,,,,,,,,,,,,,,,,,,,,,,,,,,,,,,,,,,,,,,,,,,,,,,,,,,,,,,17.0,3.0,,,,1.0,-14.0,-14.0,,,,-16,-31,,,,-2.0,-17.0,,,,,,,,,,-15
59675,1,11,2015-11-05 01:00:00+00:00,4038,43,0,Gesetzentwurf,"['Ausländer/Migranten', 'Kinder Jugendliche']","['Asylbewerber', 'Ausländerbehörde', 'Ausländischer Jugendlicher', 'Ausländisches Kind', 'Erstes Gesetz zur Ausführung des Achten Buches Sozialgesetzbuch - Kinder- und Jugendhilfe', 'Flüchtling', 'Flüchtlingsunterbringung', 'Inobhutnahme', 'Jugendamt', 'Jugendlicher', 'Kind', 'Kosten', 'Medizinische Versorgung', 'Pflegefamilie', 'Schulbesuch', 'Sozialgesetzbuch VIII']",[ 0.02626467  0.04397252  0.00010399 ...  0.00196094 -0.0063879   0.02733427],"[(np.int64(22), np.float64(0.4027240326318007)), (np.int64(29), np.float64(0.37176094452753516)), (np.int64(36), np.float64(0.3485046073349258))]",22,0.4027240326318007,1.0,1.0,0.3333333333333333,1,13,3.0,0.0,28.0,0.0,,40.0,,1.0,40.0,0.0,,1.0,42.0,,,,,,1,43,,,1.0,40.0,1.0,42.0,0.0,,0.0,,,,0.0,,,,,0.0,,,,,,,,,,,,,,,0.0,,,,,,,,,,,,,,,,,,,,,,,,,,,,,1.0,28.0,0.0,,0.0,,,,,,,,,,,,,,,,,,,0.0,,0.0,,0.0,,,0.0,,,,,,,,,,,0.0,,,,,,,,,,,,,,,,,,,,,,,,,,,,,,,,,,,,,,,,,,,,,,,,,,,,,,,,,,,,,,,,,,,,,,,,,,,,,,,,,,,,,,,,,,,,,,,,,,,,,,,,,,,,,,,,,,,,,,,,,,,,,,,,,,,,,,,14.0,,,,,,12.0,,15.0,14.0,12.0,,-28.0,-15.0,-28.0,,,,,,-2.0,,1.0,0.0,-2.0,,-42.0,-29.0,-42.0,,,,,,,,,,,,,,,,,,,,,,,,,,,,,,,,,,,,,,,,,,,,,,,,,,,,,,,,,3.0,2.0,0.0,,-40.0,-27.0,-40.0,,,,,,,,-1.0,-3.0,,-43.0,-30,-43,-2.0,,-42.0,-29.0,-42.0,,-40.0,-27.0,-40.0,,,,13.0,0.0,-13
59698,1,23,2015-11-05 01:00:00+00:00,4038,82,0,Gesetzentwurf,Öffentliche Verwaltung,"['Arbeitsschutz', 'Arbeitsschutzzuständigkeitsverordnung', 'Ausbildungs- und Prüfungsordnung Arbeitsschutzaufsicht', 'Ausbildungs- und Prüfungsverordnung für Staatlich geprüfte Lebensmittelchemikerinnen und Staatlich geprüfte Lebensmittelchemiker', 'Ausbildungs- und Prüfungsverordnung gehobener vermessungstechnischer und kartographischer Dienst', 'Beamtenrecht', 'Beamtenzuständigkeitsverordnung  MASGF', 'Beamtenzuständigkeitsverordnung MUGV', 'Behördenaufbau', 'Besoldungsgesetz', 'Energieverbrauchskennzeichnungsgesetz', 'Energieverbrauchsrelevante-Produkte-Gesetz', 'EnVKG-Zuständigkeitsverordnung', 'Erstes Gesetz zur Ausführung des Achten Buches Sozialgesetzbuch - Kinder- und Jugendhilfe', 'EVPG-Zuständigkeitsverordnung', 'Gefahrgutzuständigkeitsverordnung', 'Gefahrstoffzuständigkeitsverordnung', 'Geräte-, Produkt- und Betriebssicherheitszuständigkeitsverordnung', 'Gesetz zur Auflösung des Landesamtes zur Regelung offener Vermögensfragen', 'Gesetz zur Ausführung des Lebensmittel- und Futtermittelgesetzbuches und weiterer Vorschriften', 'Gesetz zur Errichtung des Landesamtes für Umwelt und des Landesamtes für Arbeitsschutz, Verbraucherschutz und Gesundheit sowie zur Auflösung des Landesamtes für Umwelt, Gesundheit und Verbraucherschutz und des Landesamtes für Arbeitsschutz', 'Gesetz zur Errichtung des Landesamtes für Umwelt, Gesundheit und Verbraucherschutz und des Landesamtes für Ländliche Entwicklung, Landwirtschaft und Flurneuordnung sowie zur Auflösung des Landesumweltamtes und des Landesamtes für Verbraucherschutz, Landwirtschaft und Flurneuordnung', 'Gesetz zur Regelung beamtenrechtlicher Zuständigkeiten im Bereich der Justiz', 'Gesundheitsdienstgesetz', 'Hochwassermeldedienstverordnung', 'Immissionsschutz', 'Immissionsschutzzuständigkeitsverordnung', 'Infektionsschutzzuständigkeitsverordnung', 'Justizverwaltung', 'Krankenhauszuständigkeitsverordnung', 'Landesamt für Arbeitsschutz', 'Landesamt für Arbeitsschutz, Verbraucherschutz und Gesundheit', 'Landesamt für Schule und Lehrerbildung', 'Landesamt für Soziales und Versorgung', 'Landesamt für Umwelt', 'Landesamt für Umwelt, Gesundheit und Verbraucherschutz', 'Landesamt zur Regelung offener Vermögensfragen', 'Landesoberbehörde', 'Landespersonalvertretungsgesetz', 'Landespflegeausschussverordnung', 'Landesschulamtserrichtungsgesetz', 'Landesverwaltung', 'Lebensmittel- und Futtermittelgesetzbuch', 'Lehrerbildungsgesetz', 'Ordnungsbehördengesetz', 'Personalvertretung', 'Polizeigesetz', 'Produkt- und Betriebssicherheitszuständigkeitsverordnung', 'Regierungsbildung', 'Reisekostenzuständigkeitsübertragungsverordnung MASGF', 'Schulämtererrichtungsgesetz', 'Schulaufsicht', 'Schulgesetz', 'Schulverwaltung', 'Standarderprobungsgesetz', 'Stiftungsgesetz', 'Strahlenschutzzuständigkeitsverordnung', 'Tiergesundheitsgesetz', 'Tierkrankheit', 'Tierschutzzuständigkeitsverordnung', 'Tierseuchenzuständigkeits-Verordnung', 'Verbraucherinformationsgesetz', 'Verbraucherschutz', 'Vermögensgesetzdurchführungsverordnung', 'Verordnung über die Weiterbildung und Prüfung von Apothekerinnen und Apothekern auf dem Gebiet des Öffentlichen Gesundheitswesens', 'Verordnung über die Weiterbildung und Prüfung von Ärztinnen und Ärzten auf dem Gebiet des Öffentlichen Gesundheitswesens', 'Verordnung über die Weiterbildung und Prüfung von Zahnärztinnen und Zahnärzten auf dem Gebiet des Öffentlichen Gesundheitswesens', 'Verordnung über die Zuständigkeit nach dem Zweiten SED-Unrechtsbereinigungsgesetz', 'Verordnung über die Zuständigkeiten nach dem Lebensmittel- und Futtermittelgesetzbuch, dem Verbraucherinformationsgesetz und weiteren Vorschriften', 'Verordnung über Zuständigkeiten nach dem Medizinproduktegesetz, der Medizinprodukte-Betreiberverordnung und der Medizinprodukte-Sicherheitsplanverordnung', 'Verordnung zur Bestimmung der Zuständigkeiten für Fachberufe des Gesundheitswesens', 'Verordnung zur Bestimmung der Zuständigkeiten für Fachberufe im Gesundheitswesen', 'Verordnung zur Bestimmung der Zuständigkeiten nach Rechtsvorschriften für Ärzte, Zahnärzte und Apotheker', 'Verordnung zur Regelung von Zuständigkeiten nach dem Sozialgesetzbuch', 'Verordnung', 'Vorbereitungsdienst für das Lehramt', 'Weiterbildungsgesetz', 'Zweites SED-Unrechtsbereinigungsgesetz']",[ 0.00314133  0.01244092 -0.01511572 ... -0.00196722  0.00043154   0.02127397],"[(np.int64(16), np.float64(0.4928351014138299)), (np.int64(19), np.float64(0.4611863035477159)), (np.int64(30), np.float64(0.4591637906454411))]",16,0.4928351014138299,0.0,1.0,0.5,1,15,15.0,7.0,15.0,0.0,,27.0,27.0,1.0,74.0,1.0,75.0,1.0,76.0,,,,,,1,82,28.0,28.0,0.0,,0.0,,0.0,,0.0,,,,0.0,,34.0,35.0,,0.0,,,,,,,,,,,,,,,0.0,,,42.0,62.0,62.0,63.0,68.0,69.0,70.0,,,,,,,,,,,,,,,,,,,,2.0,35.0,0.0,,0.0,,,,,,,,,,,,,,,,,,,0.0,,0.0,,0.0,,,0.0,,63.0,,,,,,,,,0.0,,,,,,,,,,,,,,,,,,,,,,,,,,,,,,,,,,,,,,,,,,,,,,,,,,,,,,,,,,,,,,,,,,,,,,,,,,,,,,,,,,,,,,,,,,,,,,,,,,,,,,,,,,,,,,,,,,,,,,,,,,,,,,,,,,,,,,,,,,,,,,40.0,47.0,41.0,39.0,,-28.0,-20.0,-35.0,,,,,,,,,,,,,,,,,,,,,,,,,,,,,,,,,,,,,,,,,,,,,,,,,,,,,,,,,,,,,,,,,,,,,,,,,,,,,,7.0,1.0,-1.0,,-68.0,-60.0,-75.0,-6.0,-8.0,,-75.0,-67,-82,-2.0,,-69.0,-61.0,-76.0,,-67.0,-59.0,-74.0,,,,8.0,-7.0,-15
59697,1,6,2015-11-05 01:00:00+00:00,4038,43,0,Gesetzentwurf,Rundfunk Fernsehen,"['Fernsehwerbung', 'Rundfunkwerbung', 'Staatsvertrag']",[ 7.92485662e-03  1.28335357e-02 -3.92731345e-05 ...  1.36023648e-02   4.63884993e-04  2.14089397e-02],"[(np.int64(29), np.float64(0.3767411382034108)), (np.int64(35), np.float64(0.34794397956066564)), (np.int64(12), np.float64(0.3420260569629905))]",29,0.3767411382034108,0.5,1.0,0.4166666666666666,1,15,1.0,34.0,,0.0,,,,1.0,34.0,0.0,,1.0,41.0,,,,,,1,43,,,0.0,,0.0,,0.0,,0.0,,,,0.0,,,,,0.0,,,,,,,,,,,,,,,0.0,,,,,,,,,,,,,,,,,,,,,,,,,,,,,0.0,,0.0,,0.0,,,,,,,,,,,,,,,,,,,0.0,,0.0,,0.0,,,0.0,,,,,,,,,,,0.0,,,,,,,,,,,,,,,,,,,,,,,,,,,,,,,,,,,,,,,,,,,,,,,,,,,,,,,,,,,,,,,,,,,,,,,,,,,,,,,,,,,,,,,,,,,,,,,,,,,,,,,,,,,,,,,,,,,,,,,,,,,,,,,,,,,,,,,,,,,,,,,,,,,,,,,,,,,,,,,,,,,,,,,,,,,,,,,,,,,,,,,,,,,,,,,,,,,,,,,,,,,,,,,,,,,,,,,,,,,,,,,,,,,,,,,,,,-2.0,-9.0,,-9.0,-28,-43,-7.0,,-7.0,-26.0,-41.0,,0.0,-19.0,-34.0,,,,-19.0,-34.0,-15
59699,1,8,2015-11-05 01:00:00+00:00,4038,43,0,Gesetzentwurf,Berufsausbildung,"['Berufsqualifikationsfeststellungsgesetz', 'DLRL-Verwaltungszusammenarbeitsverordnung', 'Dolmetschergesetz', 'Einheitlicher Ansprechpartner', 'Gesetz über den Einheitlichen Ansprechpartner für das Land Brandenburg', 'Gesetz über die Weiterbildung und Fortbildung in den Fachberufen des Gesundheitswesens', 'Heilberufsgesetz', 'Hochschulzulassungsgesetz', 'Krankenpflegehilfegesetz', 'Landesbeamtengesetz', 'Lehrerbildungsgesetz', 'Markscheidergesetz', 'Richtergesetz', 'Richtlinie der EU', 'Sozialberufsgesetz', 'Verordnung der EU', 'Verordnung']",[-0.00479421  0.01619906  0.0023971  ...  0.00473465 -0.00238221   0.01929594],"[(np.int64(36), np.float64(0.4039111586408912)), (np.int64(29), np.float64(0.39731316844579484)), (np.int64(9), np.float64(0.3623543930376277))]",36,0.4039111586408912,1.0,0.0,0.5,1,13,2.0,27.0,28.0,0.0,,,,1.0,39.0,1.0,34.0,1.0,41.0,,,,,,1,43,,,0.0,,0.0,,0.0,,0.0,,,,0.0,,,,,0.0,,,,,,,,,,,,,,,0.0,,,,,,,,,,,,,,,,,,,,,,,,,,,,,0.0,,0.0,,0.0,,,,,,,,,,,,,,,,,,,0.0,,0.0,,0.0,,,0.0,,,,,,,,,,,0.0,,,,,,,,,,,,,,,,,,,,,,,,,,,,,,,,,,,,,,,,,,,,,,,,,,,,,,,,,,,,,,,,,,,,,,,,,,,,,,,,,,,,,,,,,,,,,,,,,,,,,,,,,,,,,,,,,,,,,,,,,,,,,,,,,,,,,,,,,,,,,,,,,,,,,,,,,,,,,,,,,,,,,,,,,,,,,,,,,,,,,,,,,,,,,,,,,,,,,,,,,,,,,,,,,,,,,,,,,,,,,,,,,,,9.0,7.0,5.0,,-7.0,-21.0,-34.0,-2.0,-4.0,,-16.0,-30,-43,-2.0,,-14.0,-28.0,-41.0,,-12.0,-26.0,-39.0,,,,-14.0,-27.0,-13
59870,1,15,2015-11-27 01:00:00+00:00,4060,110,0,Gesetzentwurf,Ausländer/Migranten,"['Asylbewerber', 'Asylbewerberleistungsgesetz', 'Asylrecht', 'Asylverfahren', 'Aufenthaltsrecht', 'Ausländer', 'Ausländerintegration', 'Ausländischer Jugendlicher', 'Aussiedler', 'Datenschutz', 'Datenschutzgesetz', 'Elektronische Gesundheitskarte', 'Erstattungsverordnung', 'Flüchtling', 'Flüchtlingshilfe', 'Flüchtlingsunterbringung', 'Gemeinde', 'Gemeinschaftsunterkunft', 'Gesundheitskosten', 'Grundrechtsbeschränkung', 'Kommunale Gebietskörperschaft', 'Kommunalverfassung', 'Konnexitätsprinzip', 'Kostenerstattung', 'Kreis', 'Kreisfreie Stadt', 'Landesamt für Soziales und Versorgung', 'Landesaufnahmegesetz-Durchführungsverordnung', 'Landesmittel', 'Richtlinie der EU', 'Sozialarbeit', 'Sozialgesetzbuch II', 'Sozialgesetzbuch V', 'Sozialgesetzbuch XII', 'Verordnung', 'Wohnung']",[ 0.03048699  0.03710432 -0.00738541 ...  0.00121859  0.00472666   0.01447541],"[(np.int64(22), np.float64(0.48719321145717154)), (np.int64(29), np.float64(0.4396091254665163)), (np.int64(36), np.float64(0.39765151769887297))]",22,0.48719321145717154,1.0,1.0,0.3333333333333333,1,19,4.0,5.0,40.0,0.0,,75.0,89.0,1.0,101.0,2.0,102.0,1.0,103.0,102.0,,,,,1,110,,,2.0,102.0,1.0,103.0,0.0,,0.0,,,,0.0,,,,,0.0,,,,,,,,,,,,,,,0.0,,,,,,,,,,,,,,,,,,,,,,,,,,,,,1.0,75.0,0.0,,0.0,,,,,,,,,,,,,,,,,,,0.0,,0.0,,0.0,,102.0,0.0,,,,,,,,,,,0.0,,,,,,,,,,,,,,,,,,,,,,,,,,,,,,,,,,,,,,,,,,,,,,,,,,,,,,,,,,,,,,,,,,,,,,,,,,,,,,,,,,,,,,,,,,,,,,,,,,,,,,,,,,,,,,,,,,,,,,,,,,,,,,,,,,,,,,,28.0,,,,,,27.0,27.0,35.0,28.0,26.0,,-70.0,-56.0,-75.0,,,,,,-1.0,-1.0,7.0,0.0,-2.0,,-98.0,-84.0,-103.0,,,,,,,,,,,,,,,,,,,,,,,,,,,,,,,,,,,,,,,,,,,,,,,,,,,,,,,,0.0,8.0,1.0,-1.0,,-97.0,-83.0,-102.0,8.0,1.0,-1.0,,-97.0,-83.0,-102.0,-7.0,-9.0,,-105.0,-91,-110,-2.0,,-98.0,-84.0,-103.0,,-96.0,-82.0,-101.0,,,,14.0,-5.0,-19
59889,1,7,2015-12-03 01:00:00+00:00,4066,104,0,Gesetzentwurf,Öffentlicher Dienst,"['Ausbilder', 'Berufsbildung', 'Berufsbildungsgesetz', 'Gesetz zur Ausführung des Berufsbildungsgesetzes im öffentlichen Dienst', 'Justizbediensteter', 'Prüfungsordnung für den Ausbildungsberuf ""Justizfachangestellter"" oder ""Justizfachangestellte"" im Land Brandenburg', 'Prüfungsordnung für die Durchführung von Abschlussprüfungen im Ausbildungsberuf Verwaltungsfachangestellte/Verwaltungsfachangestellter in den Fachrichtungen Landesverwaltung und Kommunalverwaltung', 'Prüfungsordnung für die Durchführung von Prüfungen zum Nachweis berufs- und arbeitspädagogischer Kenntnisse für Ausbilder im öffentlichen Dienst des Landes Brandenburg', 'Prüfungsordnung für die Durchführung von Zwischen- und Abschlussprüfungen im Ausbildungsberuf Fachangestellter/Fachangestellte für Medien- und Informationsdienste', 'Prüfungsordnung', 'Verwaltungsfachwirtfortbildungsprüfungsordnung', 'Verwaltungsvorschrift']",[0.00163778 0.01569907 0.01186283 ... 0.01062343 0.00457398 0.03942472],"[(np.int64(19), np.float64(0.3966872005749339)), (np.int64(29), np.float64(0.3852009023439093)), (np.int64(12), np.float64(0.3695226591324729))]",19,0.3966872005749339,0.0,0.0,0.3333333333333333,1,14,2.0,42.0,91.0,0.0,,,,1.0,95.0,0.0,,1.0,97.0,,,,,,1,104,,,0.0,,0.0,,0.0,,0.0,,,,0.0,,,,,0.0,,,,,,,,,,,,,,,0.0,,,,,,,,,,,,,,,,,,,,,,,,,,,,,0.0,,0.0,,0.0,,,,,,,,,,,,,,,,,,,0.0,,0.0,,0.0,,,0.0,,,,,,,,,,,0.0,,,,,,,,,,,,,,,,,,,,,,,,,,,,,,,,,,,,,,,,,,,,,,,,,,,,,,,,,,,,,,,,,,,,,,,,,,,,,,,,,,,,,,,,,,,,,,,,,,,,,,,,,,,,,,,,,,,,,,,,,,,,,,,,,,,,,,,,,,,,,,,,,,,,,,,,,,,,,,,,,,,,,,,,,,,,,,,,,,,,,,,,,,,,,,,,,,,,,,,,,,,,,,,,,,,,,,,,,,,,,,,,,,,,,,,,,,-7.0,-9.0,,-62.0,-90,-104,-2.0,,-55.0,-83.0,-97.0,,-53.0,-81.0,-95.0,,,,-28.0,-42.0,-14
60119,1,18,2015-12-28 01:00:00+00:00,4091,144,0,Gesetzentwurf,Bauwesen,"['Abstandsfläche', 'Älterer Mensch', 'Barrierefreiheit', 'Bauaufsicht', 'Baugenehmigung', 'Baumängel', 'Baurecht', 'Baustelle', 'Bauvorhaben', 'Brandschutz', 'Bundesrat', 'Datenschutz', 'Gebäude', 'Grundrechtsbeschränkung', 'Grundstück', 'Haftung', 'Landesimmissionsschutzgesetz', 'Qualitätssicherung', 'Rettungsweg', 'Richtlinie der EU', 'Spielplatz', 'Verbraucherschutz', 'Verkehrssicherheit', 'Wohnungsbau']",[-1.02437288e-02  2.94877291e-02 -9.80703844e-05 ...  2.17901301e-02   8.17129854e-03  2.00137608e-02],"[(np.int64(10), np.float64(0.4479835253638673)), (np.int64(29), np.float64(0.4247213129013929)), (np.int64(4), np.float64(0.40332199340011254))]",10,0.4479835253638673,1.0,1.0,1.0,1,23,8.0,17.0,22.0,0.0,,58.0,65.0,1.0,120.0,2.0,116.0,1.0,122.0,120.0,,,,,1,144,66.0,107.0,1.0,119.0,1.0,122.0,0.0,,0.0,,,,0.0,,114.0,115.0,,0.0,,,,,,,,,,,,,,,0.0,,,,,,,,,,,,,,,,,,,,,,,,,,,,,1.0,66.0,0.0,,0.0,,,,,,,,,,,,,,,,,,,0.0,,0.0,,0.0,,,0.0,,,,,,,,,,,0.0,,,,,,,,,,,,,,,,,,,,,,,,,,,,,,,,,,,,,,,,,,,,,,,,,,,,,,,,,,,,,,,,,,,,,,,,,,,,,,,,,,,,,,,,,,,,,,,,,,,,,,,,,,,,,,,,,,,,,,,,,,,,,,,,,,,,,,,56.0,,,,,,53.0,50.0,78.0,56.0,54.0,,-49.0,-43.0,-66.0,,,,,,-3.0,-6.0,22.0,0.0,-2.0,,-105.0,-99.0,-122.0,,,,,,,,,,,,,,,,,,,,,,,,,,,,,,,,,,,,,,,,,,,,,,,,,,,,,,,,-3.0,25.0,3.0,1.0,,-102.0,-96.0,-119.0,28.0,6.0,4.0,,-99.0,-93.0,-116.0,-22.0,-24.0,,-127.0,-121,-144,-2.0,,-105.0,-99.0,-122.0,,-103.0,-97.0,-120.0,,,,6.0,-17.0,-23
60116,1,7,2015-12-28 01:00:00+00:00,4091,175,0,Gesetzentwurf,Katastrophen- und Zivilschutz,"['Brandschutz', 'Ehrenamtliche Tätigkeit', 'Ehrenzeichen', 'Ehrenzeichengesetz', 'Feuerwehrmedaillengesetz', 'Freiwillige Feuerwehr', 'Katastrophenschutz']",[0.00470827 0.0376662  0.00303952 ... 0.01263486 0.01549559 0.01728354],"[(np.int64(29), np.float64(0.35654886461273616)), (np.int64(19), np.float64(0.3388994358413747)), (np.int64(9), np.float64(0.2994543830608539))]",29,0.35654886461273616,0.5,1.0,0.4166666666666666,1,23,2.0,66.0,115.0,0.0,,,,1.0,119.0,0.0,,1.0,121.0,,,,,,1,175,,,0.0,,0.0,,0.0,,0.0,,,,0.0,,,,,0.0,,,,,,,,,,,,,,,0.0,,,,,,,,,,,,,,,,,,,,,,,,,,,,,0.0,,0.0,,0.0,,,,,,,,,,,,,,,,,,,0.0,,0.0,,0.0,,,0.0,,,,,,,,,,,0.0,,,,,,,,,,,,,,,,,,,,,,,,,,,,,,,,,,,,,,,,,,,,,,,,,,,,,,,,,,,,,,,,,,,,,,,,,,,,,,,,,,,,,,,,,,,,,,,,,,,,,,,,,,,,,,,,,,,,,,,,,,,,,,,,,,,,,,,,,,,,,,,,,,,,,,,,,,,,,,,,,,,,,,,,,,,,,,,,,,,,,,,,,,,,,,,,,,,,,,,,,,,,,,,,,,,,,,,,,,,,,,,,,,,,,,,,,,-54.0,-56.0,,-109.0,-152,-175,-2.0,,-55.0,-98.0,-121.0,,-53.0,-96.0,-119.0,,,,-43.0,-66.0,-23
60120,1,9,2015-12-29 01:00:00+00:00,4092,77,0,Gesetzentwurf,Öffentlicher Haushalt,"['Abwasserentsorgung', 'Asylbewerber', 'Asylverfahrensbeschleunigungsgesetz', 'Bundesmittel', 'Flüchtling', 'Kostenerstattung', 'Umsatzsteuer', 'Vertikaler Finanzausgleich']",[0.01046992 0.02546094 0.03164771 ... 0.01951212 0.0004945  0.01326586],"[(np.int64(22), np.float64(0.4522551117692643)), (np.int64(21), np.float64(0.45012547743623554)), (np.int64(29), np.float64(0.4015577069904491))]",22,0.4522551117692643,1.0,1.0,0.3333333333333333,1,22,3.0,16.0,58.0,0.0,,65.0,,1.0,66.0,0.0,,1.0,71.0,,,,,,1,77,,,0.0,,0.0,,0.0,,0.0,,,,0.0,,,,,0.0,,,,,,,,,,,,,,,0.0,,,,,,,,,,,,,,,,,,,,,,,,,,,,,1.0,58.0,0.0,,0.0,,,,,,,,,,,,,,,,,,,0.0,,0.0,,0.0,,,0.0,,,,,,,,,,,0.0,,,,,,,,,,,,,,,,,,,,,,,,,,,,,,,,,,,,,,,,,,,,,,,,,,,,,,,,,,,,,,,,,,,,,,,,,,,,,,,,,,,,,,,,,,,,,,,,,,,,,,,,,,,,,,,,,,,,,,,,,,,,,,,,,,,,,,,,,,,,,,,19.0,13.0,8.0,,-42.0,-36.0,-58.0,,,,,,,,,,,,,,,,,,,,,,,,,,,,,,,,,,,,,,,,,,,,,,,,,,,,,,,,,,,,,,,,,,,,,,,,,,,,,,,,,,,,,-6.0,-11.0,,-61.0,-55,-77,-5.0,,-55.0,-49.0,-71.0,,-50.0,-44.0,-66.0,,,,6.0,-16.0,-22
60121,1,35,2016-01-04 01:00:00+00:00,4098,71,0,Gesetzentwurf,Öffentlicher Haushalt,"['Ambrosia', 'Asylbewerber', 'Bürgschaft', 'Einzelplan 02 - Ministerpräsidentin, Ministerpräsident und Staatskanzlei', 'Einzelplan 03 - Ministerium des Innern und für Kommunales', 'Einzelplan 04 - Ministerium der Justiz und für Europa und Verbraucherschutz', 'Einzelplan 05 - Ministerium für Bildung, Jugend und Sport', 'Einzelplan 06 - Ministerium für Wissenschaft, Forschung und Kultur', 'Einzelplan 07 - Ministerium für Arbeit, Soziales, Gesundheit, Frauen und Familie', 'Einzelplan 08 - Ministerium für Wirtschaft und Energie', 'Einzelplan 11 - Ministerium für Infrastruktur und Landesplanung', 'Einzelplan 12 - Ministerium der Finanzen', 'Einzelplan 20 - Allgemeine Finanzverwaltung', 'Flüchtling', 'Flughafen Berlin Brandenburg GmbH', 'Flughafen Berlin Brandenburg', 'Haushaltsgesetz', 'Kinderbetreuung', 'Landesaufnahmegesetz', 'Landeshaushalt', 'Lehrer', 'Öffentliche Ausgaben', 'Öffentliche Einnahmen', 'Öffentliche Mittel', 'Öffentlicher Haushalt', 'Polizei', 'Polizeibeamter', 'Soziale Wohnraumförderung', 'Tierschutz', 'Wohnungsbau', 'Wohnungsbauförderung', 'Wohnungsbauvermögen']",[ 0.01099106  0.01796389  0.00310232 ...  0.01282291 -0.01045924   0.02540944],"[(np.int64(22), np.float64(0.4136278049443961)), (np.int64(29), np.float64(0.4103283127665684)), (np.int64(34), np.float64(0.40016894722013663))]",22,0.4136278049443961,1.0,1.0,0.3333333333333333,1,16,7.0,10.0,37.0,0.0,,44.0,45.0,1.0,60.0,21.0,64.0,1.0,65.0,64.0,64.0,64.0,64.0,64.0,1,71,51.0,52.0,0.0,,0.0,,0.0,,0.0,,,,1.0,66.0,52.0,,64.0,1.0,35.0,,,,,,,,,,,,,,0.0,,,,,,,,,,,,,,,,,,,,,,,,,,,64.0,64.0,0.0,,0.0,,0.0,,64.0,64.0,64.0,64.0,65.0,65.0,65.0,65.0,65.0,65.0,65.0,65.0,,,,,,0.0,,0.0,,0.0,,,0.0,,,,,,,,,,,0.0,,,,,,,,,,,,,,,,,,,,,,,,,,,,,,,,,,,,,,,,,,,,,,,,,,,,,,,,,,,,,,,,,,,,,,,,,,,,,,,,,,,,,,,,,,,,,,,,,,,,,,,,,,,,,,,,,,,,,,,,,,,,,,,,,,,,,,,,,,,,,,,,,,,,,,,,,,,,,,,,,,,,,,,,,,,,,,,,,,,-31.0,,-2.0,5.0,-1.0,-6.0,,-56.0,-50.0,-66.0,,,,,,,,,,,,,,,,,,,,,,,29.0,36.0,30.0,25.0,,-25.0,-19.0,-35.0,,,,,,,,,7.0,1.0,-4.0,,-54.0,-48.0,-64.0,-6.0,-11.0,,-61.0,-55,-71,-5.0,,-55.0,-49.0,-65.0,,-50.0,-44.0,-60.0,,,,6.0,-10.0,-16
60544,1,7,2016-02-25 01:00:00+00:00,4150,253,0,Gesetzentwurf,Rundfunk Fernsehen,"['Datenschutz', 'Deutschlandradio-Staatsvertrag', 'Fernsehen', 'Jugendmedienschutz', 'Jugendmedienschutz-Staatsvertrag', 'Öffentlich-rechtlicher Rundfunk', 'Öffentlich-rechtliches Fernsehen', 'Rechnungshof', 'Rundfunk', 'Rundfunkbeitrag', 'Rundfunkbeitragsstaatsvertrag', 'Staatsvertrag', 'ZDF', 'ZDF-Staatsvertrag']",[ 0.00213195  0.0185847  -0.00726332 ...  0.01552646  0.00729273   0.0385809 ],"[(np.int64(12), np.float64(0.3747908851443148)), (np.int64(29), np.float64(0.36840941376398395)), (np.int64(35), np.float64(0.34779046810290337))]",12,0.3747908851443148,1.0,1.0,0.3333333333333333,1,13,1.0,55.0,,0.0,,,,1.0,56.0,0.0,,1.0,62.0,,,,,,1,85,,,0.0,,0.0,,0.0,,1.0,253.0,,,0.0,,,,,0.0,,,,,,,,,,,,,,,0.0,,,,,,,,,,,,,,,,,,,,,,,,,,,,,0.0,,0.0,,0.0,,,,,,,,,,,,,,,,,,,0.0,,0.0,,0.0,,,0.0,,,,,,,,,,,0.0,,,,,,,,,,,,,,,,,,,,,,,,,,,,,,,,,,,,,,,,,,,,,,,,,,,,,,,,,,,,,,,,,,,,,,,,,,,,,,,,,,,,,,,,,,,,,,,,,,,,,,,,,,,,,,,,,,,,,,,,,,,,,,,,,,,,,,,,,,,,,,,,,,,,,,,,,,,,,,,,,,,,,,,,,,,,,,,,,,,,,,,,,,,,,,,,,,,,,,,,,,,-168.0,-191.0,-197.0,,-198.0,-240.0,-253.0,,,,,,,,,,,,,,,,,,,,,,,,,-23.0,-29.0,,-30.0,-72,-85,-6.0,,-7.0,-49.0,-62.0,,-1.0,-43.0,-56.0,,,,-42.0,-55.0,-13
60892,1,7,2016-04-15 02:00:00+00:00,4201,73,0,Gesetzentwurf,Hochschulwesen,"['Hochschule', 'Informationssystem', 'Staatsvertrag über die gemeinsame Einrichtung für Hochschulzulassung', 'Staatsvertrag', 'Stiftung für Hochschulzulassung', 'Studienplatz', 'Zentralstelle für die Vergabe von Studienplätzen']",[ 0.02485966  0.001377   -0.0090131  ... -0.00115609  0.00187037   0.0245062 ],"[(np.int64(28), np.float64(0.34911054713178324)), (np.int64(29), np.float64(0.34480044768823204)), (np.int64(12), np.float64(0.34368828391409734))]",28,0.34911054713178324,0.5,1.0,0.4166666666666666,1,12,2.0,40.0,47.0,0.0,,,,1.0,47.0,0.0,,1.0,54.0,,,,,,1,73,,,0.0,,0.0,,0.0,,0.0,,,,0.0,,,,,0.0,,,,,,,,,,,,,,,0.0,,,,,,,,,,,,,,,,,,,,,,,,,,,,,0.0,,0.0,,0.0,,,,,,,,,,,,,,,,,,,0.0,,0.0,,0.0,,,0.0,,,,,,,,,,,0.0,,,,,,,,,,,,,,,,,,,,,,,,,,,,,,,,,,,,,,,,,,,,,,,,,,,,,,,,,,,,,,,,,,,,,,,,,,,,,,,,,,,,,,,,,,,,,,,,,,,,,,,,,,,,,,,,,,,,,,,,,,,,,,,,,,,,,,,,,,,,,,,,,,,,,,,,,,,,,,,,,,,,,,,,,,,,,,,,,,,,,,,,,,,,,,,,,,,,,,,,,,,,,,,,,,,,,,,,,,,,,,,,,,,,,,,,,,-19.0,-26.0,,-33.0,-61,-73,-7.0,,-14.0,-42.0,-54.0,,-7.0,-35.0,-47.0,,,,-28.0,-40.0,-12
60889,1,8,2016-04-15 02:00:00+00:00,4201,194,0,Gesetzentwurf,Gesundheitsschutz,"['Ärztekammer', 'Berlin', 'Datenaustausch', 'Datenschutz', 'Früherkennungsuntersuchung', 'Gesundheitsdaten', 'Grundrechtsbeschränkung', 'Krankenkasse', 'Landesmittel', 'Meldepflicht', 'Onkologie', 'Private Krankenversicherung', 'Sozialgesetzbuch V', 'Staatsvertrag', 'Tumorerkrankung']",[-0.00495529  0.01516439 -0.00155972 ...  0.03367211 -0.0007612   0.02185105],"[(np.int64(29), np.float64(0.38458500944923824)), (np.int64(12), np.float64(0.3628596656521771)), (np.int64(31), np.float64(0.3233173054801856))]",29,0.38458500944923824,0.5,1.0,0.4166666666666666,1,12,2.0,40.0,47.0,0.0,,,,1.0,47.0,0.0,,1.0,54.0,,,,,,1,62,,,0.0,,0.0,,0.0,,1.0,194.0,,,0.0,,,,,0.0,,,,,,,,,,,,,,,0.0,,,,,,,,,,,,,,,,,,,,,,,,,,,,,0.0,,0.0,,0.0,,,,,,,,,,,,,,,,,,,0.0,,0.0,,0.0,,,0.0,,,,,,,,,,,0.0,,,,,,,,,,,,,,,,,,,,,,,,,,,,,,,,,,,,,,,,,,,,,,,,,,,,,,,,,,,,,,,,,,,,,,,,,,,,,,,,,,,,,,,,,,,,,,,,,,,,,,,,,,,,,,,,,,,,,,,,,,,,,,,,,,,,,,,,,,,,,,,,,,,,,,,,,,,,,,,,,,,,,,,,,,,,,,,,,,,,,,,,,,,,,,,,,,,,,,,,,,,-132.0,-140.0,-147.0,,-154.0,-182.0,-194.0,,,,,,,,,,,,,,,,,,,,,,,,,-8.0,-15.0,,-22.0,-50,-62,-7.0,,-14.0,-42.0,-54.0,,-7.0,-35.0,-47.0,,,,-28.0,-40.0,-12
61105,1,9,2016-05-13 02:00:00+00:00,4229,199,0,Gesetzentwurf,Vermessungs- und Katasterwesen,"['Altersgrenze', 'Berufliche Weiterbildung', 'Berufsrecht', 'Freier Beruf', 'Gebühr', 'Grundrechtsbeschränkung', 'Insolvenz', 'ÖbVI-Berufsordnung', 'ÖbVI-Geschäftsabschlussverordnung', 'ÖbVI-Gesetz', 'Zulassungsprüfungsverordnung-ÖbVI']",[-0.00863712 -0.01171335  0.0021297  ...  0.01514454  0.00946534   0.01230494],"[(np.int64(29), np.float64(0.43022788642995535)), (np.int64(19), np.float64(0.3876897019235746)), (np.int64(10), np.float64(0.374350234287962))]",29,0.43022788642995535,0.5,1.0,0.4166666666666666,1,26,3.0,48.0,125.0,0.0,,173.0,,1.0,177.0,1.0,178.0,1.0,179.0,,,,,,1,199,,,0.0,,0.0,,0.0,,0.0,,,,0.0,,,,,0.0,,,,,,,,,,,,,,,0.0,,,,,,,,,,,,,,,,,,,,,,,,,,,,,0.0,,0.0,,0.0,,,,,,,,,,,,,,,,,,,0.0,,0.0,,0.0,,,0.0,,,,,,,,,,,0.0,,,,,,,,,,,,,,,,,,,,,,,,,,,,,,,,,,,,,,,,,,,,,,,,,,,,,,,,,,,,,,,,,,,,,,,,,,,,,,,,,,,,,,,,,,,,,,,,,,,,,,,,,,,,,,,,,,,,,,,,,,,,,,,,,,,,,,,,,,,,,,,,,,,,,,,,,,,,,,,,,,,,,,,,,,,,,,,,,,,,,,,,,,,,,,,,,,,,,,,,,,,,,,,,,,,,,,,,,,,,,,,,,,,21.0,1.0,-1.0,,-130.0,-152.0,-178.0,-20.0,-22.0,,-151.0,-173,-199,-2.0,,-131.0,-153.0,-179.0,,-129.0,-151.0,-177.0,,,,-22.0,-48.0,-26
61271,1,16,2016-05-27 02:00:00+00:00,4243,125,0,Gesetzentwurf,Wirtschaft,"['Gesetz gegen Wettbewerbsbeschränkungen', 'Grundrechtsbeschränkung', 'Kostenerstattung', 'Landesverfassung: Art. 11', 'Mindestlohn', 'Mindestlohngesetz', 'Mindestlohnkommission', 'Öffentlicher Auftrag', 'Richtlinie der EU', 'Vergabegesetz-Erstattungsverordnung', 'Vergaberecht', 'Vergabeverordnung', 'Vergütung']",[ 0.00681671 -0.0003177   0.00840336 ...  0.01087148 -0.00236528   0.03243814],"[(np.int64(13), np.float64(0.544879837239161)), (np.int64(29), np.float64(0.43298840259381033)), (np.int64(5), np.float64(0.4270048063762989))]",13,0.544879837239161,1.0,0.5,0.4166666666666666,1,13,5.0,13.0,18.0,0.0,,40.0,48.0,1.0,116.0,4.0,115.0,1.0,124.0,115.0,116.0,123.0,,,1,125,110.0,,1.0,123.0,0.0,,0.0,,0.0,,,,0.0,,,,,0.0,,,,,,,,,,,,,,,0.0,,,,,,,,,,,,,,,,,,,,,,,,,,,,,1.0,40.0,0.0,,0.0,,,,,,,,,,,,,,,,,,,0.0,,0.0,,0.0,,,0.0,,,,,,,,,,,0.0,,,,,,,,,,,,,,,,,,,,,,,,,,,,,,,,,,,,,,,,,,,,,,,,,,,,,,,,,,,,,,,,,,,,,,,,,,,,,,,,,,,,,,,,,,,,,,,,,,,,,,,,,,,,,,,,,,,,,,,,,,,,,,,,,,,,,,,,,,,,,83.0,75.0,85.0,84.0,76.0,,-27.0,-27.0,-40.0,,,,,,,,,,,,,,,,,,,,,,,,,,,,,,,,,,,,,,,,,,,,,,,,,,,,,,,,,,,,,,,,,,,,,,-8.0,2.0,1.0,-7.0,,-110.0,-110.0,-123.0,10.0,9.0,1.0,,-102.0,-102.0,-115.0,-1.0,-9.0,,-112.0,-112,-125,-8.0,,-111.0,-111.0,-124.0,,-103.0,-103.0,-116.0,,,,0.0,-13.0,-13
61616,1,29,2016-06-29 02:00:00+00:00,4276,522,1,Sitzung,Wasser,"['Abgabe', 'Abwasserabgabengesetz', 'Abwasserentsorgung', 'Gebühr', 'Gebührenordnung', 'Gesetz über die Bildung von Gewässerunterhaltungsverbänden', 'Gewässerunterhaltung', 'Haushalts- und Wirtschaftsführung', 'Kosten', 'Schöpfwerk', 'Stauanlage', 'Ufer', 'Wald', 'Wasser- und Bodenverband', 'Wasserbehördenzuständigkeitsverordnung', 'Wassergesetz', 'Wassernutzung', 'Wasserschutzgebiet']",[-0.00762521 -0.02482628 -0.00549725 ...  0.0249445   0.01164471   0.00313284],"[(np.int64(7), np.float64(0.4016690988864965)), (np.int64(29), np.float64(0.3695588968793081)), (np.int64(21), np.float64(0.3662172422759249))]",7,0.4016690988864965,0.5,1.0,0.4166666666666666,1,15,16.0,0.0,15.0,0.0,,77.0,77.0,1.0,497.0,1.0,495.0,1.0,503.0,,,,,,1,522,78.0,105.0,1.0,503.0,1.0,503.0,0.0,,0.0,,,,0.0,,105.0,188.0,,3.0,470.0,,,,,,,,,,,,,,0.0,,,230.0,265.0,350.0,378.0,441.0,448.0,449.0,,474.0,,,,,,,,,,,,,,,,,,2.0,77.0,0.0,,0.0,,,,,,,,,,,,,,,,,,,0.0,,0.0,,0.0,,,0.0,,378.0,,,470.0,470.0,,,,,0.0,,,,,,,,,,,,,,,,,,,,,,,,,,,,,,,,,,,,,,,,,,,,,,,,,,,,,,,,,,,,,,,,,,,,,,,,,,,,,,,,,,,,,,,,,,,,,,,,,,,,,,,,,,,,,,,,,,,,,,,,,,,,,,,,,,,,,,,426.0,,,,,393.0,426.0,418.0,445.0,426.0,420.0,,-77.0,-62.0,-76.0,,,,,-33.0,0.0,-8.0,19.0,0.0,-6.0,,-503.0,-488.0,-502.0,,,,,,,,,,,,,,,,,,,,,,,,,,,,,,,,,,,,,,,,,,,,,,,33.0,25.0,52.0,33.0,27.0,,-470.0,-455.0,-469.0,-8.0,19.0,0.0,-6.0,,-503.0,-488.0,-502.0,27.0,8.0,2.0,,-495.0,-480.0,-494.0,-19.0,-25.0,,-522.0,-507,-521,-6.0,,-503.0,-488.0,-502.0,,-497.0,-482.0,-496.0,,,,15.0,1.0,-14
61595,1,10,2016-06-29 02:00:00+00:00,4276,173,0,Gesetzentwurf,Justiz,"['Gerichtskostengesetz', 'Gesetz über die psychosoziale Prozessbegleitung im Strafverfahren', 'Gesetz zur Ausführung des Gesetzes über die psychosoziale Prozessbegleitung im Strafverfahren', 'Opferhilfe', 'Opferschutz', 'Psychosoziale Prozessbegleitung', 'Strafprozessordnung', 'Verbrechensopfer', 'Verordnung']",[-0.0140697   0.01053756  0.02766845 ...  0.02272345 -0.01777845   0.01230363],"[(np.int64(29), np.float64(0.455254911707742)), (np.int64(24), np.float64(0.4155794995439519)), (np.int64(9), np.float64(0.3954364940466245))]",29,0.455254911707742,0.5,1.0,0.4166666666666666,1,14,3.0,78.0,106.0,0.0,,154.0,,1.0,160.0,1.0,166.0,1.0,169.0,,,,,,1,173,,,0.0,,0.0,,0.0,,0.0,,,,0.0,,,,,0.0,,,,,,,,,,,,,,,0.0,,,,,,,,,,,,,,,,,,,,,,,,,,,,,1.0,106.0,0.0,,0.0,,,,,,,,,,,,,,,,,,,0.0,,0.0,,0.0,,,0.0,,,,,,,,,,,0.0,,,,,,,,,,,,,,,,,,,,,,,,,,,,,,,,,,,,,,,,,,,,,,,,,,,,,,,,,,,,,,,,,,,,,,,,,,,,,,,,,,,,,,,,,,,,,,,,,,,,,,,,,,,,,,,,,,,,,,,,,,,,,,,,,,,,,,,,,,,,,,60.0,67.0,63.0,54.0,,-28.0,-92.0,-106.0,,,,,,,,,,,,,,,,,,,,,,,,,,,,,,,,,,,,,,,,,,,,,,,,,,,,,,,,,,,,,,,,,,,,,,,,,,,,,,7.0,3.0,-6.0,,-88.0,-152.0,-166.0,-4.0,-13.0,,-95.0,-159,-173,-9.0,,-91.0,-155.0,-169.0,,-82.0,-146.0,-160.0,,,,-64.0,-78.0,-14
61533,1,35,2016-06-30 02:00:00+00:00,4277,173,29,Sitzung,"['Öffentlicher Haushalt', 'Landesregierung']","['Altanschließer', 'Bürgschaft', 'Einzelplan 01 - Landtag', 'Einzelplan 02 - Ministerpräsidentin, Ministerpräsident und Staatskanzlei', 'Einzelplan 03 - Ministerium des Innern und für Kommunales', 'Einzelplan 04 - Ministerium der Justiz und für Europa und Verbraucherschutz', 'Einzelplan 05 - Ministerium für Bildung, Jugend und Sport', 'Einzelplan 06 - Ministerium für Wissenschaft, Forschung und Kultur', 'Einzelplan 07 - Ministerium für Arbeit, Soziales, Gesundheit, Frauen und Familie', 'Einzelplan 08 - Ministerium für Wirtschaft und Energie', 'Einzelplan 10 - Ministerium für Ländliche Entwicklung, Umwelt und Landwirtschaft', 'Einzelplan 11 - Ministerium für Infrastruktur und Landesplanung', 'Einzelplan 12 - Ministerium der Finanzen', 'Einzelplan 13 - Landesrechnungshof', 'Einzelplan 14 - Verfassungsgericht des Landes Brandenburg', 'Einzelplan 20 - Allgemeine Finanzverwaltung', 'Flughafen Berlin Brandenburg', 'Kindertagesstätte', 'Landeshaushalt', 'Landesregierung', 'Öffentliche Ausgaben', 'Öffentliche Einnahmen', 'Öffentliche Mittel', 'Öffentlicher Haushalt', 'Steuer', 'Terminplan']",[ 0.01885127  0.02605558  0.00576345 ...  0.00822492 -0.0036772   0.03061831],"[(np.int64(34), np.float64(0.47103717912024884)), (np.int64(29), np.float64(0.4475420596666133)), (np.int64(21), np.float64(0.4376465825572267))]",34,0.47103717912024884,1.0,0.0,0.5,1,90,9.0,0.0,6.0,0.0,,77.0,105.0,16.0,161.0,0.0,,1.0,166.0,,,,,,1,173,145.0,146.0,3.0,165.0,1.0,168.0,0.0,,0.0,,161.0,161.0,1.0,168.0,147.0,167.0,,0.0,,161.0,161.0,161.0,161.0,161.0,161.0,161.0,164.0,164.0,164.0,164.0,164.0,167.0,1.0,167.0,,167.0,,,,,,,,,,,,,,,,,,,,,,,,,,0.0,,0.0,,0.0,,,,,,,,,,,,,,,,,,,0.0,,0.0,,0.0,,165.0,0.0,,,,,,,166.0,,,,0.0,,,,,,,,,,,,,,,,,,,,,,,,,,,,,,,,,,,,,,,,,,,,,,,,,,,,,,,,,,,,,,,,,,,,,,,,,,,,,,,,,,,,,,,,,,,,,,,,,,,,,,,,,,,,,,,,,,,,,,,,,,,,,,,,,,,,,,,,,,,,,,,,,,,,,,,0.0,-1.0,,,-3.0,,5.0,-2.0,-7.0,,-168.0,-78.0,-139.0,,,,,,,,,,,,,,-1.0,,,-3.0,,5.0,-2.0,-7.0,,-168.0,-78.0,-139.0,,,-2.0,,6.0,-1.0,-6.0,,-167.0,-77.0,-138.0,,,,,,,,,,,,,,,,,,,,,8.0,1.0,-4.0,,-165.0,-75.0,-136.0,,,,,,,,-7.0,-12.0,,-173.0,-83,-144,-5.0,,-166.0,-76.0,-137.0,,-161.0,-71.0,-132.0,,,,90.0,29.0,-61
61922,1,10,2016-08-23 02:00:00+00:00,4331,245,0,Gesetzentwurf,"['Mitbestimmung', 'Versicherungen']","['Arzt', 'Berufsständische Versorgung', 'Gebühr', 'Grundrechtsbeschränkung', 'Heilberufsgesetz', 'Kosten', 'Rechtsanwalt', 'Rechtsanwaltsversorgungsgesetz', 'Steuerberater', 'Steuerberaterversorgungsgesetz', 'Versicherungsaufsicht', 'Versicherungsaufsichtsgesetz']",[-0.01678909  0.00170889  0.01187229 ...  0.02902114  0.00587618   0.02050668],"[(np.int64(29), np.float64(0.4459450683356243)), (np.int64(21), np.float64(0.39290356230868756)), (np.int64(36), np.float64(0.382313279266046))]",29,0.4459450683356243,0.5,1.0,0.4166666666666666,1,36,4.0,50.0,105.0,0.0,,140.0,218.0,1.0,223.0,0.0,,1.0,225.0,,,,,,1,245,,,0.0,,0.0,,0.0,,0.0,,,,0.0,,,,,0.0,,,,,,,,,,,,,,,0.0,,,,,,,,,,,,,,,,,,,,,,,,,,,,,1.0,105.0,0.0,,0.0,,,,,,,,,,,,,,,,,,,0.0,,0.0,,0.0,,,0.0,,,,,,,,,,,0.0,,,,,,,,,,,,,,,,,,,,,,,,,,,,,,,,,,,,,,,,,,,,,,,,,,,,,,,,,,,,,,,,,,,,,,,,,,,,,,,,,,,,,,,,,,,,,,,,,,,,,,,,,,,,,,,,,,,,,,,,,,,,,,,,,,,,,,,,,,,,,,,140.0,120.0,118.0,,-55.0,-69.0,-105.0,,,,,,,,,,,,,,,,,,,,,,,,,,,,,,,,,,,,,,,,,,,,,,,,,,,,,,,,,,,,,,,,,,,,,,,,,,,,,,,,,,,,,-20.0,-22.0,,-195.0,-209,-245,-2.0,,-175.0,-189.0,-225.0,,-173.0,-187.0,-223.0,,,,-14.0,-50.0,-36
61978,1,16,2016-09-06 02:00:00+00:00,4345,105,0,Gesetzentwurf,Öffentlicher Dienst,"['Amtsbezeichnung', 'Beamtenversorgung', 'Beamtenversorgungsgesetz', 'Beamter', 'Besoldung', 'Besoldungsgesetz', 'Europäischer Gerichtshof', 'Justizwachtmeister', 'Polizeibeamter', 'Stellenobergrenzenverordnung', 'Verordnung']",[-0.0010777   0.00389459  0.01736212 ...  0.0002397  -0.01016754   0.02473508],"[(np.int64(19), np.float64(0.39336708646912266)), (np.int64(29), np.float64(0.38664156920057724)), (np.int64(24), np.float64(0.37277130535400427))]",19,0.39336708646912266,0.0,0.0,0.3333333333333333,1,23,7.0,23.0,37.0,0.0,,57.0,77.0,1.0,93.0,3.0,97.0,1.0,99.0,98.0,98.0,,,,1,105,79.0,92.0,0.0,,0.0,,0.0,,0.0,,,,0.0,,99.0,,,0.0,,,,,,,,,,,,,,,0.0,,,,,,,,,,,,,,,,,,,,,,,,,,,,,1.0,77.0,0.0,,0.0,,,,,,,,,,,,,,,,,,,0.0,,0.0,,0.0,,,0.0,,,,,,,,,,,0.0,,,,,,,,,,,,,,,,,,,,,,,,,,,,,,,,,,,,,,,,,,,,,,,,,,,,,,,,,,,,,,,,,,,,,,,,,,,,,,,,,,,,,,,,,,,,,,,,,,,,,,,,,,,,,,,,,,,,,,,,,,,,,,,,,,,,,,,,,,,,,,20.0,28.0,22.0,16.0,,-54.0,-54.0,-77.0,,,,,,,,,,,,,,,,,,,,,,,,,,,,,,,,,,,,,,,,,,,,,,,,,,,,,,,,,,,,,,,,,,,,,,,,,,,,,,8.0,2.0,-4.0,,-74.0,-74.0,-97.0,-6.0,-12.0,,-82.0,-82,-105,-6.0,,-76.0,-76.0,-99.0,,-70.0,-70.0,-93.0,,,,0.0,-23.0,-23
62043,1,10,2016-09-13 02:00:00+00:00,4352,195,0,Gesetzentwurf,"['Öffentlicher Dienst', 'Kommunale Angelegenheiten', 'Wahlen']","['Beamtenrecht', 'Bürgermeister', 'Kommunaler Wahlbeamter', 'Kommunalwahlgesetz', 'Landrat']",[ 0.0037442   0.01022225  0.00108463 ...  0.02472358 -0.00517056   0.01985018],"[(np.int64(29), np.float64(0.43093973131277064)), (np.int64(19), np.float64(0.41325281418121174)), (np.int64(4), np.float64(0.38866933111756485))]",29,0.43093973131277064,0.5,1.0,0.4166666666666666,1,16,4.0,16.0,85.0,0.0,,120.0,162.0,1.0,167.0,0.0,,1.0,169.0,,,,,,1,195,,,0.0,,0.0,,0.0,,0.0,,,,0.0,,,,,0.0,,,,,,,,,,,,,,,0.0,,,,,,,,,,,,,,,,,,,,,,,,,,,,,1.0,120.0,0.0,,0.0,,,,,,,,,,,,,,,,,,,0.0,,0.0,,0.0,,,0.0,,,,,,,,,,,0.0,,,,,,,,,,,,,,,,,,,,,,,,,,,,,,,,,,,,,,,,,,,,,,,,,,,,,,,,,,,,,,,,,,,,,,,,,,,,,,,,,,,,,,,,,,,,,,,,,,,,,,,,,,,,,,,,,,,,,,,,,,,,,,,,,,,,,,,,,,,,,,,75.0,49.0,47.0,,-104.0,-104.0,-120.0,,,,,,,,,,,,,,,,,,,,,,,,,,,,,,,,,,,,,,,,,,,,,,,,,,,,,,,,,,,,,,,,,,,,,,,,,,,,,,,,,,,,,-26.0,-28.0,,-179.0,-179,-195,-2.0,,-153.0,-153.0,-169.0,,-151.0,-151.0,-167.0,,,,0.0,-16.0,-16
62296,1,13,2016-10-17 02:00:00+00:00,4386,190,0,Gesetzentwurf,Handel,"['Einzelhandel', 'Feiertag', 'Ladenöffnungsgesetz', 'Sonntag', 'Stadtteil']",[-0.01526003  0.00975932  0.01496429 ...  0.005619   -0.00223281   0.00875382],"[(np.int64(29), np.float64(0.48791255710903786)), (np.int64(19), np.float64(0.43599645954329275)), (np.int64(4), np.float64(0.4299978675525582))]",29,0.48791255710903786,0.5,1.0,0.4166666666666666,1,22,4.0,43.0,78.0,0.0,,120.0,155.0,1.0,162.0,1.0,162.0,1.0,170.0,,,,,,1,190,,,1.0,161.0,1.0,171.0,0.0,,0.0,,,,0.0,,,,,0.0,,,,,,,,,,,,,,,0.0,,,,,,,,,,,,,,,,,,,,,,,,,,,,,1.0,120.0,0.0,,0.0,,,,,,,,,,,,,,,,,,,0.0,,0.0,,0.0,,,0.0,,,,,,,,,,,0.0,,,,,,,,,,,,,,,,,,,,,,,,,,,,,,,,,,,,,,,,,,,,,,,,,,,,,,,,,,,,,,,,,,,,,,,,,,,,,,,,,,,,,,,,,,,,,,,,,,,,,,,,,,,,,,,,,,,,,,,,,,,,,,,,,,,,,,,51.0,,,,,,41.0,42.0,70.0,50.0,42.0,,-77.0,-98.0,-120.0,,,,,,-10.0,-9.0,19.0,-1.0,-9.0,,-128.0,-149.0,-171.0,,,,,,,,,,,,,,,,,,,,,,,,,,,,,,,,,,,,,,,,,,,,,,,,,,,,,,,,1.0,29.0,9.0,1.0,,-118.0,-139.0,-161.0,28.0,8.0,0.0,,-119.0,-140.0,-162.0,-20.0,-28.0,,-147.0,-168,-190,-8.0,,-127.0,-148.0,-170.0,,-119.0,-140.0,-162.0,,,,-21.0,-43.0,-22
62364,1,9,2016-10-21 02:00:00+00:00,4390,59,0,Gesetzentwurf,"['Sport', 'Schulen', 'Kunst Kultur']","['Kunstschule', 'Lottomittel', 'Musik- und Kunstschulgesetz', 'Musikschule', 'Sportförderung', 'Sportförderungsgesetz']",[-0.00169831  0.02374685  0.01488609 ...  0.00803376 -0.01140085   0.00726583],"[(np.int64(20), np.float64(0.4675670939227262)), (np.int64(29), np.float64(0.3975051210645838)), (np.int64(26), np.float64(0.39703040396407435))]",20,0.4675670939227262,1.0,0.5,0.4166666666666666,1,18,3.0,25.0,26.0,0.0,,39.0,,1.0,46.0,0.0,,1.0,55.0,,,,,,1,59,,,1.0,52.0,0.0,,0.0,,0.0,,,,0.0,,,,,0.0,,,,,,,,,,,,,,,0.0,,,,,,,,,,,,,,,,,,,,,,,,,,,,,0.0,,0.0,,0.0,,,,,,,,,,,,,,,,,,,0.0,,0.0,,0.0,,,0.0,,,,,,,,,,,0.0,,,,,,,,,,,,,,,,,,,,,,,,,,,,,,,,,,,,,,,,,,,,,,,,,,,,,,,,,,,,,,,,,,,,,,,,,,,,,,,,,,,,,,,,,,,,,,,,,,,,,,,,,,,,,,,,,,,,,,,,,,,,,,,,,,,,,,,,,,,,,,,,,,,,,,,,,,,,,,,,,,,,,,,,,,,,,,,,,,,,,,,,,,,,,,,,,,,,,,,,,,,,,,,,,,,,,,,,,,,,7.0,3.0,-6.0,,-27.0,-34.0,-52.0,,,,,,,,-4.0,-13.0,,-34.0,-41,-59,-9.0,,-30.0,-37.0,-55.0,,-21.0,-28.0,-46.0,,,,-7.0,-25.0,-18
62365,1,7,2016-10-26 02:00:00+00:00,4395,54,0,Gesetzentwurf,Öffentliches Vermögen,"['Asylrecht', 'Beamtenversorgung', 'Gesetz über den Kommunalen Versorgungsverband Brandenburg', 'Gesetz über die Aufhebung des Brandenburgischen Versorgungsrücklagengesetzes', 'Versorgungsfondsgesetz', 'Versorgungsrücklagengesetz']",[-0.00019039  0.03607699  0.01391712 ...  0.01636605  0.00579382   0.02186122],"[(np.int64(21), np.float64(0.5014805705920906)), (np.int64(29), np.float64(0.47609530076788287)), (np.int64(19), np.float64(0.47001779939267685))]",21,0.5014805705920906,0.5,0.5,0.5,1,14,2.0,14.0,29.0,0.0,,,,1.0,43.0,0.0,,1.0,50.0,,,,,,1,54,,,0.0,,0.0,,0.0,,0.0,,,,0.0,,,,,0.0,,,,,,,,,,,,,,,0.0,,,,,,,,,,,,,,,,,,,,,,,,,,,,,0.0,,0.0,,0.0,,,,,,,,,,,,,,,,,,,0.0,,0.0,,0.0,,,0.0,,,,,,,,,,,0.0,,,,,,,,,,,,,,,,,,,,,,,,,,,,,,,,,,,,,,,,,,,,,,,,,,,,,,,,,,,,,,,,,,,,,,,,,,,,,,,,,,,,,,,,,,,,,,,,,,,,,,,,,,,,,,,,,,,,,,,,,,,,,,,,,,,,,,,,,,,,,,,,,,,,,,,,,,,,,,,,,,,,,,,,,,,,,,,,,,,,,,,,,,,,,,,,,,,,,,,,,,,,,,,,,,,,,,,,,,,,,,,,,,,,,,,,,,-4.0,-11.0,,-40.0,-40,-54,-7.0,,-36.0,-36.0,-50.0,,-29.0,-29.0,-43.0,,,,0.0,-14.0,-14
62361,1,7,2016-10-28 02:00:00+00:00,4397,16,0,Gesetzentwurf,Parlament,"['Abgeordnetengruppe', 'Abgeordnetenrecht', 'Fraktionsgesetz', 'Fraktionsmittel', 'Gerichtsentscheidung', 'Landesverfassungsgerichtsbarkeit', 'Landtagsabgeordneter', 'Landtagsfraktion', 'Parlamentarische Opposition']",[0.0107347  0.01912302 0.00891625 ... 0.02733536 0.00182578 0.00353424],"[(np.int64(29), np.float64(0.41140118015846316)), (np.int64(12), np.float64(0.3769330882906132)), (np.int64(19), np.float64(0.34346245206959053))]",29,0.41140118015846316,0.5,1.0,0.4166666666666666,1,11,1.0,12.0,,0.0,,,,0.0,,2.0,10.0,1.0,12.0,11.0,,,,,1,16,,,0.0,,0.0,,0.0,,0.0,,,,0.0,,,,,0.0,,,,,,,,,,,,,,,0.0,,,,,,,,,,,,,,,,,,,,,,,,,,,,,0.0,,0.0,,0.0,,,,,,,,,,,,,,,,,,,0.0,,0.0,,0.0,,,0.0,,,,,,,,,,,0.0,,,,,,,,,,,,,,,,,,,,,,,,,,,,,,,,,,,,,,,,,,,,,,,,,,,,,,,,,,,,,,,,,,,,,,,,,,,,,,,,,,,,,,,,,,,,,,,,,,,,,,,,,,,,,,,,,,,,,,,,,,,,,,,,,,,,,,,,,,,,,,,,,,,,,,,,,,,,,,,,,,,,,,,,,,,,,,,,,,,,,,,,,,,,,,,,,,,,,,,,,,,,,,,,,,,,,,,,,,,,,,,,,,,6.0,2.0,,,2.0,1.0,-10.0,-4.0,,,-4.0,-5,-16,,,0.0,-1.0,-12.0,,,,,,,,-1.0,-12.0,-11
62360,1,11,2016-10-28 02:00:00+00:00,4397,174,0,Gesetzentwurf,Abgeordnete,"['Abgeordnetenentschädigung', 'Abgeordnetengesetz', 'Abgeordnetenrecht', 'Abgeordnetenversorgung', 'Einkommensentwicklung', 'Einzelplan 01 - Landtag', 'Kostenpauschale für Abgeordnete', 'Landtagsabgeordneter', 'Landtagspräsident', 'Landtagsvizepräsident', 'Versorgungswerk der Mitglieder des Landtags Nordrhein-Westfalen und des Landtags Brandenburg']",[-0.00556622  0.004678    0.00455957 ...  0.00411545  0.00559583   0.01634338],"[(np.int64(29), np.float64(0.41215142539560545)), (np.int64(13), np.float64(0.36281489249592325)), (np.int64(23), np.float64(0.36133774179489403))]",29,0.41215142539560545,0.5,1.0,0.4166666666666666,1,11,3.0,12.0,39.0,0.0,,152.0,,1.0,154.0,2.0,10.0,1.0,159.0,160.0,,,,,1,174,,,0.0,,0.0,,0.0,,0.0,,,,1.0,160.0,,,,0.0,,,,,,,,,,,,,,,0.0,,,,,,,,,,,,,,,,,,,,,,,,,,,,,0.0,,0.0,,0.0,,,,,,,,,,,,,,,,,,,0.0,,0.0,,0.0,,,0.0,,,,,,,,,,,0.0,,,,,,,,,,,,,,,,,,,,,,,,,,,,,,,,,,,,,,,,,,,,,,,,,,,,,,,,,,,,,,,,,,,,,,,,,,,,,,,,,,,,,,,,,,,,,,,,,,,,,,,,,,,,,,,,,,,,,,,,,,,,,,,,,,,,,,,,,,,,,,,,,,,,,,,,,,,,,,,,,,,,,,,,,,,,,,,,,,,,,-150.0,14.0,-1.0,-6.0,,-148.0,-149.0,-160.0,,,,,,,,,,,,,,,,,,,,,,,,,,,,,,,,,,,,,,,164.0,149.0,144.0,,2.0,1.0,-10.0,-15.0,-20.0,,-162.0,-163,-174,-5.0,,-147.0,-148.0,-159.0,,-142.0,-143.0,-154.0,,,,-1.0,-12.0,-11
62539,1,7,2016-11-28 01:00:00+00:00,4427,273,0,Gesetzentwurf,Finanzmarkt,"['Gesetz über die Investitionsbank des Landes Brandenburg', 'InvestitionsBank des Landes Brandenburg']",[-0.01368804 -0.00922455  0.00916504 ...  0.00627865  0.0072011   0.00862942],"[(np.int64(29), np.float64(0.4874657516580233)), (np.int64(19), np.float64(0.4617720528371362)), (np.int64(4), np.float64(0.4562133841762167))]",29,0.4874657516580233,0.5,1.0,0.4166666666666666,1,93,2.0,17.0,80.0,0.0,,,,1.0,85.0,0.0,,0.0,,,,,,,1,119,,,0.0,,0.0,,0.0,,1.0,273.0,,,0.0,,,,,0.0,,,,,,,,,,,,,,,0.0,,,,,,,,,,,,,,,,,,,,,,,,,,,,,0.0,,0.0,,0.0,,,,,,,,,,,,,,,,,,,0.0,,0.0,,0.0,,,0.0,,,,,,,,,,,0.0,,,,,,,,,,,,,,,,,,,,,,,,,,,,,,,,,,,,,,,,,,,,,,,,,,,,,,,,,,,,,,,,,,,,,,,,,,,,,,,,,,,,,,,,,,,,,,,,,,,,,,,,,,,,,,,,,,,,,,,,,,,,,,,,,,,,,,,,,,,,,,,,,,,,,,,,,,,,,,,,,,,,,,,,,,,,,,,,,,,,,,,,,,,,,,,,,,,,,,,,,,,-154.0,,-188.0,,-256.0,-180.0,-273.0,,,,,,,,,,,,,,,,,,,,,,,,,,-34.0,,-102.0,-26,-119,,,,,,,-68.0,8.0,-85.0,,,,76.0,-17.0,-93
62579,1,4,2016-12-02 01:00:00+00:00,4431,18,0,Gesetzentwurf,Nation,"['Aufarbeitungsbeauftragtengesetz', 'Behinderter', 'Beratungsstelle', 'Deutsche Demokratische Republik', 'Heim', 'Jugendlicher', 'Kind', 'Psychisch Kranker', 'Vergangenheitsbewältigung']",[-0.01156147  0.03075113  0.00265199 ...  0.02526837 -0.00664487   0.01090592],"[(np.int64(29), np.float64(0.5010964780833718)), (np.int64(19), np.float64(0.4721086540581476)), (np.int64(9), np.float64(0.44444338831646996))]",29,0.5010964780833718,0.5,1.0,0.4166666666666666,1,14,1.0,13.0,,0.0,,,,0.0,,0.0,,0.0,,,,,,,1,18,,,0.0,,0.0,,0.0,,0.0,,,,0.0,,,,,0.0,,,,,,,,,,,,,,,0.0,,,,,,,,,,,,,,,,,,,,,,,,,,,,,0.0,,0.0,,0.0,,,,,,,,,,,,,,,,,,,0.0,,0.0,,0.0,,,0.0,,,,,,,,,,,0.0,,,,,,,,,,,,,,,,,,,,,,,,,,,,,,,,,,,,,,,,,,,,,,,,,,,,,,,,,,,,,,,,,,,,,,,,,,,,,,,,,,,,,,,,,,,,,,,,,,,,,,,,,,,,,,,,,,,,,,,,,,,,,,,,,,,,,,,,,,,,,,,,,,,,,,,,,,,,,,,,,,,,,,,,,,,,,,,,,,,,,,,,,,,,,,,,,,,,,,,,,,,,,,,,,,,,,,,,,,,,,,,,,,,,,,,,,,,,,-5.0,-4,-18,,,,,,,,,,,,,1.0,-13.0,-14
63111,1,17,2017-02-17 01:00:00+00:00,4508,221,0,Gesetzentwurf,Schulen,"['Behinderter Jugendlicher', 'E-Learning', 'Minderjähriger Flüchtling', 'Inklusiver Unterricht', 'Integrativer Unterricht', 'Investition', 'Lehrer', 'Schülervertretung', 'Schulgebäude', 'Schulgesetz', 'Schulklasse', 'Schulkonferenz', 'Schulzeugnis']",[ 0.00352513  0.02334289  0.0232244  ... -0.00157742  0.0069614   0.01860322],"[(np.int64(20), np.float64(0.5295374359333337)), (np.int64(29), np.float64(0.47474109655433894)), (np.int64(2), np.float64(0.47064252813214497))]",20,0.5295374359333337,1.0,0.5,0.4166666666666666,1,13,5.0,34.0,76.0,0.0,,118.0,131.0,2.0,129.0,2.0,125.0,1.0,131.0,130.0,,,,,1,144,215.0,,1.0,130.0,0.0,,1.0,221.0,0.0,,131.0,,1.0,133.0,,,,0.0,,,,,,,,,,,,,,,0.0,,,,,,,,,,,,,,,,,,,,,,,,,,,,,1.0,76.0,0.0,,0.0,,,,,,,,,,,,,,,,,,,0.0,,0.0,,0.0,,,0.0,,,,,,,,,,,0.0,,,,,,,,,,,,,,,,,,,,,,,,,,,,,,,,,,,,,,,,,,,,,,,,,,,,,,,,,,,,,,,,,,,,,,,,,,,,,,,,,,,,,,,,,,,,,,,,,,,,,,,,,,,,,,,,,,,,,,,,,,,,,,,,,,,,,,,,145.0,57.0,,,,54.0,49.0,68.0,55.0,53.0,,-42.0,-63.0,-76.0,,,,,,,,,,,,,,,-88.0,,,,-91.0,-96.0,-77.0,-90.0,-92.0,,-187.0,-208.0,-221.0,,,,-3.0,-8.0,11.0,-2.0,-4.0,,-99.0,-120.0,-133.0,,,,,,,,,,,,,,,,,,,,,,,,,,,,,,,-5.0,14.0,1.0,-1.0,,-96.0,-117.0,-130.0,19.0,6.0,4.0,,-91.0,-112.0,-125.0,-13.0,-15.0,,-110.0,-131,-144,-2.0,,-97.0,-118.0,-131.0,,-95.0,-116.0,-129.0,,,,-21.0,-34.0,-13
63682,1,12,2017-03-23 01:00:00+00:00,4542,110,41,Sitzung,Frühkindliche Bildung,"['Kind', 'Kindertagesstätte', 'Kindertagesstätten-Betriebskosten- und Nachweisverordnung', 'Kindertagesstättenanpassungsgesetz', 'Kindertagesstättengesetz', 'Kita-Personalverordnung']",[-0.00865618  0.00274211  0.02312268 ... -0.00198618 -0.02668001   0.0272729 ],"[(np.int64(29), np.float64(0.34701911976876526)), (np.int64(12), np.float64(0.3353084811241408)), (np.int64(15), np.float64(0.3144801278265736))]",29,0.34701911976876526,0.5,1.0,0.4166666666666666,1,55,4.0,0.0,42.0,0.0,,84.0,91.0,1.0,95.0,0.0,,1.0,98.0,,,,,,1,110,,,2.0,96.0,0.0,,0.0,,0.0,,,,0.0,,,,,0.0,,,,,,,,,,,,,,,0.0,,,,,,,,,,,,,,,,,,,,,,,,,,,,,1.0,84.0,0.0,,0.0,,,,,,,,,,,,,,,,,,,0.0,,0.0,,0.0,,96.0,0.0,,,,,,,,,,,0.0,,,,,,,,,,,,,,,,,,,,,,,,,,,,,,,,,,,,,,,,,,,,,,,,,,,,,,,,,,,,,,,,,,,,,,,,,,,,,,,,,,,,,,,,,,,,,,,,,,,,,,,,,,,,,,,,,,,,,,,,,,,,,,,,,,,,,,,,,,,,,12.0,,26.0,14.0,11.0,,-84.0,-29.0,-43.0,,,,,,,,,,,,,,,,,,,,,,,,,,,,,,,,,,,,,,,,,,,,,,,,,,,,,,,,,,,,,,,,,,,,,,,14.0,2.0,-1.0,,-96.0,-41.0,-55.0,,,,,,,,-12.0,-15.0,,-110.0,-55,-69,-3.0,,-98.0,-43.0,-57.0,,-95.0,-40.0,-54.0,,,,55.0,41.0,-14
63418,1,6,2017-03-23 01:00:00+00:00,4542,75,0,Gesetzentwurf,Rundfunk Fernsehen,"['ARD', 'Datenschutz', 'Deutschlandradio', 'Deutschlandradio-Staatsvertrag', 'Öffentlich-rechtlicher Rundfunk', 'Öffentlich-rechtliches Fernsehen', 'Rundfunkfinanzierungsstaatsvertrag', 'Rundfunksender', 'Rundfunkstaatsvertrag', 'ZDF']",[-0.00226431  0.00546964 -0.01146859 ...  0.00274952  0.00061754   0.03222968],"[(np.int64(12), np.float64(0.38411396572361123)), (np.int64(29), np.float64(0.3829978881457643)), (np.int64(19), np.float64(0.36328788439637494))]",12,0.38411396572361123,1.0,1.0,0.3333333333333333,1,13,1.0,48.0,,0.0,,,,1.0,53.0,0.0,,1.0,56.0,,,,,,1,75,,,0.0,,0.0,,0.0,,0.0,,,,0.0,,,,,0.0,,,,,,,,,,,,,,,0.0,,,,,,,,,,,,,,,,,,,,,,,,,,,,,0.0,,0.0,,0.0,,,,,,,,,,,,,,,,,,,0.0,,0.0,,0.0,,,0.0,,,,,,,,,,,0.0,,,,,,,,,,,,,,,,,,,,,,,,,,,,,,,,,,,,,,,,,,,,,,,,,,,,,,,,,,,,,,,,,,,,,,,,,,,,,,,,,,,,,,,,,,,,,,,,,,,,,,,,,,,,,,,,,,,,,,,,,,,,,,,,,,,,,,,,,,,,,,,,,,,,,,,,,,,,,,,,,,,,,,,,,,,,,,,,,,,,,,,,,,,,,,,,,,,,,,,,,,,,,,,,,,,,,,,,,,,,,,,,,,,,,,,,,,-19.0,-22.0,,-27.0,-62,-75,-3.0,,-8.0,-43.0,-56.0,,-5.0,-40.0,-53.0,,,,-35.0,-48.0,-13
63450,1,4,2017-03-28 02:00:00+00:00,4548,28,0,Gesetzentwurf,Parlament,"['Beweis', 'Untersuchungsausschussgesetz', 'Verschlusssache']",[-0.02033569  0.00233625 -0.00863973 ...  0.01551625 -0.01151964   0.02080588],"[(np.int64(29), np.float64(0.39405138447870464)), (np.int64(19), np.float64(0.3725538958616682)), (np.int64(12), np.float64(0.37198640907271485))]",29,0.39405138447870464,0.5,1.0,0.4166666666666666,1,8,0.0,,,0.0,,,,0.0,,0.0,,1.0,9.0,,,,,,1,28,,,0.0,,0.0,,0.0,,0.0,,,,0.0,,,,,0.0,,,,,,,,,,,,,,,0.0,,,,,,,,,,,,,,,,,,,,,,,,,,,,,0.0,,0.0,,0.0,,,,,,,,,,,,,,,,,,,0.0,,0.0,,0.0,,,0.0,,,,,,,,,,,0.0,,,,,,,,,,,,,,,,,,,,,,,,,,,,,,,,,,,,,,,,,,,,,,,,,,,,,,,,,,,,,,,,,,,,,,,,,,,,,,,,,,,,,,,,,,,,,,,,,,,,,,,,,,,,,,,,,,,,,,,,,,,,,,,,,,,,,,,,,,,,,,,,,,,,,,,,,,,,,,,,,,,,,,,,,,,,,,,,,,,,,,,,,,,,,,,,,,,,,,,,,,,,,,,,,,,,,,,,,,,,,,,,,,,,,,,,,,-19.0,,,,-20,-28,,,,-1.0,-9.0,,,,,,,,,,-8
63683,1,7,2017-05-02 02:00:00+00:00,4583,59,0,Gesetzentwurf,"['Kunst Kultur', 'Stiftung']","['Brandenburgische Kulturstiftung Cottbus', 'Brandenburgische Kulturstiftung Cottbus-Frankfurt (Oder)', 'Kulturstiftungsgesetz', 'Cottbus, kreisfreie Stadt', 'Frankfurt (Oder), kreisfreie Stadt', 'Gesetz über die Errichtung einer Brandenburgischen Kulturstiftung Cottbus', 'Kultur', 'Kunst', 'Landesmittel', 'Leitbild', 'Museum', 'Theater', 'Verwaltungsmodernisierung']",[-0.0074391   0.01217852  0.02051751 ...  0.03239607  0.00277466   0.00042182],"[(np.int64(9), np.float64(0.47063640858493827)), (np.int64(29), np.float64(0.4650312808285326)), (np.int64(19), np.float64(0.4583200916108803))]",9,0.47063640858493827,1.0,0.0,0.5,1,15,2.0,8.0,50.0,0.0,,,,1.0,55.0,0.0,,1.0,57.0,,,,,,1,59,,,0.0,,0.0,,0.0,,0.0,,,,0.0,,,,,0.0,,,,,,,,,,,,,,,0.0,,,,,,,,,,,,,,,,,,,,,,,,,,,,,0.0,,0.0,,0.0,,,,,,,,,,,,,,,,,,,0.0,,0.0,,0.0,,,0.0,,,,,,,,,,,0.0,,,,,,,,,,,,,,,,,,,,,,,,,,,,,,,,,,,,,,,,,,,,,,,,,,,,,,,,,,,,,,,,,,,,,,,,,,,,,,,,,,,,,,,,,,,,,,,,,,,,,,,,,,,,,,,,,,,,,,,,,,,,,,,,,,,,,,,,,,,,,,,,,,,,,,,,,,,,,,,,,,,,,,,,,,,,,,,,,,,,,,,,,,,,,,,,,,,,,,,,,,,,,,,,,,,,,,,,,,,,,,,,,,,,,,,,,,-2.0,-4.0,,-51.0,-44,-59,-2.0,,-49.0,-42.0,-57.0,,-47.0,-40.0,-55.0,,,,7.0,-8.0,-15
63674,1,14,2017-05-02 02:00:00+00:00,4583,105,0,Gesetzentwurf,Öffentlicher Dienst,"['Beamtenversorgung', 'Beamtenversorgungsgesetz', 'Beamter', 'Besoldungs- und Versorgungsanpassungsgesetz', 'Besoldungsgesetz', 'Besoldungsrecht', 'Einkommen', 'Erholungsurlaubs- und Dienstbefreiungsverordnung', 'Erschwerniszulagenverordnung', 'Freie Heilfürsorge', 'Gewerkschaft', 'Justizwachtmeister', 'Lehrer', 'Öffentlicher Dienst', 'Polizei', 'Schule', 'Verordnung', 'Zweites Pflegestärkungsgesetz']",[-0.0097713   0.00464877  0.02653055 ... -0.00163595 -0.00275373   0.02913623],"[(np.int64(21), np.float64(0.4180750208605232)), (np.int64(29), np.float64(0.40813437910563494)), (np.int64(36), np.float64(0.40197135669005485))]",21,0.4180750208605232,0.5,0.5,0.5,1,15,4.0,2.0,44.0,0.0,,51.0,56.0,1.0,56.0,0.0,,1.0,58.0,,,,,,1,69,,,2.0,57.0,1.0,58.0,0.0,,1.0,105.0,,,0.0,,,,,0.0,,,,,,,,,,,,,,,0.0,,,,,,,,,,,,,,,,,,,,,,,,,,,,,1.0,44.0,0.0,,0.0,,,,,,,,,,,,,,,,,,,0.0,,0.0,,0.0,,57.0,0.0,,,,,,,,,,,0.0,,,,,,,,,,,,,,,,,,,,,,,,,,,,,,,,,,,,,,,,,,,,,,,,,,,,,,,,,,,,,,,,,,,,,,,,,,,,,,,,,,,,,,,,,,,,,,,,,,,,,,,,,,,,,,,,,,,,,,,,,,,,,,,,,,,,,,,14.0,,,,61.0,,13.0,,25.0,14.0,12.0,,-42.0,-29.0,-44.0,,,,47.0,,-1.0,,11.0,0.0,-2.0,,-56.0,-43.0,-58.0,,,,,,,,,,,,,,,,,,,,,,,,,,,,,,,,,,,,,,-48.0,,-36.0,-47.0,-49.0,,-103.0,-90.0,-105.0,,,,,,,,,,,12.0,1.0,-1.0,,-55.0,-42.0,-57.0,,,,,,,,-11.0,-13.0,,-67.0,-54,-69,-2.0,,-56.0,-43.0,-58.0,,-54.0,-41.0,-56.0,,,,13.0,-2.0,-15
63672,1,10,2017-05-02 02:00:00+00:00,4583,70,0,Gesetzentwurf,"['Öffentlicher Dienst', 'Kommunale Angelegenheiten']","['Amtszeit', 'Amtszeitenregelungsgesetz', 'Beamtenrecht', 'Bürgermeister', 'Kommunalwahlgesetz', 'Landesbeamtengesetz', 'Landkreisneugliederungsgesetz']",[ 0.01439871 -0.00600444 -0.01021651 ...  0.02043302  0.00654215   0.02306183],"[(np.int64(16), np.float64(0.46061097084510877)), (np.int64(29), np.float64(0.39740628955844676)), (np.int64(12), np.float64(0.38056502010796256))]",16,0.46061097084510877,0.0,1.0,0.5,1,15,3.0,9.0,37.0,0.0,,51.0,,1.0,55.0,0.0,,1.0,57.0,,,,,,1,70,,,1.0,56.0,0.0,,0.0,,0.0,,,,1.0,58.0,,,,0.0,,,,,,,,,,,,,,,0.0,,,,,,,,,,,,,,,,,,,,,,,,,,,,,0.0,,0.0,,0.0,,,,,,,,,,,,,,,,,,,0.0,,0.0,,0.0,,,0.0,,,,,,,,,,,0.0,,,,,,,,,,,,,,,,,,,,,,,,,,,,,,,,,,,,,,,,,,,,,,,,,,,,,,,,,,,,,,,,,,,,,,,,,,,,,,,,,,,,,,,,,,,,,,,,,,,,,,,,,,,,,,,,,,,,,,,,,,,,,,,,,,,,,,,,,,,,,,,,,,,,,,,,,,,,,,,,,,,,,,,,,,,,,,,,,,,,-2.0,,12.0,-1.0,-3.0,,-49.0,-43.0,-58.0,,,,,,,,,,,,,,,,,,,,,,,,,,,,,,,,14.0,1.0,-1.0,,-47.0,-41.0,-56.0,,,,,,,,-13.0,-15.0,,-61.0,-55,-70,-2.0,,-48.0,-42.0,-57.0,,-46.0,-40.0,-55.0,,,,6.0,-9.0,-15
63684,1,7,2017-05-03 02:00:00+00:00,4584,585,0,Gesetzentwurf,"['Bauwesen', 'Staatsaufbau']","['Abkommen über das Deutsche Institut für Bautechnik', 'Bauprodukt', 'Markt', 'Staatsvertrag', 'Verordnung der EU']",[ 0.0044803   0.0024343  -0.00079525 ...  0.00079525 -0.00292713   0.01260458],"[(np.int64(29), np.float64(0.3987657374747528)), (np.int64(10), np.float64(0.374427842135328)), (np.int64(19), np.float64(0.3723830219810502))]",29,0.3987657374747528,0.5,1.0,0.4166666666666666,1,14,1.0,49.0,,0.0,,,,1.0,49.0,0.0,,1.0,57.0,,,,,,1,69,,,0.0,,0.0,,0.0,,1.0,585.0,,,0.0,,,,,0.0,,,,,,,,,,,,,,,0.0,,,,,,,,,,,,,,,,,,,,,,,,,,,,,0.0,,0.0,,0.0,,,,,,,,,,,,,,,,,,,0.0,,0.0,,0.0,,,0.0,,,,,,,,,,,0.0,,,,,,,,,,,,,,,,,,,,,,,,,,,,,,,,,,,,,,,,,,,,,,,,,,,,,,,,,,,,,,,,,,,,,,,,,,,,,,,,,,,,,,,,,,,,,,,,,,,,,,,,,,,,,,,,,,,,,,,,,,,,,,,,,,,,,,,,,,,,,,,,,,,,,,,,,,,,,,,,,,,,,,,,,,,,,,,,,,,,,,,,,,,,,,,,,,,,,,,,,,,-516.0,-528.0,-536.0,,-536.0,-571.0,-585.0,,,,,,,,,,,,,,,,,,,,,,,,,-12.0,-20.0,,-20.0,-55,-69,-8.0,,-8.0,-43.0,-57.0,,0.0,-35.0,-49.0,,,,-35.0,-49.0,-14
63728,1,8,2017-05-05 02:00:00+00:00,4586,147,0,Gesetzentwurf,Glücksspiel,"['Glücksspielstaatsvertrag', 'Konzession', 'Staatsvertrag', 'Wette']",[ 0.01251104 -0.01233316  0.00818258 ...  0.00211976  0.00342423   0.0228875 ],"[(np.int64(29), np.float64(0.37883521919373153)), (np.int64(12), np.float64(0.3561076565300405)), (np.int64(19), np.float64(0.3280953477175212))]",29,0.37883521919373153,0.5,1.0,0.4166666666666666,1,13,3.0,47.0,48.0,0.0,,138.0,,1.0,139.0,0.0,,1.0,145.0,,,,,,1,147,,,0.0,,0.0,,0.0,,0.0,,,,0.0,,,,,0.0,,,,,,,,,,,,,,,0.0,,,,,,,,,,,,,,,,,,,,,,,,,,,,,0.0,,0.0,,0.0,,,,,,,,,,,,,,,,,,,0.0,,0.0,,0.0,,,0.0,,,,,,,,,,,0.0,,,,,,,,,,,,,,,,,,,,,,,,,,,,,,,,,,,,,,,,,,,,,,,,,,,,,,,,,,,,,,,,,,,,,,,,,,,,,,,,,,,,,,,,,,,,,,,,,,,,,,,,,,,,,,,,,,,,,,,,,,,,,,,,,,,,,,,,,,,,,,,,,,,,,,,,,,,,,,,,,,,,,,,,,,,,,,,,,,,,,,,,,,,,,,,,,,,,,,,,,,,,,,,,,,,,,,,,,,,,,,,,,,,,,,,,,,-2.0,-8.0,,-100.0,-134,-147,-6.0,,-98.0,-132.0,-145.0,,-92.0,-126.0,-139.0,,,,-34.0,-47.0,-13
63722,1,6,2017-05-05 02:00:00+00:00,4586,67,0,Gesetzentwurf,Gesundheitsschutz,[],[-0.00736141  0.00142479 -0.00507581 ...  0.02291536 -0.00661933   0.01460409],"[(np.int64(29), np.float64(0.4216778417898366)), (np.int64(12), np.float64(0.3776465884552904)), (np.int64(19), np.float64(0.3678290050539773))]",29,0.4216778417898366,0.5,1.0,0.4166666666666666,1,13,1.0,47.0,,0.0,,,,1.0,47.0,0.0,,1.0,55.0,,,,,,1,67,,,0.0,,0.0,,0.0,,0.0,,,,0.0,,,,,0.0,,,,,,,,,,,,,,,0.0,,,,,,,,,,,,,,,,,,,,,,,,,,,,,0.0,,0.0,,0.0,,,,,,,,,,,,,,,,,,,0.0,,0.0,,0.0,,,0.0,,,,,,,,,,,0.0,,,,,,,,,,,,,,,,,,,,,,,,,,,,,,,,,,,,,,,,,,,,,,,,,,,,,,,,,,,,,,,,,,,,,,,,,,,,,,,,,,,,,,,,,,,,,,,,,,,,,,,,,,,,,,,,,,,,,,,,,,,,,,,,,,,,,,,,,,,,,,,,,,,,,,,,,,,,,,,,,,,,,,,,,,,,,,,,,,,,,,,,,,,,,,,,,,,,,,,,,,,,,,,,,,,,,,,,,,,,,,,,,,,,,,,,,,-12.0,-20.0,,-20.0,-54,-67,-8.0,,-8.0,-42.0,-55.0,,0.0,-34.0,-47.0,,,,-34.0,-47.0,-13
64025,1,12,2017-06-14 02:00:00+00:00,4626,183,0,Gesetzentwurf,Öffentlicher Personenverkehr,"['Ausbildungsverkehr', 'Barrierefreiheit', 'Bundesrat', 'Landesnahverkehrsplan', 'Öffentliche Mittel', 'ÖPNV-Gesetz', 'Personenbeförderungsgesetz', 'Personenverkehr', 'Verkehrsmittel', 'Verkehrsverbund Berlin-Brandenburg GmbH']",[-0.00026758  0.00066803  0.03306913 ...  0.00664335 -0.00448795   0.00891685],"[(np.int64(29), np.float64(0.43306666526101645)), (np.int64(5), np.float64(0.43252783266286055)), (np.int64(12), np.float64(0.40125751899817286))]",29,0.43306666526101645,0.5,1.0,0.4166666666666666,1,15,4.0,8.0,99.0,0.0,,147.0,175.0,1.0,179.0,2.0,180.0,1.0,181.0,180.0,,,,,1,183,,,0.0,,0.0,,0.0,,0.0,,,,0.0,,,,,0.0,,,,,,,,,,,,,,,0.0,,,,,,,,,,,,,,,,,,,,,,,,,,,,,1.0,99.0,0.0,,0.0,,,,,,,,,,,,,,,,,,,0.0,,0.0,,0.0,,,0.0,,,,,,,,,,,0.0,,,,,,,,,,,,,,,,,,,,,,,,,,,,,,,,,,,,,,,,,,,,,,,,,,,,,,,,,,,,,,,,,,,,,,,,,,,,,,,,,,,,,,,,,,,,,,,,,,,,,,,,,,,,,,,,,,,,,,,,,,,,,,,,,,,,,,,,,,,,,,81.0,84.0,82.0,80.0,,-91.0,-84.0,-99.0,,,,,,,,,,,,,,,,,,,,,,,,,,,,,,,,,,,,,,,,,,,,,,,,,,,,,,,,,,,,,,,,,,,,,,,,,,,,,,3.0,1.0,-1.0,,-172.0,-165.0,-180.0,-2.0,-4.0,,-175.0,-168,-183,-2.0,,-173.0,-166.0,-181.0,,-171.0,-164.0,-179.0,,,,7.0,-8.0,-15
64324,1,10,2017-07-26 02:00:00+00:00,4668,260,0,Gesetzentwurf,"['Recht', 'Bergbau Bodenschätze']","['Außergerichtliche Streitbeilegung', 'Gütestellengesetz', 'Mediationsgesetz', 'Schiedsamt', 'Schiedsstellengesetz', 'Schlichtungsgesetz', 'Verbraucherstreitbeilegungsgesetz']",[-0.00675782 -0.02086624  0.02726838 ...  0.01286356 -0.01102591   0.00978105],"[(np.int64(29), np.float64(0.48851791313542664)), (np.int64(19), np.float64(0.45359656067494736)), (np.int64(4), np.float64(0.42358901307020846))]",29,0.48851791313542664,0.5,1.0,0.4166666666666666,1,63,4.0,50.0,85.0,0.0,,175.0,260.0,1.0,180.0,0.0,,1.0,188.0,,,,,,1,224,,,0.0,,0.0,,0.0,,0.0,,,,0.0,,,,,0.0,,,,,,,,,,,,,,,0.0,,,,,,,,,,,,,,,,,,,,,,,,,,,,,1.0,85.0,0.0,,0.0,,,,,,,,,,,,,,,,,,,0.0,,0.0,,0.0,,,0.0,,,,,,,,,,,0.0,,,,,,,,,,,,,,,,,,,,,,,,,,,,,,,,,,,,,,,,,,,,,,,,,,,,,,,,,,,,,,,,,,,,,,,,,,,,,,,,,,,,,,,,,,,,,,,,,,,,,,,,,,,,,,,,,,,,,,,,,,,,,,,,,,,,,,,,,,,,,,,139.0,103.0,95.0,,-35.0,-22.0,-85.0,,,,,,,,,,,,,,,,,,,,,,,,,,,,,,,,,,,,,,,,,,,,,,,,,,,,,,,,,,,,,,,,,,,,,,,,,,,,,,,,,,,,,-36.0,-44.0,,-174.0,-161,-224,-8.0,,-138.0,-125.0,-188.0,,-130.0,-117.0,-180.0,,,,13.0,-50.0,-63
64461,1,7,2017-09-05 02:00:00+00:00,4709,83,0,Gesetzentwurf,Kommunale Angelegenheiten,"['Gemeinde', 'Gemeinderat', 'Gesetz über kommunale Gemeinschaftsarbeit im Land Brandenburg', 'Kommunalverfassung', 'Zweckverband']",[ 0.00412664  0.02683801 -0.00415633 ...  0.0315881   0.01460653   0.00727357],"[(np.int64(21), np.float64(0.4283440240276376)), (np.int64(29), np.float64(0.42188545741920647)), (np.int64(19), np.float64(0.4216961021839969))]",21,0.4283440240276376,0.5,0.5,0.5,1,22,2.0,16.0,64.0,0.0,,,,1.0,65.0,0.0,,1.0,70.0,,,,,,1,83,,,0.0,,0.0,,0.0,,0.0,,,,0.0,,,,,0.0,,,,,,,,,,,,,,,0.0,,,,,,,,,,,,,,,,,,,,,,,,,,,,,0.0,,0.0,,0.0,,,,,,,,,,,,,,,,,,,0.0,,0.0,,0.0,,,0.0,,,,,,,,,,,0.0,,,,,,,,,,,,,,,,,,,,,,,,,,,,,,,,,,,,,,,,,,,,,,,,,,,,,,,,,,,,,,,,,,,,,,,,,,,,,,,,,,,,,,,,,,,,,,,,,,,,,,,,,,,,,,,,,,,,,,,,,,,,,,,,,,,,,,,,,,,,,,,,,,,,,,,,,,,,,,,,,,,,,,,,,,,,,,,,,,,,,,,,,,,,,,,,,,,,,,,,,,,,,,,,,,,,,,,,,,,,,,,,,,,,,,,,,,-13.0,-18.0,,-67.0,-61,-83,-5.0,,-54.0,-48.0,-70.0,,-49.0,-43.0,-65.0,,,,6.0,-16.0,-22
64462,1,10,2017-09-05 02:00:00+00:00,4709,195,0,Gesetzentwurf,Finanzmarkt,"['Altersgrenze', 'Kredit', 'Öffentliche Bank', 'Sparkassengesetz', 'Vergütung', 'Verwaltungsrat', 'Vorstand']",[-0.00940049  0.00418473  0.01588986 ...  0.0180732   0.00330533   0.00466992],"[(np.int64(29), np.float64(0.39894765481955474)), (np.int64(12), np.float64(0.38677737595692674)), (np.int64(5), np.float64(0.38042081113665455))]",29,0.39894765481955474,0.5,1.0,0.4166666666666666,1,22,3.0,44.0,85.0,0.0,,169.0,,1.0,177.0,1.0,14.0,1.0,182.0,,,,,,1,195,,,0.0,,0.0,,0.0,,0.0,,,,0.0,,,,,0.0,,,,,,,,,,,,,,,0.0,,,,,,,,,,,,,,,,,,,,,,,,,,,,,1.0,85.0,0.0,,0.0,,,,,,,,,,,,,,,,,,,0.0,,0.0,,0.0,,,0.0,,,,,,,,,,,0.0,,,,,,,,,,,,,,,,,,,,,,,,,,,,,,,,,,,,,,,,,,,,,,,,,,,,,,,,,,,,,,,,,,,,,,,,,,,,,,,,,,,,,,,,,,,,,,,,,,,,,,,,,,,,,,,,,,,,,,,,,,,,,,,,,,,,,,,,,,,,,,-71.0,110.0,97.0,92.0,,-41.0,-63.0,-85.0,,,,,,,,,,,,,,,,,,,,,,,,,,,,,,,,,,,,,,,,,,,,,,,,,,,,,,,,,,,,,,,,,,,,,,,,,,,,,,181.0,168.0,163.0,,30.0,8.0,-14.0,-13.0,-18.0,,-151.0,-173,-195,-5.0,,-138.0,-160.0,-182.0,,-133.0,-155.0,-177.0,,,,-22.0,-44.0,-22
64558,1,10,2017-09-12 02:00:00+00:00,4716,238,0,Gesetzentwurf,"['Datenschutz', 'Europäische Union']","['Akteneinsicht', 'Akteneinsichts- und Informationszugangsgesetz', 'Besoldungsgesetz', 'Datenerhebung', 'Datenlöschung', 'Datenschutz-Grundverordnung', 'Datenschutzgesetz', 'Datenspeicherung', 'Datenverarbeitung', 'Grundrechtsbeschränkung', 'Landesbeauftragter für den Datenschutz und das Recht auf Akteneinsicht', 'Personenbezogene Daten', 'Richtlinie der EU', 'Verordnung der EU']",[ 0.02278566  0.00767393 -0.00850035 ...  0.01947997 -0.00153479   0.03352915],"[(np.int64(29), np.float64(0.40909787545771603)), (np.int64(19), np.float64(0.3896587673980455)), (np.int64(9), np.float64(0.3489424068976394))]",29,0.40909787545771603,0.5,1.0,0.4166666666666666,1,16,4.0,57.0,85.0,0.0,,169.0,219.0,1.0,223.0,0.0,,1.0,225.0,,,,,,1,238,,,0.0,,0.0,,0.0,,0.0,,,,0.0,,,,,0.0,,,,,,,,,,,,,,,0.0,,,,,,,,,,,,,,,,,,,,,,,,,,,,,1.0,169.0,0.0,,0.0,,,,,,,,,,,,,,,,,,,0.0,,0.0,,0.0,,,0.0,,,,,,,,,,,0.0,,,,,,,,,,,,,,,,,,,,,,,,,,,,,,,,,,,,,,,,,,,,,,,,,,,,,,,,,,,,,,,,,,,,,,,,,,,,,,,,,,,,,,,,,,,,,,,,,,,,,,,,,,,,,,,,,,,,,,,,,,,,,,,,,,,,,,,,,,,,,,,69.0,56.0,54.0,,-112.0,-153.0,-169.0,,,,,,,,,,,,,,,,,,,,,,,,,,,,,,,,,,,,,,,,,,,,,,,,,,,,,,,,,,,,,,,,,,,,,,,,,,,,,,,,,,,,,-13.0,-15.0,,-181.0,-222,-238,-2.0,,-168.0,-209.0,-225.0,,-166.0,-207.0,-223.0,,,,-41.0,-57.0,-16
64562,1,9,2017-09-13 02:00:00+00:00,4717,92,0,Gesetzentwurf,Stiftung,"['Cottbus, kreisfreie Stadt', 'Gesetz über die Errichtung der Stiftung ""Fürst-Pückler-Museum Park und Schloss Branitz"" (SFPMG)', 'Grundrechtsbeschränkung', 'Landesorganisationsgesetz', 'Sorbisch', 'Statistik', 'Stiftung Fürst-Pückler-Museum Park und Schloss Branitz', 'Stiftung']",[-0.01729786  0.00049582  0.01932588 ...  0.0298239  -0.00396658   0.00210258],"[(np.int64(19), np.float64(0.42900198745021484)), (np.int64(29), np.float64(0.4238831727042557)), (np.int64(4), np.float64(0.41926297840400606))]",19,0.42900198745021484,0.0,0.0,0.3333333333333333,1,15,4.0,7.0,63.0,0.0,,83.0,89.0,1.0,85.0,0.0,,1.0,90.0,,,,,,1,92,,,0.0,,0.0,,0.0,,0.0,,,,0.0,,,,,0.0,,,,,,,,,,,,,,,0.0,,,,,,,,,,,,,,,,,,,,,,,,,,,,,0.0,,0.0,,0.0,,,,,,,,,,,,,,,,,,,0.0,,0.0,,0.0,,,0.0,,,,,,,,,,,0.0,,,,,,,,,,,,,,,,,,,,,,,,,,,,,,,,,,,,,,,,,,,,,,,,,,,,,,,,,,,,,,,,,,,,,,,,,,,,,,,,,,,,,,,,,,,,,,,,,,,,,,,,,,,,,,,,,,,,,,,,,,,,,,,,,,,,,,,,,,,,,,,,,,,,,,,,,,,,,,,,,,,,,,,,,,,,,,,,,,,,,,,,,,,,,,,,,,,,,,,,,,,,,,,,,,,,,,,,,,,,,,,,,,,,,,,,,,-2.0,-7.0,,-85.0,-77,-92,-5.0,,-83.0,-75.0,-90.0,,-78.0,-70.0,-85.0,,,,8.0,-7.0,-15
64560,1,7,2017-09-13 02:00:00+00:00,4717,76,0,Gesetzentwurf,Öffentliche Verwaltung,"['Berufliche Weiterbildung', 'Facharzt', 'Finanzierung', 'Gesundheitsdienstgesetz', 'Gesundheitsvorsorge', 'Verwaltungsabkommen']",[-0.00135755  0.03043302  0.02339165 ... -0.00298363 -0.00650431   0.01181517],"[(np.int64(36), np.float64(0.38019044999474627)), (np.int64(3), np.float64(0.37457675444531546)), (np.int64(28), np.float64(0.35846166960782355))]",36,0.38019044999474627,1.0,0.0,0.5,1,15,2.0,61.0,63.0,0.0,,,,1.0,61.0,0.0,,1.0,63.0,,,,,,1,76,,,0.0,,0.0,,0.0,,0.0,,,,0.0,,,,,0.0,,,,,,,,,,,,,,,0.0,,,,,,,,,,,,,,,,,,,,,,,,,,,,,0.0,,0.0,,0.0,,,,,,,,,,,,,,,,,,,0.0,,0.0,,0.0,,,0.0,,,,,,,,,,,0.0,,,,,,,,,,,,,,,,,,,,,,,,,,,,,,,,,,,,,,,,,,,,,,,,,,,,,,,,,,,,,,,,,,,,,,,,,,,,,,,,,,,,,,,,,,,,,,,,,,,,,,,,,,,,,,,,,,,,,,,,,,,,,,,,,,,,,,,,,,,,,,,,,,,,,,,,,,,,,,,,,,,,,,,,,,,,,,,,,,,,,,,,,,,,,,,,,,,,,,,,,,,,,,,,,,,,,,,,,,,,,,,,,,,,,,,,,,-13.0,-15.0,,-15.0,-61,-76,-2.0,,-2.0,-48.0,-63.0,,0.0,-46.0,-61.0,,,,-46.0,-61.0,-15
64807,1,8,2017-11-02 01:00:00+00:00,4766,14,0,Gesetzentwurf,"['Öffentlicher Dienst', 'Kommunale Angelegenheiten']","['Amtszeit', 'Amtszeitenregelungsgesetz', 'Grundrechtsbeschränkung', 'Landesverfassung: Art. 49']",[ 0.01858109  0.00429022 -0.01372871 ...  0.04023932  0.00881714   0.02438029],"[(np.int64(29), np.float64(0.42027486386945406)), (np.int64(19), np.float64(0.41513189028906394)), (np.int64(16), np.float64(0.38552356674305627))]",29,0.42027486386945406,0.5,1.0,0.4166666666666666,1,13,3.0,7.0,13.0,0.0,,14.0,,1.0,13.0,0.0,,1.0,14.0,,,,,,1,14,,,0.0,,0.0,,0.0,,0.0,,,,0.0,,,,,0.0,,,,,,,,,,,,,,,0.0,,,,,,,,,,,,,,,,,,,,,,,,,,,,,0.0,,0.0,,0.0,,,,,,,,,,,,,,,,,,,0.0,,0.0,,0.0,,,0.0,,,,,,,,,,,0.0,,,,,,,,,,,,,,,,,,,,,,,,,,,,,,,,,,,,,,,,,,,,,,,,,,,,,,,,,,,,,,,,,,,,,,,,,,,,,,,,,,,,,,,,,,,,,,,,,,,,,,,,,,,,,,,,,,,,,,,,,,,,,,,,,,,,,,,,,,,,,,,,,,,,,,,,,,,,,,,,,,,,,,,,,,,,,,,,,,,,,,,,,,,,,,,,,,,,,,,,,,,,,,,,,,,,,,,,,,,,,,,,,,,,,,,,,,0.0,-1.0,,-7.0,-1,-14,-1.0,,-7.0,-1.0,-14.0,,-6.0,0.0,-13.0,,,,6.0,-7.0,-13
65031,1,7,2017-12-01 01:00:00+00:00,4795,97,0,Gesetzentwurf,Parlament,"['Abgeordnetenentschädigung', 'Abgeordnetengesetz', 'Abgeordnetenversorgung', 'Enquete-Gesetz', 'Enquete-Kommission', 'Kostenpauschale für Abgeordnete', 'Landeswahlgesetz', 'Parteienfinanzierung', 'Praktikum', 'Stellenzulage', 'Wahlkampfkostenerstattung', 'Wahlkampfkostenerstattungsgesetz']",[0.00753492 0.01867478 0.00833273 ... 0.00295487 0.01199677 0.01642908],"[(np.int64(29), np.float64(0.41675880601145865)), (np.int64(36), np.float64(0.3721474432468495)), (np.int64(21), np.float64(0.3484686723366839))]",29,0.41675880601145865,0.5,1.0,0.4166666666666666,1,12,1.0,54.0,,0.0,,,,1.0,56.0,1.0,60.0,1.0,61.0,,,,,,1,97,,,0.0,,0.0,,0.0,,0.0,,,,0.0,,,,,0.0,,,,,,,,,,,,,,,0.0,,,,,,,,,,,,,,,,,,,,,,,,,,,,,0.0,,0.0,,0.0,,,,,,,,,,,,,,,,,,,0.0,,0.0,,0.0,,,0.0,,,,,,,,,,,0.0,,,,,,,,,,,,,,,,,,,,,,,,,,,,,,,,,,,,,,,,,,,,,,,,,,,,,,,,,,,,,,,,,,,,,,,,,,,,,,,,,,,,,,,,,,,,,,,,,,,,,,,,,,,,,,,,,,,,,,,,,,,,,,,,,,,,,,,,,,,,,,,,,,,,,,,,,,,,,,,,,,,,,,,,,,,,,,,,,,,,,,,,,,,,,,,,,,,,,,,,,,,,,,,,,,,,,,,,,,,,,,,,,,,37.0,1.0,-4.0,,-6.0,-48.0,-60.0,-36.0,-41.0,,-43.0,-85,-97,-5.0,,-7.0,-49.0,-61.0,,-2.0,-44.0,-56.0,,,,-42.0,-54.0,-12
65220,1,11,2017-12-28 01:00:00+00:00,4822,356,0,Gesetzentwurf,Bauwesen,"['Architekt', 'Architektengesetz', 'Bauprodukt', 'Europäischer Gerichtshof', 'Gerichtsentscheidung', 'Gesetz über das Wohnungsbauvermögen des Landes Brandenburg', 'Praktikum', 'Richtlinie der EU', 'Verordnung der EU', 'Wohnungsbau']",[ 0.00075103  0.02924212  0.02770307 ...  0.0098263  -0.00571228   0.00648181],"[(np.int64(10), np.float64(0.42397363413154115)), (np.int64(29), np.float64(0.34663636269998827)), (np.int64(34), np.float64(0.32855578993573875))]",10,0.42397363413154115,1.0,1.0,1.0,1,34,4.0,63.0,112.0,0.0,,147.0,259.0,1.0,263.0,0.0,,1.0,265.0,,,,,,1,291,,,0.0,,0.0,,0.0,,1.0,356.0,,,0.0,,,,,0.0,,,,,,,,,,,,,,,0.0,,,,,,,,,,,,,,,,,,,,,,,,,,,,,1.0,147.0,0.0,,0.0,,,,,,,,,,,,,,,,,,,0.0,,0.0,,0.0,,,0.0,,,,,,,,,,,0.0,,,,,,,,,,,,,,,,,,,,,,,,,,,,,,,,,,,,,,,,,,,,,,,,,,,,,,,,,,,,,,,,,,,,,,,,,,,,,,,,,,,,,,,,,,,,,,,,,,,,,,,,,,,,,,,,,,,,,,,,,,,,,,,,,,,,,,,,,,,209.0,,,,144.0,118.0,116.0,,-84.0,-113.0,-147.0,,,,,,,,,,,,,,,,,,,,,,,,,,,,,,,,,,,,,,,,,,,,,,,,,,,,,,-65.0,-91.0,-93.0,,-293.0,-322.0,-356.0,,,,,,,,,,,,,,,,,,,,,,,,,-26.0,-28.0,,-228.0,-257,-291,-2.0,,-202.0,-231.0,-265.0,,-200.0,-229.0,-263.0,,,,-29.0,-63.0,-34
65248,1,38,2018-01-05 01:00:00+00:00,4830,74,0,Gesetzentwurf,Öffentlicher Haushalt,"['Brandschutz', 'Digitalisierung', 'Einzelplan 02 - Ministerpräsidentin, Ministerpräsident und Staatskanzlei', 'Einzelplan 03 - Ministerium des Innern und für Kommunales', 'Einzelplan 04 - Ministerium der Justiz und für Europa und Verbraucherschutz', 'Einzelplan 05 - Ministerium für Bildung, Jugend und Sport', 'Einzelplan 06 - Ministerium für Wissenschaft, Forschung und Kultur', 'Einzelplan 07 - Ministerium für Arbeit, Soziales, Gesundheit, Frauen und Familie', 'Einzelplan 08 - Ministerium für Wirtschaft und Energie', 'Einzelplan 10 - Ministerium für Ländliche Entwicklung, Umwelt und Landwirtschaft', 'Einzelplan 11 - Ministerium für Infrastruktur und Landesplanung', 'Einzelplan 12 - Ministerium der Finanzen', 'Einzelplan 20 - Allgemeine Finanzverwaltung', 'Gesundheitscampus', 'Haushaltsgesetz', 'Hochschule', 'Impfstoff', 'Infrastruktur', 'Kindertagesstätte', 'Krankenhausfinanzierung', 'Kulturförderung', 'Landeshaushalt', 'Öffentliche Ausgaben', 'Öffentliche Einnahmen', 'Öffentliche Mittel', 'Öffentlicher Haushalt', 'Privatschule', 'Schule', 'Sozialhilfe', 'Studentenwohnheim', 'Unterhaltsvorschuss', 'Unterhaltsvorschussgesetz', 'Verkehrsinfrastruktur']",[ 0.01430798  0.0283765  -0.00796218 ...  0.00457975 -0.0027239   0.01795981],"[(np.int64(34), np.float64(0.3978777407677126)), (np.int64(29), np.float64(0.38438554404456743)), (np.int64(9), np.float64(0.3771190371708692))]",34,0.3978777407677126,1.0,0.0,0.5,1,26,12.0,12.0,13.0,0.0,,19.0,19.0,2.0,56.0,18.0,60.0,1.0,61.0,60.0,60.0,60.0,60.0,60.0,1,74,19.0,19.0,0.0,,0.0,,0.0,,0.0,,61.0,,1.0,62.0,20.0,20.0,60.0,1.0,25.0,,,,,,,,,,,,,,0.0,,,47.0,47.0,48.0,61.0,,,,,,,,,,,,,,,,,,,,,60.0,60.0,0.0,,0.0,,0.0,,60.0,60.0,60.0,60.0,60.0,60.0,60.0,60.0,60.0,,,,,,,,,0.0,,0.0,,0.0,,,0.0,,,,,,,,,,,0.0,,,,,,,,,,,,,,,,,,,,,,,,,,,,,,,,,,,,,,,,,,,,,,,,,,,,,,,,,,,,,,,,,,,,,,,,,,,,,,,,,,,,,,,,,,,,,,,,,,,,,,,,,,,,,,,,,,,,,,,,,,,,,,,,,,,,,,,,,,,,,,,,,,,,,,,,,,,,,,,,,,,,,,,,,,,,,,,,,,,-37.0,,-2.0,12.0,-1.0,-6.0,,-50.0,-36.0,-62.0,,,,,,,,,,,,,,,,,,,,,,,35.0,49.0,36.0,31.0,,-13.0,1.0,-25.0,,,,,,,,,14.0,1.0,-4.0,,-48.0,-34.0,-60.0,-13.0,-18.0,,-62.0,-48,-74,-5.0,,-49.0,-35.0,-61.0,,-44.0,-30.0,-56.0,,,,14.0,-12.0,-26
65301,1,11,2018-01-15 01:00:00+00:00,4840,113,0,Gesetzentwurf,Datenschutz,"['Architektengesetz', 'Archivgesetz', 'Artikel 10-Gesetz', 'Ausführungsgesetz zum Bürgerlichen Gesetzbuch', 'Beamtenversorgungsgesetz', 'Berufsqualifikationsfeststellungsgesetz', 'Brandenburgisches Gesetz zur Ausführung der Insolvenzordnung', 'Datenerhebung', 'Datenlöschung', 'Datenschutz-Grundverordnung', 'Datenspeicherung', 'Datenverarbeitung', 'Geodateninfrastrukturgesetz', 'Gesetz über den Einheitlichen Ansprechpartner für das Land Brandenburg', 'Grundrechtsbeschränkung', 'Hochschulgesetz', 'Ingenieurgesetz', 'Kommunalwahlgesetz', 'Landesaufnahmegesetz', 'Landesbeamtengesetz', 'Landesdisziplinargesetz', 'Landesgleichstellungsgesetz', 'Landespersonalvertretungsgesetz', 'Meldegesetz', 'Ordensgesetz', 'Personenbezogene Daten', 'Pressegesetz', 'Schulgesetz', 'Sicherheitsüberprüfungsgesetz', 'Sozialberufsgesetz', 'Statistikgesetz', 'Stiftungsgesetz', 'Verfassungsschutzgesetz', 'Vermessungsgesetz', 'Verordnung der EU', 'Verwaltungsverfahrensgesetz für das Land Brandenburg', 'Volksabstimmungsgesetz']",[ 0.00878704  0.01910738 -0.00678194 ...  0.01497924 -0.00878704   0.01303312],"[(np.int64(29), np.float64(0.4230003070531606)), (np.int64(19), np.float64(0.4111258097769384)), (np.int64(9), np.float64(0.39593226132106074))]",29,0.4230003070531606,0.5,1.0,0.4166666666666666,1,17,3.0,10.0,45.0,0.0,,94.0,,1.0,98.0,0.0,,1.0,100.0,,,,,,1,113,,,1.0,99.0,1.0,100.0,0.0,,0.0,,,,0.0,,,,,0.0,,,,,,,,,,,,,,,0.0,,,,,,,,,,,,,,,,,,,,,,,,,,,,,1.0,45.0,0.0,,0.0,,,,,,,,,,,,,,,,,,,0.0,,0.0,,0.0,,,0.0,,,,,,,,,,,0.0,,,,,,,,,,,,,,,,,,,,,,,,,,,,,,,,,,,,,,,,,,,,,,,,,,,,,,,,,,,,,,,,,,,,,,,,,,,,,,,,,,,,,,,,,,,,,,,,,,,,,,,,,,,,,,,,,,,,,,,,,,,,,,,,,,,,,,,55.0,,,,,,54.0,,68.0,55.0,53.0,,-35.0,-28.0,-45.0,,,,,,-1.0,,13.0,0.0,-2.0,,-90.0,-83.0,-100.0,,,,,,,,,,,,,,,,,,,,,,,,,,,,,,,,,,,,,,,,,,,,,,,,,,,,,,,,,14.0,1.0,-1.0,,-89.0,-82.0,-99.0,,,,,,,,-13.0,-15.0,,-103.0,-96,-113,-2.0,,-90.0,-83.0,-100.0,,-88.0,-81.0,-98.0,,,,7.0,-10.0,-17
65653,1,18,2018-02-21 01:00:00+00:00,4877,356,0,Gesetzentwurf,"['Frauen/Männer', 'Wahlen']","['Chancengleichheit', 'Frau', 'Frauenquote', 'Landesliste', 'Landeswahlgesetz', 'Landtagsabgeordneter', 'Landtagswahl', 'Parité-Gesetz', 'Partei', 'Passives Wahlrecht', 'Wahlkreis', 'Wahlvorschlag']",[ 0.00763089 -0.00233994  0.00780974 ...  0.01716951 -0.00924053   0.01418869],"[(np.int64(12), np.float64(0.47718275756772993)), (np.int64(16), np.float64(0.4703388958855872)), (np.int64(29), np.float64(0.44850984986970344))]",12,0.47718275756772993,1.0,1.0,0.3333333333333333,1,15,8.0,49.0,57.0,0.0,,93.0,112.0,1.0,342.0,0.0,,1.0,344.0,,,,,,1,356,120.0,260.0,1.0,126.0,1.0,127.0,0.0,,0.0,,,,0.0,,280.0,337.0,,0.0,,,,,,,,,,,,,,,0.0,,,,,,,,,,,,,,,,,,,,,,,,,,,,,1.0,93.0,0.0,,0.0,,,,,,,,,,,,,,,,,,,0.0,,1.0,125.0,1.0,127.0,,0.0,,,,,,,,,,,0.0,,,,,,,,,,,,,,,,,,,,,,,,-2.0,,,,,-34.0,0.0,,,,,,-1.0,,229.0,217.0,215.0,,-78.0,-112.0,-127.0,,,,,-32.0,2.0,,,,,,1.0,,231.0,219.0,217.0,,-76.0,-110.0,-125.0,,,,,,,,,,,,,,,,,,,,,,,,,,,,,,,,,,,,,,,,,,,,,,,,,,,,,,,,,,,,,,,,,,,,,,,34.0,,,,,,33.0,,263.0,251.0,249.0,,-44.0,-78.0,-93.0,,,,,,-1.0,,229.0,217.0,215.0,,-78.0,-112.0,-127.0,,,,,,,,,,,,,,,,,,,,,,,,,,,,,,,,,,,,,,,,,,,,,,,,,,,,,,,,,230.0,218.0,216.0,,-77.0,-111.0,-126.0,,,,,,,,-12.0,-14.0,,-307.0,-341,-356,-2.0,,-295.0,-329.0,-344.0,,-293.0,-327.0,-342.0,,,,-34.0,-49.0,-15
65663,1,11,2018-02-22 01:00:00+00:00,4878,235,0,Gesetzentwurf,Gesellschaft Bevölkerung,"['Cottbus, kreisfreie Stadt', 'Dahme-Spreewald, Landkreis', 'Kommunalverfassung', 'Kostenerstattung', 'Kreis', 'Minderheitenrecht', 'Oberspreewald-Lausitz, Landkreis', 'Ortsname', 'Siedlung', 'Sorben/Wenden-Gesetz', 'Sorbisch', 'Spree-Neiße, Landkreis']",[ 0.00657956  0.00113086  0.00120429 ...  0.03924238  0.0017477  -0.00713765],"[(np.int64(9), np.float64(0.41004752333957223)), (np.int64(29), np.float64(0.40569435625454564)), (np.int64(12), np.float64(0.3977891315035474))]",9,0.41004752333957223,1.0,0.0,0.5,1,13,5.0,55.0,89.0,0.0,,90.0,194.0,1.0,204.0,0.0,,1.0,209.0,,,,,,1,235,202.0,,0.0,,0.0,,0.0,,0.0,,,,0.0,,,,,0.0,,,,,,,,,,,,,,,0.0,,,,,,,,,,,,,,,,,,,,,,,,,,,,,1.0,90.0,0.0,,0.0,,,,,,,,,,,,,,,,,,,0.0,,0.0,,0.0,,,0.0,,,,,,,,,,,0.0,,,,,,,,,,,,,,,,,,,,,,,,,,,,,,,,,,,,,,,,,,,,,,,,,,,,,,,,,,,,,,,,,,,,,,,,,,,,,,,,,,,,,,,,,,,,,,,,,,,,,,,,,,,,,,,,,,,,,,,,,,,,,,,,,,,,,,,,,,,,,,,145.0,119.0,114.0,,-35.0,-77.0,-90.0,,,,,,,,,,,,,,,,,,,,,,,,,,,,,,,,,,,,,,,,,,,,,,,,,,,,,,,,,,,,,,,,,,,,,,,,,,,,,,,,,,,,,-26.0,-31.0,,-180.0,-222,-235,-5.0,,-154.0,-196.0,-209.0,,-149.0,-191.0,-204.0,,,,-42.0,-55.0,-13
65662,1,10,2018-02-22 01:00:00+00:00,4878,117,0,Gesetzentwurf,Frühkindliche Bildung,"['Beitrag', 'Eltern', 'Freier Träger', 'Gebühr', 'Kinder- und Jugendhilfe', 'Kindertagesstätte', 'Kindertagesstätten-Betriebskosten- und Nachweisverordnung', 'Kindertagesstättengesetz', 'Kostenerstattung', 'Verordnung']",[ 0.01313629  0.02603154  0.0154261  ... -0.00940028 -0.02651361   0.03350356],"[(np.int64(29), np.float64(0.37521805836083166)), (np.int64(8), np.float64(0.3618828714227408)), (np.int64(12), np.float64(0.32145082170768025))]",29,0.37521805836083166,0.5,1.0,0.4166666666666666,1,13,3.0,0.0,49.0,0.0,,84.0,,1.0,92.0,1.0,96.0,1.0,97.0,,,,,,1,117,,,0.0,,0.0,,0.0,,0.0,,,,0.0,,,,,0.0,,,,,,,,,,,,,,,0.0,,,,,,,,,,,,,,,,,,,,,,,,,,,,,1.0,49.0,0.0,,0.0,,,,,,,,,,,,,,,,,,,0.0,,0.0,,0.0,,,0.0,,,,,,,,,,,0.0,,,,,,,,,,,,,,,,,,,,,,,,,,,,,,,,,,,,,,,,,,,,,,,,,,,,,,,,,,,,,,,,,,,,,,,,,,,,,,,,,,,,,,,,,,,,,,,,,,,,,,,,,,,,,,,,,,,,,,,,,,,,,,,,,,,,,,,,,,,,,,47.0,68.0,48.0,43.0,,-49.0,-36.0,-49.0,,,,,,,,,,,,,,,,,,,,,,,,,,,,,,,,,,,,,,,,,,,,,,,,,,,,,,,,,,,,,,,,,,,,,,,,,,,,,,21.0,1.0,-4.0,,-96.0,-83.0,-96.0,-20.0,-25.0,,-117.0,-104,-117,-5.0,,-97.0,-84.0,-97.0,,-92.0,-79.0,-92.0,,,,13.0,0.0,-13
65661,1,6,2018-02-22 01:00:00+00:00,4878,75,0,Gesetzentwurf,Rundfunk Fernsehen,"['ARD', 'Datenschutz-Grundverordnung', 'Datenverarbeitung', 'Deutschlandradio', 'Deutschlandradio-Staatsvertrag', 'Öffentlich-rechtlicher Rundfunk', 'Rundfunk', 'Rundfunkbeitrag', 'Rundfunkbeitragsstaatsvertrag', 'Staatsvertrag', 'ZDF']",[ 0.0056863   0.00829252 -0.01670351 ...  0.00376125 -0.00042388   0.04027796],"[(np.int64(12), np.float64(0.3597419937056811)), (np.int64(29), np.float64(0.35239649658978695)), (np.int64(19), np.float64(0.33523477215728276))]",12,0.3597419937056811,1.0,1.0,0.3333333333333333,1,13,1.0,55.0,,0.0,,,,1.0,56.0,0.0,,1.0,62.0,,,,,,1,75,,,0.0,,0.0,,0.0,,0.0,,,,0.0,,,,,0.0,,,,,,,,,,,,,,,0.0,,,,,,,,,,,,,,,,,,,,,,,,,,,,,0.0,,0.0,,0.0,,,,,,,,,,,,,,,,,,,0.0,,0.0,,0.0,,,0.0,,,,,,,,,,,0.0,,,,,,,,,,,,,,,,,,,,,,,,,,,,,,,,,,,,,,,,,,,,,,,,,,,,,,,,,,,,,,,,,,,,,,,,,,,,,,,,,,,,,,,,,,,,,,,,,,,,,,,,,,,,,,,,,,,,,,,,,,,,,,,,,,,,,,,,,,,,,,,,,,,,,,,,,,,,,,,,,,,,,,,,,,,,,,,,,,,,,,,,,,,,,,,,,,,,,,,,,,,,,,,,,,,,,,,,,,,,,,,,,,,,,,,,,,-13.0,-19.0,,-20.0,-62,-75,-6.0,,-7.0,-49.0,-62.0,,-1.0,-43.0,-56.0,,,,-42.0,-55.0,-13
66021,1,8,2018-03-21 01:00:00+00:00,4905,90,0,Gesetzentwurf,Katastrophen- und Zivilschutz,"['Brand- und Katastrophenschutzgesetz', 'Notfallvorsorge', 'Richtlinie der EU']",[-0.01313164  0.03265164  0.01200776 ...  0.00993745  0.01029236   0.00208509],"[(np.int64(29), np.float64(0.44309137722697317)), (np.int64(19), np.float64(0.43603305392368524)), (np.int64(9), np.float64(0.4241985348780911))]",29,0.44309137722697317,0.5,1.0,0.4166666666666666,1,36,3.0,29.0,64.0,0.0,,71.0,,1.0,68.0,0.0,,1.0,71.0,,,,,,1,90,,,0.0,,0.0,,0.0,,0.0,,,,0.0,,,,,0.0,,,,,,,,,,,,,,,0.0,,,,,,,,,,,,,,,,,,,,,,,,,,,,,0.0,,0.0,,0.0,,,,,,,,,,,,,,,,,,,0.0,,0.0,,0.0,,,0.0,,,,,,,,,,,0.0,,,,,,,,,,,,,,,,,,,,,,,,,,,,,,,,,,,,,,,,,,,,,,,,,,,,,,,,,,,,,,,,,,,,,,,,,,,,,,,,,,,,,,,,,,,,,,,,,,,,,,,,,,,,,,,,,,,,,,,,,,,,,,,,,,,,,,,,,,,,,,,,,,,,,,,,,,,,,,,,,,,,,,,,,,,,,,,,,,,,,,,,,,,,,,,,,,,,,,,,,,,,,,,,,,,,,,,,,,,,,,,,,,,,,,,,,,-19.0,-22.0,,-61.0,-54,-90,-3.0,,-42.0,-35.0,-71.0,,-39.0,-32.0,-68.0,,,,7.0,-29.0,-36
65897,1,9,2018-03-22 01:00:00+00:00,4906,99,0,Gesetzentwurf,Medizinische Berufe,"['Arzt', 'Beamtenversorgungsgesetz', 'Beamter', 'Berufliche Weiterbildung', 'Berufsständische Vereinigung', 'Datenschutz-Grundverordnung', 'Grundrechtsbeschränkung', 'Heilberufsgesetz', 'Justizkostengesetz', 'Krankenhausentwicklungsgesetz', 'Landeshaushaltsordnung', 'Steuerberater', 'Steuerberaterversorgungsgesetz']",[-0.00248976  0.00052181 -0.01353714 ...  0.01395459  0.00500934   0.02790918],"[(np.int64(29), np.float64(0.4030136387597918)), (np.int64(36), np.float64(0.35977700817840863)), (np.int64(3), np.float64(0.35146227916281153))]",29,0.4030136387597918,0.5,1.0,0.4166666666666666,1,35,4.0,20.0,55.0,0.0,,83.0,97.0,1.0,90.0,0.0,,1.0,97.0,,,,,,1,99,,,0.0,,0.0,,0.0,,0.0,,,,0.0,,,,,0.0,,,,,,,,,,,,,,,0.0,,,,,,,,,,,,,,,,,,,,,,,,,,,,,0.0,,0.0,,0.0,,,,,,,,,,,,,,,,,,,0.0,,0.0,,0.0,,,0.0,,,,,,,,,,,0.0,,,,,,,,,,,,,,,,,,,,,,,,,,,,,,,,,,,,,,,,,,,,,,,,,,,,,,,,,,,,,,,,,,,,,,,,,,,,,,,,,,,,,,,,,,,,,,,,,,,,,,,,,,,,,,,,,,,,,,,,,,,,,,,,,,,,,,,,,,,,,,,,,,,,,,,,,,,,,,,,,,,,,,,,,,,,,,,,,,,,,,,,,,,,,,,,,,,,,,,,,,,,,,,,,,,,,,,,,,,,,,,,,,,,,,,,,,-2.0,-9.0,,-79.0,-64,-99,-7.0,,-77.0,-62.0,-97.0,,-70.0,-55.0,-90.0,,,,15.0,-20.0,-35
66015,1,12,2018-04-12 02:00:00+00:00,4928,81,0,Gesetzentwurf,Wahlen,"['Aktives Wahlrecht', 'Behinderter', 'Grundgesetz', 'Inklusion', 'Kommunalwahl', 'Kommunalwahlgesetz', 'Landeswahlgesetz', 'Landtagswahl', 'Maßregelvollzug', 'Passives Wahlrecht', 'Rechtliche Betreuung', 'Teilhabe behinderter Menschen', 'Übereinkommen über die Rechte von Menschen mit Behinderungen', 'Wahl']",[ 1.81051774e-03  2.88500469e-02 -3.32544078e-05 ...  2.03369185e-02  -1.24149788e-02  1.85633488e-02],"[(np.int64(29), np.float64(0.45425174314476924)), (np.int64(12), np.float64(0.4188610395319072)), (np.int64(9), np.float64(0.4030115344491374))]",29,0.45425174314476924,0.5,1.0,0.4166666666666666,1,14,6.0,7.0,34.0,0.0,,43.0,62.0,1.0,74.0,0.0,,1.0,76.0,,,,,,1,81,70.0,76.0,0.0,,0.0,,0.0,,0.0,,,,0.0,,,,,0.0,,,,,,,,,,,,,,,0.0,,,,,,,,,,,,,,,,,,,,,,,,,,,,,1.0,43.0,0.0,,0.0,,,,,,,,,,,,,,,,,,,0.0,,0.0,,0.0,,,0.0,,,,,,,,,,,0.0,,,,,,,,,,,,,,,,,,,,,,,,,,,,,,,,,,,,,,,,,,,,,,,,,,,,,,,,,,,,,,,,,,,,,,,,,,,,,,,,,,,,,,,,,,,,,,,,,,,,,,,,,,,,,,,,,,,,,,,,,,,,,,,,,,,,,,,,,,,,,,,38.0,33.0,31.0,,-36.0,-29.0,-43.0,,,,,,,,,,,,,,,,,,,,,,,,,,,,,,,,,,,,,,,,,,,,,,,,,,,,,,,,,,,,,,,,,,,,,,,,,,,,,,,,,,,,,-5.0,-7.0,,-74.0,-67,-81,-2.0,,-69.0,-62.0,-76.0,,-67.0,-60.0,-74.0,,,,7.0,-7.0,-14
66072,1,18,2018-04-17 02:00:00+00:00,4933,181,0,Gesetzentwurf,Kommunale Angelegenheiten,"['Amt (Gemeindeverband)', 'Bauordnungsrecht', 'Bauvorlagenverordnung', 'Bekanntmachungsverordnung', 'Bundesratsinitiative', 'Erstes Gesetz zur Ausführung des Achten Buches Sozialgesetzbuch - Kinder- und Jugendhilfe', 'Gemeindestrukturänderungsförderungsgesetz', 'Gemeinsame Raumordnungsverfahrensverordnung', 'Gesamtgemeinde', 'Gesetz über den Kommunalen Versorgungsverband Brandenburg', 'Gesetz über kommunale Gemeinschaftsarbeit im Land Brandenburg', 'Jahresabschlussbeschleunigungsgesetz', 'Kindertagesstätten-Betriebskosten- und Nachweisverordnung', 'Kindertagesstättengesetz', 'Kommunalverfassung', 'Kommunalverwaltung', 'Landesdisziplinargesetz', 'Ländlicher Raum', 'Minderheitenrecht', 'Ordnungsbehördengesetz', 'Sorben', 'Sorben/Wenden-Gesetz', 'Verbandsgemeinde- und Mitverwaltungsgesetz', 'Vergabegesetz', 'Vermessungsgesetz', 'Verwaltungsmodernisierung', 'Verwaltungsvollstreckungsgesetz für das Land Brandenburg']",[ 0.00752772  0.02453917 -0.01487761 ...  0.02442062  0.00491969   0.01280304],"[(np.int64(21), np.float64(0.44668978033728624)), (np.int64(29), np.float64(0.4431953871032942)), (np.int64(19), np.float64(0.4255956478002747))]",21,0.44668978033728624,0.5,0.5,0.5,1,43,6.0,2.0,37.0,0.0,,44.0,76.0,1.0,154.0,2.0,155.0,1.0,156.0,156.0,,,,,1,181,140.0,149.0,1.0,154.0,1.0,156.0,0.0,,0.0,,,,0.0,,,,,2.0,7.0,,,,,,,,,,,,,,0.0,,,,,,,,,,,,,,,,,,,,,,,,,,,,,1.0,76.0,0.0,,0.0,,,,,,,,,,,,,,,,,,,0.0,,0.0,,0.0,,,0.0,,,,,7.0,,,,,,0.0,,,,,,,,,,,,,,,,,,,,,,,,,,,,,,,,,,,,,,,,,,,,,,,,,,,,,,,,,,,,,,,,,,,,,,,,,,,,,,,,,,,,,,,,,,,,,,,,,,,,,,,,,,,,,,,,,,,,,,,,,,,,,,,,,,,,,,,80.0,,,,,-69.0,78.0,79.0,105.0,80.0,78.0,,-74.0,-33.0,-76.0,,,,,-149.0,-2.0,-1.0,25.0,0.0,-2.0,,-154.0,-113.0,-156.0,,,,,,,,,,,,,,,,,,,,,,,,,,,,,,,,,,,,,,,,,,,,,,,147.0,148.0,174.0,149.0,147.0,,-5.0,36.0,-7.0,1.0,27.0,2.0,0.0,,-152.0,-111.0,-154.0,26.0,1.0,-1.0,,-153.0,-112.0,-155.0,-25.0,-27.0,,-179.0,-138,-181,-2.0,,-154.0,-113.0,-156.0,,-152.0,-111.0,-154.0,,,,41.0,-2.0,-43
66238,1,14,2018-05-11 02:00:00+00:00,4957,195,0,Gesetzentwurf,"['Öffentliche Verwaltung', 'Informations- und Kommunikationstechnologien']","['Barrierefreiheit', 'Datenschutz', 'Digitalisierung', 'E-Government-Gesetz', 'Elektronische Aktenführung', 'Elektronischer Zahlungsverkehr', 'Evaluation', 'Experimentierklausel', 'Grundrechtsbeschränkung', 'Informations- und Kommunikationstechnik', 'Informationssicherheit', 'IT-Beauftragter', 'IT-Planungsrat', 'Kommunalverwaltung', 'Landesbeauftragter', 'Landesregierung', 'Landesverwaltung', 'Öffentliche Verwaltung', 'Rechnernetz', 'Verwaltungsmodernisierung']",[ 0.01950183 -0.01034188 -0.0199746  ...  0.01879267  0.02103834   0.02245665],"[(np.int64(29), np.float64(0.41165961785638105)), (np.int64(19), np.float64(0.39980817753452735)), (np.int64(9), np.float64(0.3969481821432381))]",29,0.41165961785638105,0.5,1.0,0.4166666666666666,1,20,5.0,20.0,20.0,0.0,,52.0,125.0,1.0,184.0,1.0,185.0,1.0,186.0,,,,,,1,195,180.0,,1.0,185.0,1.0,186.0,0.0,,0.0,,,,0.0,,,,,0.0,,,,,,,,,,,,,,,0.0,,,,,,,,,,,,,,,,,,,,,,,,,,,,,1.0,52.0,0.0,,0.0,,,,,,,,,,,,,,,,,,,0.0,,0.0,,0.0,,,0.0,,,,,,,,,,,0.0,,,,,,,,,,,,,,,,,,,,,,,,,,,,,,,,,,,,,,,,,,,,,,,,,,,,,,,,,,,,,,,,,,,,,,,,,,,,,,,,,,,,,,,,,,,,,,,,,,,,,,,,,,,,,,,,,,,,,,,,,,,,,,,,,,,,,,,134.0,,,,,,133.0,133.0,143.0,134.0,132.0,,-32.0,-32.0,-52.0,,,,,,-1.0,-1.0,9.0,0.0,-2.0,,-166.0,-166.0,-186.0,,,,,,,,,,,,,,,,,,,,,,,,,,,,,,,,,,,,,,,,,,,,,,,,,,,,,,,,0.0,10.0,1.0,-1.0,,-165.0,-165.0,-185.0,10.0,1.0,-1.0,,-165.0,-165.0,-185.0,-9.0,-11.0,,-175.0,-175,-195,-2.0,,-166.0,-166.0,-186.0,,-164.0,-164.0,-184.0,,,,0.0,-20.0,-20
66229,1,41,2018-05-17 02:00:00+00:00,4963,215,62,Sitzung,Öffentlicher Haushalt,"['Bürgschaft', 'Einzelplan 01 - Landtag', 'Einzelplan 02 - Ministerpräsidentin, Ministerpräsident und Staatskanzlei', 'Einzelplan 03 - Ministerium des Innern und für Kommunales', 'Einzelplan 04 - Ministerium der Justiz und für Europa und Verbraucherschutz', 'Einzelplan 05 - Ministerium für Bildung, Jugend und Sport', 'Einzelplan 06 - Ministerium für Wissenschaft, Forschung und Kultur', 'Einzelplan 07 - Ministerium für Arbeit, Soziales, Gesundheit, Frauen und Familie', 'Einzelplan 08 - Ministerium für Wirtschaft und Energie', 'Einzelplan 10 - Ministerium für Ländliche Entwicklung, Umwelt und Landwirtschaft', 'Einzelplan 11 - Ministerium für Infrastruktur und Landesplanung', 'Einzelplan 12 - Ministerium der Finanzen', 'Einzelplan 13 - Landesrechnungshof', 'Einzelplan 14 - Verfassungsgericht des Landes Brandenburg', 'Einzelplan 20 - Allgemeine Finanzverwaltung', 'Haushaltsgesetz', 'Landeshaushalt', 'Landesmittel', 'Öffentliche Ausgaben', 'Öffentliche Einnahmen', 'Öffentliche Mittel', 'Steuer', 'Terminplan']",[ 0.01163123  0.02884069 -0.00126846 ...  0.01174991  0.00620134   0.03608054],"[(np.int64(34), np.float64(0.4624871865350143)), (np.int64(5), np.float64(0.4470753245723186)), (np.int64(29), np.float64(0.44288939176147957))]",34,0.4624871865350143,1.0,0.0,0.5,1,125,10.0,0.0,6.0,0.0,,28.0,110.0,16.0,202.0,1.0,206.0,1.0,208.0,,,,,,1,215,152.0,187.0,4.0,206.0,3.0,210.0,0.0,,0.0,,202.0,202.0,1.0,210.0,188.0,189.0,,1.0,15.0,202.0,202.0,202.0,202.0,202.0,202.0,202.0,202.0,202.0,202.0,203.0,206.0,209.0,1.0,209.0,,209.0,210.0,,,,,,,,,,,,,,,,,,,,,,,,,0.0,,0.0,,0.0,,,,,,,,,,,,,,,,,,,0.0,,0.0,,0.0,,207.0,0.0,,,,,,,207.0,207.0,210.0,210.0,0.0,,,,,,,,,,,,,,,,,,,,,,,,,,,,,,,,,,,,,,,,,,,,,,,,,,,,,,,,,,,,,,,,,,,,,,,,,,,,,,,,,,,,,,,,,,,,,,,,,,,,,,,,,,,,,,,,,,,,,,,,,,,,,,,,,,,,,,,,,,,,,,,,,,,,,,,0.0,-1.0,,-195.0,-4.0,-4.0,5.0,-2.0,-8.0,,-210.0,-85.0,-148.0,,,,,,,,,,,,,,-1.0,,-195.0,-4.0,-4.0,5.0,-2.0,-8.0,,-210.0,-85.0,-148.0,,-194.0,-3.0,-3.0,6.0,-1.0,-7.0,,-209.0,-84.0,-147.0,,,,,,,,,,,191.0,191.0,200.0,193.0,187.0,,-15.0,110.0,47.0,0.0,9.0,2.0,-4.0,,-206.0,-81.0,-144.0,9.0,2.0,-4.0,,-206.0,-81.0,-144.0,-7.0,-13.0,,-215.0,-90,-153,-6.0,,-208.0,-83.0,-146.0,,-202.0,-77.0,-140.0,,,,125.0,62.0,-63
66308,1,14,2018-05-18 02:00:00+00:00,4964,125,0,Gesetzentwurf,Hochschulwesen,"['Barrierefreiheit', 'Behindertengleichstellungsgesetz', 'Grundrechtsbeschränkung', 'Hochschule', 'Hochschulgesetz', 'Hochschullehrer', 'Hochschulzulassung', 'Hochschulzulassungsgesetz', 'Hochschulzulassungsverordnung', 'Krankenhaus', 'Landespersonalvertretungsgesetz', 'Landeswahlgesetz', 'Personalvertretung', 'Richtlinie der EU', 'Sportler', 'Verordnung']",[ 0.01331754  0.01061883  0.01572291 ...  0.00516275 -0.00365206   0.01449089],"[(np.int64(29), np.float64(0.4262423514217455)), (np.int64(12), np.float64(0.4111006060017185)), (np.int64(28), np.float64(0.40387241425930276))]",29,0.4262423514217455,0.5,1.0,0.4166666666666666,1,13,7.0,13.0,26.0,0.0,,33.0,34.0,1.0,122.0,1.0,123.0,1.0,124.0,,,,,,1,125,45.0,110.0,0.0,,0.0,,0.0,,0.0,,,,0.0,,117.0,,,0.0,,,,,,,,,,,,,,,0.0,,,,,,,,,,,,,,,,,,,,,,,,,,,,,1.0,33.0,0.0,,0.0,,,,,,,,,,,,,,,,,,,0.0,,0.0,,0.0,,,0.0,,,,,,,,,,,0.0,,,,,,,,,,,,,,,,,,,,,,,,,,,,,,,,,,,,,,,,,,,,,,,,,,,,,,,,,,,,,,,,,,,,,,,,,,,,,,,,,,,,,,,,,,,,,,,,,,,,,,,,,,,,,,,,,,,,,,,,,,,,,,,,,,,,,,,,,,,,,,90.0,92.0,91.0,89.0,,-20.0,-20.0,-33.0,,,,,,,,,,,,,,,,,,,,,,,,,,,,,,,,,,,,,,,,,,,,,,,,,,,,,,,,,,,,,,,,,,,,,,,,,,,,,,2.0,1.0,-1.0,,-110.0,-110.0,-123.0,-1.0,-3.0,,-112.0,-112,-125,-2.0,,-111.0,-111.0,-124.0,,-109.0,-109.0,-122.0,,,,0.0,-13.0,-13
66512,1,8,2018-06-13 02:00:00+00:00,4990,124,0,Gesetzentwurf,Sozialleistungen,"['Abitur', 'Ausbildungsförderungsgesetz', 'Fachhochschulreife', 'Fachoberschule', 'Gymnasiale Oberstufe', 'Schule', 'Schüler']",[ 0.00685426  0.01949918  0.02339902 ...  0.00323509 -0.00031206   0.00537705],"[(np.int64(20), np.float64(0.5052222442227389)), (np.int64(29), np.float64(0.47649392352708553)), (np.int64(26), np.float64(0.44955927209014246))]",20,0.5052222442227389,1.0,0.5,0.4166666666666666,1,14,2.0,14.0,85.0,0.0,,,,1.0,93.0,0.0,,1.0,99.0,,,,,,1,124,,,1.0,13.0,0.0,,0.0,,0.0,,,,0.0,,,,,0.0,,,,,,,,,,,,,,,0.0,,,,,,,,,,,,,,,,,,,,,,,,,,,,,0.0,,0.0,,0.0,,,,,,,,,,,,,,,,,,,0.0,,0.0,,0.0,,,0.0,,,,,,,,,,,0.0,,,,,,,,,,,,,,,,,,,,,,,,,,,,,,,,,,,,,,,,,,,,,,,,,,,,,,,,,,,,,,,,,,,,,,,,,,,,,,,,,,,,,,,,,,,,,,,,,,,,,,,,,,,,,,,,,,,,,,,,,,,,,,,,,,,,,,,,,,,,,,,,,,,,,,,,,,,,,,,,,,,,,,,,,,,,,,,,,,,,,,,,,,,,,,,,,,,,,,,,,,,,,,,,,,,,,,,,,,,,111.0,86.0,80.0,,1.0,1.0,-13.0,,,,,,,,-25.0,-31.0,,-110.0,-110,-124,-6.0,,-85.0,-85.0,-99.0,,-79.0,-79.0,-93.0,,,,0.0,-14.0,-14
66560,1,13,2018-06-14 02:00:00+00:00,4991,164,0,Gesetzentwurf,Wahlen,"['Bürgerentscheid', 'Bürgerinitiative', 'Gebühr', 'Kommunale Satzung', 'Straßengesetz', 'Volksabstimmung', 'Wahl', 'Wahlkampf']",[ 0.00441346  0.01194576 -0.00018481 ...  0.01718307  0.01577076   0.01070999],"[(np.int64(29), np.float64(0.4608241344308048)), (np.int64(23), np.float64(0.39786596382946826)), (np.int64(12), np.float64(0.3890986627259746))]",29,0.4608241344308048,0.5,1.0,0.4166666666666666,1,14,6.0,18.0,90.0,0.0,,91.0,145.0,1.0,150.0,1.0,151.0,1.0,153.0,,,,,,1,164,146.0,153.0,0.0,,0.0,,0.0,,0.0,,,,0.0,,,,,0.0,,,,,,,,,,,,,,,0.0,,,,,,,,,,,,,,,,,,,,,,,,,,,,,1.0,91.0,0.0,,0.0,,,,,,,,,,,,,,,,,,,0.0,,0.0,,0.0,,,0.0,,,,,,,,,,,0.0,,,,,,,,,,,,,,,,,,,,,,,,,,,,,,,,,,,,,,,,,,,,,,,,,,,,,,,,,,,,,,,,,,,,,,,,,,,,,,,,,,,,,,,,,,,,,,,,,,,,,,,,,,,,,,,,,,,,,,,,,,,,,,,,,,,,,,,,,,,,,,60.0,73.0,62.0,59.0,,-73.0,-77.0,-91.0,,,,,,,,,,,,,,,,,,,,,,,,,,,,,,,,,,,,,,,,,,,,,,,,,,,,,,,,,,,,,,,,,,,,,,,,,,,,,,13.0,2.0,-1.0,,-133.0,-137.0,-151.0,-11.0,-14.0,,-146.0,-150,-164,-3.0,,-135.0,-139.0,-153.0,,-132.0,-136.0,-150.0,,,,-4.0,-18.0,-14
66551,1,13,2018-06-14 02:00:00+00:00,4991,187,0,Gesetzentwurf,Rettungswesen,"['Brandschutz', 'Datenschutz', 'Datenschutz-Grundverordnung', 'Grundrechtsbeschränkung', 'Katastrophenschutz', 'Landesrettungsdienstplanverordnung', 'Notfallmedizin', 'Notfallsanitäter', 'Notruf', 'Personenbezogene Daten', 'Qualitätssicherung', 'Rettungsdienstgesetz', 'Rettungsleitstelle', 'SGB V gemeinsames Landesgremiumsgesetz']",[0.01195978 0.01752522 0.01403202 ... 0.01657791 0.0043517  0.032919  ],"[(np.int64(29), np.float64(0.46208439898580067)), (np.int64(19), np.float64(0.4459448387311198)), (np.int64(9), np.float64(0.4253818982962496))]",29,0.46208439898580067,0.5,1.0,0.4166666666666666,1,14,5.0,18.0,83.0,0.0,,91.0,143.0,1.0,179.0,0.0,,1.0,181.0,,,,,,1,187,174.0,,1.0,179.0,1.0,181.0,0.0,,0.0,,,,0.0,,,,,0.0,,,,,,,,,,,,,,,0.0,,,,,,,,,,,,,,,,,,,,,,,,,,,,,1.0,91.0,0.0,,0.0,,,,,,,,,,,,,,,,,,,0.0,,0.0,,0.0,,,0.0,,,,,,,,,,,0.0,,,,,,,,,,,,,,,,,,,,,,,,,,,,,,,,,,,,,,,,,,,,,,,,,,,,,,,,,,,,,,,,,,,,,,,,,,,,,,,,,,,,,,,,,,,,,,,,,,,,,,,,,,,,,,,,,,,,,,,,,,,,,,,,,,,,,,,90.0,,,,,,88.0,,96.0,90.0,88.0,,-73.0,-77.0,-91.0,,,,,,-2.0,,6.0,0.0,-2.0,,-163.0,-167.0,-181.0,,,,,,,,,,,,,,,,,,,,,,,,,,,,,,,,,,,,,,,,,,,,,,,,,,,,,,,,,8.0,2.0,0.0,,-161.0,-165.0,-179.0,,,,,,,,-6.0,-8.0,,-169.0,-173,-187,-2.0,,-163.0,-167.0,-181.0,,-161.0,-165.0,-179.0,,,,-4.0,-18.0,-14
66548,1,11,2018-06-14 02:00:00+00:00,4991,187,0,Gesetzentwurf,Öffentlicher Dienst,"['Amtsbezeichnung', 'Beamtenrecht', 'Beamtenversorgung', 'Beamtenversorgungsgesetz', 'Beamter', 'Besoldung', 'Besoldungsgesetz', 'Brandenburgischer Landesbetrieb für Liegenschaften und Bauen', 'Finanzverwaltung', 'Juniorprofessor', 'Justizwachtmeister', 'Kommunaler Wahlbeamter', 'Landesbeamtengesetz', 'Lehrer', 'Polizeibeamter', 'Ruhegehalt', 'Schulgesetz', 'Versetzung in den Ruhestand', 'Zentrale Bezügestelle des Landes Brandenburg']",[ 0.01498042  0.02318399  0.01295926 ... -0.00200631  0.00537987   0.02984196],"[(np.int64(29), np.float64(0.3953847998721336)), (np.int64(19), np.float64(0.37708891782274)), (np.int64(20), np.float64(0.3648288134703273))]",29,0.3953847998721336,0.5,1.0,0.4166666666666666,1,14,3.0,84.0,126.0,0.0,,161.0,,1.0,175.0,0.0,,1.0,181.0,,,,,,1,187,,,1.0,175.0,1.0,181.0,0.0,,0.0,,,,0.0,,,,,0.0,,,,,,,,,,,,,,,0.0,,,,,,,,,,,,,,,,,,,,,,,,,,,,,1.0,126.0,0.0,,0.0,,,,,,,,,,,,,,,,,,,0.0,,0.0,,0.0,,,0.0,,,,,,,,,,,0.0,,,,,,,,,,,,,,,,,,,,,,,,,,,,,,,,,,,,,,,,,,,,,,,,,,,,,,,,,,,,,,,,,,,,,,,,,,,,,,,,,,,,,,,,,,,,,,,,,,,,,,,,,,,,,,,,,,,,,,,,,,,,,,,,,,,,,,,55.0,,,,,,49.0,,61.0,55.0,49.0,,-42.0,-112.0,-126.0,,,,,,-6.0,,6.0,0.0,-6.0,,-97.0,-167.0,-181.0,,,,,,,,,,,,,,,,,,,,,,,,,,,,,,,,,,,,,,,,,,,,,,,,,,,,,,,,,12.0,6.0,0.0,,-91.0,-161.0,-175.0,,,,,,,,-6.0,-12.0,,-103.0,-173,-187,-6.0,,-97.0,-167.0,-181.0,,-91.0,-161.0,-175.0,,,,-70.0,-84.0,-14
66824,1,10,2018-07-16 02:00:00+00:00,5023,155,0,Gesetzentwurf,Öffentlicher Haushalt,"['Bundesmittel', 'Gemeindefinanzierungsgesetz', 'Gesamtgemeinde', 'Horizontaler Finanzausgleich', 'Kommunaler Finanzausgleich', 'Kommunaler Haushalt', 'Kreisumlage', 'Landesmittel', 'Öffentliche Einnahmen', 'Schlüsselzuweisung', 'Solidarpakt', 'Steuer', 'Vertikaler Finanzausgleich']",[-0.00211724  0.01991996  0.0246912  ...  0.01801146  0.00011416   0.01085459],"[(np.int64(21), np.float64(0.43363283753786064)), (np.int64(23), np.float64(0.3960092226399515)), (np.int64(34), np.float64(0.3907449865779659))]",21,0.43363283753786064,0.5,0.5,0.5,1,65,3.0,52.0,94.0,0.0,,129.0,,1.0,143.0,1.0,146.0,1.0,149.0,,,,,,1,155,,,0.0,,0.0,,0.0,,0.0,,,,0.0,,,,,0.0,,,,,,,,,,,,,,,0.0,,,,,,,,,,,,,,,,,,,,,,,,,,,,,1.0,94.0,0.0,,0.0,,,,,,,,,,,,,,,,,,,0.0,,0.0,,0.0,,,0.0,,,,,,,,,,,0.0,,,,,,,,,,,,,,,,,,,,,,,,,,,,,,,,,,,,,,,,,,,,,,,,,,,,,,,,,,,,,,,,,,,,,,,,,,,,,,,,,,,,,,,,,,,,,,,,,,,,,,,,,,,,,,,,,,,,,,,,,,,,,,,,,,,,,,,,,,,,,,52.0,61.0,55.0,49.0,,-42.0,-29.0,-94.0,,,,,,,,,,,,,,,,,,,,,,,,,,,,,,,,,,,,,,,,,,,,,,,,,,,,,,,,,,,,,,,,,,,,,,,,,,,,,,9.0,3.0,-3.0,,-94.0,-81.0,-146.0,-6.0,-12.0,,-103.0,-90,-155,-6.0,,-97.0,-84.0,-149.0,,-91.0,-78.0,-143.0,,,,13.0,-52.0,-65
67098,1,10,2018-09-05 02:00:00+00:00,5074,104,1,Sitzung,Menschen mit Behinderungen,"['Behindertengleichstellungsgesetz', 'Behinderter', 'Eingliederungshilfe für Behinderte', 'Gesetz zur Ausführung des Neunten Buches Sozialgesetzbuch', 'Gesetz zur Ausführung des Zwölften Buches Sozialgesetzbuch', 'Kindertagesstätten-Betriebskosten- und Nachweisverordnung', 'Kindertagesstättengesetz', 'Landespflegegeldgesetz', 'Teilhabe behinderter Menschen']",[-0.00037156  0.02957711  0.01833781 ...  0.00875482 -0.01254069   0.03052357],"[(np.int64(29), np.float64(0.41693264562685384)), (np.int64(20), np.float64(0.39036681935248985)), (np.int64(12), np.float64(0.384346665905855))]",29,0.41693264562685384,0.5,1.0,0.4166666666666666,1,15,4.0,0.0,60.0,0.0,,68.0,89.0,1.0,95.0,0.0,,1.0,98.0,,,,,,1,104,,,0.0,,0.0,,0.0,,0.0,,,,0.0,,,,,0.0,,,,,,,,,,,,,,,0.0,,,,,,,,,,,,,,,,,,,,,,,,,,,,,1.0,68.0,0.0,,0.0,,,,,,,,,,,,,,,,,,,0.0,,0.0,,0.0,,,0.0,,,,,,,,,,,0.0,,,,,,,,,,,,,,,,,,,,,,,,,,,,,,,,,,,,,,,,,,,,,,,,,,,,,,,,,,,,,,,,,,,,,,,,,,,,,,,,,,,,,,,,,,,,,,,,,,,,,,,,,,,,,,,,,,,,,,,,,,,,,,,,,,,,,,,,,,,,,,,36.0,30.0,27.0,,-68.0,-53.0,-67.0,,,,,,,,,,,,,,,,,,,,,,,,,,,,,,,,,,,,,,,,,,,,,,,,,,,,,,,,,,,,,,,,,,,,,,,,,,,,,,,,,,,,,-6.0,-9.0,,-104.0,-89,-103,-3.0,,-98.0,-83.0,-97.0,,-95.0,-80.0,-94.0,,,,15.0,1.0,-14
67106,1,9,2018-09-06 02:00:00+00:00,5075,103,0,Gesetzentwurf,Umwelt,"['Gesetz über die Umweltverträglichkeitsprüfung', 'Richtlinie der EU', 'Straßengesetz', 'Umweltverträglichkeitsprüfung']",[-0.00899272 -0.00055102  0.02703694 ...  0.00981559  0.0124605   0.01181397],"[(np.int64(29), np.float64(0.4497093202692828)), (np.int64(4), np.float64(0.4186614187593693)), (np.int64(1), np.float64(0.4178353351624027))]",29,0.4497093202692828,0.5,1.0,0.4166666666666666,1,13,3.0,41.0,62.0,0.0,,82.0,,1.0,88.0,1.0,96.0,1.0,97.0,,,,,,1,103,,,0.0,,0.0,,0.0,,0.0,,,,0.0,,,,,0.0,,,,,,,,,,,,,,,0.0,,,,,,,,,,,,,,,,,,,,,,,,,,,,,0.0,,0.0,,0.0,,,,,,,,,,,,,,,,,,,0.0,,0.0,,0.0,,,0.0,,,,,,,,,,,0.0,,,,,,,,,,,,,,,,,,,,,,,,,,,,,,,,,,,,,,,,,,,,,,,,,,,,,,,,,,,,,,,,,,,,,,,,,,,,,,,,,,,,,,,,,,,,,,,,,,,,,,,,,,,,,,,,,,,,,,,,,,,,,,,,,,,,,,,,,,,,,,,,,,,,,,,,,,,,,,,,,,,,,,,,,,,,,,,,,,,,,,,,,,,,,,,,,,,,,,,,,,,,,,,,,,,,,,,,,,,,,,,,,,,7.0,1.0,-8.0,,-55.0,-83.0,-96.0,-6.0,-15.0,,-62.0,-90,-103,-9.0,,-56.0,-84.0,-97.0,,-47.0,-75.0,-88.0,,,,-28.0,-41.0,-13
67103,1,13,2018-09-06 02:00:00+00:00,5075,236,0,Gesetzentwurf,Kommunale Angelegenheiten,"['Gerichtsentscheidung', 'Gesetz zur Regionalplanung und zur Braunkohlen- und Sanierungsplanung', 'Oberverwaltungsgericht', 'Raumordnungsgesetz', 'Regionale Planungsgemeinschaft', 'Windenergie', 'Windenergieanlage']",[-0.01869893  0.0176338  -0.00281076 ...  0.04923261  0.01402419   0.00923111],"[(np.int64(4), np.float64(0.42313725529941204)), (np.int64(29), np.float64(0.34600528886413784)), (np.int64(38), np.float64(0.3292808363923355))]",4,0.42313725529941204,1.0,0.0,0.5,1,14,5.0,7.0,62.0,0.0,,90.0,168.0,1.0,214.0,1.0,215.0,1.0,216.0,,,,,,1,236,202.0,,1.0,12.0,0.0,,0.0,,0.0,,,,0.0,,,,,0.0,,,,,,,,,,,,,,,0.0,,,,,,,,,,,,,,,,,,,,,,,,,,,,,1.0,90.0,0.0,,0.0,,,,,,,,,,,,,,,,,,,0.0,,0.0,,0.0,,,0.0,,,,,,,,,,,0.0,,,,,,,,,,,,,,,,,,,,,,,,,,,,,,,,,,,,,,,,,,,,,,,,,,,,,,,,,,,,,,,,,,,,,,,,,,,,,,,,,,,,,,,,,,,,,,,,,,,,,,,,,,,,,,,,,,,,,,,,,,,,,,,,,,,,,,,,,,,,,-78.0,125.0,146.0,126.0,124.0,,-83.0,-76.0,-90.0,,,,,,,,,,,,,,,,,,,,,,,,,,,,,,,,,,,,,,,,,,,,,,,,,,,,,,,,,,,,,,,,,,,,,,203.0,224.0,204.0,202.0,,-5.0,2.0,-12.0,21.0,1.0,-1.0,,-208.0,-201.0,-215.0,-20.0,-22.0,,-229.0,-222,-236,-2.0,,-209.0,-202.0,-216.0,,-207.0,-200.0,-214.0,,,,7.0,-7.0,-14
67093,1,11,2018-09-06 02:00:00+00:00,5075,87,0,Gesetzentwurf,Sport,"['Amtsbezeichnung', 'Besoldungsgesetz', 'Digitalisierung', 'Digitalisierung', 'Freizeitsport', 'Landesbeauftragter', 'Landesmittel', 'Landessportkonferenz', 'Leistungssport', 'Sportförderung', 'Sportförderungsgesetz', 'Sportverein']",[ 0.01736777  0.00348537 -0.00623231 ...  0.00717749  0.00035444   0.00286509],"[(np.int64(29), np.float64(0.43089070732625734)), (np.int64(9), np.float64(0.41208935859423)), (np.int64(16), np.float64(0.39826850248132745))]",29,0.43089070732625734,0.5,1.0,0.4166666666666666,1,14,3.0,0.0,42.0,0.0,,62.0,,1.0,66.0,0.0,,1.0,68.0,,,,,,1,87,,,1.0,12.0,1.0,68.0,0.0,,0.0,,,,0.0,,,,,0.0,,,,,,,,,,,,,,,0.0,,,,,,,,,,,,,,,,,,,,,,,,,,,,,1.0,42.0,0.0,,0.0,,,,,,,,,,,,,,,,,,,0.0,,0.0,,0.0,,,0.0,,,,,,,,,,,0.0,,,,,,,,,,,,,,,,,,,,,,,,,,,,,,,,,,,,,,,,,,,,,,,,,,,,,,,,,,,,,,,,,,,,,,,,,,,,,,,,,,,,,,,,,,,,,,,,,,,,,,,,,,,,,,,,,,,,,,,,,,,,,,,,,,,,,,,26.0,,,,,,-30.0,,45.0,26.0,24.0,,-42.0,-28.0,-42.0,,,,,,-56.0,,19.0,0.0,-2.0,,-68.0,-54.0,-68.0,,,,,,,,,,,,,,,,,,,,,,,,,,,,,,,,,,,,,,,,,,,,,,,,,,,,,,,,,75.0,56.0,54.0,,-12.0,2.0,-12.0,,,,,,,,-19.0,-21.0,,-87.0,-73,-87,-2.0,,-68.0,-54.0,-68.0,,-66.0,-52.0,-66.0,,,,14.0,0.0,-14
67122,1,8,2018-09-06 02:00:00+00:00,5075,80,0,Gesetzentwurf,Kunst Kultur,"['Ausstellung', 'Forschungseinrichtung', 'Frankfurt (Oder), kreisfreie Stadt', 'Gesetz über die Errichtung der Stiftung ""Kleist-Museum""', 'Grundrechtsbeschränkung', 'Kulturgut', 'Landesverfassung: Art. 49', 'Museum', 'Stiftung', 'Stiftungsrat', 'Verein']",[-1.50418188e-03 -1.11114923e-05  1.79906115e-02 ...  1.67991798e-02  -2.76412051e-02  1.39993173e-03],"[(np.int64(19), np.float64(0.37277381885571487)), (np.int64(12), np.float64(0.3712161819907611)), (np.int64(32), np.float64(0.36850918469206984))]",19,0.37277381885571487,0.0,0.0,0.3333333333333333,1,14,3.0,6.0,41.0,0.0,,61.0,,1.0,66.0,0.0,,1.0,68.0,,,,,,1,80,,,0.0,,0.0,,0.0,,0.0,,,,0.0,,,,,0.0,,,,,,,,,,,,,,,0.0,,,,,,,,,,,,,,,,,,,,,,,,,,,,,0.0,,0.0,,0.0,,,,,,,,,,,,,,,,,,,0.0,,0.0,,0.0,,,0.0,,,,,,,,,,,0.0,,,,,,,,,,,,,,,,,,,,,,,,,,,,,,,,,,,,,,,,,,,,,,,,,,,,,,,,,,,,,,,,,,,,,,,,,,,,,,,,,,,,,,,,,,,,,,,,,,,,,,,,,,,,,,,,,,,,,,,,,,,,,,,,,,,,,,,,,,,,,,,,,,,,,,,,,,,,,,,,,,,,,,,,,,,,,,,,,,,,,,,,,,,,,,,,,,,,,,,,,,,,,,,,,,,,,,,,,,,,,,,,,,,,,,,,,,-12.0,-14.0,,-74.0,-66,-80,-2.0,,-62.0,-54.0,-68.0,,-60.0,-52.0,-66.0,,,,8.0,-6.0,-14
67383,1,11,2018-10-15 02:00:00+00:00,5114,197,0,Gesetzentwurf,Kommunale Angelegenheiten,"['Erholungsort', 'Gesundheitstourismus', 'Kommunalabgabe', 'Kommunalabgabengesetz', 'Kurortegesetz', 'Kurtaxe', 'Öffentlicher Personennahverkehr']",[-0.00823519  0.00453532  0.02637647 ...  0.01933479 -0.00659412   0.0050724 ],"[(np.int64(5), np.float64(0.48353768648346973)), (np.int64(29), np.float64(0.45803396988257516)), (np.int64(23), np.float64(0.4177651817609759))]",5,0.48353768648346973,0.0,0.5,0.4166666666666666,1,29,3.0,43.0,134.0,0.0,,162.0,,1.0,170.0,2.0,176.0,1.0,177.0,177.0,,,,,1,197,,,0.0,,0.0,,0.0,,0.0,,,,0.0,,,,,0.0,,,,,,,,,,,,,,,0.0,,,,,,,,,,,,,,,,,,,,,,,,,,,,,1.0,134.0,0.0,,0.0,,,,,,,,,,,,,,,,,,,0.0,,0.0,,0.0,,,0.0,,,,,,,,,,,0.0,,,,,,,,,,,,,,,,,,,,,,,,,,,,,,,,,,,,,,,,,,,,,,,,,,,,,,,,,,,,,,,,,,,,,,,,,,,,,,,,,,,,,,,,,,,,,,,,,,,,,,,,,,,,,,,,,,,,,,,,,,,,,,,,,,,,,,,,,,,,,,42.0,63.0,43.0,36.0,,-91.0,-105.0,-134.0,,,,,,,,,,,,,,,,,,,,,,,,,,,,,,,,,,,,,,,,,,,,,,,,,,,,,,,,,,,,,,,,,,,,,,,,,,,,,,21.0,1.0,-6.0,,-133.0,-147.0,-176.0,-20.0,-27.0,,-154.0,-168,-197,-7.0,,-134.0,-148.0,-177.0,,-127.0,-141.0,-170.0,,,,-14.0,-43.0,-29
67476,1,11,2018-10-30 01:00:00+00:00,5128,153,0,Gesetzentwurf,"['Innere Sicherheit', 'Polizei']","['Aufenthaltsrecht', 'Datenerhebung', 'Evaluation', 'Fahndung', 'Freiheitsentziehung', 'Grundrechtsbeschränkung', 'Identitätsfeststellung', 'Kriminalprävention', 'Meldewesen', 'Ordnungsbehördengesetz', 'Polizeigesetz', 'Polizeigewahrsam', 'Polizeiliche Maßnahme', 'Schleierfahndung', 'Straftat', 'Telekommunikationsüberwachung', 'Terrorismus', 'Terrorismusbekämpfung', 'Videoüberwachung']",[-0.00747685  0.04728444 -0.0127668  ...  0.00234945 -0.0058219   0.01459907],"[(np.int64(24), np.float64(0.53475502170679)), (np.int64(31), np.float64(0.5096418543079914)), (np.int64(19), np.float64(0.4630355988252629))]",24,0.53475502170679,0.0,0.0,0.3333333333333333,1,15,4.0,9.0,37.0,0.0,,71.0,128.0,1.0,132.0,1.0,134.0,1.0,134.0,,,,,,1,153,,,0.0,,0.0,,0.0,,0.0,,,,0.0,,,,,0.0,,,,,,,,,,,,,,,0.0,,,,,,,,,,,,,,,,,,,,,,,,,,,,,1.0,71.0,0.0,,0.0,,,,,,,,,,,,,,,,,,,0.0,,0.0,,0.0,,,0.0,,,,,,,,,,,0.0,,,,,,,,,,,,,,,,,,,,,,,,,,,,,,,,,,,,,,,,,,,,,,,,,,,,,,,,,,,,,,,,,,,,,,,,,,,,,,,,,,,,,,,,,,,,,,,,,,,,,,,,,,,,,,,,,,,,,,,,,,,,,,,,,,,,,,,,,,,,,,63.0,82.0,63.0,61.0,,-62.0,-56.0,-71.0,,,,,,,,,,,,,,,,,,,,,,,,,,,,,,,,,,,,,,,,,,,,,,,,,,,,,,,,,,,,,,,,,,,,,,,,,,,,,,19.0,0.0,-2.0,,-125.0,-119.0,-134.0,-19.0,-21.0,,-144.0,-138,-153,-2.0,,-125.0,-119.0,-134.0,,-123.0,-117.0,-132.0,,,,6.0,-9.0,-15
67703,1,11,2018-11-26 01:00:00+00:00,5155,206,0,Gesetzentwurf,Gerichte und Staatsanwaltschaften,"['Disziplinarverfahren', 'Elektronischer Rechtsverkehr', 'Evaluation', 'Gericht', 'Gleichstellungsbeauftragte', 'Gremium', 'Informationssicherheit', 'Richter', 'Richtervertretung', 'Richterwahl', 'Richterwahlausschuss', 'Teilzeitarbeit', 'Wahlordnung']",[-0.00139373  0.00655348  0.00765067 ...  0.01660611 -0.00937059   0.01037882],"[(np.int64(29), np.float64(0.4532455614011105)), (np.int64(19), np.float64(0.386886847247651)), (np.int64(12), np.float64(0.37929227671646815))]",29,0.4532455614011105,0.5,1.0,0.4166666666666666,1,18,5.0,18.0,63.0,0.0,,94.0,157.0,1.0,192.0,0.0,,1.0,198.0,,,,,,1,206,183.0,,0.0,,0.0,,0.0,,0.0,,,,0.0,,,,,0.0,,,,,,,,,,,,,,,0.0,,,,,,,,,,,,,,,,,,,,,,,,,,,,,1.0,94.0,0.0,,0.0,,,,,,,,,,,,,,,,,,,0.0,,0.0,,0.0,,,0.0,,,,,,,,,,,0.0,,,,,,,,,,,,,,,,,,,,,,,,,,,,,,,,,,,,,,,,,,,,,,,,,,,,,,,,,,,,,,,,,,,,,,,,,,,,,,,,,,,,,,,,,,,,,,,,,,,,,,,,,,,,,,,,,,,,,,,,,,,,,,,,,,,,,,,,,,,,,,,112.0,104.0,98.0,,-76.0,-76.0,-94.0,,,,,,,,,,,,,,,,,,,,,,,,,,,,,,,,,,,,,,,,,,,,,,,,,,,,,,,,,,,,,,,,,,,,,,,,,,,,,,,,,,,,,-8.0,-14.0,,-188.0,-188,-206,-6.0,,-180.0,-180.0,-198.0,,-174.0,-174.0,-192.0,,,,0.0,-18.0,-18
67708,1,7,2018-11-26 01:00:00+00:00,5155,127,0,Gesetzentwurf,"['Religionsgemeinschaften', 'Abgaben', 'Glücksspiel']","['Kirchensteuer', 'Kirchensteuergesetz', 'Spielbank', 'Spielbankgesetz', 'Steuer', 'Steuererklärung']",[-0.00909103  0.02032113  0.01330975 ...  0.00932871  0.00466435   0.01503288],"[(np.int64(29), np.float64(0.4345041888346811)), (np.int64(23), np.float64(0.4300639175525565)), (np.int64(19), np.float64(0.3820972816632666))]",29,0.4345041888346811,0.5,1.0,0.4166666666666666,1,18,2.0,18.0,59.0,0.0,,,,1.0,94.0,0.0,,1.0,107.0,,,,,,1,127,,,0.0,,0.0,,0.0,,0.0,,,,0.0,,,,,0.0,,,,,,,,,,,,,,,0.0,,,,,,,,,,,,,,,,,,,,,,,,,,,,,0.0,,0.0,,0.0,,,,,,,,,,,,,,,,,,,0.0,,0.0,,0.0,,,0.0,,,,,,,,,,,0.0,,,,,,,,,,,,,,,,,,,,,,,,,,,,,,,,,,,,,,,,,,,,,,,,,,,,,,,,,,,,,,,,,,,,,,,,,,,,,,,,,,,,,,,,,,,,,,,,,,,,,,,,,,,,,,,,,,,,,,,,,,,,,,,,,,,,,,,,,,,,,,,,,,,,,,,,,,,,,,,,,,,,,,,,,,,,,,,,,,,,,,,,,,,,,,,,,,,,,,,,,,,,,,,,,,,,,,,,,,,,,,,,,,,,,,,,,,-20.0,-33.0,,-109.0,-109,-127,-13.0,,-89.0,-89.0,-107.0,,-76.0,-76.0,-94.0,,,,0.0,-18.0,-18
67702,1,8,2018-11-26 01:00:00+00:00,5155,155,0,Gesetzentwurf,"['Wald Forsten', 'Erneuerbare Energien']","['Bundeswaldgesetz', 'Wald', 'Waldbrand', 'Windenergieanlage']",[-0.00765168  0.00025567  0.01836403 ...  0.02001208  0.01165409   0.00535617],"[(np.int64(4), np.float64(0.48807071269053875)), (np.int64(33), np.float64(0.42890458955430555)), (np.int64(7), np.float64(0.39484581599037094))]",4,0.48807071269053875,1.0,0.0,0.5,1,18,3.0,18.0,51.0,0.0,,121.0,,1.0,127.0,0.0,,1.0,135.0,,,,,,1,155,,,0.0,,0.0,,0.0,,0.0,,,,0.0,,,,,0.0,,,,,,,,,,,,,,,0.0,,,,,,,,,,,,,,,,,,,,,,,,,,,,,0.0,,0.0,,0.0,,,,,,,,,,,,,,,,,,,0.0,,0.0,,0.0,,,0.0,,,,,,,,,,,0.0,,,,,,,,,,,,,,,,,,,,,,,,,,,,,,,,,,,,,,,,,,,,,,,,,,,,,,,,,,,,,,,,,,,,,,,,,,,,,,,,,,,,,,,,,,,,,,,,,,,,,,,,,,,,,,,,,,,,,,,,,,,,,,,,,,,,,,,,,,,,,,,,,,,,,,,,,,,,,,,,,,,,,,,,,,,,,,,,,,,,,,,,,,,,,,,,,,,,,,,,,,,,,,,,,,,,,,,,,,,,,,,,,,,,,,,,,,-20.0,-28.0,,-137.0,-137,-155,-8.0,,-117.0,-117.0,-135.0,,-109.0,-109.0,-127.0,,,,0.0,-18.0,-18
67730,1,9,2018-11-28 01:00:00+00:00,5157,153,0,Gesetzentwurf,Gesundheitseinrichtungen,"['Datenschutz', 'Krankenhaus', 'Krankenhausentwicklungsgesetz', 'Krankenhausfinanzierung', 'Landespflegegeldgesetz', 'Qualitätssicherung']",[-0.01061338  0.01717222  0.00477006 ...  0.02182302 -0.01234253   0.019915  ],"[(np.int64(29), np.float64(0.4641907262186018)), (np.int64(3), np.float64(0.460083819178366)), (np.int64(36), np.float64(0.4331216538938084))]",29,0.4641907262186018,0.5,1.0,0.4166666666666666,1,15,3.0,49.0,91.0,0.0,,119.0,,1.0,126.0,0.0,,1.0,133.0,,,,,,1,153,,,0.0,,0.0,,0.0,,0.0,,,,0.0,,,,,0.0,,,,,,,,,,,,,,,0.0,,,,,,,,,,,,,,,,,,,,,,,,,,,,,1.0,91.0,0.0,,0.0,,,,,,,,,,,,,,,,,,,0.0,,0.0,,0.0,,,0.0,,,,,,,,,,,0.0,,,,,,,,,,,,,,,,,,,,,,,,,,,,,,,,,,,,,,,,,,,,,,,,,,,,,,,,,,,,,,,,,,,,,,,,,,,,,,,,,,,,,,,,,,,,,,,,,,,,,,,,,,,,,,,,,,,,,,,,,,,,,,,,,,,,,,,,,,,,,,,62.0,42.0,35.0,,-42.0,-76.0,-91.0,,,,,,,,,,,,,,,,,,,,,,,,,,,,,,,,,,,,,,,,,,,,,,,,,,,,,,,,,,,,,,,,,,,,,,,,,,,,,,,,,,,,,-20.0,-27.0,,-104.0,-138,-153,-7.0,,-84.0,-118.0,-133.0,,-77.0,-111.0,-126.0,,,,-34.0,-49.0,-15
67744,1,9,2018-11-29 01:00:00+00:00,5158,125,0,Gesetzentwurf,Frühkindliche Bildung,"['Gesetz zur Weiterentwicklung der Qualität und zur Teilhabe in der Kindertagesbetreuung', 'Kind', 'Kindertagesstätte', 'Kindertagesstättengesetz', 'KiTa-Qualitäts- und -Teilhabeverbesserungsgesetz', 'Sozialgesetzbuch II', 'Sozialgesetzbuch VIII', 'Sozialgesetzbuch XII']",[-0.00108196  0.02169852  0.01885281 ...  0.00495034 -0.0115014   0.02181709],"[(np.int64(29), np.float64(0.4286631385317003)), (np.int64(20), np.float64(0.3798326214329274)), (np.int64(19), np.float64(0.36204663418977723))]",29,0.4286631385317003,0.5,1.0,0.4166666666666666,1,15,4.0,0.0,15.0,0.0,,56.0,91.0,1.0,102.0,0.0,,1.0,104.0,,,,,,1,125,,,0.0,,0.0,,0.0,,0.0,,,,0.0,,,,,0.0,,,,,,,,,,,,,,,0.0,,,,,,,,,,,,,,,,,,,,,,,,,,,,,0.0,,0.0,,0.0,,,,,,,,,,,,,,,,,,,0.0,,0.0,,0.0,,,0.0,,,,,,,,,,,0.0,,,,,,,,,,,,,,,,,,,,,,,,,,,,,,,,,,,,,,,,,,,,,,,,,,,,,,,,,,,,,,,,,,,,,,,,,,,,,,,,,,,,,,,,,,,,,,,,,,,,,,,,,,,,,,,,,,,,,,,,,,,,,,,,,,,,,,,,,,,,,,,,,,,,,,,,,,,,,,,,,,,,,,,,,,,,,,,,,,,,,,,,,,,,,,,,,,,,,,,,,,,,,,,,,,,,,,,,,,,,,,,,,,,,,,,,,,-21.0,-23.0,,-125.0,-110,-125,-2.0,,-104.0,-89.0,-104.0,,-102.0,-87.0,-102.0,,,,15.0,0.0,-15
68017,1,13,2019-01-09 01:00:00+00:00,5199,148,0,Gesetzentwurf,Öffentlicher Dienst,"['Beamter', 'Beihilfe für Bedienstete', 'Gesetzliche Krankenversicherung', 'Krankenversicherungsbeitrag', 'Landesbeamtengesetz', 'Private Krankenversicherung']",[ 0.01424402  0.00490562  0.01903144 ... -0.00320638 -0.00242326   0.02896088],"[(np.int64(16), np.float64(0.3649274789260661)), (np.int64(13), np.float64(0.35024121026162797)), (np.int64(12), np.float64(0.32548683277408025))]",16,0.3649274789260661,0.0,1.0,0.5,1,21,7.0,49.0,50.0,0.0,,57.0,78.0,1.0,117.0,0.0,,1.0,127.0,,,,,,1,148,85.0,93.0,0.0,,0.0,,0.0,,0.0,,,,0.0,,113.0,,,0.0,,,,,,,,,,,,,,,0.0,,,,,,,,,,,,,,,,,,,,,,,,,,,,,1.0,78.0,0.0,,0.0,,,,,,,,,,,,,,,,,,,0.0,,0.0,,0.0,,,0.0,,,,,,,,,,,0.0,,,,,,,,,,,,,,,,,,,,,,,,,,,,,,,,,,,,,,,,,,,,,,,,,,,,,,,,,,,,,,,,,,,,,,,,,,,,,,,,,,,,,,,,,,,,,,,,,,,,,,,,,,,,,,,,,,,,,,,,,,,,,,,,,,,,,,,,,,,,,,,70.0,49.0,39.0,,-29.0,-57.0,-78.0,,,,,,,,,,,,,,,,,,,,,,,,,,,,,,,,,,,,,,,,,,,,,,,,,,,,,,,,,,,,,,,,,,,,,,,,,,,,,,,,,,,,,-21.0,-31.0,,-99.0,-127,-148,-10.0,,-78.0,-106.0,-127.0,,-68.0,-96.0,-117.0,,,,-28.0,-49.0,-21
68065,1,17,2019-01-10 01:00:00+00:00,5200,146,0,Gesetzentwurf,Wohnungswesen,"['Einkommensgrenze', 'Sozialwohnung', 'Wohnraumförderungsgesetz']",[0.00855049 0.01175692 0.01140065 ... 0.00682852 0.00195949 0.02137622],"[(np.int64(34), np.float64(0.5437395938657992)), (np.int64(27), np.float64(0.508470226592215)), (np.int64(29), np.float64(0.4924622981891848))]",34,0.5437395938657992,1.0,0.0,0.5,1,21,6.0,14.0,48.0,0.0,,56.0,92.0,1.0,123.0,2.0,124.0,1.0,125.0,124.0,,,,,1,146,119.0,119.0,2.0,124.0,1.0,125.0,0.0,,0.0,,,,0.0,,,,,0.0,,,,,,,,,,,,,,,0.0,,,,,,,,,,,,,,,,,,,,,,,,,,,,,1.0,56.0,0.0,,0.0,,,,,,,,,,,,,,,,,,,0.0,,0.0,,0.0,,124.0,0.0,,,,,,,,,,,0.0,,,,,,,,,,,,,,,,,,,,,,,,,,,,,,,,,,,,,,,,,,,,,,,,,,,,,,,,,,,,,,,,,,,,,,,,,,,,,,,,,,,,,,,,,,,,,,,,,,,,,,,,,,,,,,,,,,,,,,,,,,,,,,,,,,,,,,,69.0,,,,,,68.0,68.0,90.0,69.0,67.0,,-42.0,-35.0,-56.0,,,,,,-1.0,-1.0,21.0,0.0,-2.0,,-111.0,-104.0,-125.0,,,,,,,,,,,,,,,,,,,,,,,,,,,,,,,,,,,,,,,,,,,,,,,,,,,,,,,,0.0,22.0,1.0,-1.0,,-110.0,-103.0,-124.0,22.0,1.0,-1.0,,-110.0,-103.0,-124.0,-21.0,-23.0,,-132.0,-125,-146,-2.0,,-111.0,-104.0,-125.0,,-109.0,-102.0,-123.0,,,,7.0,-14.0,-21
68063,1,8,2019-01-11 01:00:00+00:00,5201,109,0,Gesetzentwurf,Katastrophen- und Zivilschutz,"['Aufwandsentschädigung', 'Auszeichnung', 'Brandschutz', 'Ehrenzeichen', 'Ehrenzeichengesetz', 'Feuerwehr', 'Feuerwehrmedaillengesetz', 'Freiwillige Feuerwehr', 'Katastrophenschutz', 'Prämien- und Ehrenzeichengesetz']",[0.00662606 0.04188614 0.02046978 ... 0.01408037 0.01940488 0.02188965],"[(np.int64(29), np.float64(0.3662064939888154)), (np.int64(19), np.float64(0.35568528843858527)), (np.int64(36), np.float64(0.35204146363689337))]",29,0.3662064939888154,0.5,1.0,0.4166666666666666,1,21,2.0,55.0,83.0,0.0,,,,1.0,88.0,1.0,88.0,1.0,90.0,,,,,,1,109,,,0.0,,0.0,,0.0,,0.0,,,,0.0,,,,,0.0,,,,,,,,,,,,,,,0.0,,,,,,,,,,,,,,,,,,,,,,,,,,,,,0.0,,0.0,,0.0,,,,,,,,,,,,,,,,,,,0.0,,0.0,,0.0,,,0.0,,,,,,,,,,,0.0,,,,,,,,,,,,,,,,,,,,,,,,,,,,,,,,,,,,,,,,,,,,,,,,,,,,,,,,,,,,,,,,,,,,,,,,,,,,,,,,,,,,,,,,,,,,,,,,,,,,,,,,,,,,,,,,,,,,,,,,,,,,,,,,,,,,,,,,,,,,,,,,,,,,,,,,,,,,,,,,,,,,,,,,,,,,,,,,,,,,,,,,,,,,,,,,,,,,,,,,,,,,,,,,,,,,,,,,,,,,,,,,,,,21.0,2.0,0.0,,-33.0,-67.0,-88.0,-19.0,-21.0,,-54.0,-88,-109,-2.0,,-35.0,-69.0,-90.0,,-33.0,-67.0,-88.0,,,,-34.0,-55.0,-21
68057,1,6,2019-01-15 01:00:00+00:00,5205,77,0,Gesetzentwurf,Rundfunk Fernsehen,"['ARD', 'Deutschlandradio', 'Öffentlich-rechtlicher Rundfunk', 'Online-Dienst', 'Presse', 'Rundfunk', 'Staatsvertrag', 'ZDF']",[ 0.00268135 -0.00108426 -0.0087913  ...  0.00056045  0.00843965   0.02309181],"[(np.int64(29), np.float64(0.37033260903660525)), (np.int64(12), np.float64(0.36919094575700295)), (np.int64(19), np.float64(0.3409108008867823))]",29,0.37033260903660525,0.5,1.0,0.4166666666666666,1,16,1.0,50.0,,0.0,,,,1.0,51.0,0.0,,1.0,57.0,,,,,,1,77,,,0.0,,0.0,,0.0,,0.0,,,,0.0,,,,,0.0,,,,,,,,,,,,,,,0.0,,,,,,,,,,,,,,,,,,,,,,,,,,,,,0.0,,0.0,,0.0,,,,,,,,,,,,,,,,,,,0.0,,0.0,,0.0,,,0.0,,,,,,,,,,,0.0,,,,,,,,,,,,,,,,,,,,,,,,,,,,,,,,,,,,,,,,,,,,,,,,,,,,,,,,,,,,,,,,,,,,,,,,,,,,,,,,,,,,,,,,,,,,,,,,,,,,,,,,,,,,,,,,,,,,,,,,,,,,,,,,,,,,,,,,,,,,,,,,,,,,,,,,,,,,,,,,,,,,,,,,,,,,,,,,,,,,,,,,,,,,,,,,,,,,,,,,,,,,,,,,,,,,,,,,,,,,,,,,,,,,,,,,,,-20.0,-26.0,,-27.0,-61,-77,-6.0,,-7.0,-41.0,-57.0,,-1.0,-35.0,-51.0,,,,-34.0,-50.0,-16
68082,1,9,2019-01-16 01:00:00+00:00,5206,141,0,Gesetzentwurf,Öffentlicher Haushalt,"['Föderalismuskommission II', 'Grundgesetz', 'Haushalts- und Wirtschaftsführung', 'Haushaltsgesetz', 'Hochschulgesetz', 'Kredit', 'Landeshaushaltsordnung', 'Ministerium der Finanzen', 'Öffentliche Finanzwirtschaft', 'Öffentliche Schulden', 'Öffentlicher Haushalt']",[ 0.02234497 -0.00534979 -0.00827592 ...  0.01690652 -0.00975376   0.01560601],"[(np.int64(13), np.float64(0.3920853854050824)), (np.int64(16), np.float64(0.3909153656836191)), (np.int64(12), np.float64(0.38419883517582376))]",13,0.3920853854050824,1.0,0.5,0.4166666666666666,1,15,3.0,43.0,71.0,0.0,,106.0,,1.0,110.0,0.0,,1.0,121.0,,,,,,1,141,,,0.0,,0.0,,0.0,,0.0,,,,0.0,,,,,0.0,,,,,,,,,,,,,,,0.0,,,,,,,,,,,,,,,,,,,,,,,,,,,,,1.0,71.0,0.0,,0.0,,,,,,,,,,,,,,,,,,,0.0,,0.0,,0.0,,,0.0,,,,,,,,,,,0.0,,,,,,,,,,,,,,,,,,,,,,,,,,,,,,,,,,,,,,,,,,,,,,,,,,,,,,,,,,,,,,,,,,,,,,,,,,,,,,,,,,,,,,,,,,,,,,,,,,,,,,,,,,,,,,,,,,,,,,,,,,,,,,,,,,,,,,,,,,,,,,,70.0,50.0,39.0,,-28.0,-56.0,-71.0,,,,,,,,,,,,,,,,,,,,,,,,,,,,,,,,,,,,,,,,,,,,,,,,,,,,,,,,,,,,,,,,,,,,,,,,,,,,,,,,,,,,,-20.0,-31.0,,-98.0,-126,-141,-11.0,,-78.0,-106.0,-121.0,,-67.0,-95.0,-110.0,,,,-28.0,-43.0,-15
68083,1,12,2019-01-17 01:00:00+00:00,5207,119,0,Gesetzentwurf,Nation,"['Grundgesetz Art. 109', 'Kredit', 'Landesverfassung: Art. 103', 'Öffentlicher Haushalt', 'Schuldenbremse', 'Verfassungsreform']",[0.00509793 0.02218047 0.0067078  ... 0.00953999 0.01305786 0.00569418],"[(np.int64(19), np.float64(0.4839944080445715)), (np.int64(29), np.float64(0.4708290458894074)), (np.int64(23), np.float64(0.44847154558971564))]",19,0.4839944080445715,0.0,0.0,0.3333333333333333,1,14,5.0,42.0,48.0,0.0,,76.0,105.0,1.0,113.0,0.0,,1.0,118.0,,,,,,1,119,111.0,,0.0,,0.0,,0.0,,0.0,,,,1.0,119.0,,,,0.0,,,,,,,,,,,,,,,0.0,,,,,,,,,,,,,,,,,,,,,,,,,,,,,1.0,76.0,0.0,,0.0,,,,,,,,,,,,,,,,,,,0.0,,0.0,,0.0,,,0.0,,,,,,,,,,,0.0,,,,,,,,,,,,,,,,,,,,,,,,,,,,,,,,,,,,,,,,,,,,,,,,,,,,,,,,,,,,,,,,,,,,,,,,,,,,,,,,,,,,,,,,,,,,,,,,,,,,,,,,,,,,,,,,,,,,,,,,,,,,,,,,,,,,,,,,,43.0,,,,,,43.0,42.0,37.0,,-34.0,-62.0,-76.0,,,,,,,,,,,,,,,,,,,,,,,,,,,,,,,,,0.0,-1.0,-6.0,,-77.0,-105.0,-119.0,,,,,,,,,,,,,,,,,,,,,,,,,,,,,,,,,,,,,,,,,,,,,,-1.0,-6.0,,-77.0,-105,-119,-5.0,,-76.0,-104.0,-118.0,,-71.0,-99.0,-113.0,,,,-28.0,-42.0,-14
68084,1,9,2019-01-17 01:00:00+00:00,5207,154,0,Gesetzentwurf,"['Abgaben', 'Erneuerbare Energien']","['Bundes-Immissionsschutzgesetz', 'Energiewirtschaft', 'Erneuerbare-Energien-Gesetz', 'Kommunaler Haushalt', 'Öffentliche Einnahmen', 'Windenergie', 'Windenergieanlage', 'Windenergieanlagenabgabengesetz']",[-0.00538378  0.00538378  0.01159131 ...  0.03506814  0.00735489   0.01235622],"[(np.int64(4), np.float64(0.44761480720319835)), (np.int64(23), np.float64(0.391431965939285)), (np.int64(29), np.float64(0.37353716732358744))]",4,0.44761480720319835,1.0,0.0,0.5,1,14,3.0,76.0,111.0,0.0,,139.0,,1.0,140.0,0.0,,1.0,145.0,,,,,,1,154,,,0.0,,0.0,,0.0,,0.0,,,,0.0,,,,,0.0,,,,,,,,,,,,,,,0.0,,,,,,,,,,,,,,,,,,,,,,,,,,,,,1.0,76.0,0.0,,0.0,,,,,,,,,,,,,,,,,,,0.0,,0.0,,0.0,,,0.0,,,,,,,,,,,0.0,,,,,,,,,,,,,,,,,,,,,,,,,,,,,,,,,,,,,,,,,,,,,,,,,,,,,,,,,,,,,,,,,,,,,,,,,,,,,,,,,,,,,,,,,,,,,,,,,,,,,,,,,,,,,,,,,,,,,,,,,,,,,,,,,,,,,,,,,,,,,,,78.0,69.0,64.0,,0.0,-62.0,-76.0,,,,,,,,,,,,,,,,,,,,,,,,,,,,,,,,,,,,,,,,,,,,,,,,,,,,,,,,,,,,,,,,,,,,,,,,,,,,,,,,,,,,,-9.0,-14.0,,-78.0,-140,-154,-5.0,,-69.0,-131.0,-145.0,,-64.0,-126.0,-140.0,,,,-62.0,-76.0,-14
68085,1,9,2019-01-17 01:00:00+00:00,5207,154,0,Gesetzentwurf,Ausländer/Migranten,"['Asylbewerber', 'Asylbewerberleistungsgesetz', 'Asylrecht', 'Asylverfahren', 'Aufenthaltsrecht', 'Ausländer', 'Ausländerintegration', 'Flüchtling', 'Landesmittel', 'Ministerium für Arbeit, Soziales, Gesundheit, Frauen und Familie']",[ 0.02954208  0.01259364  0.00550236 ... -0.00935695 -0.00794458   0.00870962],"[(np.int64(22), np.float64(0.41453733574354046)), (np.int64(29), np.float64(0.36695693619378494)), (np.int64(36), np.float64(0.3580631870431028))]",22,0.41453733574354046,1.0,1.0,0.3333333333333333,1,15,3.0,41.0,69.0,0.0,,132.0,,1.0,138.0,0.0,,1.0,145.0,,,,,,1,154,,,0.0,,0.0,,0.0,,0.0,,,,0.0,,,,,0.0,,,,,,,,,,,,,,,0.0,,,,,,,,,,,,,,,,,,,,,,,,,,,,,1.0,69.0,0.0,,0.0,,,,,,,,,,,,,,,,,,,0.0,,0.0,,0.0,,,0.0,,,,,,,,,,,0.0,,,,,,,,,,,,,,,,,,,,,,,,,,,,,,,,,,,,,,,,,,,,,,,,,,,,,,,,,,,,,,,,,,,,,,,,,,,,,,,,,,,,,,,,,,,,,,,,,,,,,,,,,,,,,,,,,,,,,,,,,,,,,,,,,,,,,,,,,,,,,,,85.0,76.0,69.0,,-28.0,-54.0,-69.0,,,,,,,,,,,,,,,,,,,,,,,,,,,,,,,,,,,,,,,,,,,,,,,,,,,,,,,,,,,,,,,,,,,,,,,,,,,,,,,,,,,,,-9.0,-16.0,,-113.0,-139,-154,-7.0,,-104.0,-130.0,-145.0,,-97.0,-123.0,-138.0,,,,-26.0,-41.0,-15
68100,1,11,2019-01-18 01:00:00+00:00,5208,139,0,Gesetzentwurf,Justizvollzug,"['Beschlagnahme', 'Durchsuchung', 'Entschädigung', 'Freiheitsentziehung', 'Grundrechtsbeschränkung', 'Identitätsfeststellung', 'Justizwachtmeisterbefugnissegesetz', 'Ordnungsbehördengesetz', 'Platzverweis', 'Strafvollzug', 'Verwaltungsvollstreckung']",[-0.00295087  0.02254464  0.01522648 ...  0.00096641  0.01569862   0.02974475],"[(np.int64(24), np.float64(0.3961831073500759)), (np.int64(29), np.float64(0.36844167260006333)), (np.int64(19), np.float64(0.36509672629259293))]",24,0.3961831073500759,0.0,0.0,0.3333333333333333,1,14,3.0,41.0,69.0,0.0,,104.0,,1.0,111.0,3.0,116.0,1.0,118.0,116.0,116.0,,,,1,139,,,0.0,,0.0,,0.0,,0.0,,,,0.0,,,,,0.0,,,,,,,,,,,,,,,0.0,,,,,,,,,,,,,,,,,,,,,,,,,,,,,0.0,,0.0,,0.0,,,,,,,,,,,,,,,,,,,0.0,,0.0,,0.0,,,0.0,,,,,,,,,,,0.0,,,,,,,,,,,,,,,,,,,,,,,,,,,,,,,,,,,,,,,,,,,,,,,,,,,,,,,,,,,,,,,,,,,,,,,,,,,,,,,,,,,,,,,,,,,,,,,,,,,,,,,,,,,,,,,,,,,,,,,,,,,,,,,,,,,,,,,,,,,,,,,,,,,,,,,,,,,,,,,,,,,,,,,,,,,,,,,,,,,,,,,,,,,,,,,,,,,,,,,,,,,,,,,,,,,,,,,,,,,,,,,,,,,23.0,2.0,-5.0,,-75.0,-102.0,-116.0,-21.0,-28.0,,-98.0,-125,-139,-7.0,,-77.0,-104.0,-118.0,,-70.0,-97.0,-111.0,,,,-27.0,-41.0,-14
68101,1,6,2019-01-18 01:00:00+00:00,5208,74,0,Gesetzentwurf,Bauwesen,"['Bauproduktengesetz', 'Deutsches Institut für Bautechnik', 'Europa', 'Europäische Union', 'Marktüberwachungsdurchführungsgesetz für Bauprodukte', 'Produktsicherheit', 'Produktsicherheitsgesetz', 'Verordnung der EU', 'Verwaltungsverfahrensgesetz']",[0.01076902 0.00804718 0.005207   ... 0.00662709 0.00027181 0.0150293 ],"[(np.int64(19), np.float64(0.42698392962427234)), (np.int64(29), np.float64(0.42394193191489754)), (np.int64(4), np.float64(0.40689072722195474))]",19,0.42698392962427234,0.0,0.0,0.3333333333333333,1,14,1.0,48.0,,0.0,,,,1.0,49.0,0.0,,1.0,54.0,,,,,,1,74,,,0.0,,0.0,,0.0,,0.0,,,,0.0,,,,,0.0,,,,,,,,,,,,,,,0.0,,,,,,,,,,,,,,,,,,,,,,,,,,,,,0.0,,0.0,,0.0,,,,,,,,,,,,,,,,,,,0.0,,0.0,,0.0,,,0.0,,,,,,,,,,,0.0,,,,,,,,,,,,,,,,,,,,,,,,,,,,,,,,,,,,,,,,,,,,,,,,,,,,,,,,,,,,,,,,,,,,,,,,,,,,,,,,,,,,,,,,,,,,,,,,,,,,,,,,,,,,,,,,,,,,,,,,,,,,,,,,,,,,,,,,,,,,,,,,,,,,,,,,,,,,,,,,,,,,,,,,,,,,,,,,,,,,,,,,,,,,,,,,,,,,,,,,,,,,,,,,,,,,,,,,,,,,,,,,,,,,,,,,,,-20.0,-25.0,,-26.0,-60,-74,-5.0,,-6.0,-40.0,-54.0,,-1.0,-35.0,-49.0,,,,-34.0,-48.0,-14
68102,1,9,2019-01-18 01:00:00+00:00,5208,138,0,Gesetzentwurf,Wohnungswesen,"['Evaluation', 'Genehmigung', 'Grundrechtsbeschränkung', 'Mietwohnung', 'Ordnungswidrigkeit', 'Satzung', 'Wohnung', 'Wohnungsversorgung', 'Zweckentfremdungsverbotsgesetz']",[0.01492133 0.02722697 0.01290011 ... 0.0132568  0.0216389  0.01064111],"[(np.int64(29), np.float64(0.5097988666028984)), (np.int64(19), np.float64(0.48370429658103425)), (np.int64(4), np.float64(0.4756480275425312))]",29,0.5097988666028984,0.5,1.0,0.4166666666666666,1,14,3.0,6.0,48.0,0.0,,111.0,,1.0,115.0,0.0,,1.0,117.0,,,,,,1,138,,,0.0,,0.0,,0.0,,0.0,,,,0.0,,,,,0.0,,,,,,,,,,,,,,,0.0,,,,,,,,,,,,,,,,,,,,,,,,,,,,,1.0,48.0,0.0,,0.0,,,,,,,,,,,,,,,,,,,0.0,,0.0,,0.0,,,0.0,,,,,,,,,,,0.0,,,,,,,,,,,,,,,,,,,,,,,,,,,,,,,,,,,,,,,,,,,,,,,,,,,,,,,,,,,,,,,,,,,,,,,,,,,,,,,,,,,,,,,,,,,,,,,,,,,,,,,,,,,,,,,,,,,,,,,,,,,,,,,,,,,,,,,,,,,,,,,90.0,69.0,67.0,,-42.0,-34.0,-48.0,,,,,,,,,,,,,,,,,,,,,,,,,,,,,,,,,,,,,,,,,,,,,,,,,,,,,,,,,,,,,,,,,,,,,,,,,,,,,,,,,,,,,-21.0,-23.0,,-132.0,-124,-138,-2.0,,-111.0,-103.0,-117.0,,-109.0,-101.0,-115.0,,,,8.0,-6.0,-14
68103,1,16,2019-01-18 01:00:00+00:00,5208,102,0,Gesetzentwurf,Wirtschaft,"['Mindestlohn', 'Öffentlicher Auftrag', 'Vergaberecht', 'Vergütung']",[-0.00108017  0.01195584  0.0191767  ... -0.00479417 -0.00321091   0.02272793],"[(np.int64(13), np.float64(0.4996283372664154)), (np.int64(29), np.float64(0.4567679703679251)), (np.int64(21), np.float64(0.42849307138746806))]",13,0.4996283372664154,1.0,0.5,0.4166666666666666,1,13,4.0,5.0,47.0,0.0,,68.0,75.0,1.0,76.0,4.0,81.0,1.0,82.0,81.0,81.0,82.0,,,1,102,,,1.0,81.0,1.0,82.0,0.0,,0.0,,,,0.0,,,,,0.0,,,,,,,,,,,,,,,0.0,,,,,,,,,,,,,,,,,,,,,,,,,,,,,1.0,68.0,0.0,,0.0,,,,,,,,,,,,,,,,,,,0.0,,0.0,,0.0,,,0.0,,,,,,,,,,,0.0,,,,,,,,,,,,,,,,,,,,,,,,,,,,,,,,,,,,,,,,,,,,,,,,,,,,,,,,,,,,,,,,,,,,,,,,,,,,,,,,,,,,,,,,,,,,,,,,,,,,,,,,,,,,,,,,,,,,,,,,,,,,,,,,,,,,,,,14.0,,,,,,13.0,13.0,34.0,14.0,8.0,,-63.0,-55.0,-68.0,,,,,,-1.0,-1.0,20.0,0.0,-6.0,,-77.0,-69.0,-82.0,,,,,,,,,,,,,,,,,,,,,,,,,,,,,,,,,,,,,,,,,,,,,,,,,,,,,,,,0.0,21.0,1.0,-5.0,,-76.0,-68.0,-81.0,21.0,1.0,-5.0,,-76.0,-68.0,-81.0,-20.0,-26.0,,-97.0,-89,-102,-6.0,,-77.0,-69.0,-82.0,,-71.0,-63.0,-76.0,,,,8.0,-5.0,-13
68332,1,8,2019-02-19 01:00:00+00:00,5240,121,0,Gesetzentwurf,Vermessungs- und Katasterwesen,"['Digitalisierung', 'E-Government', 'E-Government-Gesetz', 'Gebühr', 'Landesvermessung und Geobasisinformation Brandenburg', 'Open Data', 'Vermessungsgesetz']",[ 0.0029864   0.00397206 -0.00497243 ...  0.00597281  0.02224355   0.01941897],"[(np.int64(29), np.float64(0.4306630856381352)), (np.int64(23), np.float64(0.41989124820563417)), (np.int64(2), np.float64(0.40439543252291055))]",29,0.4306630856381352,0.5,1.0,0.4166666666666666,1,23,3.0,44.0,79.0,0.0,,107.0,,1.0,108.0,0.0,,1.0,114.0,,,,,,1,121,,,0.0,,0.0,,0.0,,0.0,,,,0.0,,,,,0.0,,,,,,,,,,,,,,,0.0,,,,,,,,,,,,,,,,,,,,,,,,,,,,,0.0,,0.0,,0.0,,,,,,,,,,,,,,,,,,,0.0,,0.0,,0.0,,,0.0,,,,,,,,,,,0.0,,,,,,,,,,,,,,,,,,,,,,,,,,,,,,,,,,,,,,,,,,,,,,,,,,,,,,,,,,,,,,,,,,,,,,,,,,,,,,,,,,,,,,,,,,,,,,,,,,,,,,,,,,,,,,,,,,,,,,,,,,,,,,,,,,,,,,,,,,,,,,,,,,,,,,,,,,,,,,,,,,,,,,,,,,,,,,,,,,,,,,,,,,,,,,,,,,,,,,,,,,,,,,,,,,,,,,,,,,,,,,,,,,,,,,,,,,-7.0,-13.0,,-77.0,-98,-121,-6.0,,-70.0,-91.0,-114.0,,-64.0,-85.0,-108.0,,,,-21.0,-44.0,-23
68429,1,11,2019-02-28 01:00:00+00:00,5249,113,0,Gesetzentwurf,Katastrophen- und Zivilschutz,"['Brand- und Katastrophenschutzgesetz', 'Datenschutz', 'Datenschutz-Grundverordnung', 'Feuerwehr', 'Notfallvorsorge', 'Rettungsdienstgesetz', 'Verordnung über die Aufwandsentschädigung und die Reisekostenpauschale für Kreisbrandmeister und deren Stellvertreter sowie für den Landesbrandmeister und seinen Stellvertreter']",[-0.0076998   0.03605176 -0.00150713 ...  0.02136843  0.01563834   0.02924729],"[(np.int64(19), np.float64(0.4252058395492708)), (np.int64(29), np.float64(0.41555694698689666)), (np.int64(9), np.float64(0.38641276922317797))]",19,0.4252058395492708,0.0,0.0,0.3333333333333333,1,14,4.0,35.0,35.0,0.0,,67.0,98.0,1.0,103.0,1.0,103.0,1.0,105.0,,,,,,1,113,,,0.0,,0.0,,0.0,,0.0,,,,0.0,,,,,0.0,,,,,,,,,,,,,,,0.0,,,,,,,,,,,,,,,,,,,,,,,,,,,,,1.0,67.0,0.0,,0.0,,,,,,,,,,,,,,,,,,,0.0,,0.0,,0.0,,,0.0,,,,,,,,,,,0.0,,,,,,,,,,,,,,,,,,,,,,,,,,,,,,,,,,,,,,,,,,,,,,,,,,,,,,,,,,,,,,,,,,,,,,,,,,,,,,,,,,,,,,,,,,,,,,,,,,,,,,,,,,,,,,,,,,,,,,,,,,,,,,,,,,,,,,,,,,,,,,36.0,46.0,38.0,36.0,,-32.0,-53.0,-67.0,,,,,,,,,,,,,,,,,,,,,,,,,,,,,,,,,,,,,,,,,,,,,,,,,,,,,,,,,,,,,,,,,,,,,,,,,,,,,,10.0,2.0,0.0,,-68.0,-89.0,-103.0,-8.0,-10.0,,-78.0,-99,-113,-2.0,,-70.0,-91.0,-105.0,,-68.0,-89.0,-103.0,,,,-21.0,-35.0,-14
68433,1,10,2019-02-28 01:00:00+00:00,5249,112,0,Gesetzentwurf,Polizei,"['Berufsausbildung', 'Fachhochschule der Polizei des Landes Brandenburg', 'Grundrechtsbeschränkung', 'Hochschule der Polizei des Landes Brandenburg', 'Hochschule', 'Hochschulgesetz', 'Hochschulzulassungsgesetz', 'Polizei', 'Polizeifachhochschulgesetz', 'Polizeigesetz', 'Polizeihochschulgesetz', 'Studium']",[-0.0089698   0.02702742  0.00554711 ... -0.00221294 -0.01605122   0.00861573],"[(np.int64(24), np.float64(0.47153640597553503)), (np.int64(31), np.float64(0.44956155204947823)), (np.int64(28), np.float64(0.4465086083679742))]",24,0.47153640597553503,0.0,0.0,0.3333333333333333,1,14,2.0,35.0,98.0,0.0,,,,1.0,103.0,1.0,103.0,1.0,105.0,,,,,,1,112,,,1.0,104.0,1.0,105.0,0.0,,0.0,,,,0.0,,,,,0.0,,,,,,,,,,,,,,,0.0,,,,,,,,,,,,,,,,,,,,,,,,,,,,,0.0,,0.0,,0.0,,,,,,,,,,,,,,,,,,,0.0,,0.0,,0.0,,,0.0,,,,,,,,,,,0.0,,,,,,,,,,,,,,,,,,,,,,,,,,,,,,,,,,,,,,,,,,,,,,,,,,,,,,,,,,,,,,,,,,,,,,,,,,,,,,,,,,,,,,,,,,,,,,,,,,,,,,,,,,,,,,,,,,,,,,,,,,,,,,,,,,,,,,,,,,,,,,,,,,,,,,,,,,,-1.0,-2.0,7.0,0.0,-2.0,,-70.0,-91.0,-105.0,,,,,,,,,,,,,,,,,,,,,,,,,,,,,,,,,,,,,,,,,,,,,,,,,,,,,,,,-1.0,8.0,1.0,-1.0,,-69.0,-90.0,-104.0,9.0,2.0,0.0,,-68.0,-89.0,-103.0,-7.0,-9.0,,-77.0,-98,-112,-2.0,,-70.0,-91.0,-105.0,,-68.0,-89.0,-103.0,,,,-21.0,-35.0,-14
68428,1,7,2019-02-28 01:00:00+00:00,5249,61,0,Gesetzentwurf,Universitäten,"['Europa-Universität Viadrina Frankfurt (Oder)', 'Gesetz über die Errichtung der ""Stiftung Europa-Universität Viadrina Frankfurt (Oder)""', 'Hochschule', 'Hochschulgesetz', 'Hochschulleitung', 'Staatsaufsicht', 'Stiftung', 'Stiftungshochschule', 'Stiftungsrat']",[-0.01452115 -0.01035525 -0.00039613 ...  0.01178356 -0.00964109   0.00428493],"[(np.int64(28), np.float64(0.41819787307881173)), (np.int64(19), np.float64(0.41317447745308566)), (np.int64(29), np.float64(0.4129182395031856))]",28,0.41819787307881173,0.5,1.0,0.4166666666666666,1,14,2.0,6.0,34.0,0.0,,,,1.0,35.0,0.0,,1.0,41.0,,,,,,1,61,,,0.0,,0.0,,0.0,,0.0,,,,0.0,,,,,0.0,,,,,,,,,,,,,,,0.0,,,,,,,,,,,,,,,,,,,,,,,,,,,,,0.0,,0.0,,0.0,,,,,,,,,,,,,,,,,,,0.0,,0.0,,0.0,,,0.0,,,,,,,,,,,0.0,,,,,,,,,,,,,,,,,,,,,,,,,,,,,,,,,,,,,,,,,,,,,,,,,,,,,,,,,,,,,,,,,,,,,,,,,,,,,,,,,,,,,,,,,,,,,,,,,,,,,,,,,,,,,,,,,,,,,,,,,,,,,,,,,,,,,,,,,,,,,,,,,,,,,,,,,,,,,,,,,,,,,,,,,,,,,,,,,,,,,,,,,,,,,,,,,,,,,,,,,,,,,,,,,,,,,,,,,,,,,,,,,,,,,,,,,,-20.0,-26.0,,-55.0,-47,-61,-6.0,,-35.0,-27.0,-41.0,,-29.0,-21.0,-35.0,,,,8.0,-6.0,-14
68454,1,7,2019-02-28 01:00:00+00:00,5249,112,0,Gesetzentwurf,Kommunale Angelegenheiten,"['Experimentierklausel', 'Gemeinde', 'Gesetz über kommunale Gemeinschaftsarbeit im Land Brandenburg', 'Kommunalverfassung', 'Kommunalverwaltung', 'Kreis', 'Ordnungsbehördengesetz', 'Standarderprobungsgesetz', 'Verbandsgemeinde- und Mitverwaltungsgesetz', 'Zweckverband']",[-4.94796332e-05  2.21222751e-02 -5.20349201e-03 ...  3.04478612e-02   7.40382588e-03  1.08232629e-02],"[(np.int64(29), np.float64(0.41323727975210534)), (np.int64(19), np.float64(0.40542095920435345)), (np.int64(21), np.float64(0.3960896896059136))]",29,0.41323727975210534,0.5,1.0,0.4166666666666666,1,14,2.0,35.0,98.0,0.0,,,,1.0,103.0,0.0,,1.0,105.0,,,,,,1,112,,,0.0,,0.0,,0.0,,0.0,,,,0.0,,,,,0.0,,,,,,,,,,,,,,,0.0,,,,,,,,,,,,,,,,,,,,,,,,,,,,,0.0,,0.0,,0.0,,,,,,,,,,,,,,,,,,,0.0,,0.0,,0.0,,,0.0,,,,,,,,,,,0.0,,,,,,,,,,,,,,,,,,,,,,,,,,,,,,,,,,,,,,,,,,,,,,,,,,,,,,,,,,,,,,,,,,,,,,,,,,,,,,,,,,,,,,,,,,,,,,,,,,,,,,,,,,,,,,,,,,,,,,,,,,,,,,,,,,,,,,,,,,,,,,,,,,,,,,,,,,,,,,,,,,,,,,,,,,,,,,,,,,,,,,,,,,,,,,,,,,,,,,,,,,,,,,,,,,,,,,,,,,,,,,,,,,,,,,,,,,-7.0,-9.0,,-77.0,-98,-112,-2.0,,-70.0,-91.0,-105.0,,-68.0,-89.0,-103.0,,,,-21.0,-35.0,-14
68455,1,7,2019-02-28 01:00:00+00:00,5249,98,0,Gesetzentwurf,Juristische Berufe,"['Juristenausbildungsgesetz', 'Juristenausbildungsordnung', 'Juristischer Vorbereitungsdienst']",[-0.01088742  0.01455601  0.02118313 ...  0.01201166 -0.00816556   0.01798791],"[(np.int64(29), np.float64(0.46778517638314643)), (np.int64(19), np.float64(0.41514021796379275)), (np.int64(20), np.float64(0.39667269712763803))]",29,0.46778517638314643,0.5,1.0,0.4166666666666666,1,14,2.0,28.0,63.0,0.0,,,,1.0,70.0,0.0,,1.0,77.0,,,,,,1,98,,,0.0,,0.0,,0.0,,0.0,,,,0.0,,,,,0.0,,,,,,,,,,,,,,,0.0,,,,,,,,,,,,,,,,,,,,,,,,,,,,,0.0,,0.0,,0.0,,,,,,,,,,,,,,,,,,,0.0,,0.0,,0.0,,,0.0,,,,,,,,,,,0.0,,,,,,,,,,,,,,,,,,,,,,,,,,,,,,,,,,,,,,,,,,,,,,,,,,,,,,,,,,,,,,,,,,,,,,,,,,,,,,,,,,,,,,,,,,,,,,,,,,,,,,,,,,,,,,,,,,,,,,,,,,,,,,,,,,,,,,,,,,,,,,,,,,,,,,,,,,,,,,,,,,,,,,,,,,,,,,,,,,,,,,,,,,,,,,,,,,,,,,,,,,,,,,,,,,,,,,,,,,,,,,,,,,,,,,,,,,-21.0,-28.0,,-70.0,-84,-98,-7.0,,-49.0,-63.0,-77.0,,-42.0,-56.0,-70.0,,,,-14.0,-28.0,-14
68451,1,13,2019-02-28 01:00:00+00:00,5249,113,0,Gesetzentwurf,"['Datenschutz', 'Polizei', 'Justizvollzug']","['Ausbildungsordnung', 'Brand- und Katastrophenschutzgesetz', 'Datenschutz-Grundverordnung', 'Datenschutzbeauftragter', 'Datenverarbeitung', 'Feuerwehr', 'Justizvollzugsgesetz', 'Maßregelvollzug', 'Personenbezogene Daten', 'Polizei', 'Polizei-, Justizvollzugs- und Maßregelvollzugsdatenschutzgesetz', 'Prüfungsordnung', 'Psychisch-Kranken-Gesetz', 'Richtlinie der EU', 'Sicherungsverwahrungsvollzugsgesetz', 'Strafvollzug', 'Verordnung der EU', 'Verordnung']",[-0.01598075  0.04403585 -0.00205678 ...  0.00822713  0.00355128   0.02568758],"[(np.int64(31), np.float64(0.5061366589910264)), (np.int64(24), np.float64(0.48189032118436215)), (np.int64(19), np.float64(0.41670931393918853))]",31,0.5061366589910264,0.0,1.0,0.5,1,14,6.0,35.0,43.0,0.0,,70.0,71.0,1.0,103.0,0.0,,1.0,105.0,,,,,,1,113,90.0,98.0,0.0,,0.0,,0.0,,0.0,,,,0.0,,,,,0.0,,,,,,,,,,,,,,,0.0,,,,,,,,,,,,,,,,,,,,,,,,,,,,,1.0,71.0,0.0,,0.0,,,,,,,,,,,,,,,,,,,0.0,,0.0,,0.0,,,0.0,,,,,,,,,,,1.0,42.0,,,,,,,29.0,,,,,,,,,71.0,63.0,61.0,,-7.0,-28.0,-42.0,,,,,,,,,,,,,,,,,,,,,,,,,,,,,,,,,,,,,,,,,,,,,,,,,,,,,,,,,,,,,,,,,,,,,,,,,,,,,,,,,,,,,,,,,,,,,,,,,,,,,,,,,,,,,,,,,,,,,,,,42.0,34.0,32.0,,-36.0,-57.0,-71.0,,,,,,,,,,,,,,,,,,,,,,,,,,,,,,,,,,,,,,,,,,,,,,,,,,,,,,,,,,,,,,,,,,,,,,,,,,,,,,,,,,,,,-8.0,-10.0,,-78.0,-99,-113,-2.0,,-70.0,-91.0,-105.0,,-68.0,-89.0,-103.0,,,,-21.0,-35.0,-14
68715,1,12,2019-03-06 01:00:00+00:00,5255,107,16,Sitzung,Glücksspiel,"['Glücksspielstaatsvertrag', 'Konzession', 'Staatsvertrag', 'Wette']",[ 0.01027316 -0.01612647  0.00492753 ...  0.00433026 -0.00259815   0.00961616],"[(np.int64(29), np.float64(0.38356415485173556)), (np.int64(12), np.float64(0.3698506375655699)), (np.int64(19), np.float64(0.34114845771770413))]",29,0.38356415485173556,0.5,1.0,0.4166666666666666,1,35,6.0,0.0,28.0,0.0,,36.0,63.0,1.0,97.0,0.0,,1.0,99.0,,,,,,1,107,91.0,97.0,0.0,,0.0,,0.0,,0.0,,,,0.0,,,,,0.0,,,,,,,,,,,,,,,0.0,,,,,,,,,,,,,,,,,,,,,,,,,,,,,1.0,63.0,0.0,,0.0,,,,,,,,,,,,,,,,,,,0.0,,0.0,,0.0,,,0.0,,,,,,,,,,,0.0,,,,,,,,,,,,,,,,,,,,,,,,,,,,,,,,,,,,,,,,,,,,,,,,,,,,,,,,,,,,,,,,,,,,,,,,,,,,,,,,,,,,,,,,,,,,,,,,,,,,,,,,,,,,,,,,,,,,,,,,,,,,,,,,,,,,,,,,,,,,,,,44.0,36.0,34.0,,-63.0,-28.0,-47.0,,,,,,,,,,,,,,,,,,,,,,,,,,,,,,,,,,,,,,,,,,,,,,,,,,,,,,,,,,,,,,,,,,,,,,,,,,,,,,,,,,,,,-8.0,-10.0,,-107.0,-72,-91,-2.0,,-99.0,-64.0,-83.0,,-97.0,-62.0,-81.0,,,,35.0,16.0,-19
68738,1,11,2019-03-26 01:00:00+00:00,5275,86,0,Gesetzentwurf,Verfassungsschutz Spionage,"['Ständiger Bevollmächtigter der Parlamentarischen Kontrollkommission', 'Nachrichtendienstliche Mittel', 'Parlamentarische Kontrolle', 'Parlamentarisches Kontrollgremium', 'Petitionsgesetz', 'Terrorismusbekämpfung', 'V-Person', 'Verfassungsschutzgesetz', 'Whistleblowing']",[-0.03071985  0.02008605 -0.0073255  ...  0.02032236  0.01630515  -0.00240737],"[(np.int64(24), np.float64(0.4465194171863712)), (np.int64(19), np.float64(0.44443689904934736)), (np.int64(31), np.float64(0.4189611970781334))]",24,0.4465194171863712,0.0,0.0,0.3333333333333333,1,15,3.0,9.0,41.0,0.0,,72.0,,1.0,77.0,2.0,14.0,1.0,79.0,77.0,,,,,1,86,,,0.0,,0.0,,0.0,,0.0,,,,0.0,,,,,0.0,,,,,,,,,,,,,,,0.0,,,,,,,,,,,,,,,,,,,,,,,,,,,,,1.0,41.0,0.0,,0.0,,,,,,,,,,,,,,,,,,,0.0,,0.0,,0.0,,,0.0,,,,,,,,,,,0.0,,,,,,,,,,,,,,,,,,,,,,,,,,,,,,,,,,,,,,,,,,,,,,,,,,,,,,,,,,,,,,,,,,,,,,,,,,,,,,,,,,,,,,,,,,,,,,,,,,,,,,,,,,,,,,,,,,,,,,,,,,,,,,,,,,,,,,,,,,,,,,-27.0,45.0,38.0,36.0,,-32.0,-26.0,-41.0,,,,,,,,,,,,,,,,,,,,,,,,,,,,,,,,,,,,,,,,,,,,,,,,,,,,,,,,,,,,,,,,,,,,,,,,,,,,,,72.0,65.0,63.0,,-5.0,1.0,-14.0,-7.0,-9.0,,-77.0,-71,-86,-2.0,,-70.0,-64.0,-79.0,,-68.0,-62.0,-77.0,,,,6.0,-9.0,-15
68733,1,21,2019-03-26 01:00:00+00:00,5275,86,0,Gesetzentwurf,"['Abgaben', 'Kommunale Angelegenheiten']","['Beitrag', 'Evaluation', 'Gesetz über den Mehrbelastungsausgleich für kommunale Straßenausbaumaßnahmen', 'Kommunalabgabe', 'Kommunalabgabengesetz', 'Kostenerstattung', 'Rechtsverordnung', 'Straßenbau']",[0.01480179 0.01161734 0.02264496 ... 0.0244141  0.00424593 0.0036857 ],"[(np.int64(29), np.float64(0.4289150211178596)), (np.int64(21), np.float64(0.40948624181845616)), (np.int64(19), np.float64(0.4026172187798368))]",29,0.4289150211178596,0.5,1.0,0.4166666666666666,1,15,3.0,9.0,41.0,0.0,,72.0,,1.0,77.0,9.0,13.0,1.0,79.0,13.0,13.0,13.0,14.0,77.0,1,86,,,2.0,76.0,1.0,79.0,0.0,,0.0,,,,0.0,,,,77.0,0.0,,,,,,,,,,,,,,,0.0,,,,,,,,,,,,,,,,,,,,,,,,,,,77.0,77.0,1.0,41.0,0.0,,0.0,,,,,,,,,,,,,,,,,,,0.0,,0.0,,0.0,,78.0,0.0,,,,,,,,,,,0.0,,,,,,,,,,,,,,,,,,,,,,,,,,,,,,,,,,,,,,,,,,,,,,,,,,,,,,,,,,,,,,,,,,,,,,,,,,,,,,,,,,,,,,,,,,,,,,,,,,,,,,,,,,,,,,,,,,,,,,,,,,,,,,,,,,,,,,,38.0,,,,,,35.0,-28.0,45.0,38.0,36.0,,-32.0,-26.0,-41.0,,,,,,-3.0,-66.0,7.0,0.0,-2.0,,-70.0,-64.0,-79.0,,,,,,,,,,,,,,,,,,,,,,,,,,,,,,,,,,,,,,,,,,,,,,,,,,,,,,,,-63.0,10.0,3.0,1.0,,-67.0,-61.0,-76.0,73.0,66.0,64.0,,-4.0,2.0,-13.0,-7.0,-9.0,,-77.0,-71,-86,-2.0,,-70.0,-64.0,-79.0,,-68.0,-62.0,-77.0,,,,6.0,-9.0,-15
68750,1,8,2019-03-27 01:00:00+00:00,5276,85,0,Gesetzentwurf,Tierkrankheiten,"['Gesetz zur Ausführung des Tierische Nebenprodukte-Beseitigungsgesetzes', 'Kosten', 'Landwirtschaftsbetrieb', 'Tiergesundheitsgesetz', 'Tierkörperbeseitigung', 'Tierkrankheit', 'Viehwirtschaft']",[ 0.00452951  0.0128034   0.02536523 ...  0.031163   -0.02355343   0.01310537],"[(np.int64(29), np.float64(0.33540572284747)), (np.int64(1), np.float64(0.30392178064439057)), (np.int64(19), np.float64(0.30034959852622806))]",29,0.33540572284747,0.5,1.0,0.4166666666666666,1,15,3.0,42.0,63.0,0.0,,70.0,,1.0,72.0,0.0,,1.0,76.0,,,,,,1,85,,,0.0,,0.0,,0.0,,0.0,,,,0.0,,,,,0.0,,,,,,,,,,,,,,,0.0,,,,,,,,,,,,,,,,,,,,,,,,,,,,,0.0,,0.0,,0.0,,,,,,,,,,,,,,,,,,,0.0,,0.0,,0.0,,,0.0,,,,,,,,,,,0.0,,,,,,,,,,,,,,,,,,,,,,,,,,,,,,,,,,,,,,,,,,,,,,,,,,,,,,,,,,,,,,,,,,,,,,,,,,,,,,,,,,,,,,,,,,,,,,,,,,,,,,,,,,,,,,,,,,,,,,,,,,,,,,,,,,,,,,,,,,,,,,,,,,,,,,,,,,,,,,,,,,,,,,,,,,,,,,,,,,,,,,,,,,,,,,,,,,,,,,,,,,,,,,,,,,,,,,,,,,,,,,,,,,,,,,,,,,-9.0,-13.0,,-43.0,-70,-85,-4.0,,-34.0,-61.0,-76.0,,-30.0,-57.0,-72.0,,,,-27.0,-42.0,-15
68747,1,7,2019-03-27 01:00:00+00:00,5276,71,0,Gesetzentwurf,"['Stiftung', 'Kunst Kultur']","['Gesetz über die Errichtung der Kulturstiftung Schloss Wiepersdorf', 'Kultur', 'Kultureinrichtung', 'Kulturstiftung Schloss Wiepersdorf', 'Kunst', 'Stiftung']",[-0.0172476   0.01125885  0.03593251 ...  0.02323636 -0.01185773   0.00260511],"[(np.int64(29), np.float64(0.3765129158161332)), (np.int64(12), np.float64(0.37486525674765764)), (np.int64(19), np.float64(0.3736501465957405))]",29,0.3765129158161332,0.5,1.0,0.4166666666666666,1,15,2.0,7.0,42.0,0.0,,,,1.0,44.0,0.0,,1.0,49.0,,,,,,1,71,,,0.0,,0.0,,0.0,,0.0,,,,0.0,,,,,0.0,,,,,,,,,,,,,,,0.0,,,,,,,,,,,,,,,,,,,,,,,,,,,,,0.0,,0.0,,0.0,,,,,,,,,,,,,,,,,,,0.0,,0.0,,0.0,,,0.0,,,,,,,,,,,0.0,,,,,,,,,,,,,,,,,,,,,,,,,,,,,,,,,,,,,,,,,,,,,,,,,,,,,,,,,,,,,,,,,,,,,,,,,,,,,,,,,,,,,,,,,,,,,,,,,,,,,,,,,,,,,,,,,,,,,,,,,,,,,,,,,,,,,,,,,,,,,,,,,,,,,,,,,,,,,,,,,,,,,,,,,,,,,,,,,,,,,,,,,,,,,,,,,,,,,,,,,,,,,,,,,,,,,,,,,,,,,,,,,,,,,,,,,,-22.0,-27.0,,-64.0,-56,-71,-5.0,,-42.0,-34.0,-49.0,,-37.0,-29.0,-44.0,,,,8.0,-7.0,-15
68753,1,7,2019-03-27 01:00:00+00:00,5276,71,0,Gesetzentwurf,"['Justiz', 'Öffentlicher Dienst']","['Beamter', 'Gericht', 'Gesetz zur Regelung beamtenrechtlicher Zuständigkeiten im Bereich der Justiz', 'Staatsanwaltschaft']",[ 7.41727930e-03 -2.57286865e-05  1.97002925e-02 ...  1.81574989e-02  -2.56637856e-03  2.15991158e-02],"[(np.int64(16), np.float64(0.4063330468840518)), (np.int64(30), np.float64(0.36104098101989346)), (np.int64(29), np.float64(0.3381455243696252))]",16,0.4063330468840518,0.0,1.0,0.5,1,15,2.0,1.0,36.0,0.0,,,,1.0,43.0,0.0,,1.0,50.0,,,,,,1,71,,,0.0,,0.0,,0.0,,0.0,,,,0.0,,,,,0.0,,,,,,,,,,,,,,,0.0,,,,,,,,,,,,,,,,,,,,,,,,,,,,,0.0,,0.0,,0.0,,,,,,,,,,,,,,,,,,,0.0,,0.0,,0.0,,,0.0,,,,,,,,,,,0.0,,,,,,,,,,,,,,,,,,,,,,,,,,,,,,,,,,,,,,,,,,,,,,,,,,,,,,,,,,,,,,,,,,,,,,,,,,,,,,,,,,,,,,,,,,,,,,,,,,,,,,,,,,,,,,,,,,,,,,,,,,,,,,,,,,,,,,,,,,,,,,,,,,,,,,,,,,,,,,,,,,,,,,,,,,,,,,,,,,,,,,,,,,,,,,,,,,,,,,,,,,,,,,,,,,,,,,,,,,,,,,,,,,,,,,,,,,-21.0,-28.0,,-70.0,-56,-71,-7.0,,-49.0,-35.0,-50.0,,-42.0,-28.0,-43.0,,,,14.0,-1.0,-15
68769,1,12,2019-03-28 01:00:00+00:00,5277,85,0,Gesetzentwurf,Parlament,"['Abgeordnetengesetz', 'Abgeordnetengruppe', 'Besoldungsgesetz', 'Fraktionsgesetz', 'Fraktionsmittel', 'Landesrechnungshof', 'Landesrechnungshofgesetz', 'Landtag Brandenburg', 'Landtagsfraktion', 'Rechnungsprüfung', 'Volksabstimmung', 'Volksabstimmungsgesetz']",[ 0.0040345   0.01183845 -0.00089451 ...  0.02037862  0.01013041   0.01419436],"[(np.int64(29), np.float64(0.43269532597480354)), (np.int64(19), np.float64(0.38733703148459253)), (np.int64(23), np.float64(0.3787114151845278))]",29,0.43269532597480354,0.5,1.0,0.4166666666666666,1,14,4.0,6.0,14.0,0.0,,41.0,69.0,1.0,71.0,3.0,12.0,1.0,77.0,76.0,77.0,,,,1,85,,,0.0,,0.0,,0.0,,0.0,,,,0.0,,,,,0.0,,,,,,,,,,,,,,,0.0,,,,,,,,,,,,,,,,,,,,,,,,,,,,,0.0,,0.0,,0.0,,,,,,,,,,,,,,,,,,,0.0,,0.0,,0.0,,,0.0,,,,,,,,,,,0.0,,,,,,,,,,,,,,,,,,,,,,,,,,,,,,,,,,,,,,,,,,,,,,,,,,,,,,,,,,,,,,,,,,,,,,,,,,,,,,,,,,,,,,,,,,,,,,,,,,,,,,,,,,,,,,,,,,,,,,,,,,,,,,,,,,,,,,,,,,,,,,,,,,,,,,,,,,,,,,,,,,,,,,,,,,,,,,,,,,,,,,,,,,,,,,,,,,,,,,,,,,,,,,,,,,,,,,,,,,,,,,,,,,,73.0,65.0,59.0,,-6.0,2.0,-12.0,-8.0,-14.0,,-79.0,-71,-85,-6.0,,-71.0,-63.0,-77.0,,-65.0,-57.0,-71.0,,,,8.0,-6.0,-14
68968,1,7,2019-04-25 02:00:00+00:00,5306,56,0,Gesetzentwurf,"['Polizei', 'Katastrophen- und Zivilschutz']","['Gefahrenabwehr', 'Grundrechtsbeschränkung', 'Modellprojekt', 'Munition', 'Oranienburg, Stadt, Landkreis Oberhavel', 'Ordnungsbehörde', 'Ordnungsbehördengesetz', 'Polizei']",[-0.01062905  0.00873944  0.00071229 ...  0.01334536  0.00460592  -0.0062298 ],"[(np.int64(19), np.float64(0.4274276023582614)), (np.int64(12), np.float64(0.4150740658096701)), (np.int64(24), np.float64(0.40994722500004077))]",19,0.4274276023582614,0.0,0.0,0.3333333333333333,1,20,2.0,14.0,42.0,0.0,,,,1.0,43.0,0.0,,1.0,49.0,,,,,,1,56,,,0.0,,0.0,,0.0,,0.0,,,,0.0,,,,,0.0,,,,,,,,,,,,,,,0.0,,,,,,,,,,,,,,,,,,,,,,,,,,,,,0.0,,0.0,,0.0,,,,,,,,,,,,,,,,,,,0.0,,0.0,,0.0,,,0.0,,,,,,,,,,,0.0,,,,,,,,,,,,,,,,,,,,,,,,,,,,,,,,,,,,,,,,,,,,,,,,,,,,,,,,,,,,,,,,,,,,,,,,,,,,,,,,,,,,,,,,,,,,,,,,,,,,,,,,,,,,,,,,,,,,,,,,,,,,,,,,,,,,,,,,,,,,,,,,,,,,,,,,,,,,,,,,,,,,,,,,,,,,,,,,,,,,,,,,,,,,,,,,,,,,,,,,,,,,,,,,,,,,,,,,,,,,,,,,,,,,,,,,,,-7.0,-13.0,,-42.0,-36,-56,-6.0,,-35.0,-29.0,-49.0,,-29.0,-23.0,-43.0,,,,6.0,-14.0,-20
68996,1,11,2019-05-02 02:00:00+00:00,5313,99,0,Gesetzentwurf,Öffentlicher Dienst,"['Amtsbezeichnung', 'Beamtenversorgung', 'Beamtenversorgungsgesetz', 'Beamter', 'Besoldungs- und Versorgungsanpassungsgesetz', 'Besoldungsgesetz', 'Besoldungsrecht', 'Erholungsurlaubs- und Dienstbefreiungsverordnung', 'Erschwerniszulage', 'Erschwerniszulagenverordnung', 'Mehrarbeitsvergütung', 'Mehrarbeitsvergütungsverordnung', 'Tarifvertrag', 'Verordnung']",[ 3.32837371e-05 -3.93260177e-03  2.66940221e-02 ...  7.53748650e-03   7.03101512e-03  2.70515326e-02],"[(np.int64(29), np.float64(0.42643896295237504)), (np.int64(5), np.float64(0.42639023654437735)), (np.int64(13), np.float64(0.41356189841431557))]",29,0.42643896295237504,0.5,1.0,0.4166666666666666,1,15,2.0,0.0,35.0,0.0,,,,1.0,36.0,1.0,41.0,1.0,42.0,,,,,,1,49,,,0.0,,0.0,,2.0,95.0,1.0,77.0,,,0.0,,,,,0.0,,,,,,,,,,,,,,,0.0,,,,,,,,,,,,,,,,,,,,,,,,,,,,,0.0,,0.0,,0.0,,,,,,,,,,,,,,,,,,99.0,0.0,,0.0,,0.0,,,0.0,,,,,,,,,,,0.0,,,,,,,,,,,,,,,,,,,,,,,,,,,,,,,,,,,,,,,,,,,,,,,,,,,,,,,,,,,,,,,,,,,,,,,,,,,,,,,,,,,,,,,,,,,,,,,,,,,,,,,,,,,,,,,,,,,,,,,,,,,,,,,,,,,,,,,,,,,,,,,,,,,,,,,,,,,,,,,,,,,,,,-18.0,,,-54.0,-46.0,-53.0,-59.0,,-95.0,-80.0,-95.0,,,,,,,,,,,,,,,,,,,,,,,,,,-36.0,-28.0,-35.0,-41.0,,-77.0,-62.0,-77.0,,,,,,,,,,,,,,,,,,8.0,1.0,-5.0,,-41.0,-26.0,-41.0,-7.0,-13.0,,-49.0,-34,-49,-6.0,,-42.0,-27.0,-42.0,,-36.0,-21.0,-36.0,,,,15.0,0.0,-15
68998,1,6,2019-05-03 02:00:00+00:00,5314,49,0,Gesetzentwurf,Parlament,"['Abgeordnetengesetz', 'Abgeordnetenmitarbeiter', 'Grundrechtsbeschränkung', 'Kostenerstattung', 'Landtag Brandenburg', 'Landtagsabgeordneter', 'Untersuchungsausschuss', 'Untersuchungsausschussgesetz', 'Wahlkreisbüro']",[0.00153983 0.00941664 0.00257625 ... 0.01658276 0.01042345 0.01036422],"[(np.int64(29), np.float64(0.4715775295206629)), (np.int64(19), np.float64(0.4282503208591555)), (np.int64(23), np.float64(0.3612390415209411))]",29,0.4715775295206629,0.5,1.0,0.4166666666666666,1,14,1.0,33.0,,0.0,,,,1.0,35.0,0.0,,1.0,41.0,,,,,,1,49,,,0.0,,0.0,,0.0,,0.0,,,,0.0,,,,,0.0,,,,,,,,,,,,,,,0.0,,,,,,,,,,,,,,,,,,,,,,,,,,,,,0.0,,0.0,,0.0,,,,,,,,,,,,,,,,,,,0.0,,0.0,,0.0,,,0.0,,,,,,,,,,,0.0,,,,,,,,,,,,,,,,,,,,,,,,,,,,,,,,,,,,,,,,,,,,,,,,,,,,,,,,,,,,,,,,,,,,,,,,,,,,,,,,,,,,,,,,,,,,,,,,,,,,,,,,,,,,,,,,,,,,,,,,,,,,,,,,,,,,,,,,,,,,,,,,,,,,,,,,,,,,,,,,,,,,,,,,,,,,,,,,,,,,,,,,,,,,,,,,,,,,,,,,,,,,,,,,,,,,,,,,,,,,,,,,,,,,,,,,,,-8.0,-14.0,,-16.0,-35,-49,-6.0,,-8.0,-27.0,-41.0,,-2.0,-21.0,-35.0,,,,-19.0,-33.0,-14
